model,weak_iv_pct,median_f,mae_vs_baseline,n_valid_horizons
Ridge (α=10)*,0.0,52.162246759399544,0.10320715770927856,49
Linear (OLS),0.0,2115.566485176686,0.1408382679011351,49
Ridge (α=0.1),0.0,1368.817892538865,0.16286624294156918,49
BayesianRidge,0.0,1774.0517813534138,0.17609036113349072,49
Ridge (α=1),0.0,295.6897715448968,0.1987584922248062,49
