Period_dt,lwti,lpri,d2pri,llwip,dllgop,dl2lgop,vix,gs10,brent,gold,bdi,cny_usd,indpro,gpr_chn_l1,gpr_usa_l1,L1_lwti,L2_lwti,L3_lwti,L1_lpri,L2_lpri,composite_gpr,delta2_cgi,delta1_cgi,gdelt_score_z,icews_score_z,swb_score_z,nyt_score_z,sentiment_score_z
1990-02-01,2.8490794560394908,-0.7326682560454053,-0.2,4.1354656,-0.00921154,-0.005792618,23.34727278622714,8.21,0.0687954087855349,0.0017571694576172,-0.0121459845434861,0.0,-0.0050706327669249,0.2335204184055328,1.9214224815368648,,,,,,-1.09100920294541,,-0.3596479753338264,-2.0526556602650734,,,-0.12936274562574634,
1990-03-01,2.764880238931396,-0.8088669356527773,0.1,4.1395245,0.0042176247,-0.00921154,23.262631767674492,8.47,-0.0700789296576851,0.0162050660765675,0.0267353346434306,0.0,0.0090406409731595,0.1696655750274658,1.915435075759888,2.8490794560394908,,,-0.7326682560454053,,-0.45333231931177276,0.9973248589674637,0.6376768836336372,-1.405825587117814,,,0.4991609484942685,
1990-04-01,2.6683266462620705,-0.8088669356527773,0.1,4.1437383,0.014660835,0.0042176247,20.06227259202437,8.59,-0.074704797874237,-0.0586682105019624,0.0196384173595616,0.0,0.0049692029917487,0.1126301065087318,1.6040080785751345,2.764880238931396,2.8490794560394908,,-0.8088669356527773,-0.7326682560454053,1.2571875863714355,1.0728430220495713,1.710519905683208,1.2571875863714355,,,,
1990-05-01,2.6480353855701897,-0.8088669356527773,0.0,4.1334424,-0.004463196,0.014660835,21.40349998474121,8.79,-0.1015270633537883,-0.049064969135971,0.0205391048505072,0.0,-0.0026232502058824,0.1515151560306549,1.961506962776184,2.6683266462620705,2.764880238931396,2.8490794560394908,-0.8088669356527773,-0.8088669356527773,-1.1287688057712888,-4.096476297825933,-2.3859563921427243,-0.84754190294816,,,-1.4099957085944175,
1990-06-01,2.5640014339353754,-0.8088669356527773,0.0,4.1446,-0.009224892,-0.004463196,18.09772725538774,8.76,-0.0157647699127041,-0.0139651666198075,-0.003839159020087,0.0,0.003036903319729,0.1666931211948394,2.1114461421966557,2.6480353855701897,2.6683266462620705,2.764880238931396,-0.8088669356527773,-0.8088669356527773,-1.0550401678910646,2.4596850300229485,0.07372863788022421,-0.3042931853224807,,,-1.8057871504596483,
1990-07-01,2.6589994665888077,-0.8088669356527773,0.0,4.148148,-0.01363039,-0.009224892,16.822380837940035,8.48,-0.0793568403718913,-0.0463638997966242,0.0741831756262207,0.0,0.0033858350269504,0.1825650334358215,1.9874694347381592,2.5640014339353754,2.6480353855701897,2.6683266462620705,-0.8088669356527773,-0.8088669356527773,-0.7529565521041749,0.22835497790666537,0.3020836157868897,-1.528262974404676,,,0.02234987019632624,
1990-08-01,3.027663800899006,-0.8088669356527773,0.0,4.1479983,0.0017271042,-0.01363039,18.39285727909633,8.47,0.1281006749992825,0.0285389930716766,0.0715583346759647,0.0,-0.0017488731555337,0.19013012945652,1.9984790086746216,2.6589994665888077,2.5640014339353754,2.6480353855701897,-0.8088669356527773,-0.8088669356527773,-0.6660997055930225,-0.21522676927573725,0.08685684651115244,-0.6660997055930225,,,,
1990-09-01,3.235699546820326,-0.8088669356527773,0.0,4.153455,-0.060423374,0.0017271042,28.175217255302098,8.75,0.4589066779660906,0.08509475738329,-0.1039916981548856,0.0,0.0034867499970046,0.5787994265556335,6.412270545959473,3.027663800899006,2.6589994665888077,2.5640014339353754,-0.8088669356527773,-0.8088669356527773,-1.405825587117814,-0.826582728035944,-0.7397258815247916,-1.405825587117814,,,,
1990-10-01,3.293167973677838,-0.8088669356527773,0.0,4.15546,0.04376316,-0.060423374,29.10736836885151,8.89,0.2504407705000959,-0.0138003593161109,-0.0436242155066279,0.0,7.625111401843299e-05,0.3279777467250824,4.952878952026367,3.235699546820326,3.027663800899006,2.6589994665888077,-0.8088669356527773,-0.8088669356527773,-0.649271859832397,1.4962796088102086,0.756553727285417,-1.5636337751764362,,,0.26509005551164233,
1990-11-01,3.184638932108805,-0.7326682560454053,0.1,4.1547875,0.005701065,0.04376316,29.625652479088824,8.72,0.0316885851554333,-0.0222849000806499,-0.0095700968751772,0.0,-0.0058596531436769,0.2657599449157715,3.599484205245972,3.293167973677838,3.235699546820326,3.027663800899006,-0.8088669356527773,-0.8088669356527773,-0.6010108339750386,-0.7082927014280587,0.048261025857358364,-0.9260033936963276,,,-0.2760182742537497,
1990-12-01,3.014080057391301,-0.65266656608235,0.0,4.149968,0.013576508,0.005701065,24.88571439470564,8.39,-0.0856027067576712,0.0025968249408858,0.01246486963581,0.1006556609029365,-0.0127971437648062,0.4958877563476562,4.112239837646484,3.184638932108805,3.293167973677838,3.235699546820326,-0.7326682560454053,-0.8088669356527773,1.2016305078194762,1.7543803159371567,1.8026413417945149,3.0,,0.39290088348451135,0.21199063997391693,
1991-01-01,2.9193545811678483,-0.65266656608235,-0.1,4.1478963,0.0034809113,0.013576508,23.363000106811523,8.08,-0.1566190837034171,-0.012600999760818,0.0337836705857306,0.0,-0.0073665965881337,0.2029273360967636,3.9765121936798096,3.014080057391301,3.184638932108805,3.293167973677838,-0.65266656608235,-0.7326682560454053,0.8725301279785439,-2.1317417216354473,-0.3291003798409323,0.8725301279785439,,,,
1991-02-01,2.7229241959568555,-0.65266656608235,0.0,4.149921,-0.0040602684,0.0034809113,27.429091106761582,8.09,-0.1821045444740372,0.0175920602020394,-0.0020677944427678,0.0,-0.0032611910765636,0.2514294981956482,9.602984428405762,2.9193545811678483,3.014080057391301,3.184638932108805,-0.65266656608235,-0.65266656608235,-2.5893869975574804,-3.1328167456950924,-3.4619171255360244,-2.5893869975574804,,,,
1991-03-01,2.690085646126911,-0.65266656608235,0.0,4.1428766,-0.0051369667,-0.0040602684,21.59842109680176,7.85,-0.1875615083546979,-0.0530178872839073,0.1041889627146819,0.0,-0.0074159360650281,0.3037070035934448,8.503796577453613,2.7229241959568555,2.9193545811678483,3.014080057391301,-0.65266656608235,-0.65266656608235,-0.7220261928037095,5.329277930289795,1.8673608047537709,-1.4815735173859526,,,0.03752113177853351,
1991-04-01,2.735213086047495,-0.65266656608235,0.0,4.138894,0.0042204857,-0.0051369667,17.918499851226805,8.11,-0.0234872326778603,-0.001347690565244,0.0697188648732058,0.0,-0.0057710392662917,0.2415063381195068,3.819074869155884,2.690085646126911,2.7229241959568555,2.9193545811678483,-0.65266656608235,-0.65266656608235,0.10072495758289834,-1.044609654367163,0.8227511503866078,-0.5225708032076152,,,0.7240207183734119,
1991-05-01,2.7513470068555343,-0.65266656608235,0.0,4.1461363,-0.0233531,0.0042204857,17.37272735075517,8.04,0.0050963847648035,-0.0137451590383292,0.0082945217511571,0.0129807872721905,0.0026351435941132,0.2490359842777252,2.4060089588165283,2.735213086047495,2.690085646126911,2.7229241959568555,-0.65266656608235,-0.65266656608235,-0.09920568022593418,-1.0226817881954404,-0.19993063780883252,-0.7096129927415394,,,0.5112016322896711,
1991-06-01,2.6979503492674155,-0.5688248987322413,0.1,4.1506424,-0.0029945374,-0.0233531,16.932272737676445,8.07,0.0003554207626832,-0.0039981600237997,0.0120433088487832,0.0085237922906864,0.0093701506011978,0.2772677838802337,2.1132302284240723,2.7513470068555343,2.735213086047495,2.690085646126911,-0.65266656608235,-0.65266656608235,-0.49799632889689993,-0.19886001086213323,-0.39879064867096575,-0.9065106170885795,,-0.08948204070522031,,
1991-07-01,2.755370857292282,-0.5688248987322413,-0.1,4.1522126,0.0032577515,-0.0029945374,17.13499994277954,8.28,-0.0545892067093212,0.0270028981378507,-0.0298372027493751,0.0037320438913193,0.0080704132490545,0.2818019390106201,2.1353442668914795,2.6979503492674155,2.7513470068555343,2.735213086047495,-0.5688248987322413,-0.65266656608235,0.05238059249605155,0.9491675700639173,0.5503769213929515,0.06724005321356967,,,0.037521131778533424,
1991-08-01,2.764872351047766,-0.5688248987322413,0.0,4.153505,0.016630173,0.0032577515,17.294090964577414,8.27,0.0654818899308979,0.0026415777673216,0.0798793518097902,-0.0015844171262751,0.0027966918655684,0.2810149490833282,2.6572444438934326,2.755370857292282,2.6979503492674155,2.7513470068555343,-0.5688248987322413,-0.5688248987322413,-0.023718948852837467,-0.6264764627418404,-0.07609954134888902,-2.1368488112129023,,0.1975052686228476,1.8681866960315423,
1991-09-01,2.769710496528017,-0.5688248987322413,0.0,4.153055,-0.0116353035,0.016630173,15.681363712657582,7.9,0.019187404290816,-0.0314390533993833,0.0168544575849196,0.0047828726944032,-1.1339677612909329e-05,0.2112361341714859,2.526709079742432,2.764872351047766,2.755370857292282,2.6979503492674155,-0.5688248987322413,-0.5688248987322413,1.3466428092535034,1.44646129945523,1.370361758106341,1.3466428092535034,,,,
1991-10-01,2.82908891820611,-0.5688248987322413,0.0,4.15602,0.017308235,-0.0116353035,16.956499767303466,7.65,0.0362142193125096,-0.0214744795649108,-0.0129647468548981,0.0006867048645426,0.0079016589511224,0.2104260176420211,2.7077460289001465,2.769710496528017,2.764872351047766,2.755370857292282,-0.5688248987322413,-0.5688248987322413,-0.8475169863561803,-3.5645215537160246,-2.194159795609684,-2.300893903762812,,,0.6058599310504513,
1991-11-01,2.7913253699306564,-0.5688248987322413,0.0,4.1588306,-0.00073719025,0.017308235,16.36391299703847,7.53,0.0798486414836157,0.0281318468103197,0.0194904415418211,0.0008345465651318,-0.0005466018382946,0.2407792508602142,2.334829092025757,2.82908891820611,2.769710496528017,2.764872351047766,-0.5688248987322413,-0.5688248987322413,-0.45054481280837144,2.5911319691574928,0.3969721735478089,-0.2356756374196735,,,-0.6654139881970693,
1991-12-01,2.647754155303587,-0.5688248987322413,0.0,4.1591544,0.0040545464,-0.00073719025,17.77350010871887,7.42,-0.0506872516908223,0.0041176365108848,0.0406217513631244,0.003164940314829,-0.0015836157055426,0.3820476233959198,2.30000376701355,2.7913253699306564,2.82908891820611,2.769710496528017,-0.5688248987322413,-0.5688248987322413,0.5234866483891554,0.5770592876497179,0.9740314611975268,-1.314279400674967,,,2.3612526974532777,
1992-01-01,2.6106650814746124,-0.4812118250595971,0.1,4.151137,0.006696701,0.0040545464,18.347619102114724,7.09,-0.1367334612094204,0.0043219349723928,-0.0059028927115498,0.006685538700762,-0.0048743843095229,0.2532747685909271,2.528790235519409,2.647754155303587,2.7913253699306564,2.82908891820611,-0.5688248987322413,-0.5688248987322413,-0.805192496081176,-2.3027106056678583,-1.3286791444703314,-1.6974276737478768,,-0.5550731542427777,-0.16307666025287357,
1992-02-01,2.6177538858718776,-0.4812118250595971,-0.1,4.1554,0.0018620491,0.006696701,17.68318167599765,7.03,-0.013524132210168,-0.0203307848819189,0.065038681038926,0.0038107847223627,-0.0052512640267554,0.3745461404323578,2.361933946609497,2.6106650814746124,2.647754155303587,2.7913253699306564,-0.4812118250595971,-0.5688248987322413,0.625469881212528,2.7593415217640356,1.4306623772937042,1.066763102018519,,,0.18417666040653696,
1992-03-01,2.6099852118403235,-0.3900353197707086,0.1,4.162302,-0.013759613,0.0018620491,17.47736850537752,7.34,-0.0060820216173214,-0.0015246487791653,0.0656142947012572,0.0026297542457223,0.0070348895922904,0.2844725549221039,2.1098380088806152,2.6177538858718776,2.6106650814746124,2.647754155303587,-0.4812118250595971,-0.4812118250595971,-0.7401614874705085,-2.7962937459767403,-1.3656313686830366,-0.49125540632352616,,,-0.9890675686174907,
1992-04-01,2.675631742441108,-0.3900353197707086,-0.1,4.1613917,-0.010804176,-0.013759613,17.520454623482443,7.54,-0.0236860117207315,-0.0274131021735346,0.0493575893573545,-0.0003283413320023,0.0084895220004987,0.3248175084590912,1.981751799583435,2.6099852118403235,2.6177538858718776,2.6106650814746124,-0.3900353197707086,-0.4812118250595971,0.8950677285202535,3.0008605846737986,1.635229215990762,1.0547362924804398,,,0.7353991645600672,
1992-05-01,2.707334125167566,-0.3900353197707086,0.0,4.163453,0.0060043335,-0.010804176,16.562856946672714,7.48,0.0705156650191005,-0.0167510066482403,0.0144535623088124,0.0077600774692381,0.0075614666667966,0.1472587287425995,1.9861048460006716,2.675631742441108,2.6099852118403235,2.6177538858718776,-0.3900353197707086,-0.3900353197707086,0.30191668677990113,-2.2283802577311143,-0.5931510417403524,-0.4479949611434446,,,1.0518283347032469,
1992-06-01,2.770757996806049,-0.3900353197707086,0.0,4.1604896,-0.018938541,0.0060043335,15.076999950408936,7.39,0.0499724501436156,-0.0040836916456106,0.1285387533345812,-0.0034636936530139,0.0032856911647831,0.1970699727535247,1.825685977935791,2.707334125167566,2.675631742441108,2.6099852118403235,-0.3900353197707086,-0.3900353197707086,0.4980666656814796,0.7893010206419309,0.19614997890157848,0.38860622871006745,,,0.6075271026528918,
1992-07-01,2.739990162263676,-0.4812118250595971,-0.1,4.161874,0.0041017532,-0.018938541,15.203181873668324,7.26,0.0618850026408144,0.0105302941932006,0.0321547529126036,-0.0052820551564081,0.0005117224959834,0.1771342754364013,2.214178562164306,2.770757996806049,2.707334125167566,2.675631742441108,-0.3900353197707086,-0.3900353197707086,-1.7935439801928772,-2.487760624775935,-2.291610645874357,-1.7935439801928772,,,,
1992-08-01,2.7188814819387828,-0.4812118250595971,0.1,4.166548,0.007815838,0.0041017532,13.601818214763297,6.84,-0.0445376990638184,0.0343494038020066,0.0039264219501653,-0.0077548902289557,0.0091649380729315,0.0946073830127716,1.73699152469635,2.739990162263676,2.770757996806049,2.707334125167566,-0.4812118250595971,-0.3900353197707086,3.0,7.085154626067234,4.793543980192878,3.0,,,3.0,
1992-09-01,2.7422792839828904,-0.9503469298211292,-0.6,4.159983,-0.00022172928,0.007815838,14.42190474555606,6.59,-0.0249384419658151,-0.0277691820680034,-0.0480635611179796,-0.0025061284239229,-0.0056075545766312,0.1743645370006561,1.8211407661437988,2.7188814819387828,2.739990162263676,2.770757996806049,-0.4812118250595971,-0.4812118250595971,0.32547928111336716,-7.468064699079511,-2.6745207188866327,-0.35589207785681953,,0.7681492802074786,0.5641806409894424,
1992-10-01,2.728217151487821,-0.9503469298211292,0.6,4.165362,0.004371166,-0.00022172928,13.696666581290108,6.42,0.0265914236119817,0.0068846587784907,-0.0051970919850674,0.0172129475047586,0.0032931151719015,0.2456625252962112,1.700445294380188,2.7422792839828904,2.7188814819387828,2.739990162263676,-0.9503469298211292,-0.4812118250595971,-1.8678732291870797,0.4811682085861859,-2.1933525103004468,-2.5893869975574804,,-2.1263068652676496,-0.887925824736109,
1992-11-01,2.6613268650884407,-0.9503469298211292,0.0,4.167058,0.013216972,0.004371166,17.636818278919566,6.59,-0.0004037232307836,-0.0030443189021305,0.0441935367871586,0.0092785473505441,0.0067288906847986,0.1686280071735382,1.481773853302002,2.728217151487821,2.7422792839828904,2.7188814819387828,-0.9503469298211292,-0.9503469298211292,-1.328802876745813,2.7324228627417138,0.5390703524412666,-1.8792501512936806,,,-0.7783556021979455,
1992-12-01,2.6128665066222427,-0.8813735870195377,0.1,4.1664395,-0.0047678947,0.013216972,14.424499940872192,6.87,-0.0530841872465441,-0.0275554673224984,0.0344983004048646,0.0298619471895345,0.0037850447982945,0.2565084099769592,2.0712099075317383,2.6613268650884407,2.728217151487821,2.7422792839828904,-0.9503469298211292,-0.9503469298211292,-1.1934525978712371,-0.4037200735666906,0.13535027887457596,-1.262981968616475,,,-1.1239232271259996,
1993-01-01,2.592103713253128,-0.8813735870195377,-0.1,4.160696,0.0052895546,-0.0047678947,12.19136363809759,6.77,-0.0575608564973024,-0.0005971575479017,-0.1397894502078394,0.0055824775638559,0.0016874963663999,0.2014585584402084,1.990410566329956,2.6128665066222427,2.6613268650884407,2.728217151487821,-0.8813735870195377,-0.9503469298211292,2.669221294395974,3.7273236133926346,3.8626738922672113,2.669221294395974,,,,
1993-02-01,2.640005267920583,-0.8813735870195377,0.0,4.1684146,-0.002711296,0.0052895546,12.408999967575074,6.6,-0.0424279088324053,-0.017504928547412,0.076620196172465,0.0040153745667164,0.0038325424872445,0.2228051871061325,2.8389692306518555,2.592103713253128,2.6128665066222427,2.6613268650884407,-0.8813735870195377,-0.8813735870195377,-2.5893869975574804,-9.121282184220666,-5.258608291953454,-2.5893869975574804,,,,
1993-03-01,2.6531633320277312,-0.8813735870195377,0.0,4.1754866,0.005844116,-0.002711296,13.721578949376156,6.26,0.0602830196777253,0.0009114109271077,0.0372817258994153,-0.0060291242924326,0.0048043938793247,0.1580670624971389,1.9494937658309937,2.640005267920583,2.592103713253128,2.6128665066222427,-0.8813735870195377,-0.8813735870195377,0.17968323360451313,8.027678523115448,2.7690702311619937,0.6688879441234837,,,-0.30952147691445747,
1993-04-01,2.645888701165054,-0.8813735870195377,0.0,4.1746163,-0.011794567,0.005844116,13.606086855349334,5.98,0.0171219472250823,0.0023354929556065,0.0489837818651341,-0.0037082537989152,-0.0008739137323683,0.1936535984277725,2.164163827896118,2.6531633320277312,2.640005267920583,2.592103713253128,-0.8813735870195377,-0.8813735870195377,0.6843411788678677,-2.264412285898639,0.5046579452633546,3.0,,,-1.6313176422642646,
1993-05-01,2.6266967256709357,-0.8813735870195377,0.0,4.177452,-0.011739731,-0.011794567,12.840952419099354,5.97,-0.0059112946609363,0.0359141880755649,0.0580994760251663,-0.0044926611066249,0.002739405003636,0.2219294011592865,2.441223382949829,2.645888701165054,2.6531633320277312,2.640005267920583,-0.8813735870195377,-0.8813735870195377,0.2921285183741356,-0.8968706057570868,-0.3922126604937321,-1.1581034314443954,,2.0049147060932344,0.029574280473567766,
1993-06-01,2.581392139820594,-0.8813735870195377,0.0,4.1803255,0.003124237,-0.011739731,13.6060001373291,6.04,-0.0089615733111574,0.0706029536335535,0.062938554956327,0.0062353379500748,-0.0037915803418799,0.2676182091236114,2.5114939212799072,2.6266967256709357,2.645888701165054,2.6531633320277312,-0.8813735870195377,-0.8813735870195377,-1.042198456784184,-0.9421143146645876,-1.3343269751583196,-1.3904546597095064,,-0.46893334635175465,-1.2672073642912907,
1993-07-01,2.514790143715252,-0.8813735870195377,0.0,4.176806,-0.0047678947,0.003124237,12.52409081025557,5.96,-0.0473070924439582,0.0127459205888085,0.0153973263593449,0.0056081890905688,0.0022526473495334,0.2313695698976516,2.272256374359131,2.581392139820594,2.6266967256709357,2.645888701165054,-0.8813735870195377,-0.8813735870195377,-0.08432240752524911,2.2922030244172547,0.9578760492589349,2.1529652292041965,,,-2.3216100442546947,
1993-08-01,2.520688338974291,-0.9503469298211292,-0.1,4.1769447,0.010143757,-0.0047678947,11.500476201375326,5.81,-0.0509735120536123,0.0531483046210103,-0.0299692198173229,0.0,0.0026931164973129,0.2889039516448974,2.617969036102295,2.514790143715252,2.581392139820594,2.6266967256709357,-0.8813735870195377,-0.8813735870195377,0.6539545589457506,-0.21959908278793516,0.7382769664709997,1.752291245689019,,-0.7916850316143234,1.0012574627625561,
1993-09-01,2.4914370046675494,-1.0159731341796878,-1.110223e-16,4.175749,-0.0029625893,0.010143757,11.928636420856822,5.68,-0.0047362008877112,-0.0346324638839785,0.0570125307844016,0.0053013878381251,-0.0012064683528301,0.2890709042549133,2.1235592365264893,2.520688338974291,2.514790143715252,2.581392139820594,-0.9503469298211292,-0.8813735870195377,1.6390748351852604,0.2468433097685101,0.9851202762395098,2.539379114347741,,,0.73877055602278,
1993-10-01,2.5227020908905398,-1.0159731341796878,0.1,4.179465,0.00018882751,-0.0029625893,12.931428409758068,5.36,-0.0418534922564712,-0.0642077413740533,0.0181193068299556,-0.000861504584797,0.0052914883157351,0.2478877156972885,1.9028000831604004,2.4914370046675494,2.520688338974291,2.514790143715252,-1.0159731341796878,-0.9503469298211292,0.14052381821749815,-2.483671293207272,-1.4985510169677623,-1.1193584941451558,,,1.400406130580152,
1993-11-01,2.4369124016700505,-0.8813735870195379,0.2,4.1795044,0.007712364,0.00018882751,11.875238100687662,5.33,0.0364771352200907,0.0247420399198503,0.1276944473288601,0.0,0.0073036524223031,0.2804009318351745,2.323782444000244,2.5227020908905398,2.4914370046675494,2.520688338974291,-1.0159731341796878,-1.0159731341796878,-0.028037180892400943,1.3299900178578632,-0.1685609991098991,0.4732885005470596,,-0.006613364759425703,-0.5507866784648368,
1993-12-01,2.294348944858109,-0.8813735870195379,-0.2,4.1824718,0.001057148,0.007712364,14.083809534708658,5.72,-0.0887480563845803,0.0261528977191884,0.0892101295723097,0.003132317031639,0.0045590055532489,0.294376403093338,1.7831765413284302,2.4369124016700505,2.5227020908905398,2.4914370046675494,-0.8813735870195379,-1.0159731341796878,0.03737070816854182,0.23396888817084185,0.06540788906094276,1.6453740122725191,,,-1.5706325959354355,
1994-01-01,2.327561079064223,-0.7326682560454053,0.2,4.1882963,0.006392479,0.001057148,11.356363556601783,5.77,-0.1017851360649291,0.0250168237636234,0.1083776992844196,-0.0008595496489332,0.0059052708470295,0.2252331525087356,1.7174028158187866,2.294348944858109,2.4369124016700505,2.5227020908905398,-0.8813735870195379,-0.8813735870195379,-1.492240290446138,-1.5950188876756226,-1.5296109986146798,-2.2379233299903714,,,-0.746557250901905,
1994-02-01,2.310055416359211,-0.7326682560454053,-0.2,4.187897,0.005271435,0.006392479,11.290476163228352,5.75,0.0403939262259998,0.0092965950399186,0.0834416142139833,0.4054593752972812,0.0028736794669281,0.1844829320907592,1.8379966020584104,2.327561079064223,2.294348944858109,2.4369124016700505,-0.7326682560454053,-0.8813735870195379,-1.1284023546212285,1.8934489344395895,0.36383793582490953,-1.0359626463554181,,-0.8038972575431774,-1.54534715996509,
1994-03-01,2.299180254839205,-0.4812118250595972,0.3,4.1911917,-0.0029172897,0.005271435,13.644210464075991,5.97,-0.0348514457440045,-0.0129295886726268,-0.0227082069108384,0.0005158213996843,0.0005827318302769,0.1573477685451507,2.64929747581482,2.310055416359211,2.327561079064223,2.294348944858109,-0.7326682560454053,-0.7326682560454053,0.9055466097217938,1.6701110285181127,2.0339489643430224,0.11487149781072736,,1.4879304751050835,1.1138378562495703,
1994-04-01,2.409439058118239,-0.2956730475634155,-0.1,4.1990075,-0.0015120506,-0.0029172897,15.223478317260742,6.48,0.001492053675947,0.0057960582082925,-0.1397051777080999,0.0004124656337118,0.0101498906066312,0.3976801931858063,2.004971027374268,2.299180254839205,2.310055416359211,2.327561079064223,-0.4812118250595972,-0.7326682560454053,0.694493146103805,-2.245002427961011,-0.21105346361798882,0.42601820391443396,,,0.962968088293176,
1994-05-01,2.495024779953585,-0.1986901103492346,-0.1,4.2054615,-0.0075478554,-0.0015120506,16.471052671733656,6.97,0.0970652721565854,-0.0180199254775113,-0.0314902179242544,-0.0005843765384438,0.0058961380426527,0.2780191004276275,2.175499677658081,2.409439058118239,2.299180254839205,2.310055416359211,-0.2956730475634155,-0.4812118250595972,-1.5241530820906724,-2.0075927645764886,-2.218646228194477,-1.8408643758199617,,,-1.207441788361383,
1994-06-01,2.556750235883665,-0.1986901103492346,-0.1,4.2106323,0.0072426796,-0.0075478554,13.897142818995883,7.18,0.0608993919826765,0.0109662361657383,-0.0240804256282967,-0.0051826388820961,0.0045904959585474,0.3477795720100403,2.364232301712036,2.495024779953585,2.409439058118239,2.299180254839205,-0.1986901103492346,-0.2956730475634155,0.12903848044520577,3.8718377907303556,1.6531915625358782,0.8046494000268574,,,-0.5465724391364458,
1994-07-01,2.5833361935700814,-0.1986901103492346,0.0,4.218093,0.005112171,0.0072426796,13.408636353232644,7.1,0.034914695975424,0.0109769441458587,-0.0065029369879301,-0.0009105946581384,0.0067284496871362,0.56477952003479,2.7626564502716064,2.556750235883665,2.495024779953585,2.409439058118239,-0.1986901103492346,-0.1986901103492346,-0.8921002740059154,-2.6743303169869996,-1.0211387544511212,-0.9885004655177004,,-1.417561610468089,-0.2702387460319566,
1994-08-01,2.512486996970173,-0.0998340788992006,0.1,4.220414,-0.006495476,0.005112171,12.48449993133545,7.3,0.0486869224119788,-0.0003890394664756,-0.0125000140556341,-0.003696990012048,0.0013295056794984,0.1837534308433532,2.284783124923706,2.5833361935700814,2.556750235883665,2.495024779953585,-0.1986901103492346,-0.1986901103492346,-1.4968744876074576,0.416364540849579,-0.6047742136015422,-2.0957089760906675,,,-0.8980399991242474,
1994-09-01,2.459125031854403,-0.0998340788992006,-0.1,4.230782,-0.0017127991,-0.006495476,11.889130467953889,7.24,-0.0409886549862261,-0.0133970796584597,0.0641424689792007,-0.0070388470978119,0.0066818575129268,0.1923761963844299,2.13395094871521,2.512486996970173,2.5833361935700814,2.556750235883665,-0.0998340788992006,-0.1986901103492346,-0.09601616621860726,2.0056325349903923,1.4008583213888504,-0.6948054860701038,,,0.5027731536328893,
1994-10-01,2.4726723650841165,0.2956730475634292,0.4,4.2344246,0.010021687,-0.0017127991,13.23333336058117,7.46,-0.0608785960520301,0.0290716641578834,0.0342978648226086,-0.0033977299444307,0.0031405492615519,0.23000168800354,2.3236935138702397,2.459125031854403,2.512486996970173,2.5833361935700814,-0.0998340788992006,-0.0998340788992006,-1.2397427030913857,-2.544584858261629,-1.1437265368727785,-1.5570794414871005,,,-0.9224059646956709,
1994-11-01,2.4917810531767524,0.5688248987322535,-0.1,4.241823,0.008062363,0.010021687,15.245238031659808,7.74,0.0367784193221876,-0.0046330152623301,-0.048554548614911,-0.0004679457268359,0.0080129312378582,0.3066884279251098,2.1631321907043457,2.4726723650841165,2.459125031854403,2.512486996970173,0.2956730475634292,-0.0998340788992006,-0.4790863757116366,1.9043828642525276,0.7606563273797491,-1.7059631696695,,0.24635417233826376,0.02234987019632624,
1994-12-01,2.4364495414084915,0.5688248987322535,-0.3,4.2504816,0.0028128624,0.008062363,16.38380949837821,7.96,0.0416241298680182,-0.0138991593772024,-0.0194009189890511,-0.0019912158848605,0.0068126229566853,0.19561268389225,1.9211959838867188,2.4917810531767524,2.4726723650841165,2.459125031854403,0.5688248987322535,0.2956730475634292,-0.13444522773277057,-0.41601517940088306,0.344641147978866,1.0167766748758784,,0.2870615921011103,-1.7071739501753005,
1995-01-01,2.4810231497616027,0.5688248987322535,0.0,4.26168,0.0052170753,0.0028128624,14.177142824445452,7.81,-0.0760774782335738,-0.0133565781976789,-0.1181338850108169,-0.0073903556098864,0.0101664259222324,0.1559122651815414,2.097728729248047,2.4364495414084915,2.4917810531767524,2.4726723650841165,0.5688248987322535,0.5688248987322535,0.11949211654451208,-0.09070380370158337,0.25393734427728265,0.6634210398589182,-0.9233306219801742,0.19401606121460382,0.5438619870847006,
1995-02-01,2.5079438605115563,0.3900353197707218,-0.2,4.258207,-0.0068473816,0.0052170753,12.274285679771786,7.78,0.0381715212349345,-0.0019529194426004,-0.0925817875777159,-0.0009217352909063,0.001700536197938,0.1874793171882629,1.668933629989624,2.4810231497616027,2.4364495414084915,2.4917810531767524,0.5688248987322535,0.5688248987322535,0.18753568056856787,-0.18589378025322686,0.06804356402405579,-1.0246786922304638,1.6959603955861766,,-0.10867466165000914,
1995-03-01,2.507036511296103,0.5688248987322535,0.4,4.260187,0.008084774,-0.0068473816,11.470000016061883,7.47,0.0334248708614315,-0.0050583404774036,0.0709609573814376,-0.0008634200246615,-0.0011286873050115,0.1918158531188964,1.5944693088531494,2.5079438605115563,2.4810231497616027,2.4364495414084915,0.3900353197707218,0.5688248987322535,-1.1156510061621117,-1.3712302507547354,-1.3031866867306796,-2.1308549279500597,-3.0,,1.7839019094637238,
1995-04-01,2.5718173775902877,0.5688248987322535,-0.2,4.259563,-0.011940479,0.008084774,12.166521735813308,7.2,-0.006329155213824,0.0144448713298963,0.04496322354154,-0.0005562953243032,0.0016603011582869,0.1341050267219543,1.7398362159729004,2.507036511296103,2.5079438605115563,2.4810231497616027,0.5688248987322535,0.3900353197707218,-0.0181484466127044,2.400689246280087,1.0975025595494072,-1.500733813426655,2.3179354792721125,-1.5396838697566286,0.6498884174603535,
1995-05-01,2.56327902072818,0.0998340788992146,-0.5,4.2640624,0.012854576,-0.011940479,12.442631570916427,7.06,0.092159874389635,0.0230495879829533,0.0155412590380077,-0.0022520129466951,-0.0017277257902161,0.2138248831033706,2.2009217739105225,2.5718173775902877,2.507036511296103,2.5079438605115563,0.5688248987322535,0.5688248987322535,0.17137476120165362,-0.9079793517350492,0.18952320781435802,0.09262830866818587,1.9240336231602722,-1.5948737369351034,0.2637108499132599,
1995-06-01,2.4920985735627066,-0.0998340788992006,0.3,4.2601323,0.00019073486,0.012854576,12.265909194946287,6.63,-0.0160776615792319,-0.014969683728685,0.0494413574969705,-0.0121652080174854,0.0048989069851188,0.2834611237049103,1.991496205329895,2.56327902072818,2.5718173775902877,2.507036511296103,0.0998340788992146,0.5688248987322535,1.0883015304366992,0.7274035614206875,0.9169267692350456,-0.5604245796609092,3.0,0.8798633923975632,1.0337673090101431,
1995-07-01,2.428056568641468,-0.1986901103492346,0.1,4.265083,-0.013842583,0.00019073486,11.89681811766191,6.17,-0.0582372034843956,0.0060560758607266,0.0381462821102847,-0.0005286364906309,0.0033088514322034,0.1958682835102081,2.13237738609314,2.4920985735627066,2.56327902072818,2.5718173775902877,-0.0998340788992006,0.0998340788992146,-0.2446058918337951,-2.24983419150554,-1.3329074222704942,-1.1937653120110427,0.784939807800708,,-0.3249921712910506,
1995-08-01,2.467423110268301,-0.1986901103492346,0.1,4.2639537,0.015337944,-0.013842583,12.514000129699706,6.28,-0.0880020556855054,-0.00343762858075,0.02099836844679,-9.614575704164352e-05,-0.004189892740106,0.233963742852211,2.2772469520568848,2.428056568641468,2.4920985735627066,2.56327902072818,-0.1986901103492346,-0.0998340788992006,-0.3451366023621937,1.2323767117420958,-0.10053071052839857,-1.3505299745028394,0.6038122909432752,-1.0893580386301387,0.45552931274092806,
1995-09-01,2.477147472015025,-0.1986901103492346,0.0,4.2702355,0.0021414757,0.015337944,12.79826085463814,6.49,0.0151535295420908,-0.006650238822714,-0.0371328396274392,0.0011411344113128,0.0131693229924509,0.2190409153699875,2.378158569335937,2.467423110268301,2.428056568641468,2.4920985735627066,-0.1986901103492346,-0.1986901103492346,-0.4864010603003346,-0.04073374740974234,-0.1412644579381409,-1.387332440079694,0.5239186384316618,-1.267089540987567,0.18489910143426114,
1995-10-01,2.430236037441673,-0.0998340788992006,0.1,4.2703676,0.00630188,0.0021414757,12.057000017166136,6.2,0.0367868192318616,-0.0015911732388236,0.039940713967411,0.0010438977928224,0.0040251761874792,0.177976369857788,1.454104781150818,2.477147472015025,2.467423110268301,2.428056568641468,-0.1986901103492346,-0.1986901103492346,-1.0227780807987132,-0.39511256256023775,-0.5363770204983787,-1.334311302499103,-0.7523581711615678,-0.2365838530300522,-1.7678589965041296,
1995-11-01,2.459983583405983,7.105427357600977e-15,0.0,4.270344,-0.0057911873,0.00630188,14.357272711667148,6.04,-0.0358835787956084,0.0002088227624401,0.0340930904821714,-0.0004318255491915,-0.0017591074109057,0.1446712762117386,1.38241446018219,2.430236037441673,2.477147472015025,2.467423110268301,-0.0998340788992006,-0.1986901103492346,-0.8958241646438733,0.6633309366532185,0.12695391615483997,-1.4170976005505727,-0.1723854467374533,,-1.097989446643594,
1995-12-01,2.515409174506477,7.105427357600977e-15,-0.1,4.2754836,0.0034880638,-0.0057911873,12.46904754638672,5.93,0.0455012452820389,0.0056477474605944,-0.0303431583649675,-0.0003960039652146,0.0026320058946325,0.1307238340377807,1.550011157989502,2.459983583405983,2.430236037441673,2.477147472015025,7.105427357600977e-15,-0.0998340788992006,0.4231180777432908,1.191988326232324,1.318942242387164,0.10471193282074877,2.1819445084145617,0.2768847371603986,-0.8710688674225456,
1996-01-01,2.501785589126426,7.105427357600977e-15,0.0,4.283274,0.0062770844,0.0034880638,11.74849991798401,5.71,0.0612131963291933,0.0055127929974236,0.0373641462103186,0.0006959026017243,0.0034648244230837,0.1711102277040481,1.412654161453247,2.515409174506477,2.459983583405983,2.430236037441673,7.105427357600977e-15,7.105427357600977e-15,0.3325959494201737,-1.4094643707102812,-0.09052212832311712,0.40017874124737635,2.3747063468501595,-0.5910556056402941,-0.8534456847765469,
1996-02-01,2.5098614886811723,7.105427357600977e-15,0.0,4.2813363,-0.0007891655,0.0062770844,13.473636237057772,5.65,-0.0040293219721401,0.0305276028330769,0.0790796425430304,-0.0004318825346656,-0.0057400787913675,0.2089983224868774,1.4743882417678833,2.501785589126426,2.515409174506477,2.459983583405983,7.105427357600977e-15,7.105427357600977e-15,0.4984250510656566,0.25635122996860005,0.16582910164548292,0.5875409988858348,1.2383544954113954,-0.11128958700674517,0.27909429697214133,
1996-03-01,2.6200444684607964,-0.8813735870195379,-1.0,4.281046,0.0062441826,-0.0007891655,15.032999801635745,5.81,0.0081371009835904,0.0132056979335084,0.0566320371032436,0.0008755675256058,0.0145291599264654,0.3980416357517242,1.6478923559188845,2.5098614886811723,2.501785589126426,2.515409174506477,7.105427357600977e-15,7.105427357600977e-15,0.10668240700254268,-0.5575717457085968,-0.39174264406311393,0.0842976312717989,1.6019895891354132,-1.0053989853692678,-0.25415860702777365,
1996-04-01,2.7146480754147446,-0.8813735870195379,1.0,4.286027,-0.0023612976,0.0062441826,17.762380781627837,6.27,0.0979811138646553,-0.021349925137736,-0.0372198817504276,0.0015214230034024,-0.0012250426290405,0.389233648777008,1.71850323677063,2.6200444684607964,2.5098614886811723,2.501785589126426,-0.8813735870195379,7.105427357600977e-15,-0.15069900367836653,0.13436123338220474,-0.2573814106809092,0.4486719094946571,-0.3472478145358803,-1.1295566156459493,0.4253365059737064,
1996-05-01,2.6091102532473065,-1.0159731341796878,-0.2,4.2900424,-0.002286911,-0.0023612976,16.575238000778924,6.51,0.0514731218214565,-0.0085165141019922,0.0008392708142324,-0.0004430103222019,0.0099012182605209,0.3634766042232513,1.7814347743988037,2.7146480754147446,2.6200444684607964,2.5098614886811723,-0.8813735870195379,-0.8813735870195379,0.2917809447486577,0.6998613591079335,0.4424799484270242,-0.5737147265030267,0.4405756877092019,,1.0084818730397977,
1996-06-01,2.5688199191149272,-0.8813735870195379,0.4,4.2966685,-1.5735626e-05,-0.002286911,16.14636369185014,6.74,-0.0872217339805105,-0.0023446072057158,-0.0027290837794335,-0.0005510434026207,0.0074455836229239,0.3001354336738586,1.3213279247283936,2.6091102532473065,2.7146480754147446,2.6200444684607964,-1.0159731341796878,-0.8813735870195379,-0.7018716295402228,-1.4361325227159045,-0.9936525742888804,-0.9220504858924752,-0.6322056178386382,-1.3656596502704597,0.11242923584068183,
1996-07-01,2.608569979937427,-0.8088669356527773,-0.1,4.2981224,0.005094528,-1.5735626e-05,16.395000171661376,6.91,-0.0371347361838125,-0.0171388652220558,0.0096493176326397,-0.0004074882004654,0.0075933782411841,0.2821021974086761,1.312994122505188,2.5688199191149272,2.6091102532473065,2.7146480754147446,-0.8813735870195379,-1.0159731341796878,0.21161962745734808,1.9071438312864513,0.9134912569975708,-0.4711967869044634,-0.7314083525757663,1.5652745726544919,0.4838090766551301,
1996-08-01,2.636873922634315,-0.8088669356527773,-0.1,4.30124,0.0011930466,0.005094528,17.97863635149869,6.87,0.0586256020384872,-0.004682996304516,-0.016061528277536,-0.0001678375336617,0.0001537460357097,0.1941879838705063,1.604606032371521,2.608569979937427,2.5688199191149272,2.6091102532473065,-0.8088669356527773,-0.8813735870195379,0.3327003201693441,-0.7924105642855748,0.12108069271199601,-0.5824785189858721,1.4512094514547187,-1.3656596502704597,1.8277299984789894,
1996-09-01,2.722112768870702,-0.8088669356527773,0.0,4.305388,-0.005522251,0.0011930466,15.760454698042436,6.64,0.0469864387335126,0.0100672861883683,0.0332517563892214,-0.0005276728550813,0.0051052352845752,0.1920273154973983,1.6037836074829102,2.636873922634315,2.608569979937427,2.5688199191149272,-0.8088669356527773,-0.8088669356527773,-0.137618012967794,-0.5913990258491341,-0.4703183331371381,-0.19868725615146074,0.5852600160879787,,-0.7994267988399,
1996-10-01,2.7561779341252,-0.8088669356527773,0.0,4.310387,0.0074191093,-0.005522251,16.578000020980834,6.83,0.0982688491294068,-0.0109282194409559,0.0179399701882658,-0.0005519558575457,0.0062396321182145,0.2250590324401855,2.021841764450073,2.722112768870702,2.636873922634315,2.608569979937427,-0.8088669356527773,-0.8088669356527773,0.08682737929135682,0.6947637253962888,0.22444539225915083,-0.31394851128967105,-0.6266095439579177,,1.2010401931216592,
1996-11-01,2.704051458533042,-0.4812118250595972,0.4,4.313238,0.0056996346,0.0074191093,16.381739201753035,6.53,0.0655088411843998,-0.0054173723518777,0.073381104806895,-0.0002040608108293,0.000296094050018,0.1105008274316787,1.0725080966949463,2.7561779341252,2.722112768870702,2.636873922634315,-0.8088669356527773,-0.8088669356527773,-0.30956440384617656,-0.6208371753966841,-0.39639178313753337,0.2321691442356499,-1.0132170039091544,-0.3468110870632146,-0.11039866864798727,
1996-12-01,2.769992646360937,-0.2956730475634159,-0.2,4.3177752,0.006966591,0.0056996346,15.996999740600586,6.2,-0.059822656264715,-0.0084857938183482,0.0563483986983097,0.0001440472477463,0.0091447851720687,0.1865861564874649,1.0855921506881714,2.704051458533042,2.7561779341252,2.722112768870702,-0.4812118250595972,-0.8088669356527773,-0.23985275339146928,0.46610343359224066,0.06971165045470729,-0.44539460651513363,-0.46130817551256276,-0.5627057954483116,0.5099975639101308,
1997-01-01,2.759406228779201,-0.2956730475634159,-0.2,4.323128,0.008775234,0.006966591,19.26095244998024,6.3,0.0439873529532115,-0.0237006474262022,0.0164037854609482,-0.0003361425275953,0.0063866480924561,0.2230117917060852,1.5119444131851196,2.769992646360937,2.704051458533042,2.7561779341252,-0.2956730475634159,-0.4812118250595972,0.006565287898564698,0.1767063908353267,0.24641804129003397,-0.5007492144286573,0.22225408825152954,,0.29819098987282183,
1997-02-01,2.632415768673461,-0.0998340788992005,0.2,4.3263674,-0.00094747543,0.008775234,19.473181551153008,6.58,-0.0103710879838838,-0.0383690434066155,0.01918116514247,-0.0006005356958729,0.0015838703738682,0.0980466082692146,0.9729240536689758,2.759406228779201,2.769992646360937,2.704051458533042,-0.2956730475634159,-0.2956730475634159,-0.5150298101091055,-0.7680131392977042,-0.5215950980076702,0.2443787259372189,-0.9084383595203387,,-0.8810297967441968,
1997-03-01,2.5752932864884586,0.1986901103492483,0.1,4.3319535,0.0055060387,-0.00094747543,20.139473563746403,6.42,-0.1212207608659401,-0.0243139284218125,-0.0043665763937248,0.0002402575572557,0.0118678167995964,0.2056253254413604,1.050157904624939,2.632415768673461,2.759406228779201,2.769992646360937,-0.0998340788992005,-0.2956730475634159,-0.6452066301684626,0.3914182779483132,-0.13017682005935705,-0.6517468153544815,-0.4773501478352097,-0.9341610007842861,-0.5175685566998732,
1997-04-01,2.5122549153226723,0.1986901103492483,-0.3,4.340009,-0.00019645691,0.0055060387,20.169999980926512,6.69,-0.0859645979868704,0.0149775849289834,-0.0321595460262411,1.2011362749309027e-05,0.0063260801601101,0.1898030042648315,1.1519078016281128,2.5752932864884586,2.632415768673461,2.759406228779201,0.1986901103492483,-0.0998340788992005,-0.24826341777988395,0.5271200324479357,0.39694321238857866,-0.48142809207887055,0.16942581600911014,,-0.4327879772698915,
1997-05-01,2.567015821421063,0.2956730475634292,0.1,4.345371,0.00792551,-0.00019645691,19.66227262670344,6.89,-0.0860239993251283,-0.0210842532078823,-0.0403763053933783,-0.0001201201202642,0.0011715145153683,0.2731319069862366,1.2982195615768433,2.5122549153226723,2.5752932864884586,2.632415768673461,0.1986901103492483,0.1986901103492483,0.17147389059568374,0.022794095986989116,0.41973730837556766,-1.2370756203949709,0.4791059435091489,-0.14618166108918534,1.5900469003577422,
1997-06-01,2.482093708411386,0.2956730475634292,-0.1,4.3475804,-0.009963512,0.00792551,19.9247620900472,6.71,0.0802506700737737,-0.001830571039,0.1180344208231147,-0.0002883471719905,0.0055243609775672,0.1992357224225998,1.1006957292556765,2.567015821421063,2.5122549153226723,2.5752932864884586,0.2956730475634292,0.1986901103492483,0.4530826098559592,-0.13812858911529222,0.2816087192602755,0.161361106066105,0.9825171827045025,-1.0834215399147238,1.7518736905679533,
1997-07-01,2.504558498844047,0.2956730475634292,0.0,4.356525,-0.011869431,-0.009963512,20.19428598313105,6.49,-0.0788793713944797,-0.0089980157195599,0.0454372663489337,-0.0001682409213956,0.0045854365477637,0.1843758523464203,0.7511608600616455,2.482093708411386,2.567015821421063,2.5122549153226723,0.2956730475634292,0.2956730475634292,0.024233295992173203,-0.7104580331240615,-0.428849313863786,-0.258129673964198,-0.44586914803758027,,0.7766987099782979,
1997-08-01,2.5172349634679287,0.4812118250596098,0.2,4.3601427,0.0068826675,-0.011869431,20.529090881347656,6.22,0.0490880774247122,-0.0501263070271384,0.0494130750354688,-0.0035396136161467,0.0085059426597107,0.1835049390792846,0.9073299765586852,2.504558498844047,2.482093708411386,2.567015821421063,0.2956730475634292,0.2956730475634292,-0.9126127599442713,-0.5079967420726585,-0.9368460559364444,-1.3662826367690233,-1.3594253733005546,,-0.01213026976323567,
1997-09-01,2.507701115530038,0.6526665660823615,0.0,4.3645544,0.013448715,0.0068826675,23.08476202828544,6.3,0.0070696462824306,-0.0002777306339307,0.0336869700419253,0.0032631563540772,0.0099549460935852,0.1387780606746673,1.051243782043457,2.5172349634679287,2.504558498844047,2.482093708411386,0.4812118250596098,0.2956730475634292,-0.8154781545831636,1.033980661297552,0.09713460536110763,-0.8749137544348777,-0.7560425547314495,,,
1997-10-01,2.577492416239182,1.529660495090407,1.3,4.3695755,0.0054798126,0.013448715,23.812380836123516,6.21,-0.0072617966193813,-0.0036794871684371,-0.0981622116847873,-0.0004208425329497,0.0091175754565737,0.1543057858943939,0.860172688961029,2.507701115530038,2.5172349634679287,2.504558498844047,0.6526665660823615,0.4812118250596098,-0.5777594754993638,0.14058407372269222,0.23771867908379984,-0.5955823915230045,-0.8783628941633891,-0.5328389385570924,-0.30425367775396883,
1997-11-01,2.5236237713711507,1.4874828366412745,-1.6,4.376309,0.0077528954,0.0054798126,23.870869760927945,6.03,0.0733125132952832,0.0063302099632638,-0.1365727208394407,-0.0001804153165472,0.008827849981996,0.2892813682556152,1.0718635320663452,2.577492416239182,2.507701115530038,2.5172349634679287,1.529660495090407,0.6526665660823615,-0.9622569343416019,-0.6222161379260379,-0.38449745884223807,-1.4711365128621294,-0.7664004312964814,-0.12001260552735525,-1.4914781876804413,
1997-12-01,2.426802540609684,1.529660495090407,0.2,4.374808,-0.002202034,0.0077528954,32.034737034847865,5.88,-0.0354041582648148,-0.0597092899447462,-0.1996165479854763,-0.000457197866353,0.0078442888950283,0.4228329956531524,1.486522197723389,2.5236237713711507,2.577492416239182,2.507701115530038,1.4874828366412745,1.529660495090407,-1.415063145918488,-0.06830875273464798,-0.45280621157688605,-1.959426892000884,-0.531635390835605,-0.9992928724048408,-2.169897428432622,
1998-01-01,2.3335811933630097,1.529660495090407,-0.1,4.374168,-0.0027947426,-0.002202034,26.276363719593395,5.81,-0.1097093930740271,-0.0581891831619829,0.0453908432465191,4.813593589236831e-05,0.0042494435829167,0.1542905867099762,0.9454402327537536,2.426802540609684,2.5236237713711507,2.577492416239182,1.529660495090407,1.4874828366412745,-0.5646014032801224,1.3032679542152517,0.8504617426383655,-0.8031975777289818,-1.4308186556336029,-0.04673924995423139,0.02234987019632624,
1998-02-01,2.293905559274323,1.529660495090407,0.0,4.37204,0.018118858,-0.0027947426,23.866499996185304,5.54,-0.1234389313903623,0.0012460198206323,-0.1557779574294002,0.0,0.0043737842759465,0.2424130886793136,1.113872766494751,2.3335811933630097,2.426802540609684,2.5236237713711507,1.529660495090407,1.529660495090407,-0.9010105959507307,-1.1868709353089737,-0.3364091926706083,-1.2276291590963788,-0.005911776701759347,,-1.469490852054054,
1998-03-01,2.226956497091696,1.570278543484981,0.1,4.37987,0.005493641,0.018118858,19.99894724394146,5.57,-0.0764085160187151,0.0286079619530612,0.1407919164527538,0.0,0.0016174896182681,0.3053975105285644,1.838814377784729,2.293905559274323,2.3335811933630097,2.426802540609684,1.529660495090407,1.529660495090407,-1.3189562406544333,-0.08153645203309423,-0.41794564470370255,-1.227058499082656,-0.9987231967390926,-1.731087026141551,,
1998-04-01,2.2533015889034087,1.570278543484981,-0.1,4.3767595,-0.0017495155,0.005493641,20.158636353232644,5.65,-0.0711542462931862,-0.0052238799009733,0.060897329989217,-0.0036166404701885,0.0003515910121256,0.1722929626703262,1.2498539686203003,2.226956497091696,2.293905559274323,2.3335811933630097,1.570278543484981,1.529660495090407,-0.9382715445515101,0.7986303408066259,0.3806846961029232,-1.1603190406798645,-0.8307212736189591,-1.3412351984127517,-0.42081066549446466,
1998-05-01,2.2125500281639945,1.6472311463710985,0.2,4.3760138,-0.0019898415,-0.0017495155,22.02857144673665,5.64,0.0317956367141185,0.0408841673526394,-0.0268521576332805,0.0036166404701885,0.0034253831806134,0.1768483817577362,1.0672954320907593,2.2533015889034087,2.226956497091696,2.293905559274323,1.570278543484981,1.570278543484981,-0.18045006980806177,0.3771367786405251,0.7578214747434483,0.22947681967287017,-0.7797904920149635,,0.00896346291790804,
1998-06-01,2.127119586562295,1.8496036794731807,0.4,4.378444,-0.0078930855,-0.0019898415,20.873999786376952,5.65,0.0600157242347632,-0.0302629327911256,-0.129114930866848,0.0,0.0065697125334116,0.7952063679695129,1.957215666770935,2.2125500281639945,2.2533015889034087,2.226956497091696,1.6472311463710985,1.570278543484981,-0.42248676657572604,-0.9998581715111126,-0.24203669676766426,-0.7237732488983452,-1.0995246443768787,0.4702449810339197,-0.3368941540616003,
1998-07-01,2.154949094187981,1.8496036794731807,-0.6,4.3764286,-0.0041503906,-0.0078930855,21.662727269259367,5.5,-0.1627090232616059,-0.0229288730062053,-0.1516071465698356,0.0,-0.0060166552861451,0.5262264609336853,1.5843377113342283,2.127119586562295,2.2125500281639945,2.2533015889034087,1.8496036794731807,1.6472311463710985,0.03694782037000547,0.7014712837133957,0.4594345869457315,-0.9204640572419849,-0.9741429729471306,,2.0054504912991318,
1998-08-01,2.1012341716706886,1.879863584396912,0.1,4.375389,-0.0020608902,-0.0041503906,19.929999871687457,5.46,-0.0104422253651086,0.0018797319227843,0.000604690717278,0.0,-0.0038529866935137,0.3266211152076721,1.147668719291687,2.154949094187981,2.127119586562295,2.2125500281639945,1.8496036794731807,1.8496036794731807,-1.5167769026531008,-2.0131593099688376,-1.5537247230231064,-1.3714742005351324,-0.37935172332994654,,-2.799504784094224,
1998-09-01,2.2130684954874784,1.909274014016339,0.0,4.378804,-0.014672279,-0.0020608902,31.58809498378209,5.34,-0.0138010207146419,-0.0303673374381689,-0.117924058601913,0.0,0.0204919010582775,0.2639833390712738,2.2329885959625244,2.1012341716706886,2.154949094187981,2.127119586562295,1.879863584396912,1.8496036794731807,-1.2553733714673196,1.8151282542088876,0.2614035311857812,0.20283349436823567,-1.836984334293091,,-2.131969274477104,
1998-10-01,2.172447221137584,1.879863584396912,-0.2,4.3811545,0.001229763,-0.014672279,38.20476223173596,4.81,0.1133254151120506,0.016995994451153,0.0338234206005836,-0.003858215540816,-0.0005323279149607,0.1837109625339508,1.417198896408081,2.2130684954874784,2.1012341716706886,2.154949094187981,1.909274014016339,1.879863584396912,-0.24936676850944559,0.7446030717720928,1.006006602957874,-0.5824785189858721,-0.46105436521852156,,0.2954325786760569,
1998-11-01,2.058037999233275,1.879863584396912,0.1,4.384109,0.0017414093,0.001229763,36.608181953430176,4.53,-0.0492586619611548,0.0237654583047701,0.1836553274932715,-2.416071709143708e-05,0.0068129990948513,0.1529788374900818,1.226663589477539,2.172447221137584,2.2130684954874784,2.1012341716706886,1.879863584396912,1.909274014016339,-0.13633841113990497,-0.8929782455883335,0.11302835736954062,-0.4536769300626196,0.18100010778280964,,,
1998-12-01,1.9258989494359249,1.8496036794731807,-0.1,4.385734,0.012701988,0.0017414093,26.223000144958498,4.83,-0.1403421616202154,-0.0061350925422143,0.113329692153318,4.832085045647361e-05,-0.0007584271645324,0.2720071673393249,1.6170976161956787,2.058037999233275,2.172447221137584,2.2130684954874784,1.879863584396912,1.879863584396912,-0.028033574370843223,-0.00472352060047887,0.10830483676906175,-0.5017987811538475,0.2010596310223919,0.9943530104805692,-0.8057481578324865,
1999-01-01,2.024370308496442,1.71905185120893,-0.3,4.384539,-0.0026159286,0.012701988,25.479090777310457,4.65,-0.1165813164607447,-0.0083305363976684,-0.0149376600704123,8.455587034150724e-05,0.0045201495934508,0.3317954838275909,1.7790558338165283,1.9258989494359249,2.058037999233275,2.172447221137584,1.8496036794731807,1.879863584396912,-0.1452547960091389,-0.22552605840735743,-0.11722122163829568,0.5980558801738973,-0.2541678094633376,-0.3235497043415878,-0.6013575504055275,
1999-02-01,1.986784184896389,1.6837431439977468,0.3,4.3940253,0.0032148361,-0.0026159286,28.03526316191021,4.72,0.1233931078723959,-0.0158963883684819,-0.0060711845099898,-0.0001328767207979,0.0043112451049784,0.2338293343782425,1.3240206241607666,2.024370308496442,1.9258989494359249,2.058037999233275,1.71905185120893,1.8496036794731807,-0.40226433245591064,-0.13978831480847606,-0.2570095364467717,-0.4618226986308656,-0.19776996483652376,-0.8161094834720314,-0.13335518288422188,
1999-03-01,2.185560264971225,1.3979983651114378,-0.6,4.388257,0.0048532486,0.0032148361,28.82263153477719,5.0,-0.0788698063676314,0.0008704584383467,-0.0709406033135078,0.0001449555472197,0.0060630796503478,0.2279997318983078,1.248893976211548,1.986784184896389,2.024370308496442,1.9258989494359249,1.6837431439977468,1.71905185120893,0.15911736059297132,0.8183912294956537,0.561381693048882,0.44684254069041085,-0.33436062887621737,0.6890473622592199,-0.1650598317015281,
1999-04-01,2.346800960144088,1.3979983651114378,0.7,4.3962774,-0.004823208,0.0048532486,25.30956541973612,5.23,0.1972518276770229,-0.0047794401015668,0.1236982210378787,0.0001207802404992,0.0022660526894453,0.4287277162075043,1.9307531118392944,2.185560264971225,1.986784184896389,2.024370308496442,1.3979983651114378,1.6837431439977468,-0.4511656982694154,-1.1716647519112686,-0.6102830588623867,-0.30768185632431233,-1.1404123498251602,-0.4978283452012747,0.14125975827308576,
1999-05-01,2.369567913552973,-0.2956730475634153,-2.2,4.3968825,-0.0217762,-0.004823208,23.478571483067103,5.18,0.200860703188598,-0.0117487017440502,0.1554472218546294,-0.0001207802404992,0.0022959860915063,0.4187085032463074,2.3571739196777344,2.346800960144088,2.185560264971225,1.986784184896389,1.3979983651114378,1.3979983651114378,1.274177128528403,2.335625885660205,1.7253428267978184,0.16412626208794767,3.0,1.870580220875841,0.06200203114982242,
1999-06-01,2.377424295152176,-0.2956730475634153,2.2,4.4061303,-0.0029492378,-0.0217762,26.204500198364254,5.54,-0.0045371886094454,-0.0221094399314072,0.0271930780529263,-4.8316181098684297e-05,0.0063026472583853,0.743427038192749,1.8464792966842647,2.369567913552973,2.346800960144088,2.185560264971225,-0.2956730475634153,1.3979983651114378,0.6667483816237613,-2.33277157370246,-0.6074287469046417,-0.5210649261989811,1.6765181256279664,,0.8447919454422985,
1999-07-01,2.48820055903959,-0.1986901103492341,0.1,4.4067507,-0.016116142,-0.0029492378,23.6263636675748,5.9,0.0410447171010974,-0.0562863572413876,0.0341775414013589,1.2079264131603653e-05,-0.0007846779120086,0.5265735983848572,1.631765842437744,2.377424295152176,2.369567913552973,2.346800960144088,-0.2956730475634153,-0.2956730475634153,-0.05916862654337397,-0.11848826126249357,-0.7259170081671352,-0.30874569936163027,0.2926088213221172,0.08352449328687746,-0.30406212142086025,
1999-08-01,2.543405123300545,-0.4812118250595965,-0.4,4.4136705,0.023226261,-0.016116142,21.049047470092773,5.79,0.1846398508816715,-0.0202175463201976,0.0344078786298283,-0.0001570418157261,0.005769502318011,0.3253933191299438,1.2352309226989746,2.48820055903959,2.377424295152176,2.369567913552973,-0.1986901103492341,-0.2956730475634153,1.1936707052009292,1.9787563399114383,1.2528393317443032,0.5032589679213683,1.4585933855373294,0.473945655557815,2.3388848117872034,
1999-09-01,2.655438680479387,-0.2956730475634153,0.5,4.417982,-0.0017185211,0.023226261,24.323636228388008,5.94,0.0579844455255922,0.0023792354769396,-0.0334660319150916,-4.832552071709628e-05,0.0040072431636248,0.3371411859989166,1.2700074911117554,2.543405123300545,2.48820055903959,2.377424295152176,-0.4812118250595965,-0.1986901103492341,-1.006731020142965,-3.4532410570881975,-2.200401725343894,-0.886804804670911,-0.3869442441342984,-1.8500779454483334,-0.9030970863183163,
1999-10-01,2.600329398908504,-0.3900353197707081,-0.3,4.424452,0.0006389618,-0.0017185211,24.541428611392067,5.92,0.1088075502879539,0.0308790811470771,0.0088105150622475,9.664870619063848e-05,-0.0040452610454524,0.3188936710357666,1.3955544233322144,2.655438680479387,2.543405123300545,2.48820055903959,-0.2956730475634153,-0.4812118250595965,0.07725265181821316,3.2843853973050723,1.083983671961178,-0.33370798052169187,-0.15984422179475494,0.14301995294026865,0.6595428566490308,
1999-11-01,2.6965031884715467,7.549516567451036e-15,0.5,4.430224,0.007666588,0.0006389618,24.021428516932897,6.11,-0.0242819892230601,0.1601439728173357,-0.0429192742743733,0.0,0.0121488838987993,0.3799217045307159,1.482270359992981,2.600329398908504,2.655438680479387,2.543405123300545,-0.3900353197707081,-0.2956730475634153,-1.4844930468188469,-2.645729370598238,-1.56174569863706,-1.312386528398893,-2.8286284335431935,,-0.31246417851445457,
1999-12-01,2.737624340884687,7.549516567451036e-15,-0.4,4.4396253,-0.00027179718,0.007666588,21.81809525262742,6.03,0.1109488501073561,-0.058105430241075,0.1219764027709793,0.0001328767207979,0.0048356761014245,0.3106703162193298,1.1889114379882812,2.6965031884715467,2.600329398908504,2.655438680479387,7.549516567451036e-15,-0.3900353197707081,0.2858304551323046,3.3320692005882115,1.7703235019511514,-0.6823987504401787,0.517124480610668,1.3115316561327484,-0.0029355657740192612,
2000-01-01,2.7759793055719992,0.1986901103492487,0.2,4.448897,-0.012270451,-0.00027179718,22.15909090909091,6.28,0.035525743461739,-0.0350925379812503,0.1158820822579258,7.247077015470893e-05,0.0076835338351468,0.4128687977790832,1.8293263912200928,2.737624340884687,2.6965031884715467,2.600329398908504,7.549516567451036e-15,7.549516567451036e-15,0.09618971822880173,-1.9599642388546543,-0.18964073690350286,-0.7264719524259875,0.24102418579761606,,0.7740169213147766,
2000-02-01,2.848664295211935,0.0998340788992152,-0.3,4.4464464,0.015494823,-0.012270451,23.201999855041503,6.66,0.0014844655192884,0.0044061475257057,-0.0314763014547754,-0.0002174280684044,-0.001368985385314,0.2667705714702606,1.1989688873291016,2.7759793055719992,2.737624340884687,2.6965031884715467,0.1986901103492487,7.549516567451036e-15,0.24702284637956684,0.34047386505426797,0.1508331281507651,0.6864055513368224,0.25988204133866066,,-0.20521905353678252,
2000-03-01,2.861030605781278,0.0998340788992152,0.1,4.4500885,0.009224415,0.015494823,23.595500183105468,6.52,0.0850523203534106,0.0532153346604165,0.059255637563508,0.0001087199435727,0.0031184257109906,0.2094018459320068,1.2321325540542605,2.848664295211935,2.7759793055719992,2.737624340884687,0.0998340788992152,0.1986901103492487,0.08262798553757031,-0.3152279889927616,-0.16439486084199653,1.5177125581913227,-0.28017186375599895,-0.516909948215109,-0.3901188040699335,
2000-04-01,2.7121377980345267,0.0998340788992152,0.0,4.455104,0.0004954338,0.009224415,22.718260806539785,6.26,-0.0104821042588358,-0.045961180790969,0.0463248579576234,1.2079264131603653e-05,0.0035494125296793,0.2764623761177063,1.0100457668304443,2.861030605781278,2.848664295211935,2.7759793055719992,0.0998340788992152,0.0998340788992152,0.48910821418208417,0.5708750894865104,0.40648022864451383,0.8382537207950189,0.4313033395106361,,0.19776758224059762,
2000-05-01,2.8220184237396717,0.0998340788992152,0.0,4.4649663,0.009771824,0.0004954338,27.16421077125951,5.99,-0.1884800832385345,-0.0236726712990762,-0.0885370999525374,0.0001449397898491,0.0059345814110471,0.2068841457366943,1.0314223766326904,2.7121377980345267,2.861030605781278,2.848664295211935,0.0998340788992152,0.0998340788992152,-0.53187472350251,-1.4274631663291082,-1.020982937684594,-0.5394513846826523,-0.7276872319326609,,-0.32848555389221656,
2000-06-01,2.9169228352884624,0.1986901103492487,0.1,4.4699917,0.0076208115,0.009771824,26.373181863264605,6.44,0.1975897156320467,-0.0162200787870379,-0.0844797670285295,-0.000314062766817,0.0027040320534066,0.3068792223930359,1.392322301864624,2.8220184237396717,2.7121377980345267,2.861030605781278,0.0998340788992152,0.0998340788992152,0.06689668775159452,1.6197543489386985,0.5987714112541045,-0.24095198842193172,-0.5255442027153908,1.2233322466465808,-0.18924930450288027,
2000-07-01,2.847115375863144,0.1986901103492487,-0.1,4.470991,-0.0029597282,0.0076208115,21.539999961853027,6.1,0.0715662696583416,0.0375855407846508,0.0841325897644296,0.0001087251971716,0.0003904567263823,0.3349747955799103,1.2740495204925537,2.9169228352884624,2.8220184237396717,2.7121377980345267,0.1986901103492487,0.0998340788992152,0.29038536353553357,-0.37528273547016544,0.22348867578393905,0.9281648770151522,-0.2491204118181258,-0.1429105291439565,0.6254075180890646,
2000-08-01,2.8946731159227443,0.1986901103492487,0.0,4.474602,0.009077072,-0.0029597282,19.89300012588501,6.05,-0.0380728196943667,-0.0145951966846178,0.0770015897963283,0.0001207919119203,-0.0019527324535886,0.3350828886032104,0.9578033089637756,2.847115375863144,2.9169228352884624,2.8220184237396717,0.1986901103492487,0.1986901103492487,-0.12587566944061215,-0.6397497087600847,-0.4162610329761457,-1.5462481273394693,-0.015527993395091248,,1.184149112412724,
2000-09-01,2.971241253545696,0.2956730475634297,0.1,4.479441,0.012024403,0.009077072,18.08869569197945,5.83,0.0514293148586064,-0.0256101469301537,0.0047861967042557,-7.247339625582327e-05,-0.0027266333927551,0.186522975564003,0.820108950138092,2.8946731159227443,2.847115375863144,2.9169228352884624,0.1986901103492487,0.1986901103492487,-0.056201870174377624,0.48593483224238027,0.06967379926623453,0.007456603407188547,0.28525579074669405,-0.6085016426815141,0.09098176783012098,
2000-10-01,2.9456186347833446,0.2956730475634297,-0.1,4.477215,0.00024032593,0.012024403,19.6875,5.8,0.0931723472142755,-0.0028824246902043,-0.062612393642496,0.000144941540499,0.0046040830248808,0.2797124683856964,1.104864239692688,2.971241253545696,2.8946731159227443,2.847115375863144,0.2956730475634297,0.1986901103492487,-0.5229300202750802,-0.5364019493669371,-0.46672815010070257,-0.6167846468247029,-0.2517598911734861,0.29869228346192345,-1.521867826564055,
2000-11-01,2.9830226859490416,0.3900353197707223,0.1,4.480524,0.0062713623,0.00024032593,25.200000069358133,5.74,-0.0681592805320678,-0.0135375816709739,-0.0689476778412228,-0.000277823076805,-0.0038933847177071,0.1814782172441482,1.7102947235107422,2.9456186347833446,2.971241253545696,2.8946731159227443,0.2956730475634297,0.2956730475634297,-0.4911949890767833,0.49846318129899947,0.031735031198296904,-0.9697766464295159,-1.2383380311160757,0.5313061106781897,-0.28797138943973133,
2000-12-01,2.791172135244296,0.3900353197707223,-0.1,4.4841566,0.007912636,0.0062713623,26.38285709562756,5.72,0.0501217771756721,-0.01488805693835,-0.0083042422914907,2.4161592733218384e-05,0.0002796044748452,0.1612948030233383,0.9510831832885742,2.9830226859490416,2.9456186347833446,2.971241253545696,0.3900353197707223,0.2956730475634297,0.29647395032232005,0.7559339082008065,0.7876689393991033,0.5635429892695003,0.3540998634418243,,-0.028221001744364514,
2001-01-01,2.824059962069729,0.1986901103492487,-0.2,4.487725,-0.017967701,0.007912636,26.530499839782717,5.24,-0.237913829680068,0.0202440582914347,-0.0056183927615673,-3.624260802181922e-05,-0.0032683707203071,0.1759856790304184,0.9818148016929626,2.791172135244296,2.9830226859490416,2.9456186347833446,0.3900353197707223,0.3900353197707223,0.740790811831108,-0.3433520778903154,0.4443168615087879,0.3491102973272088,1.6056366056225273,1.813589833207856,-0.8051734888331603,
2001-02-01,2.82279833306344,-0.1986901103492339,-0.2,4.4741898,-0.0011949539,-0.017967701,24.91857147216797,5.16,-0.0013826602454467,-0.0222007851622292,0.0341090201426848,8.456404221135472e-05,-0.0047708693509234,0.2576051354408264,1.0246317386627195,2.824059962069729,2.791172135244296,2.9830226859490416,0.1986901103492487,0.3900353197707223,0.17891458507609967,-1.0061930882637964,-0.5618762267550083,-0.4424616483878529,0.9989979267037347,,-0.01979252308758282,
2001-03-01,2.7388046517672424,-0.1986901103492339,0.4,4.4824734,-0.006942749,-0.0011949539,23.41157913208008,5.1,0.0707625703592684,-0.0137289777738622,0.0069896428292199,2.415984151271644e-05,-0.0065347651343703,0.3127665519714355,1.1720848083496094,2.82279833306344,2.824059962069729,2.791172135244296,-0.1986901103492339,0.1986901103492487,-0.0011589419870536369,0.381802699691855,-0.1800735270631533,-0.32447556442956127,-0.2992135748769133,0.47533340850427563,0.14371996285398433,
2001-04-01,2.743323952730095,-0.7326682560454049,-0.6,4.473131,0.009589195,-0.006942749,28.496818369085137,4.89,-0.1157514752010304,0.0044198966981507,-0.1486494401378237,-7.248127570225193e-05,-0.0020524117552422,0.2573720812797546,1.1910302639007568,2.7388046517672424,2.82279833306344,2.824059962069729,-0.1986901103492339,-0.1986901103492339,0.6682492162653502,0.8494816853155571,0.6694081582524039,0.7956654026194959,1.154903058560245,0.6519745335466275,0.07045387033503221,
2001-05-01,2.782131315000374,-1.0159731341796872,0.2,4.468717,-0.013489246,0.009589195,28.13399991989136,5.14,0.0462602127125042,-0.0097420112993438,-0.0464480117221217,-3.624260802181922e-05,-0.0035963806723389,0.4010493755340576,1.1368091106414795,2.743323952730095,2.7388046517672424,2.82279833306344,-0.7326682560454049,-0.1986901103492339,0.4838778678058805,-0.8537795067118735,-0.18437134845946967,-0.3182711527909395,0.18166435053917077,1.258224320729021,0.81389395274627,
2001-06-01,2.74288922355059,-1.0159731341796872,0.4,4.468513,-0.010138035,-0.013489246,22.944090929898348,5.39,0.098521532088998,0.0445986378005907,0.0559292660395538,-4.832552071709628e-05,-0.0047873447856305,0.3331435024738312,1.2756264209747314,2.782131315000374,2.743323952730095,2.7388046517672424,-1.0159731341796872,-0.7326682560454049,-0.15833449906226832,-0.4578410184086792,-0.6422123668681488,-0.44388722962900135,-0.31356681930342745,0.4091838513896499,-0.2850677987062944,
2001-07-01,2.7020192744169207,-0.7326682560454051,0.4,4.466077,-0.02319765,-0.010138035,20.94047619047619,5.28,-0.0165447699158138,-0.0078512723844106,-0.024413984348099,-3.624567317661587e-05,-0.005294243917338,0.2858163714408874,1.5124449729919434,2.74288922355059,2.782131315000374,2.743323952730095,-1.0159731341796872,-1.0159731341796872,-0.5165638496697296,0.28398301626068756,-0.35822935060746125,-1.7523085906921203,-0.03226357284904217,-0.6967010521676815,0.41501781702992574,
2001-08-01,2.739857616219795,-0.7326682560454051,-0.4,4.459097,0.028868675,-0.02319765,22.31619053795224,5.24,-0.1234981559032406,-0.0100417386498721,-0.0547502686242058,3.624567317661587e-05,-0.0064248032714528,0.3105297684669494,1.317399024963379,2.7020192744169207,2.74288922355059,2.782131315000374,-0.7326682560454051,-1.0159731341796872,-0.563414384575911,0.31137881570127984,-0.04685053490618141,-1.347771150846248,0.3353901999471388,,-0.677862202828624,
2001-09-01,2.676295465325176,-0.4812118250595968,0.3,4.4645696,0.0025458336,0.028868675,21.86173903423807,4.97,0.0424118657390311,0.018003153301489,-0.0705285916229954,-1.2081745087488828e-05,-0.0011484395650906,0.2181500941514969,1.3494141101837158,2.739857616219795,2.7020192744169207,2.74288922355059,-0.7326682560454051,-0.7326682560454051,0.5425410407823844,1.152805960264477,1.1059554253582955,1.6591786023333264,-0.4117771734736237,0.9103939572196981,0.012368777050137227,
2001-10-01,2.526178993336358,-0.3900353197707083,-0.2,4.457724,-0.0068597794,0.0025458336,35.065333429972334,4.73,-0.0023586985467347,0.0396950335147519,-0.1695972262300955,-1.2081891057835747e-05,-0.0050778760047638,0.7703881859779358,13.229009628295898,2.676295465325176,2.739857616219795,2.7020192744169207,-0.4812118250595968,-0.7326682560454051,-0.07889959557555441,-1.7273960617162343,-0.6214406363579388,0.03522260729883822,-0.599743317218847,0.057619771619611446,0.19130255599817975,
2001-11-01,2.4052942094735887,-0.2956730475634154,-5.5511150000000004e-17,4.454439,-0.0015153885,-0.0068597794,32.721304603244945,4.57,-0.2210854194013385,-0.0012710070910308,0.0290474059607213,0.0,-0.0027452194543418,0.6591466665267944,13.10019588470459,2.526178993336358,2.676295465325176,2.739857616219795,-0.3900353197707083,-0.4812118250595968,0.7232822910276157,1.423622522961109,0.80218188660317,0.41813307372971736,-0.3020573032024932,2.6124729460537193,0.16458044752951925,
2001-12-01,2.388421409332852,7.327471962526006e-15,0.2,4.451744,0.0051584244,-0.0015153885,26.63095238095238,4.65,-0.0885565692593792,-0.0246784814106302,0.07052288211543,4.832668842347232e-05,-0.0060654600853187,0.360622376203537,7.890068531036377,2.4052942094735887,2.526178993336358,2.676295465325176,-0.2956730475634154,-0.3900353197707083,-0.33768655393177366,-1.8631507315625595,-1.0609688449593893,-0.7312958849816482,-0.2946316085211194,,0.012867831707446742,
2002-01-01,2.4041680832284538,7.327471962526006e-15,-0.3,4.4525175,-0.0060048103,0.0051584244,23.720000076293942,5.09,-0.0049068550601978,-0.0011231681766226,0.0548663827052031,-7.249090846395134e-05,-0.0004275098074009,0.3893409967422485,6.047550678253174,2.388421409332852,2.4052942094735887,2.526178993336358,7.327471962526006e-15,-0.2956730475634154,-0.13861465778546975,1.2600407411056933,0.1990718961463039,-0.08528781091297816,-0.838600890399994,0.508044727956563,,
2002-02-01,2.4554508384973874,0.1986901103492487,0.2,4.4630637,-0.01092577,-0.0060048103,22.252857208251957,5.04,0.0373346705485868,0.0203107312090287,-0.0358751990921568,-1.2082328989748705e-05,0.0066330648411705,0.3410267233848572,4.232385158538818,2.4041680832284538,2.388421409332852,2.4052942094735887,7.327471962526006e-15,7.327471962526006e-15,-0.9292533783102963,-0.9897106166711305,-0.7906387205248265,-0.2767225237842672,-0.8947628212373813,-2.684580050586688,0.13905188236715132,
2002-03-01,2.615984053450956,-0.2956730475634154,-0.7,4.4603567,0.0010647774,-0.01092577,22.87578984310753,4.91,0.0432736535071578,0.048500865918684,-0.039640972868856,0.0,0.0001152246826094,0.3734973669052124,3.621983051300049,2.4554508384973874,2.4041680832284538,2.388421409332852,0.1986901103492487,7.327471962526006e-15,-0.1490339956101911,1.5708581032249318,0.7802193827001052,-0.7687345262779007,0.8668592617703262,-0.34681108706321434,-0.3474496308699756,
2002-04-01,2.6845374090744527,-0.1986901103492342,0.6,4.470051,-0.003042698,0.0010647774,18.98499994277954,5.28,0.1559211306634269,-0.0048850086966423,0.0326690756910643,0.0001087357058926,0.0072123326949231,0.2838111817836761,3.863307237625122,2.615984053450956,2.4554508384973874,2.4041680832284538,-0.2956730475634154,0.1986901103492487,-0.6134037831381584,-1.2445891702280725,-0.46436978752796726,-1.5510478460674664,-0.6807041455918982,0.124231913049724,-0.34609505394299284,
2002-05-01,2.711572310591811,-0.2956730475634154,-0.2,4.4770474,-0.008059502,-0.003042698,19.900454607876863,5.21,0.0822702357005162,0.0288923136768097,8.753939278349776e-05,-1.208116124162828e-05,0.0048710021656788,0.1687116622924804,3.8404908180236816,2.6845374090744527,2.615984053450956,2.4554508384973874,-0.1986901103492342,-0.2956730475634154,-0.21780552150499016,0.8599680491611355,0.3955982616331682,-1.5186909793504626,-0.4705431970967371,0.23956960237778938,0.8784424880494497,
2002-06-01,2.653900488596581,-0.0998340788992001,0.3,4.480834,0.008577824,-0.008059502,20.08772711320357,5.16,-0.0150052208857998,0.0382761373062701,0.0570588817389126,-9.66545446510203e-05,0.0040096284673607,0.2767774760723114,4.089163780212402,2.711572310591811,2.6845374090744527,2.615984053450956,-0.2956730475634154,-0.1986901103492342,-0.6667936904213086,-0.8445864305494867,-0.4489881689163185,-0.7512009132020693,-0.582386467640548,,,
2002-07-01,2.705825506080099,-0.1986901103492342,-0.3,4.4827886,-0.002298832,0.008577824,25.270999908447266,4.93,-0.0511485743105333,0.0210494345007541,-0.0652516896055228,7.249178429624692e-05,0.0082150192364478,0.2251835465431213,3.673884868621826,2.653900488596581,2.711572310591811,2.6845374090744527,-0.0998340788992001,-0.2956730475634154,0.2484280943350814,1.3642099536727086,0.91522178475639,-0.59896236685915,-0.36306091786868017,-0.20142744505304833,2.157163107121204,
2002-08-01,2.7551240799470524,-0.1986901103492342,0.1,4.4868236,0.0071816444,-0.002298832,34.049544941295274,4.65,0.0664433369428643,-0.024872434473778,-0.0508891332044534,-4.8327272297310486e-05,-0.0003219706394999,0.1773218065500259,2.954308032989502,2.705825506080099,2.653900488596581,2.711572310591811,-0.1986901103492342,-0.0998340788992001,-0.026843986408613463,-1.190493865500085,-0.27527208074369486,0.4150381212509037,-0.5975979463830973,0.10202786590635315,,
2002-09-01,2.7979151723327456,-0.0998340788992001,0.1,4.4902544,-0.0040569305,0.0071816444,33.742727366360754,4.26,0.0349461489263203,-0.0097186235233817,-0.0278424141425279,1.2082037031291293e-05,-0.0011111535235635,0.2581644654273987,3.130244016647339,2.7551240799470524,2.705825506080099,2.653900488596581,-0.1986901103492342,-0.1986901103492342,-1.087164293775501,-0.7850482266231926,-1.0603203073668876,-1.5686743315517733,-0.02947268861469392,,-1.6633458611600356,
2002-10-01,2.767678785333321,-0.0998340788992001,-0.1,4.4932194,0.008193493,-0.0040569305,37.6475004196167,3.87,0.06353206010965,0.0282192223460961,-0.0568493831282683,7.248915686242086e-05,0.000848648696599,0.5098593235015869,4.386018753051758,2.7979151723327456,2.7551240799470524,2.705825506080099,-0.0998340788992001,-0.1986901103492342,-0.7225156874252465,1.4249689137171422,0.36464860635025453,0.469334960747441,-1.1580754840326835,,-1.4788065389904972,
2002-11-01,2.6723421359806343,-0.0998340788992001,0.0,4.494311,0.02069807,0.008193493,35.243043484895125,3.94,-0.0306223793684976,-0.0081170809051123,-0.0198599779874175,-3.624392159640166e-05,-0.0020848363369347,0.5941870808601379,4.156506538391113,2.767678785333321,2.7979151723327456,2.7551240799470524,-0.0998340788992001,-0.0998340788992001,-0.08323698168795772,0.2746300993870343,0.6392787057372888,-0.05697879267659816,-0.8110958704560292,,0.6183637180687541,
2002-12-01,2.783937719418004,7.327471962526006e-15,0.1,4.497813,0.001888752,0.02069807,28.174999713897705,4.05,-0.1238245710845773,0.0078977173718532,0.0496212043390755,2.4162760354773383e-05,0.0055865759173183,0.3623828887939453,3.697484016418457,2.6723421359806343,2.767678785333321,2.7979151723327456,-0.0998340788992001,-0.0998340788992001,-0.7701620467944018,-1.3262037708437329,-0.6869250651064441,0.6103310132075229,-0.9624745394433298,,-1.9583426141473985,
2003-01-01,2.892559942576717,0.1986901103492487,0.1,4.4944043,-0.024254322,0.001888752,28.21047628493536,4.03,0.1521547161418426,0.0394834615755899,-0.0111545456052652,0.0003261401344341,-0.0055766272909192,0.4834629893302917,4.328754901885986,2.783937719418004,2.6723421359806343,2.767678785333321,7.327471962526006e-15,-0.0998340788992001,-0.0880092209151113,1.3690778909857346,0.6821528258792905,0.9016218685292667,-0.6822906820640183,,-0.4833588492105823,
2003-02-01,2.972311999345892,0.4812118250596101,0.1,4.5055285,0.0058817863,-0.024254322,27.424285707019624,4.05,0.0958133382604971,0.0724467697553867,-0.0168476400357775,-0.0003865481300548,0.0084854057238992,0.8186229467391968,4.968297004699707,2.892559942576717,2.783937719418004,2.6723421359806343,0.1986901103492487,7.327471962526006e-15,0.11274257953436022,-0.481401025429819,0.20075180044947152,1.4031122670971155,-0.6693073589635524,-0.5056618453859014,0.22282725538977927,
2003-03-01,2.9038149177955064,0.4812118250596101,-0.3,4.505279,0.023600578,0.0058817863,32.218421032554225,3.9,0.0496504962551576,0.0058980737568825,-0.0362558607025764,8.45701721510217e-05,0.001187420927927,0.9446306228637696,5.824158191680908,2.972311999345892,2.892559942576717,2.783937719418004,0.4812118250596101,0.1986901103492487,0.3698951100262422,0.05640073004241046,0.25715253049188197,1.175612595195129,0.14895398731540455,-1.6541734878396346,1.80918734543407,
2003-04-01,2.735685191340512,0.568824898732254,0.1,4.5058036,0.0074043274,0.023600578,30.634285699753534,3.81,-0.0681394445464791,-0.0526768618495543,-0.0270243416157498,-1.2081015288600838e-05,-0.0026319713476281,0.8065186738967896,9.004739761352539,2.9038149177955064,2.972311999345892,2.892559942576717,0.4812118250596101,0.4812118250596101,-0.4856039917849674,-1.1126516323030915,-0.8554991018112096,-0.592281979802342,-0.9966875822528484,0.014321879690038354,-0.3677682847747174,
2003-05-01,2.733422682277514,0.3900353197707222,-0.3,4.5028596,-0.0154829025,0.0074043274,23.99190475827172,3.96,-0.1998232806096687,-0.036999719340323,-0.0399432367656817,-3.624392159640166e-05,-0.0059747153090858,0.8890054821968079,6.5873847007751465,2.735685191340512,2.9038149177955064,2.972311999345892,0.568824898732254,0.4812118250596101,-0.07422438878543151,1.2668787048107455,0.41137960299953585,-0.4501155712012917,0.306747590609506,-0.07930518576450885,,
2003-06-01,2.820051642587098,0.2956730475634296,0.1,4.50128,-0.0005412102,-0.0154829025,20.23952375139509,3.57,0.0310282308582081,0.0804776463812197,0.0592358216746831,-3.6245235266019193e-05,-0.0002727794308094,0.4654217362403869,4.000342845916748,2.733422682277514,2.735685191340512,2.9038149177955064,0.3900353197707222,0.568824898732254,-1.0355382942287228,-1.3726935084428271,-0.9613139054432913,-1.2141867577072463,-0.5948782375232169,,-1.297549887455705,
2003-07-01,2.818081338404455,0.4812118250596101,0.3,4.505892,-0.01163578,-0.0005412102,20.362380799793065,3.33,0.0671195714393588,0.001879121663566,0.061803138976586,9.66510414905919e-05,0.0012771147115513,0.4519841969013214,3.5495827198028564,2.820051642587098,2.733422682277514,2.735685191340512,0.2956730475634296,0.3900353197707222,-0.13268732543757075,1.8641648742344434,0.902850968791152,-0.504478924755673,-0.8343379154328394,-0.031196416953871837,0.8392639553921014,
2003-08-01,2.8403613373215038,0.4812118250596101,-0.2,4.513267,0.009175777,-0.01163578,19.16136360168457,3.98,0.0248519652715244,-0.0150758044922456,0.0250276300437075,-2.416188462817104e-05,0.0051251355505987,0.3865149319171905,3.4111475944519043,2.818081338404455,2.820051642587098,2.733422682277514,0.4812118250596101,0.2956730475634296,-1.3013425804209968,-2.071506223774578,-1.1686552549834262,-1.58172010403454,-0.5961696100753904,,-1.7261380271530598,
2003-09-01,2.7267823517221155,0.4812118250596101,0.0,4.511975,0.006611824,0.009175777,19.27428572518485,4.45,0.0528792281671286,0.0246161773625885,0.0405391814730506,-2.4162468438948537e-05,-0.0021841578199746,0.4040403962135315,3.3566434383392334,2.8403613373215038,2.818081338404455,2.820051642587098,0.4812118250596101,0.4812118250596101,0.030230417187953343,2.5002282525923762,1.33157299760895,-0.21646950636999737,-0.1347520184714167,-0.09384354996552528,0.5659867435587528,
2003-10-01,2.797492369295502,0.7326682560454165,0.3,4.5214176,0.008677483,0.006611824,19.53238096691313,4.27,-0.0974737550039321,0.0519316965560419,0.061726291723783,-1.2081453157453126e-05,0.006426751702139,0.2971462309360504,2.8184759616851807,2.7267823517221155,2.8403613373215038,2.818081338404455,0.4812118250596101,0.4812118250596101,-0.41825973743026257,-1.7800631522271662,-0.4484901546182159,-0.5174166481094857,-0.5323094046033192,-0.42531825374870436,-0.19799464325954108,
2003-11-01,2.821700584980429,0.7326682560454165,-0.3,4.530474,0.013726234,0.008677483,18.0234783006751,4.29,0.0880522276766115,-6.597481084114065e-05,0.0744773825440088,-6.0409455306498216e-05,0.0012308567584176,0.353194922208786,2.644917726516724,2.797492369295502,2.7267823517221155,2.8403613373215038,0.7326682560454165,0.4812118250596101,-0.7157685174540106,0.15098137459446787,-0.29750878002374803,-1.2050527517948715,-0.6300884773831259,-1.2733894988080077,0.2454566581699624,
2003-12-01,2.85252775462423,1.0784510589549017,0.5,4.5337734,0.0033521652,0.013726234,17.401052575362357,4.3,-0.0293140012288741,0.0285908422542728,0.0149848285247191,4.83278561858036e-05,0.0066825920491968,0.2858776450157165,2.870813369750977,2.821700584980429,2.797492369295502,2.7267823517221155,0.7326682560454165,0.7326682560454165,-0.3639304209370231,0.6493468765407355,0.3518380965169875,0.025081664956704722,-0.632424548011851,-0.28284228457874144,-0.5655365161142049,
2004-01-01,2.912082244267066,1.0784510589549017,-0.5,4.541109,0.017717361,0.0033521652,16.826363650235262,4.27,0.0360233379976486,0.0427817563972832,0.0244978183446615,-3.624567317661587e-05,0.0002959460294098,0.4650866389274597,3.160040855407715,2.85252775462423,2.821700584980429,2.797492369295502,1.0784510589549017,0.7326682560454165,-1.741164116672936,-1.7290717922529004,-1.3772336957359128,-1.6237197379937358,-0.5994915449143701,-2.8067023098752277,-1.9347428739084098,
2004-02-01,2.923558896253373,1.137982046293372,0.1,4.539492,-0.003042221,0.017717361,16.100999975204466,4.15,0.0482613041927559,0.0166560657153844,0.0715528407197201,1.2082037031291293e-05,0.0015206262190341,0.3638966679573059,2.693431854248047,2.912082244267066,2.85252775462423,2.821700584980429,1.0784510589549017,1.0784510589549017,-0.28323587165807806,2.835161940750771,1.4579282450148578,-1.4903656878635045,-0.26955529274576917,-0.15393545532972752,0.780912949306689,
2004-03-01,2.977937250195534,1.015973134179697,-0.3,4.552454,-0.0003414154,-0.003042221,15.998421167072497,4.08,-0.0135971230318281,-0.0217679782158821,0.0185516887333481,1.2081891057835747e-05,0.0060143061091606,0.3883016407489776,2.816727876663208,2.923558896253373,2.912082244267066,2.85252775462423,1.137982046293372,1.0784510589549017,0.1090811759988605,-1.0656111973579194,0.39231704765693853,-0.871313982403126,0.6797116439174028,0.11953490307708801,0.5083921394040771,
2004-04-01,2.9744290545509604,1.015973134179697,0.2,4.5522184,-0.0009903908,-0.0003414154,17.687391198199727,3.83,0.0861355624061674,0.004408881572596,-0.0428013534317042,1.2081745087488828e-05,-0.0040087558487682,0.3231433629989624,3.165661096572876,2.977937250195534,2.923558896253373,2.912082244267066,1.015973134179697,1.137982046293372,0.319216561822732,-0.18218166183306705,0.2101353858238715,0.5586723989858233,-0.5444848940622512,,0.9434621805446238,
2004-05-01,3.063520026687174,0.7326682560454167,-0.4,4.558726,-0.00043916702,-0.0009903908,15.6985715230306,4.35,-0.0012923339594577,-0.008413153521058,-0.0427476513705684,1.208159912069462e-05,0.0037074991758068,0.4470139443874359,3.5463106632232666,2.9744290545509604,2.977937250195534,2.923558896253373,1.015973134179697,1.015973134179697,0.5812192286580756,0.051867281011472116,0.2620026668353436,1.4894549765644927,0.6585445712129869,,-0.404341861803253,
2004-06-01,3.002064748540911,0.6526665660823618,0.3,4.562057,-0.005098343,-0.00043916702,17.704999876022338,4.72,0.1118870162219938,-0.049514649131221,-0.0665827051981811,-2.416334420818345e-05,0.0071977507067373,0.4165933132171631,2.880948305130005,3.063520026687174,2.9744290545509604,2.977937250195534,0.7326682560454167,1.015973134179697,0.04216042674848938,-0.8010614687449298,-0.5390588019095862,-0.03387723937633195,-0.2450911372395741,0.8298271889390643,-0.3822171053292006,
2004-07-01,3.0688765723372784,0.5688248987322541,0.0,4.561293,0.02157402,-0.005098343,15.35714290255592,4.73,-0.0655613853292491,0.0221460519057163,0.0404338060721425,-3.624611109831477e-05,-0.0078328388061885,0.4477344751358032,3.3609933853149414,3.002064748540911,3.063520026687174,2.9744290545509604,0.6526665660823618,0.7326682560454167,-0.09425936027030696,0.4026390148907899,-0.13641978701879634,-0.568605879733073,-0.15792561825411497,0.5986299202859743,-0.24913586338001412,
2004-08-01,3.1676937961274967,0.5688248987322541,0.1,4.568147,0.0073919296,0.02157402,15.502380916050502,4.5,0.0828135183001372,0.0144677043812162,0.0053280958421702,3.624611109831477e-05,0.0074438796836666,0.3076273500919342,3.175800085067749,3.0688765723372784,3.002064748540911,3.063520026687174,0.5688248987322541,0.6526665660823618,-0.6935380537917984,-0.4628589065026951,-0.5992786935214915,-1.7962788359226523,0.4092027283390554,,,
2004-09-01,3.18675314861396,0.5688248987322541,0.0,4.568674,-0.01411581,0.0073919296,16.684090744365346,4.28,0.1118363446973851,0.0060581126200709,0.0219334773069856,-3.624611109831477e-05,0.000670966719368,0.2644618153572082,3.450162649154663,3.1676937961274967,3.0688765723372784,3.002064748540911,0.5688248987322541,0.5688248987322541,0.06991151979218764,1.3627282671054775,0.7634495735839861,-0.5699353409947996,-0.5986114737347371,,1.3782813741060997,
2004-10-01,3.326686167436757,0.4812118250596102,-0.1,4.5727,0.008624554,-0.01411581,14.08095241728283,4.13,0.0105358778587283,0.0118271140419246,0.0493252299467705,0.0,0.0012701843581544,0.4247300624847412,3.508509635925293,3.18675314861396,3.1676937961274967,3.0688765723372784,0.5688248987322541,0.5688248987322541,-0.40435205420608533,-1.2377131475822591,-0.47426357399827296,-0.061637985261335584,-0.4591743270514034,-0.4741671574641203,-0.6224287470474822,
2004-11-01,3.2299772513248723,0.7326682560454167,0.4,4.5771914,0.008363724,0.008624554,14.973809560139976,4.1,0.1417794940621863,0.0367930143541874,0.0007663174986944,0.0,0.0084953127372333,0.3320357203483581,2.939661026000977,3.326686167436757,3.18675314861396,3.1676937961274967,0.4812118250596102,0.5688248987322541,-1.1190896605052714,-0.24047403230091308,-0.714737606299186,-1.4903656878635045,-0.8721287216973231,-1.2496435039463472,-0.8642207285139102,
2004-12-01,3.1180837716883105,0.6526665660823622,-0.4,4.5786633,-0.0041661263,0.008363724,13.577142897106352,4.19,-0.1437808008457306,0.0439943991831048,0.0444068717847159,-1.2082328989748705e-05,0.0024803554509942,0.3632433712482452,2.974993228912353,3.2299772513248723,3.326686167436757,3.18675314861396,0.7326682560454167,0.4812118250596102,0.22412630240815107,2.0579535692126085,1.3432159629134224,-1.262981968616475,0.5039813606506152,0.6301669872451026,1.0253388303533615,
2005-01-01,3.196497859180848,0.6526665660823622,0.1,4.582198,-0.004459858,-0.0041661263,12.459545438939877,4.23,-0.0848815190076486,0.0061353365735978,0.030155323356622,0.0,0.0079362410009355,0.4096408486366272,2.58486557006836,3.1180837716883105,3.2299772513248723,3.326686167436757,0.6526665660823622,0.7326682560454167,0.24762382005347405,-1.3197184452680994,0.023497517645322985,0.24027706418333125,0.08112675742848885,0.3888301415082266,0.28026131709384955,
2005-02-01,3.216169463270458,0.198690110349249,-0.5,4.5899363,0.0035600662,-0.004459858,13.43799991607666,4.22,0.1168074023663114,-0.041684391692585,-0.0351630170134651,0.0,0.0035900791158702,0.4525432884693146,2.455801486968994,3.196497859180848,3.1180837716883105,3.2299772513248723,0.6526665660823622,0.6526665660823622,0.13368432592867205,-0.13743701177012496,-0.113939494124802,0.8117947398112451,-0.43972602792278537,0.05553814219992056,0.107130449626308,
2005-03-01,3.3366703686003767,0.198690110349249,0.5,4.5905347,0.004199505,0.0035600662,11.708947482861973,4.17,0.0214713084901863,-0.0016049473576558,0.0195423348296497,0.0,0.007232846062771,0.6273525953292847,2.622012138366699,3.216169463270458,3.196497859180848,3.1180837716883105,0.198690110349249,0.6526665660823622,0.46270509354505657,0.4429602617411865,0.32902076761638455,2.4930906115327116,-0.1972609040976843,,-0.9077144267998577,
2005-04-01,3.309905961452748,0.198690110349249,0.0,4.5928926,0.004046917,0.004199505,13.126363667574797,4.5,0.1550998019606004,0.0244995921512121,-0.0101199309122606,0.0,-0.0013521797796176,0.5297520160675049,2.1218717098236084,3.3366703686003767,3.216169463270458,3.196497859180848,0.198690110349249,0.198690110349249,0.2746798556971732,-0.5170460054642679,-0.1880252378478834,0.4776492155419878,-0.7076053062368879,,1.0539956577864196,
2005-05-01,3.247993223438928,0.198690110349249,0.0,4.6001654,0.0042300224,0.004046917,14.45904758998326,4.34,-0.0232557400863466,-0.0106989572065669,-0.0081925016481125,0.0,0.0021501954438223,0.3649312853813171,1.9423761367797847,3.309905961452748,3.3366703686003767,3.216169463270458,0.198690110349249,0.198690110349249,0.497674058180869,0.4110194403315792,0.22299420248369584,-0.24744633434707655,0.42201740213542394,1.516425668939076,0.2996994959960526,
2005-06-01,3.368843418636852,0.198690110349249,0.0,4.596403,0.0011792183,0.0042300224,13.967618987673806,4.14,-0.0644484137595515,-0.0172955741581155,0.011920274796191,0.0,0.0008997205268519,0.4126794338226318,2.28169846534729,3.247993223438928,3.309905961452748,3.3366703686003767,0.198690110349249,0.198690110349249,0.2804674692509111,-0.4402007914136537,-0.21720658892995792,1.1295761072837465,0.4787489222295319,-0.22178115493447154,-0.26467399757516236,
2005-07-01,3.405123306308627,0.2956730475634297,0.1,4.6030793,-0.005308628,0.0011792183,11.868636348030783,4.0,0.1109698705695998,0.0206076287272765,0.0122538882970157,0.0,0.0044875291574637,0.388472318649292,1.9303158521652224,3.368843418636852,3.247993223438928,3.309905961452748,0.198690110349249,0.198690110349249,-0.2530376399386243,-0.31629852025957755,-0.5335051091895354,0.10498782620839635,-0.5388749862846292,-0.3540802691637229,-0.2241831305145417,
2005-08-01,3.50047107767823,0.4812118250596102,0.1,4.603971,-0.0017962456,-0.005308628,11.049000024795532,4.18,0.0566044703243031,-0.0144494150390341,0.0328557970400531,-0.0208649928928639,-0.0031714662882169,0.7235094904899597,3.4862778186798096,3.405123306308627,3.368843418636852,3.247993223438928,0.2956730475634297,0.198690110349249,-0.5754799103472641,0.21106283878089566,-0.32244227040863976,-0.22226417667814755,-1.316104039789725,-0.27457358993941317,-0.48897783498177044,
2005-09-01,3.495989166041145,0.5688248987322541,-0.1,4.6071672,-5.38826e-05,-0.0017962456,12.95130439426588,4.26,0.1064921844459592,0.0311965456896361,0.0449550750818374,-0.0007158108096874,0.0032537883465622,0.3948986828327179,2.485919713973999,3.50047107767823,3.405123306308627,3.368843418636852,0.4812118250596102,0.2956730475634297,-0.6907244770012844,0.2071977037546195,-0.11524456665402028,-0.790089740907073,-0.8439343965391637,-0.3125900144054369,-0.8162837561534636,
2005-10-01,3.444447365455972,0.5688248987322541,-0.1,4.608006,-0.0057382584,-5.38826e-05,12.628095263526554,4.2,-0.0169486660109186,0.0405389868798087,0.0042060534071239,-0.0009634507100328,-0.0195638287695461,0.4994596540927887,2.362940788269043,3.495989166041145,3.50047107767823,3.405123306308627,0.5688248987322541,0.4812118250596102,-0.6301612337968414,0.17580780985846323,0.06056324320444295,-0.4589764587660806,-0.7272890387861893,-0.22334682492535024,-1.1110326127097454,
2005-11-01,3.382000325640033,0.6526665660823618,0.1,4.613771,0.0008187294,-0.0057382584,14.937618982224237,4.46,-0.0719903542202349,0.0299175827424802,-0.0367111295774797,-0.0009272711077668,0.0120643294072104,0.2470554411411285,2.013789176940918,3.444447365455972,3.495989166041145,3.50047107767823,0.5688248987322541,0.5688248987322541,-0.5285611148703844,0.04103687572201409,0.10160011892645704,0.1622609909460661,-1.0404894115472512,-0.6573505463969297,-0.5786654924834228,
2005-12-01,3.4011973816621555,0.5688248987322541,-0.2,4.6243668,0.0077991486,0.0008187294,12.147619111197336,4.54,-0.0579656354026383,0.0143003861084833,0.0079460701110409,-0.0005072719395626,0.0111775166214949,0.3903748095035553,1.7658361196517944,3.382000325640033,3.444447365455972,3.495989166041145,0.6526665660823618,0.5688248987322541,0.25752824660969287,0.6844892425536202,0.7860893614800772,-0.9697766464295159,0.038941796897757584,-0.05895147588308537,2.019899311853615,
2006-01-01,3.4925617615131275,0.6526665660823618,0.2,4.6309676,0.0026741028,0.0077991486,11.260000001816522,4.47,0.0287964880603714,0.0677848677283554,0.020379084775552,-0.0012631111359495,0.0051516935642315,0.2132396697998047,2.129260778427124,3.4011973816621555,3.382000325640033,3.444447365455972,0.5688248987322541,0.6526665660823618,-0.7794114750789318,-1.823029083168702,-1.0369397216886247,-0.23645981578387057,-0.8504928892922474,-0.905084272382253,-1.1256089228573563,
2006-02-01,3.431006093434505,0.6526665660823618,-0.1,4.6297126,-0.00718832,0.0026741028,12.03600001335144,4.42,0.1023836527013299,0.0750700712104803,0.030144449474001,-0.0011654579460658,0.0015766002009156,0.6309633851051331,2.19144344329834,3.4925617615131275,3.4011973816621555,3.382000325640033,0.6526665660823618,0.5688248987322541,0.04368770534191742,1.8600389021094739,0.8230991804208493,-0.21414368672658876,0.024203169295279655,0.0937013482275892,0.27098999057138956,
2006-03-01,3.4499001092727166,0.6526665660823618,0.0,4.6383758,-4.863739e-05,-0.00718832,12.47105262154027,4.57,-0.045061931510304,0.0092881297745419,0.0035489663449936,-0.002397174222589,0.0004215001803382,0.471232533454895,2.225618600845337,3.431006093434505,3.4925617615131275,3.4011973816621555,0.6526665660823618,0.6526665660823618,0.3215843301442883,-0.5452025556184784,0.2778966248023709,0.20314401710977537,0.0565523319274368,,0.7050566413956526,
2006-04-01,3.5474157656362264,0.9503469298211392,0.4,4.6415167,-0.0018153191,-4.863739e-05,11.693913003672725,4.72,0.0303402688461824,0.0037730871818757,0.009438712984096,-0.003088767074391,0.002252114659746,0.5279770493507385,2.1922523975372314,3.4499001092727166,3.431006093434505,3.4925617615131275,0.6526665660823618,0.6526665660823618,-0.7936718989396755,-1.3931528538863347,-1.1152562290839638,-0.9365619810255243,-0.9870982236435015,-0.4586243244637607,-0.7924030666259153,
2006-05-01,3.562208302687821,0.9503469298211392,-0.4,4.6456046,0.000831604,-0.0018153191,11.847368441129984,4.99,0.1240239265151421,0.091796684524148,0.049776175840579,-2.4948232418608995e-05,0.0030320784432706,0.538999080657959,2.043182611465454,3.5474157656362264,3.4499001092727166,3.431006093434505,0.9503469298211392,0.6526665660823618,0.665187341305068,2.5741154693287074,1.4588592402447436,-0.08075139934297,-0.20964534705019341,1.559168459690065,1.39197765192337,
2006-06-01,3.5600094160699065,0.8813735870195485,-0.1,4.6523504,-0.0062232018,0.000831604,14.45454541119662,5.11,-0.0068988273678742,0.1007658672662845,-0.0035592141686855,0.0006235191622381,0.0002541145564114,0.5686069130897522,2.002094984054565,3.562208302687821,3.5474157656362264,3.4499001092727166,0.9503469298211392,0.9503469298211392,-0.3866098604105703,-2.5106564419603816,-1.0517972017156383,-0.28333245584088224,0.04148647610297726,0.30741530198253353,-1.6120087638869098,
2006-07-01,3.602047280565492,1.0784510589549017,0.4,4.655618,-4.1484833e-05,-0.0062232018,16.91863627867265,5.11,-0.0176542159962984,-0.1248108176030688,-0.0464584300310466,-0.0033966490779153,0.0031614092164247,0.5409652590751648,2.342168092727661,3.5600094160699065,3.562208302687821,3.5474157656362264,0.8813735870195485,0.9503469298211392,0.15400413257698603,1.5924111947031947,0.5406139929875564,0.7507945940669312,-0.6332595565576152,1.52863789486793,-1.030156402069302,
2006-08-01,3.5791752033961752,1.1947632172871134,-0.1,4.6588645,0.014077663,-4.1484833e-05,15.325999879837036,5.09,0.0720042300138157,0.0611075104765781,0.0454701280379694,-0.0031697733154669,-0.0005127465055316,0.7432346343994141,2.9761147499084477,3.602047280565492,3.5600094160699065,3.562208302687821,1.0784510589549017,0.8813735870195485,-0.7066950000210269,-1.4013131255855693,-0.8606991325980129,-0.2904576563812142,-0.14046926663543688,,-1.6891580770464296,
2006-09-01,3.449799681844561,1.1947632172871134,-0.2,4.662782,-0.0038003922,0.014077663,13.35173913706904,4.88,-0.0060427232121327,-0.0017641911765347,0.0406029944374601,-0.0019092125275852,0.0043791388783338,0.4711653292179107,3.033530235290528,3.5791752033961752,3.602047280565492,3.5600094160699065,1.1947632172871134,1.0784510589549017,-0.3623313064451464,1.2050628261738936,0.34436369357588054,-0.5475055830322112,-0.6771332572596306,2.4174165596900794,-2.642102945178823,
2006-10-01,3.3728991350899205,1.3008204268406507,0.2,4.6665936,-0.004965782,-0.0038003922,12.184499979019163,4.72,-0.1671451513420434,-0.0559255029881118,0.0125337430988192,-0.0062808414424591,-0.0016629623569395,0.4917286336421966,2.479890823364258,3.449799681844561,3.5791752033961752,3.602047280565492,1.1947632172871134,1.1947632172871134,-0.44519576261745275,-0.4272281497481869,-0.08286445617230637,0.40097331021450056,-0.8615466994951635,-0.7624818826540205,-0.5577277785351276,
2006-11-01,3.3806915368694708,1.3979983651114376,0.0,4.6691585,0.0045466423,-0.004965782,11.306363625959916,4.73,-0.0693356393248478,-0.0209574499123803,0.0356526439679374,-0.0032314300256035,-0.0011474759561265,1.0864711999893188,2.592647790908813,3.3728991350899205,3.449799681844561,3.5791752033961752,1.3008204268406507,1.1947632172871134,-1.0494912379724224,-0.5214310191826632,-0.6042954753549696,-0.5034114410351946,-1.0609497570359077,0.2622831626802471,-2.8958869164988346,
2006-12-01,3.4190898563867784,1.4436354751788136,-0.1,4.6810064,-0.005899906,0.0045466423,10.817619051252093,4.6,0.0163542383097148,0.069320358344604,0.0524076814357794,-0.0056642951763237,-0.0004204326283367,0.4281159937381744,1.9614392518997192,3.3806915368694708,3.3728991350899205,3.449799681844561,1.3979983651114376,1.3008204268406507,-0.4148799102009749,1.238906803126417,0.6346113277714475,0.27546321460303486,-0.47430020827048175,-1.0003105578989118,-0.460372089237541,
2007-01-01,3.2892980925436603,1.3979983651114376,-0.2,4.687407,-0.0010704994,-0.005899906,10.964500045776369,4.56,0.0612355834063302,0.0031233675037052,0.0084813116928241,-0.0038239986233041,0.0101417470966893,0.4128470122814178,2.060984373092652,3.4190898563867784,3.3806915368694708,3.3728991350899205,1.4436354751788136,1.3979983651114376,-0.1620080396380675,-0.3817394572085401,0.2528718705629074,-0.1413756166426317,0.050780369419187676,-1.053888705969129,0.496451794640303,
2007-02-01,3.3678775043573994,1.3979983651114376,0.1,4.6932206,-0.0047488213,-0.0010704994,11.042500066757205,4.76,-0.1516530362835002,0.002180884114189,0.0551397653476932,-0.004198908291098,-0.0033888659943164,0.3582458198070526,2.368746042251587,3.2892980925436603,3.4190898563867784,3.3806915368694708,1.3979983651114376,1.4436354751788136,-0.3865002972070614,-0.4773641281319013,-0.2244922575689939,-0.3215652473953078,-0.7844292065111664,,-0.05350643771471002,
2007-03-01,3.384390923847974,1.350440740274976,-0.1,4.6953373,0.0042743683,-0.0047488213,11.155263097662674,4.72,0.0696876240887505,0.0518346060420373,0.0143310639286458,-0.003919450106661,0.0093784693076743,0.5049505233764648,2.303630352020264,3.3678775043573994,3.2892980925436603,3.4190898563867784,1.3979983651114376,1.3979983651114376,-0.32715870321712676,0.2838338515589286,0.05934159398993466,1.91345249047886,-0.4832183236824011,-0.7794728056854694,-1.9593961739794965,
2007-04-01,3.4361743686988286,1.350440740274976,0.1,4.7018595,-8.106232e-05,0.0042743683,15.162727269259364,4.56,0.0751931079648517,-0.0149285910287053,-0.0577755440620038,-0.0023020922984846,0.0017786154493029,0.410570740699768,1.9545481204986568,3.384390923847974,3.3678775043573994,3.2892980925436603,1.350440740274976,1.3979983651114376,1.3818446860787723,1.6496617953059642,1.7090033892958991,3.0,0.4663873625142472,1.807774487527449,0.25321689427339317,
2007-05-01,3.4240454547349075,1.350440740274976,0.0,4.7032137,0.0028185844,-8.106232e-05,12.93299994468689,4.69,0.0839692123044724,0.0366880367930697,0.0553629221332805,-0.0018403084469662,0.0067003199017525,0.3333119750022888,1.7691173553466797,3.4361743686988286,3.384390923847974,3.3678775043573994,1.350440740274976,1.350440740274976,0.5958001163728561,-2.495047959001815,-0.7860445697059162,2.491985936134073,-0.1453704298938859,,-0.5592151571216186,
2007-06-01,3.483152854078167,1.24898332790488,-0.2,4.712343,-0.007405281,0.0028185844,13.297727324745871,4.75,-0.0040611886744903,-0.0179082486737351,0.0132877464296505,-0.0074737011807637,0.0009559214748104,0.3244646191596985,1.9922128915786743,3.4240454547349075,3.4361743686988286,3.384390923847974,1.350440740274976,1.350440740274976,0.6831158964315674,0.8733603497646275,0.08731578005871132,0.44355569868170125,0.46727073258285523,,1.1385212580301456,
2007-07-01,3.576037155995164,1.0784510589549017,-0.1,4.7138333,-0.0053696632,-0.007405281,14.947618938627697,5.1,0.055467672304994,-0.0176123436597182,0.0247419000042672,-0.0051888268624584,0.0005768477837078,0.3835668563842773,2.1809420585632324,3.483152854078167,3.4240454547349075,3.4361743686988286,1.24898332790488,1.350440740274976,-0.004402073477346891,-0.7748337499676257,-0.6875179699089143,-0.7636034067455381,-0.5912135419358947,0.03541572447624072,1.3017929302958045,
2007-08-01,3.5513025190386496,1.137982046293372,0.4,4.7183022,0.008120537,-0.0053696632,17.273333277021134,5.0,0.0795723844414197,0.0147159441230639,0.0746901205370615,-0.0052687160868267,-0.0012002567099926,0.375489592552185,2.392127752304077,3.576037155995164,3.483152854078167,3.4240454547349075,1.0784510589549017,1.24898332790488,0.4517505586492481,1.1436706020355094,0.456152632126595,-0.42949908024192296,-0.6734298188827549,1.9560658023778186,0.9538653313438517,
2007-09-01,3.6461570021260896,1.137982046293372,-0.1,4.7225947,-0.008511066,0.008120537,25.026086724322774,4.67,-0.0835897593172685,4.6588833266802965e-05,-0.0246701008215133,-0.0034131080480483,0.0019240393848489,0.2856508195400238,1.9360777139663696,3.5513025190386496,3.576037155995164,3.483152854078167,1.137982046293372,1.0784510589549017,-0.37392165488018386,-1.281824845656027,-0.825672213529432,-0.31667804491551005,0.18508001567376828,,-0.99016693539881,
2007-10-01,3.7185974337567096,1.015973134179697,-0.2,4.7232323,0.008975983,-0.008511066,22.19894740456029,4.52,0.0867455427529737,0.0685897310748426,0.1161192369427581,-0.0071015658518875,0.0022201267844179,0.5693193078041077,2.180305242538452,3.6461570021260896,3.5513025190386496,3.576037155995164,1.137982046293372,1.137982046293372,-0.40371647341350997,0.7958773949961059,-0.029794818533326106,-0.36523935893689247,-0.03618787094529104,-1.4633574577012913,0.249918793929435,
2007-11-01,3.803967962207191,1.015973134179697,0.2,4.7297955,0.009875298,0.008975983,19.115652084350582,4.53,0.064805315435211,0.0571984824055329,0.1483763302601382,-0.0032885531942903,-0.0028240612145147,0.5663777589797974,2.3484654426574707,3.7185974337567096,3.6461570021260896,3.5513025190386496,1.015973134179697,1.137982046293372,-0.07734433293492875,0.35616695901190737,0.3263721404785812,-0.2902849473930709,-0.3810308653969491,0.11201968712087003,0.249918793929435,
2007-12-01,3.770054748122804,1.137982046293372,0.2,4.7339406,-0.0036087036,0.009875298,25.582380930582683,4.15,0.1154245576528669,0.0661982791489625,-0.027589583850581,-0.0112030902695068,0.0053207117967142,0.4553761482238769,1.9533239603042605,3.803967962207191,3.7185974337567096,3.6461570021260896,1.015973134179697,1.015973134179697,-0.5849785149831571,-0.8340063225268095,-0.5076341820482284,0.3758525103962878,-0.5123940803552265,,-1.6183939749905325,
2008-01-01,3.77982520740152,1.137982046293372,-0.2,4.736068,0.008248806,-0.0036087036,21.651000022888184,4.1,-0.016226323714334,-0.0037839034965001,-0.0083378557319591,-0.0123165675886922,0.0003487607063128,0.4925629496574402,2.1452412605285645,3.770054748122804,3.803967962207191,3.7185974337567096,1.137982046293372,1.015973134179697,-0.0033045708111564542,1.0893081262202289,0.5816739441720007,-0.4223027249214715,-0.651097161452383,2.032392214433156,-0.9722106113039272,
2008-02-01,3.8029029166430406,1.0784510589549017,-0.1,4.750815,0.0025310516,0.008248806,25.81619071960449,3.74,0.0136672732934268,0.1021588189866751,-0.0992782842142627,-0.0155843003747742,-0.0013243734009682,0.3518824279308319,1.8372621536254885,3.77982520740152,3.770054748122804,3.803967962207191,1.137982046293372,1.137982046293372,-0.2714014553229717,-0.8497708286838159,-0.26809688451181524,0.5214205945991057,-0.8715785684518746,-0.07930518576450844,-0.6561426616746094,
2008-03-01,3.90105645433899,0.8813735870195482,-0.2,4.7453694,0.0011949539,0.0025310516,25.456000137329102,3.74,0.0300122526657542,0.0361020787705825,-0.0631221310920118,-0.009836855991731,-0.0039296708981346,0.2860684692859649,1.7704459428787231,3.8029029166430406,3.77982520740152,3.770054748122804,1.0784510589549017,1.137982046293372,0.2096907708546397,0.7491891106894267,0.4810922261776114,1.7201611302188982,0.12049058750155121,,-1.2115794051565303,
2008-04-01,3.963040486105072,0.6526665660823617,0.0,4.7422295,0.0030255318,0.0011949539,27.10350008010864,3.51,0.0871451589826417,0.0488119521589736,-0.0587025207155011,-0.0140902249691576,-0.0030504888010822,0.343717098236084,1.6349786520004272,3.90105645433899,3.8029029166430406,3.77982520740152,0.8813735870195482,1.0784510589549017,-0.008681449887140405,-0.6994644469193916,-0.2183722207417801,0.7420590471405601,-0.20326925390917466,,-0.5648341428928066,
2008-05-01,4.064994063872682,0.8088669356527879,0.5,4.7465177,-0.0076613426,0.0030255318,21.562727321277965,3.68,0.0511224450366754,-0.0625599627761035,0.0890284058994819,-0.0035716874886744,-0.0064729557901257,0.2945275008678436,1.6309856176376345,3.963040486105072,3.90105645433899,3.8029029166430406,0.6526665660823617,0.8813735870195482,0.008514784690196259,0.23556845531911677,0.017196234577336662,0.6781816104941545,-0.7060959677717042,0.4051131094133653,-0.3431396133750305,
2008-06-01,4.1204587402721,0.8813735870195482,-0.1,4.737676,0.004280567,-0.0076613426,18.303333009992325,3.88,0.1185313685479352,-0.0234022850998538,0.0269138703542033,-0.0067495050516004,-0.0060762051840335,0.3968859612941742,1.6150206327438354,4.064994063872682,3.963040486105072,3.90105645433899,0.8088669356527879,0.6526665660823617,0.07860146985040435,0.05289045058287143,0.07008668516020809,0.549494890704914,-1.0187471225493536,,0.7050566413956527,
2008-07-01,4.109677338090002,0.8813735870195482,-0.1,4.740306,9.918213e-05,0.004280567,22.11047617594401,4.1,0.0747074762032378,0.0009279302592384,-0.0854803341949637,-0.011725536723057,-0.0023354873224965,0.3718684613704681,1.856080412864685,4.1204587402721,4.064994063872682,3.963040486105072,0.8813735870195482,0.8088669356527879,-0.15509103965994359,-0.30377919467055603,-0.23369250951034792,-0.523565421202971,0.3825698526800628,-0.13222483145620922,-0.3471437586606569,
2008-08-01,3.976350017620101,0.9503469298211392,0.1,4.7336216,0.009791374,9.918213e-05,24.32136362249201,4.01,0.0029867213976002,0.0549912763620143,-0.048832435527407,-0.0029639601488389,-0.0035802040650576,0.4524587988853454,2.0377159118652344,4.109677338090002,4.1204587402721,4.064994063872682,0.8813735870195482,0.8813735870195482,0.5256259541704085,0.9144095033407,0.6807169938303521,0.1321824103361835,0.2882937787087234,,1.1564016734663185,
2008-09-01,3.860089155893368,0.8813735870195482,-0.2,4.7245812,-0.014628887,0.009791374,20.695714133126398,3.89,-0.158689050590973,-0.1133967892506735,-0.032025476693219,-0.0019906329758443,-0.0158244158056106,0.3737195134162903,1.955353856086731,3.976350017620101,4.109677338090002,4.1204587402721,0.9503469298211392,0.8813735870195482,-0.014237496888549285,-1.2205804448893098,-0.5398634510589577,1.1999986946905274,-0.8715056643990873,-0.4741671574641203,0.088724139618483,
2008-10-01,3.5645454795055684,0.6526665660823617,-0.2,4.714395,-0.013556004,-0.014628887,30.23857134864444,3.69,-0.1524106155205107,-0.010896733677562,-0.0988775204053364,-0.0051854307493199,-0.0450476005695623,0.3840395808219909,2.0341079235076904,3.860089155893368,3.976350017620101,4.109677338090002,0.8813735870195482,0.9503469298211392,-0.6004690492591471,-0.04636810131164004,-0.5862315523705979,0.6967595012956996,0.5902891479597202,-1.2649087863574144,-2.4240160599345937,
2008-11-01,3.293900893020532,0.7326682560454165,0.4,4.698828,0.013561726,-0.013556004,61.1773912181025,3.81,-0.3062822050220051,-0.0284910921540362,-0.2549786743779201,0.0071760637251643,0.0098923206082464,0.349890649318695,1.380818486213684,3.5645454795055684,3.860089155893368,3.976350017620101,0.6526665660823617,0.8813735870195482,-0.20125318306279005,0.985447418566955,0.39921586619635707,0.7012810752119706,-1.0537067049354254,-1.707601976278371,1.2550148737506657,
2008-12-01,2.9654873259788794,0.8813735870195482,0.1,4.671416,-0.0022554398,0.013561726,62.63947336297287,3.53,-0.3109355685932109,-0.058399362195705,-0.1006579944179755,-0.0019613302345706,-0.0132886530605933,0.3007163107395172,1.7603729963302612,3.293900893020532,3.5645454795055684,3.860089155893368,0.7326682560454165,0.6526665660823617,-0.6640649934991646,-0.8620276766327316,-0.46281181043637454,0.14397588576867706,-1.0906973250994478,,-1.045473541166723,
2009-01-01,2.9803599006514325,0.9503469298211392,-0.1,4.6387634,-0.0104289055,-0.0022554398,52.40500016645952,2.42,-0.2723614826512213,0.0700737783330947,0.0711868492903402,-0.0004249738118899,-0.0286041968539079,0.2908385992050171,1.924009084701538,2.9654873259788794,3.293900893020532,3.5645454795055684,0.8813735870195482,0.7326682560454165,0.0776453296771877,1.204522133612727,0.7417103231763523,0.11202416062160579,0.0909763274225275,,0.02993550098742979,
2009-02-01,2.912919774433242,0.8813735870195482,-0.2,4.610062,-0.013075829,-0.0104289055,44.68300018310547,2.52,0.0838201414008819,0.0508808783930785,-0.0550250707666393,0.0024447921295305,-0.0252591803201429,0.2487992048263549,1.765783190727234,2.9803599006514325,2.9654873259788794,3.293900893020532,0.9503469298211392,0.8813735870195482,-0.4586926924366139,-1.2780483452901539,-0.5363380221138017,-0.42760798711100084,-0.8789736651193455,-0.3087470062460074,-0.21944211127010185,
2009-03-01,3.117035984723754,0.5688248987322538,-0.3,4.618485,0.006734371,-0.013075829,45.57052592227333,2.87,-0.0026454038898808,0.0936583105334838,-0.0465429175784848,4.386381747512047e-05,-0.0061041746494812,0.312123954296112,1.58318293094635,2.912919774433242,2.9803599006514325,2.9654873259788794,0.8813735870195482,0.9503469298211392,-0.0010970988589864145,0.9939336156914291,0.4575955935776275,0.20685709419554707,-0.033023280605797345,0.2952030760536797,-0.47342528507937504,
2009-04-01,3.1530593122141,0.4812118250596101,0.3,4.613539,-0.001844883,0.006734371,44.7954548922452,2.82,0.0715981630553508,-0.0200588000844179,-0.028636724632074,-0.0009654487160484,-0.0157796956259579,0.2463396042585373,1.637637972831726,3.117035984723754,2.912919774433242,2.9803599006514325,0.5688248987322538,0.8813735870195482,-0.2976385689792905,-0.7541370636979315,-0.2965414701203041,-0.22892189875170227,-0.5004957240004564,,-0.1634980841857127,
2009-05-01,3.32402037706996,0.3900353197707221,0.0,4.615401,0.0031199455,-0.001844883,38.063809349423366,2.93,0.0753325742090544,-0.0375613259672853,0.1605472720101648,-0.0021830071156023,-0.0083251150630712,0.5855985879898071,1.995373010635376,3.1530593122141,3.117035984723754,2.912919774433242,0.4812118250596101,0.5688248987322538,-0.1928650920232914,0.40131494707630316,0.10477347695599906,-0.44671843995956784,-0.523988121585082,1.601911250441054,-1.4026650569895698,
2009-06-01,3.479422711916167,0.7326682560454165,0.5,4.621071,-0.0057587624,0.0031199455,31.97799997329712,3.29,0.1326897539813352,0.0422803778772999,0.1262074583055952,0.0014363396334171,-0.0101509109300241,0.3955696225166321,2.078538656234741,3.32402037706996,3.1530593122141,3.117035984723754,0.3900353197707221,0.4812118250596101,0.2987699263673074,0.3868615414345998,0.49163501839059887,0.19514031145834734,-0.3303991078039297,,1.0315685754475046,
2009-07-01,3.396095734743211,1.0159731341796967,-1.110223e-16,4.630795,0.0022244453,-0.0057587624,29.140454725785688,3.72,0.180087418833188,0.018167136525669,0.0734126039957541,0.0003514423817108,-0.003775936043751,0.409851461648941,1.759729266166687,3.479422711916167,3.32402037706996,3.1530593122141,0.7326682560454165,0.3900353197707221,-0.9839050070525603,-1.7743099518104666,-1.2826749334198677,-0.7073719650772383,-1.0047198037568017,,-1.2396232523236412,
2009-08-01,3.4959891200290767,1.0159731341796967,-0.4,4.6396046,0.012168884,0.0022244453,26.16272735595703,3.56,-0.0627676535787395,-0.0121731511971718,0.0301399821456005,0.0002488636459656,0.0112269628491237,0.3897294700145721,1.9257221221923828,3.396095734743211,3.479422711916167,3.32402037706996,1.0159731341796967,0.7326682560454165,-0.4382218827917317,1.8283580576806964,0.5456831242608287,-0.05332762871394695,-1.0420648218420456,0.124231913049724,-0.7817269936606581,
2009-09-01,3.471286551285288,1.0159731341796967,0.0,4.64781,-0.007115841,0.012168884,25.33714285350981,3.59,0.1180407634325684,0.016083353562486,0.0798701782915873,-0.0002927871897242,0.0109072811177481,0.380121648311615,1.6925415992736816,3.4959891200290767,3.396095734743211,3.479422711916167,1.0159731341796967,1.0159731341796967,-0.4717229074969438,-0.5791841489660408,-0.0335010247052121,-0.3586132710715623,-0.6839831893087612,-0.9816529905076071,0.13735782090015547,
2009-10-01,3.555900179058963,1.0159731341796967,0.0,4.6590447,0.0061888695,-0.007115841,24.926666713896253,3.4,-0.0694137406936326,0.0485365817520948,0.0215004955031332,-0.0005418823954919,0.008775750967465,0.6145908236503601,2.2041807174682617,3.471286551285288,3.4959891200290767,3.396095734743211,1.0159731341796967,1.0159731341796967,-0.06680801741110853,0.43841591479104736,0.40491489008583526,-1.034240080718837,-0.6063482634209406,-0.7139708666125256,2.087327141107869,
2009-11-01,3.581929014530681,1.24898332790488,0.4,4.663889,0.0058312416,0.0061888695,24.252272865988992,3.39,0.0730064952294373,0.0456684331506673,0.0349692135225314,2.929844864918429e-05,0.0026918316470805,0.4267121851444244,2.1051135063171387,3.555900179058963,3.471286551285288,3.4959891200290767,1.0159731341796967,1.0159731341796967,-0.06394912412662082,-0.4020559968013475,0.0028588932844877124,0.2119804235659233,-0.9250192567244453,-0.16072002529020193,0.6179623619422406,
2009-12-01,3.531785982994759,1.3008204268406505,-0.3,4.6731606,0.0013332367,0.0058312416,23.783499908447265,3.4,0.0521086128280359,0.0773375684888701,0.0252693527814393,1.4648902431302346e-05,0.0043287252217618,0.3735752701759338,1.7382686138153076,3.581929014530681,3.555900179058963,3.471286551285288,1.24898332790488,1.0159731341796967,0.038482150974992135,0.09957238181712524,0.10243127510161296,0.7094988493338499,-0.470346527776503,-0.6196036662531994,0.534379948595821,
2010-01-01,3.582551878722567,0.9503469298211392,-0.7,4.6790433,-0.004078865,0.0013332367,21.23954547535289,3.59,-0.0291929180562862,0.0067982717966081,-0.0214503540178903,-8.789663361552513e-05,0.0040498600148737,0.3660793304443359,2.2085444927215576,3.531785982994759,3.581929014530681,3.555900179058963,1.3008204268406505,1.24898332790488,0.7829141664382587,0.6420007403616537,0.7444320154632666,0.08475259396020678,0.9086985385090471,0.8386471298876811,1.2995584033960998,
2010-02-01,3.560223181290698,0.8088669356527879,0.4,4.697462,0.0021886826,-0.004078865,20.643157758210837,3.73,0.0227199042482562,-0.0148811701830435,-0.0157151474268779,0.0001318420534113,0.0108406384790482,0.3660024404525757,2.0555288791656494,3.582551878722567,3.531785982994759,3.581929014530681,0.9503469298211392,1.3008204268406505,0.20881412371126828,-1.3185320581902569,-0.5741000427269904,0.009146438074886505,0.552727468952025,0.6345284965054075,-0.361145908687246,
2010-03-01,3.621055162738231,0.7326682560454165,0.1,4.6961536,0.0067629814,0.0021886826,22.540000012046413,3.69,-0.0322235942755861,-0.0203768182651904,-0.0559380334561332,-0.0001464922434977,0.0037459440910962,0.5097396969795227,1.8095757961273196,3.560223181290698,3.582551878722567,3.531785982994759,0.8088669356527879,0.9503469298211392,-0.3747242472155099,-0.009438328199787738,-0.5835383709267782,-0.15851760160958375,0.26128719457709826,-1.4145085539858755,-0.18715802784367871,
2010-04-01,3.659932231906123,0.8813735870195482,0.3,4.710696,0.004703045,0.0067629814,17.767391287762187,3.73,0.0665510010945773,0.0162303506203427,0.0409044858750835,0.0,0.0068333611273256,0.3767309188842773,1.6630464792251587,3.621055162738231,3.560223181290698,3.582551878722567,0.7326682560454165,0.8088669356527879,-0.3062576006994186,0.6520050174428695,0.0684666465160913,0.21095041440290324,-0.5346333877076835,-0.28284228457874144,-0.6185051449141526,
2010-05-01,3.525837909307344,1.0159731341796967,-1.110223e-16,4.7152348,-0.0007863045,0.004703045,17.42428566160656,3.85,0.0732427511560462,0.0312586097946061,0.0246438519730709,-0.000161166257995,0.0033865562000299,0.5623576045036316,1.9718109369277956,3.659932231906123,3.621055162738231,3.560223181290698,0.8813735870195482,0.7326682560454165,-0.4444207373156822,-0.20662978313235492,-0.13816313661626362,-0.15020357385987937,-0.6761183530816691,-0.1033595701698272,-0.8480014521513531,
2010-06-01,3.5465001270629792,0.9503469298211392,-0.3,4.7236705,0.0018920898,-0.0007863045,31.929500007629397,3.42,-0.1104873152240424,0.048219246550671,-0.0804158607937584,0.0008494932844325,0.0134185316829222,0.6482871770858765,2.033574342727661,3.525837909307344,3.659932231906123,3.621055162738231,1.0159731341796967,0.8813735870195482,0.7303822141445327,1.3129660880764784,1.174802951460215,0.8503991509203227,0.6298557495090815,,0.7108917420041939,
2010-07-01,3.558078642229409,0.8813735870195482,0.0,4.7217197,0.000934124,0.0018920898,29.91636371612549,3.2,-0.0157208351422584,0.0225456716030771,0.0079209987852593,-0.0071995609247723,0.0018475022092525,0.3715170323848724,2.119023084640503,3.5465001270629792,3.525837909307344,3.659932231906123,0.9503469298211392,1.0159731341796967,0.48781008248691904,-1.4173750831178287,-0.2425721316576137,0.5874644408696786,1.070265881022865,0.6737820798481525,-0.3802720717930202,
2010-08-01,3.5624934195196363,0.8813735870195482,0.1,4.726373,0.0025687218,0.000934124,25.56523786272321,3.01,0.010896555283395,-0.0329426965478347,0.0161489954122142,-0.0011803763819784,0.0037898457435989,0.2180488109588623,1.6248153448104858,3.558078642229409,3.5465001270629792,3.525837909307344,0.8813735870195482,0.9503469298211392,1.1317396001999918,0.8865016493706864,0.6439295177130727,0.07099408977067284,0.999094064762232,,2.32513064606707,
2010-09-01,3.5410273784044803,0.9503469298211392,0.1,4.730117,-0.0017819405,0.0025687218,24.745908997275613,2.7,0.0191271694283985,0.0189678782069027,0.0326164764673304,0.0049188635597376,0.0036579355962977,0.3266624212265014,1.7309353351593018,3.5624934195196363,3.558078642229409,3.5465001270629792,0.8813735870195482,0.8813735870195482,0.8711283335071073,-0.9045407844059571,-0.2606112666928845,0.5101878230819771,-0.225184453252484,,2.328381630691829,
2010-10-01,3.621437642448449,0.9503469298211392,-0.1,4.732421,0.0044355392,-0.0017819405,22.51761899675642,2.65,0.0103426880642318,0.0443753747204995,0.0256797426723949,-0.0172481938354851,0.0029434252658697,0.3376002311706543,1.5473343133926392,3.5410273784044803,3.5624934195196363,3.558078642229409,0.9503469298211392,0.8813735870195482,0.30793092273971767,-0.30258614407450524,-0.5631974107673896,0.25271405460940727,-0.5832297492019657,0.37566009393789396,1.1865792916135351,
2010-11-01,3.645890092892566,1.0159731341796967,0.1,4.7372,-0.0020213127,0.0044355392,20.3733332497733,2.54,0.0601318603427856,0.0543930260889942,0.0731353649255464,-0.0029638078157436,-0.0028376912450953,0.2827645242214203,1.4335503578186035,3.621437642448449,3.5410273784044803,3.5624934195196363,0.9503469298211392,0.9503469298211392,-0.024079447164417924,0.23118704086325403,-0.33201036990413557,1.0942816619008076,0.5507039382527348,-1.8195473806261986,0.07824399181498455,
2010-12-01,3.698485190258631,1.0159731341796967,-0.1,4.7429457,0.006228924,-0.0020213127,20.095714387439543,2.76,0.0310851204568276,0.0205486025537515,0.0213929624288837,-0.0005548183112398,0.0008691845526112,0.681317925453186,2.0334718227386475,3.645890092892566,3.621437642448449,3.5410273784044803,1.0159731341796967,0.9503469298211392,0.0043394178548373935,0.3604292349233909,0.028418865019255318,0.3936708430404546,-0.46177091122854574,0.2768847371603986,-0.19142699755295783,
2011-01-01,3.699506059216371,1.4436354751788134,0.8,4.7546234,-0.0008330345,0.006228924,17.569545529105447,3.29,0.0698790450362389,0.0149739850522658,-0.0323316597541527,-0.0101003346035433,0.009737829134778,0.5287208557128906,2.1148834228515625,3.698485190258631,3.645890092892566,3.621437642448449,1.0159731341796967,1.0159731341796967,-0.1353810565213811,-0.16813933939547382,-0.13972047437621848,0.3785368012060502,-0.9843307100415535,-0.29556335325463107,0.3598330360046101,
2011-02-01,3.698084449938265,1.4436354751788134,-0.8,4.7683964,0.008443832,-0.0008330345,17.31549987792969,3.39,0.0540289207641873,-0.021878631897767,0.0348413890541294,0.0002575425906357,-0.0021083561409289,0.4670190513134002,1.527767777442932,3.699506059216371,3.698485190258631,3.645890092892566,1.4436354751788134,1.0159731341796967,0.49203737387298174,0.7671389047705813,0.6274184303943628,0.10701151046204263,0.28476243020606834,,1.0843381809508341,
2011-03-01,3.831938451998062,1.4436354751788134,0.0,4.7667403,-0.011192322,0.008443832,17.4299999036287,3.58,0.071872937291614,0.0103980989071974,-0.0283917495195424,-0.0046155095980264,-0.003978748128941,0.3984063863754272,1.802498698234558,3.698084449938265,3.699506059216371,3.698485190258631,1.4436354751788134,1.4436354751788134,-0.394305822079988,-1.5137616263473326,-0.8863431959529697,-0.15454139592880575,0.3399730378615138,,-1.368349108172672,
2011-04-01,3.893952977780772,1.4436354751788134,0.0,4.763849,-0.01388216,-0.011192322,20.72347815140434,3.41,0.1001676844803753,0.0347290382362492,-0.0037347511755658,-0.003506208049411,0.0103489910718046,0.5290300846099854,2.9379470348358154,3.831938451998062,3.698084449938265,3.699506059216371,1.4436354751788134,1.4436354751788134,-0.5305728519797617,0.750076166053196,-0.13626702989977368,1.0945084429856284,-0.33114391446260955,-1.3276660584918027,-1.5579898779502628,
2011-05-01,3.808314895393504,1.4436354751788134,0.0,4.75884,-0.002398491,-0.01388216,16.244000005722047,3.46,0.0724598073385607,0.0396932433912429,0.0387211835509475,-0.0089429432595793,-0.0032354993818444,0.2683459222316742,1.9177788496017456,3.893952977780772,3.831938451998062,3.698084449938265,1.4436354751788134,1.4436354751788134,0.425169256938619,1.0920091388181543,0.9557421089183806,0.36175547011257303,-0.004650206692158242,,0.9184025073954424,
2011-06-01,3.757296849185471,1.4874828366412745,0.1,4.768003,-0.008597851,-0.002398491,16.911428587777273,3.17,-0.0694500453919868,0.0211735436979747,-0.0365297500086256,-0.0017580930765612,0.0012053529354325,0.207076296210289,2.2956907749176025,3.808314895393504,3.893952977780772,3.831938451998062,1.4436354751788134,1.4436354751788134,-0.12086264166110332,-1.501774007518103,-0.5460318985997223,0.17977249212948965,0.021452092003427212,,-0.5638125091162268,
2011-07-01,3.763983592929994,1.4874828366412745,-0.1,4.770604,0.010762215,-0.008597851,19.15318202972412,3.0,-0.010102826416948,0.0110325451525454,-0.0359812117645166,-0.0023334708975719,0.0030203149621863,0.3636625409126282,1.796709060668945,3.757296849185471,3.808314895393504,3.893952977780772,1.4874828366412745,1.4436354751788134,-0.25228244930698884,0.4146120909538368,-0.1314198076458855,0.3760898957266553,-0.6756180668649358,-0.12510103299771105,-0.584500593091964,
2011-08-01,3.642343432373135,1.4874828366412745,0.0,4.7736454,0.0058932304,0.010762215,19.22749991416931,3.0,0.027213354101601,0.0279763322293762,-0.0027829912251178,-0.0042637376117284,0.0049150558673387,0.2691740393638611,1.5707964897155762,3.763983592929994,3.757296849185471,3.808314895393504,1.4874828366412745,1.4874828366412745,-0.12595601751197835,0.257746239440896,0.1263264317950105,0.7805305626248965,-0.6325142600001228,,-0.5258843551607087,
2011-09-01,3.631799175424215,1.3504407402749758,-0.3,4.775808,0.0057382584,0.0058932304,35.02913035517154,2.3,-0.0594731689540815,0.1119254713195818,-0.091425122118613,-0.0090840188263483,0.0067284438160486,0.2997714281082153,1.704949975013733,3.642343432373135,3.763983592929994,3.757296849185471,1.4874828366412745,1.4874828366412745,-0.06489319964056145,-0.06526361392359359,0.0610628178714169,0.9784934960209095,0.2959232622567358,-0.9596031381360653,-0.5743864187038258,
2011-10-01,3.6404255068461535,1.3504407402749758,0.3,4.7751913,-0.008859634,0.0057382584,36.52999977838425,1.98,0.023441779511808,0.0074367050464436,-0.0699562433294662,3.135828407740959e-05,-0.0008274225944706,0.2805397808551788,1.6370738744735718,3.631799175424215,3.642343432373135,3.763983592929994,1.3504407402749758,1.4874828366412745,0.5374739508098558,0.5413043325790003,0.6023671504504173,0.7302997335791396,1.474508615913876,-0.1581758115550239,0.10326326530143162,
2011-11-01,3.756349538945328,1.3979983651114376,0.1,4.775327,0.0067982674,-0.008859634,32.82904770260765,2.15,-0.02953495793348,-0.0615042421509919,-0.0325802934297758,-0.0036598719844125,0.0069164365872342,0.3722563683986664,1.5346795320510864,3.6404255068461535,3.631799175424215,3.642343432373135,1.3504407402749758,1.3504407402749758,-0.023179006036101124,-1.1630201072963744,-0.560652956845957,0.5279603855100401,0.46842004606896304,-0.2770269388983348,-0.8120695168250729,
2011-12-01,3.77000522754773,1.3979983651114376,-0.1,4.771877,0.013243198,0.0067982674,31.941904703776043,2.01,0.0110577176917372,0.0426266216891102,0.0275826780261088,0.0034246608813641,-8.659124192433865e-05,0.5906422138214111,1.7399039268493652,3.756349538945328,3.6404255068461535,3.631799175424215,1.3979983651114376,1.3504407402749758,0.25863610899285855,0.8424680718749167,0.2818151150289597,1.3365647529109612,-0.07535254318562311,,-0.48530388274676256,
2012-01-01,3.7840850903009327,1.3979983651114376,0.0,4.774193,0.0049419403,0.013243198,25.047619047619047,1.98,-0.0265073501475701,-0.0586322863862793,-0.0148214880072199,-0.0130384471162623,0.0052922619015616,0.551498532295227,1.8332573175430296,3.77000522754773,3.756349538945328,3.6404255068461535,1.3979983651114376,1.3979983651114376,-0.1507906384191942,-0.6912418624410125,-0.40942674741205276,-0.0013095160563786395,-0.2838152888275908,-0.7000933371479187,0.38205558835511116,
2012-02-01,3.801803409599163,1.3979983651114376,0.0,4.7819295,0.002585411,0.0049419403,20.227999877929687,1.97,0.0257659301998591,0.0085488769047934,0.0474125551808484,0.0022377587322366,0.0059465566157381,0.5609212517738342,1.775631546974182,3.7840850903009327,3.77000522754773,3.756349538945328,1.3979983651114376,1.3979983651114376,-0.07800198169038744,0.4822154041408595,0.07278865672880677,-0.7286065425818672,-0.367216879164441,0.25856639826711775,0.5252490967176408,
2012-03-01,3.837521274960608,1.3979983651114376,0.0,4.784034,0.0032291412,0.002585411,18.420499992370605,1.97,0.0751702599129879,0.0534245725807469,0.0807056131695649,-0.0023013143513692,0.0032105037842917,0.8188916444778442,1.908208012580872,3.801803409599163,3.7840850903009327,3.77000522754773,1.3979983651114376,1.3979983651114376,-0.28480682612851177,-0.2795935011669311,-0.20680484443812433,0.22115771241481252,0.039916557668870124,,-1.115494748469218,
2012-04-01,3.8085596720050425,1.3504407402749758,-0.1,4.779044,-0.0025362968,0.0032291412,16.16727287119085,2.17,0.0500034152606483,-0.0402712297920873,-0.005479661592318,0.0006353744952056,-0.0051911748236843,0.6241809725761414,1.910476565361023,3.837521274960608,3.801803409599163,3.7840850903009327,1.3979983651114376,1.3979983651114376,-0.329713171901349,0.16189849866528708,-0.04490634577283725,0.12584212050998972,-0.387936462280737,-1.0272065316707923,-0.029551814163856466,
2012-05-01,3.7234162437410943,1.3008204268406505,0.0,4.772037,0.0041418076,-0.0025362968,17.822999906539916,2.05,-0.0492103915931263,-0.016089846828712,-0.016662144066716,-0.0029419971126558,0.0071677585057825,0.8006070852279663,1.9654715061187744,3.8085596720050425,3.837521274960608,3.801803409599163,1.3504407402749758,1.3979983651114376,-0.37101236403209925,0.0036071536420870243,-0.04129919213075023,-0.26326255523091185,-0.4532656633790335,,-0.39650887348635244,
2012-06-01,3.585235737121928,1.3504407402749758,0.2,4.7780023,-0.009376049,0.0041418076,21.001818136735395,1.8,-0.0790984551960409,-0.0371602615480446,-0.052174976055122,0.0141375285077403,0.0023065483365494,0.4804913401603699,1.6257225275039673,3.7234162437410943,3.8085596720050425,3.837521274960608,1.3008204268406505,1.3504407402749758,-0.14378488894086724,0.2685266672219822,0.227227475091232,0.45060078868157205,-0.09803167602967962,-1.5505876429073915,0.6228789744920301,
2012-07-01,3.649781223507045,1.3504407402749758,-0.1,4.774007,-0.0023884773,-0.009376049,21.130952290126256,1.62,-0.1480475446796898,0.0060982684754202,-0.0350143223882088,-0.0024211183553164,5.529183852992503e-05,0.4788089692592621,1.488796591758728,3.585235737121928,3.7234162437410943,3.8085596720050425,1.3504407402749758,1.3008204268406505,0.2650129491413899,0.18157036299102514,0.4087978380822571,0.010464112660097379,0.6557157239265669,0.4524354848876744,-0.058563524908779134,
2012-08-01,3.712442925325032,1.24898332790488,-0.2,4.775085,0.0025343895,-0.0023884773,17.565238180614653,1.53,0.075504276942147,-0.0027998327117018,0.0227144389388982,0.0012584554122709,0.0020967842001429,0.4890446364879608,1.6981786489486694,3.649781223507045,3.585235737121928,3.7234162437410943,1.3504407402749758,1.3504407402749758,0.3077795315377269,-0.3660312556859201,0.042766582396337016,-0.42969246510571785,0.6129638146719983,,0.7400672450469002,
2012-09-01,3.7136127136452486,1.3008204268406505,0.3,4.7720966,-0.00029087067,0.0025343895,15.689565119536027,1.68,0.0995151516220458,0.0223416847187758,0.0290332539188131,-0.0019827850454008,-0.0042882704697033,0.3026905953884125,1.7376681566238403,3.712442925325032,3.649781223507045,3.585235737121928,1.24898332790488,1.3504407402749758,0.5956436980580969,0.24509758412403299,0.28786416652037,0.1714074972761822,-0.09045381735301294,0.8569654687809619,1.4446556435282565,
2012-10-01,3.655014820242257,1.3008204268406505,-0.1,4.7686276,-0.0071163177,-0.00029087067,15.28473683407432,1.72,-0.0043533199693213,0.0678754864197106,0.0139684108856688,-0.0100687929133114,-0.000733960055224,0.3664883077144623,1.5685700178146362,3.7136127136452486,3.712442925325032,3.649781223507045,1.3008204268406505,1.24898332790488,0.1662391284750102,-0.7172687361034566,-0.4294045695830867,-0.07336847177931267,0.7466011670628495,,-0.17451530985850613,
2012-11-01,3.6236675502409934,1.3008204268406505,0.0,4.773697,0.008169174,-0.0071163177,16.276190576099214,1.75,-0.0102667444021991,0.0010139229084327,0.0503737664598062,-0.0076026560093616,0.0034679632891858,0.3419399857521057,1.563154220581055,3.655014820242257,3.7136127136452486,3.712442925325032,1.3008204268406505,1.3008204268406505,0.8204601430611462,1.0836255841692228,0.654221014586136,0.6809984983110354,-0.29407578424595904,2.517828195105101,0.37708966307440767,
2012-12-01,3.641969918678284,1.3008204268406505,0.0,4.7723413,0.006975651,0.008169174,16.70190484183175,1.65,-0.0240289212202942,-0.0143822651970388,0.0176339783239747,-0.0017169865495272,0.0036609386281414,0.3051484823226928,1.5683213472366333,3.6236675502409934,3.655014820242257,3.7136127136452486,1.3008204268406505,1.3008204268406505,0.4242436349403539,-1.0504375227069285,-0.39621650812079234,0.30838387663211786,0.21302122945858964,1.5489916047493535,-0.37342217107864567,
2013-01-01,3.7104257910938063,1.3008204268406505,0.0,4.7755275,-0.0010967255,0.006975651,17.306999826431273,1.72,0.0039846627720736,-0.0216530173788349,0.0346240406318401,0.0005780068558398,0.0023667469005932,0.3067722916603088,1.5649269819259644,3.641969918678284,3.6236675502409934,3.655014820242257,1.3008204268406505,1.3008204268406505,-0.3072055878748538,-0.3352327146944154,-0.7314492228152076,0.913793552729521,-1.032265071047955,,-0.8031452453061273,
2013-02-01,3.711641807479984,1.3008204268406505,0.0,4.779535,-0.008278847,-0.0010967255,13.505238124302457,1.91,0.0311640205101983,-0.0076947060982082,0.0461154917935466,-0.0018475830040616,0.0002451126233573,0.3412718772888183,1.757733702659607,3.7104257910938063,3.641969918678284,3.6236675502409934,1.3008204268406505,1.3008204268406505,0.27714915480040886,1.3158039654904705,0.5843547426752627,0.24547170782137365,-0.5931828092597763,,1.1791585658396293,
2013-03-01,3.6903550183116542,1.350440740274976,0.1,4.779364,-0.0027666092,-0.008278847,14.07263163516396,1.98,0.0269918942154623,-0.0268414965107792,-0.0133973900969124,0.0004340870975485,0.0046660051793319,0.4657588303089142,1.8393527269363403,3.711641807479984,3.7104257910938063,3.641969918678284,1.3008204268406505,1.3008204268406505,-0.37313132066282817,-1.2346352181384996,-0.650280475463237,,-1.4239267270867682,,0.6776640857611118,
2013-04-01,3.68185735465749,1.4436354751788136,0.1,4.7820635,0.0027680397,-0.0027666092,13.031500005722046,1.96,-0.0675151550324617,-0.0214150892680509,-0.0280413484209667,-0.0016891760035153,0.0040204876513261,0.4113183319568634,1.6417275667190552,3.6903550183116542,3.711641807479984,3.7104257910938063,1.350440740274976,1.3008204268406505,-0.31246272448770374,0.7109490716383615,0.060668596175124434,,-0.7386044089493561,0.41209152422985323,0.24991879392943506,-1.1732568071607472
2013-05-01,3.710663536867923,1.4436354751788136,-0.2,4.7858834,0.0051727295,0.0027680397,13.967272715135056,1.76,-0.0591074998923915,-0.0683361860180333,-0.0197169094387543,-0.0074502384930803,-0.0008633445250438,0.6476489901542664,2.21997594833374,3.68185735465749,3.6903550183116542,3.711641807479984,1.4436354751788136,1.350440740274976,0.0035128163259841028,0.2553069446385634,0.31597554081368784,,-0.046380173977902665,0.30741530198253353,0.7028893183124801,-0.9498731810131746
2013-06-01,3.718779233061807,1.4874828366412745,0.1,4.7865953,-0.0016312599,0.0051727295,13.493636304681951,1.93,0.0030316840620416,-0.0508951675835573,0.0378950174833079,-0.0049924079397374,0.0007806732341153,0.2741900682449341,1.7678042650222778,3.710663536867923,3.68185735465749,3.6903550183116542,1.4436354751788136,1.4436354751788136,-0.04085447297159574,-0.36034283011126766,-0.04436728929757984,,-0.3963772503121114,0.24635417233826376,-0.3581551581961298,0.34476034428359453
2013-07-01,3.805373552964588,1.4874828366412745,-0.1,4.782316,0.0011920929,-0.0016312599,17.271499919891358,2.3,0.0035124321619139,-0.0512751678972911,-0.0849352273909094,0.00055413401682,0.0020727838311218,0.4147798717021942,1.8646067380905151,3.718779233061807,3.710663536867923,3.68185735465749,1.4874828366412745,1.4436354751788136,-0.3795954516979714,-0.2943736894287958,-0.33874097872637565,,-0.14857461665651908,,-0.8529152210848613,-0.13729651735253387
2013-08-01,3.8209786096992895,1.5296604950904071,0.1,4.788007,0.006587982,0.0011920929,13.97454565221613,2.58,0.0475652195303402,-0.0440062999961927,0.0100700234860191,-0.0014674952494182,-0.0031067520457499,0.2670436799526214,1.4333962202072144,3.805373552964588,3.718779233061807,3.710663536867923,1.4874828366412745,1.4874828366412745,-0.32910890672746684,0.3892275236968802,0.05048654497050453,,-0.17986728905655253,0.4600681260932081,-0.5402510801438594,-1.0563853838026636
2013-09-01,3.817970897345784,1.570278543484981,0.0,4.7926583,-0.003080368,0.006587982,14.209999908100476,2.74,0.0305412835173548,0.050233936843135,0.0349444921491475,-0.0014859935619806,0.0057654622391307,0.2716663479804992,2.058542251586914,3.8209786096992895,3.805373552964588,3.718779233061807,1.5296604950904071,1.4874828366412745,-0.9659980267786226,-0.6873756650216603,-0.6368891200511557,0.19547911178795996,-1.338714990683648,,-0.9971589081280013,-1.723597320090801
2013-10-01,3.761820260201232,1.570278543484981,-0.1,4.7957816,-0.006216049,-0.003080368,14.692000102996824,2.81,0.0028360551410528,-0.0023271136900042,0.0411759747697377,0.0001143856267538,0.0050716945710824,0.3694297075271606,2.3628108501434326,3.817970897345784,3.8209786096992895,3.805373552964588,1.570278543484981,1.5296604950904071,0.2780898973463891,1.8809770441761675,1.2440879241250116,0.4094443881611376,-0.15050026715041745,,1.8833579576137491,-1.029942489238913
2013-11-01,3.6912261218574978,1.570278543484981,0.0,4.7942734,0.003501892,-0.006216049,15.407826050468111,2.62,-0.0228400172259615,-0.0240295520246487,0.0061802841532543,-0.0042081884228228,-0.0007890413557394,0.3399761319160461,1.5660603046417236,3.761820260201232,3.817970897345784,3.8209786096992895,1.570278543484981,1.570278543484981,0.1417336475195861,-1.3804441739518147,-0.13635624982680303,0.13430157678795665,-0.5501282050774532,0.06995535336592852,1.2148110305578164,-0.1602715180363179
2013-12-01,3.72796595523544,1.570278543484981,0.0,4.799033,0.0038890839,0.003501892,12.923999977111816,2.72,-0.0118462260039784,-0.0314170042588823,0.0087210289077717,-0.0003446436664811,0.0023333600077277,0.4999053180217743,1.7572429180145264,3.6912261218574978,3.761820260201232,3.817970897345784,1.570278543484981,1.570278543484981,0.183698307157765,0.17832090946498194,0.041964659638178914,0.0848733863559588,0.1127026675737614,,1.246887412188769,-0.7096702374874292
2014-01-01,3.694228760483288,1.5296604950904071,-0.1,4.7977314,0.0049905777,0.0038890839,14.192380905151367,2.9,0.0271321585310726,-0.043531025380509,0.0028386940711442,-0.0063396090771197,0.002008631714113,0.3580349683761596,1.631973385810852,3.72796595523544,3.6912261218574978,3.761820260201232,1.570278543484981,1.570278543484981,-0.060119946496824575,-0.2857829132927685,-0.2438182536545896,1.1463190468248765,-0.6308191206868532,,-0.6711935164188626,-0.08478619570645901
2014-02-01,3.756596465727069,1.4436354751788136,-0.1,4.806434,0.004280567,0.0049905777,14.240952400934129,2.86,-0.0241149019770894,0.0184595769131616,-0.0280134119700399,0.0008751146050409,-0.0035639327448748,0.274941086769104,1.6967792510986328,3.694228760483288,3.72796595523544,3.6912261218574978,1.5296604950904071,1.570278543484981,-0.25934813344394436,0.04459006670746979,-0.1992281869471198,0.7744836609186937,-0.4740805884052947,-0.6899164822072068,-0.8531583502768841,-0.05406890724903002
2014-03-01,3.754358099569604,1.4436354751788136,0.2,4.812135,0.006114483,0.004280567,15.470000116448654,2.71,0.0072141621741348,0.0434921227763549,-0.0239068208946218,0.0140614257394831,0.007528506037616,0.2944836020469665,1.4558274745941162,3.756596465727069,3.694228760483288,3.72796595523544,1.4436354751788136,1.5296604950904071,-0.4602493086362537,-0.0016729882451895356,-0.20090117519230932,-0.3613220482667358,-0.8972143076729784,,-0.7451374804329819,0.16267660182768137
2014-04-01,3.76501614618018,1.137982046293372,-0.6,4.810627,-0.00736475,0.006114483,14.836666742960611,2.72,-0.0131212182321345,0.027698818217404,-0.0093977336685107,0.0115847653569847,0.0096386050748114,0.606511652469635,2.701395273208618,3.754358099569604,3.756596465727069,3.694228760483288,1.4436354751788136,1.4436354751788136,-0.33899036773165236,0.32216011609691064,0.12125894090460132,-0.11215460575547022,0.10780812108975699,,-0.1347810533336775,-1.2168339329272186
2014-05-01,3.764192060185684,1.0784510589549017,0.5,4.8144875,-0.003308773,-0.00736475,14.198095321655272,2.71,0.0025486965008578,-0.0285687081503578,0.0277130958054279,0.0068454437487437,0.0009672024963487,0.4259178936481476,2.1098711490631104,3.76501614618018,3.754358099569604,3.756596465727069,1.137982046293372,1.4436354751788136,1.0842970331240225,1.3020284599510736,1.4232874008556748,0.2587150347983978,1.5201240425436506,,1.8258722929791276,0.7324767621749141
2014-06-01,3.7975918330029184,1.0159731341796967,0.0,4.812151,0.0028691292,-0.003308773,12.475238028026762,2.56,0.016419138937568,-0.0075062485487773,-0.0005983617602378,-0.001919048741064,0.0038243209715158,0.4553151428699493,1.802445888519287,3.764192060185684,3.76501614618018,3.754358099569604,1.0784510589549017,1.137982046293372,1.0334564230506917,-1.4741280109290056,-0.05084061007333074,0.6016620141906237,0.959027648308569,2.253738809393634,1.947203683438872,-0.5943500400782409
2014-07-01,3.775451783671495,1.0159731341796967,0.1,4.814018,0.004512787,0.0028691292,11.541428565979004,2.6,0.0203874865953253,-0.0075082912388797,0.0244919557233238,-0.0069875873638387,0.0034263137889523,0.2220812141895294,2.1296002864837646,3.7975918330029184,3.764192060185684,3.76501614618018,1.0159731341796967,1.0784510589549017,-0.26645475782697947,-1.2490705708043404,-1.2999111808776713,0.08512967791285528,-0.5887687783405576,,-0.1266535917717807,-0.4355263391084349
2014-08-01,3.705128427982792,1.0159731341796967,0.0,4.8158655,0.0027809143,0.004512787,12.296363613822244,2.54,-0.0460090076605652,0.024320711877853,0.0262300896756677,-0.0048314346686848,0.0022187855179991,0.5687612891197205,2.9183337688446045,3.775451783671495,3.7975918330029184,3.764192060185684,1.0159731341796967,1.0159731341796967,0.6880710360310041,2.254436974735655,0.9545257938579835,0.49765416884548425,1.012613479238423,,0.7148445520938509,0.5271719439462579
2014-09-01,3.669954421381224,1.0159731341796967,0.0,4.806136,0.0034675598,0.0027809143,13.497142927987236,2.42,-0.0495367495768714,-0.011866341287523,0.0433258549790114,-0.0049851118526855,-0.0018898378264742,0.3972523510456085,2.797318458557129,3.705128427982792,3.775451783671495,3.7975918330029184,1.0159731341796967,1.0159731341796967,-0.5072273354824568,-2.1498241653714443,-1.1952983715134609,0.18713165545754049,-0.6307867771972446,,-0.11672002764057351,-1.4685341925495496
2014-10-01,3.570864744400852,1.0784510589549017,0.1,4.8161254,0.00980711,0.0034675598,13.466666630336215,2.53,-0.045470112348358,-0.0462858323352097,-0.0191349884842573,-0.0008142659842458,0.0028693197501494,0.4455684125423431,2.9062299728393555,3.669954421381224,3.705128427982792,3.775451783671495,1.0159731341796967,1.0159731341796967,-0.8392116328495156,0.863314074146402,-0.3319842973670588,-0.09431159176575094,-0.918909079391198,,-0.6178773685728199,-1.7257484916682937
2014-11-01,3.4651481352074205,1.3008204268406505,0.3,4.809363,0.0119280815,0.00980711,18.01608711740245,2.3,-0.1048693276124721,-0.0114354815039963,-0.0436894760423687,-0.0041794614485792,0.0001193360840261,0.2357235252857208,1.7717283964157104,3.570864744400852,3.669954421381224,3.705128427982792,1.0784510589549017,1.0159731341796967,-1.1994366563976224,-0.028240726181048004,-0.3602250235481068,-0.038812648309941244,-1.571002370718973,-0.4494882842328945,-0.9378799787263038,-3.0
2014-12-01,3.222711811760883,1.3008204268406505,-0.4,4.816605,-0.00268507,0.0119280815,13.41315786462081,2.33,-0.0958082514625848,-0.0393408031456594,0.0203016721415778,0.0049774486091327,0.0061531513501895,0.3742002844810486,1.762362718582153,3.4651481352074205,3.570864744400852,3.669954421381224,1.3008204268406505,1.0784510589549017,-0.1895316194896272,1.370130060456102,1.0099050369079952,0.5590300756596247,-0.7075385532221061,-0.1444370573850632,-0.0629884762035896,-0.5917240862970019
2015-01-01,3.0014793791914607,1.3008204268406505,0.0,4.8188744,0.011389732,-0.00268507,16.3118182962591,2.21,-0.2424524522902489,0.0212891308056804,-0.016663569084832,0.0099940090787493,-7.906777172816959e-05,0.2525582313537597,1.7766165733337402,3.222711811760883,3.4651481352074205,3.570864744400852,1.3008204268406505,1.3008204268406505,-0.8850254495158911,-1.7053988669342592,-0.6954938300262639,0.06724005321356967,-0.6195750309225048,,-1.168594164006943,-1.8191726563476867
2015-02-01,3.0676866518874157,1.350440740274976,0.1,4.8244133,-0.0089941025,0.011389732,19.119499969482423,1.88,-0.2663450657791175,0.0409052813518222,0.0346175072647216,0.0072105081112923,-0.0078792284874769,0.288981020450592,2.1024417877197266,3.0014793791914607,3.222711811760883,3.4651481352074205,1.3008204268406505,1.3008204268406505,-0.42074340509685904,1.159775874445296,0.4642820444190321,0.1014115961933263,-0.8187125633024932,0.7348432094924224,-0.8594797092694705,-1.26177955859808
2015-03-01,3.0088840430791928,1.350440740274976,-0.1,4.821708,-0.0011944771,-0.0089941025,15.904210492184289,1.98,0.1959102081726174,-0.0191060081088076,0.0188417751364688,0.0031951461003159,-0.006405903226315,0.3238460123538971,2.4174420833587646,3.0676866518874157,3.0014793791914607,3.222711811760883,1.350440740274976,1.3008204268406505,-0.3758927674195866,-0.41943140674175966,0.04485063767727243,0.04672705296723139,-0.09869201306352514,,0.0016617862205890275,-1.4532678958026417
2015-04-01,3.137680994535602,1.137982046293372,-0.4,4.8213487,0.011284828,-0.0011944771,14.812727277929133,2.04,-0.0387840667999244,-0.0402846162512497,-0.0148490690412259,-0.0113086179286732,-0.0033518725083752,0.3995551466941833,2.496189832687378,3.0088840430791928,3.0676866518874157,3.0014793791914607,1.350440740274976,1.350440740274976,0.13158547732642104,0.4626276070687352,0.5074782447460077,-0.1217418236466258,-0.22988399348915234,1.3251007960536971,1.2985206974055248,-1.6140682896913388
2015-05-01,3.219209101252326,0.8813735870195485,0.0,4.820785,-0.004261017,0.011284828,13.494761875697543,1.94,0.06308025115041,0.0170767453299758,0.1176965653989139,0.0004515837764635,-0.005470746111496,0.5016366839408875,2.4401650428771973,3.137680994535602,3.0088840430791928,3.0676866518874157,1.137982046293372,1.350440740274976,0.21848844949980548,-0.42057527257262317,0.08690297217338444,0.024703170779383762,0.1192989603927117,0.4295375612710731,0.25196896441351724,0.2669335906423415
2015-06-01,3.225681781482666,1.015973134179697,0.6,4.81825,-0.0010762215,-0.004261017,13.3385000705719,2.2,0.073669879709211,-0.0002502544266391,0.0122591746829776,-0.0006129131306893,-0.0044228298448434,0.2950104773044586,1.6674505472183228,3.219209101252326,3.137680994535602,3.0088840430791928,0.8813735870195485,1.137982046293372,0.18469306558245474,-0.12069835609073518,-0.033795383917350735,0.04499162567919647,0.12643314077870446,,0.6651322688108967,-0.09778477293897865
2015-07-01,3.0626195889333463,0.8813735870195485,-0.4,4.8229804,0.0053544044,-0.0010762215,14.33954551003196,2.36,-0.0413793211998054,-0.0143944202846313,-0.0245389808936895,0.0003226326854894,-0.0031500185136206,0.3204573094844818,1.9097522497177124,3.225681781482666,3.219209101252326,3.137680994535602,1.015973134179697,0.8813735870195485,-0.4280858822551884,-0.5789835639202924,-0.6127789478376431,0.028049296926020352,-0.8182349857198783,0.490598690915343,-1.0206743635804225,-0.8201680498170046
2015-08-01,2.890933147076097,1.015973134179697,0.4,4.8208804,0.007080555,0.0053544044,14.35272723978216,2.32,-0.0833498684155777,-0.0460638796307621,-0.0760085529490091,0.0015632935486713,0.0064600821906077,0.727304220199585,2.4546518325805664,3.0626195889333463,3.225681781482666,3.219209101252326,0.8813735870195485,1.015973134179697,-0.09562326687683502,0.9452415632159965,0.33246261537835337,0.3428793870327118,-0.25412591446881494,,-0.9058917923992491,0.43464525232801215
2015-09-01,2.95228365248382,1.350440740274976,0.4,4.824234,-0.0035853386,0.007080555,19.42809536343529,2.17,-0.1955502414142298,-0.0092421770481543,-0.0750100108847853,0.0264283558881965,-0.0018402107442865,0.4429365694522857,1.8612760305404663,2.890933147076097,3.0626195889333463,3.225681781482666,1.015973134179697,0.8813735870195485,-0.5133675851152472,-0.7502069336167655,-0.4177443182384121,-0.24558361451049857,-0.9318651973349935,,0.4175367646360797,-1.2935582932515763
2015-10-01,2.9674345956456727,1.350440740274976,-0.6,4.8232727,-0.0015816689,-0.0035853386,24.3771428607759,2.17,0.02354481445153,0.0060998093444162,-0.0843517862506271,-0.003204627455839,-0.0027949673135552,0.4176091849803924,2.2881503105163574,2.95228365248382,2.890933147076097,3.0626195889333463,1.350440740274976,1.015973134179697,-0.32088430006241603,0.6102276032912434,0.19248328505283113,0.210272617603494,0.015197988654392442,,-0.45725775401538704,-1.0517500524921635
2015-11-01,2.8809194000418694,1.3979983651114376,0.1,4.826543,-0.00044059753,-0.0015816689,16.789545449343596,2.07,0.0167998007430858,0.0301946739791079,0.0593285118510245,-0.0059336116521815,-0.0048472353195281,0.2757390141487121,2.0396578311920166,2.9674345956456727,2.95228365248382,2.890933147076097,1.350440740274976,1.350440740274976,-0.18931941966823213,-0.06091840465864723,0.1315648803941839,-0.17464419986589322,0.2080875296937619,,0.3533592138081209,-1.1440802223089181
2015-12-01,2.7499441264825824,1.24898332790488,-0.4,4.8227863,0.007727623,-0.00044059753,16.209999990463256,2.26,-0.0898659936424017,-0.0648669482936838,-0.0061917341532282,0.0110654899258724,-0.007384517731686,0.4885844886302948,3.168949842453003,2.8809194000418694,2.9674345956456727,2.95228365248382,1.3979983651114376,1.350440740274976,-0.1623927827483096,-0.10463824347426137,0.02692663691992253,0.2251797711709947,0.12603838276579693,0.24635417233826376,-0.9637821326471454,-0.4457541073694579
2016-01-01,2.5893122343323225,1.24898332790488,0.3,4.8203845,0.0028057098,0.007727623,18.02545473792336,2.24,-0.1525237726774699,-0.0098974991424949,-0.0269862419136739,0.0139127542403096,-0.0049161232406857,0.4672437608242035,3.349400043487549,2.7499441264825824,2.8809194000418694,2.9674345956456727,1.24898332790488,1.3979983651114376,0.061459820615965846,0.1969259664443529,0.22385260336427543,0.2934407100577754,-0.7710123130397909,0.6432515150260176,-0.09535819380355762,0.23697738483938469
2016-02-01,2.546751177656473,1.137982046293372,-0.2,4.831171,9.1552734e-05,0.0028057098,23.717894805105107,2.09,-0.2134833222796945,0.0203995756614743,-0.1046297146420727,0.0149240493060776,0.005226534839914,0.6952168941497803,2.507415533065796,2.5893122343323225,2.7499441264825824,2.8809194000418694,1.24898332790488,1.24898332790488,0.31347362916899935,0.02816120518875806,0.2520138085530335,0.2117890711074702,-0.7318119995607815,,1.1237834610645727,0.650133984064736
2016-03-01,2.758614908216214,0.7326682560454167,-0.4,4.8285375,-0.010102272,9.1552734e-05,22.516999816894533,1.78,0.0471453854653058,0.0884964307828841,-0.0308313270726774,-0.0034583396367287,-0.0051982643192998,0.4990703463554382,2.245816707611084,2.546751177656473,2.5893122343323225,2.7499441264825824,1.137982046293372,1.24898332790488,0.4649009362376167,-0.10058650148441615,0.15142730706861735,0.48891044369142506,-0.02286397864813379,,1.7852504660488093,-0.391693186141634
2016-04-01,2.836853088732133,0.568824898732254,0.4,4.830557,-0.001065731,-0.010102272,15.849090966311367,1.89,0.1717174040887119,0.0373431700962507,0.0591220228498166,-0.016076651011097,-0.0074475614830165,0.511520504951477,2.448961019515991,2.758614908216214,2.546751177656473,2.5893122343323225,0.7326682560454167,1.137982046293372,-0.18141861530796738,-0.7977468586142015,-0.6463195515455841,-0.10817540390692176,-0.08572863516525588,,0.4623164560803365,-0.9940868782400284
2016-05-01,2.9708255969576647,0.2956730475634296,-0.1,4.832392,-0.009569168,-0.001065731,14.300476255871,1.81,0.0845902885939291,-0.0023156720165324,0.0321577385337317,0.0039932570205556,0.0033764655587065,0.3625040650367737,2.012362241744995,2.836853088732133,2.758614908216214,2.546751177656473,0.568824898732254,0.7326682560454167,0.09473142670094419,0.9224695935544956,0.2761500420089116,0.11420542428970065,1.3296347926261085,0.5516598205596128,-0.9224059646956709,-0.59943693927503
2016-06-01,3.0108417471872038,0.2956730475634296,0.3,4.831893,-0.010027409,-0.009569168,14.852857044764928,1.81,0.1169518222088052,0.0149331037487483,-0.0383765235542377,0.0162410875136231,-0.0022703697198567,0.446123719215393,1.9210634231567385,2.9708255969576647,2.836853088732133,2.758614908216214,0.2956730475634296,0.568824898732254,0.43909688662665564,0.06821541791679989,0.34436545992571144,0.8299247064283497,0.3691397699259077,0.02366064069445614,1.399001384137355,-0.42624206805279036
2016-07-01,2.922923176888768,-0.0998340788992001,-0.4,4.8387933,0.008569241,-0.010027409,17.774545496160332,1.64,0.0316880342280478,0.0121782102958727,0.0231472458232886,0.0099957734360962,0.0047125884915697,0.3020720183849334,1.7746731042861938,3.0108417471872038,2.9708255969576647,2.836853088732133,0.2956730475634296,0.2956730475634296,0.3834410324817751,-0.400021314070592,-0.05565585414488056,0.6338840951528734,0.6023674247111661,,-0.3400747120452914,0.637587322108352
2016-08-01,2.922475992890176,7.327471962526006e-15,0.5,4.833914,0.009274006,0.008569241,13.158500051498413,1.5,-0.0707461672547413,0.0461303496848062,0.0404090962840157,-0.001325002075956,0.0011714023549629,0.3781368136405945,2.460344791412353,2.922923176888768,3.0108417471872038,2.9708255969576647,-0.0998340788992001,0.2956730475634296,0.27838436257366067,-0.04940081576323385,-0.10505666990811441,0.6478589554408309,-0.41411150542052977,,0.9528539139050378,-0.07306391363069635
2016-09-01,2.930745645659936,-0.1986901103492342,-0.3,4.836863,-0.0068073273,0.009274006,12.3995652406112,1.56,0.0196303285617212,0.002622506480935,0.0528493141291956,0.0060835204557434,-0.0015082196772331,0.2894355952739715,2.150093078613281,2.922475992890176,2.922923176888768,3.0108417471872038,7.327471962526006e-15,-0.0998340788992001,-0.23717995111092977,-0.410507643776476,-0.5155643136845904,0.42311900520308227,-0.49770085338256176,,0.17225638344908836,-1.046394339713328
2016-10-01,3.025330329277876,-0.2956730475634154,0.1,4.835976,0.0040869713,-0.0068073273,14.219523793175108,1.63,0.015684289706694,-0.0101696554395465,0.0380298824494822,-0.0013636944740775,-0.0010556910872727,0.5847952961921692,2.6114134788513184,2.930745645659936,2.922475992890176,2.922923176888768,-0.1986901103492342,7.327471962526006e-15,0.043727963641431444,0.7964722284369516,0.2809079147523612,0.5233892692064303,0.5796248181718014,,-0.28107536144781886,-0.6470268713646871
2016-11-01,2.937484026971243,7.327471962526006e-15,0.4,4.8428793,0.014536858,0.0040869713,14.58523804800851,1.76,0.0615169544280456,-0.0463301475890247,-0.0058338015714092,0.0156229929583417,0.0001559439981937,0.2650436758995056,1.997644066810608,3.025330329277876,2.930745645659936,2.922475992890176,-0.2956730475634154,-0.1986901103492342,-0.07084631071413072,-0.3954821891079234,-0.11457427435556217,0.9002079665317108,-0.6741755685070092,,0.918971429704775,-1.4283890705859994
2016-12-01,3.063961259740463,-0.4812118250595968,-0.8,4.843582,0.012452126,0.014536858,15.236190387180873,2.14,-0.1016888367414106,-0.022516820197878,-0.034209884515894,0.0161383580466809,-0.0041804087257064,0.4768986105918884,1.917850375175476,2.937484026971243,3.025330329277876,2.930745645659936,7.327471962526006e-15,-0.2956730475634154,0.6609486410485113,0.8463692261182041,0.731794951762642,1.2479398428443382,1.1703213596776247,0.03874633154774644,0.42840422430834385,0.41933144686450347
2017-01-01,3.0699756394884217,-0.7326682560454051,0.2,4.8433127,-0.0064439774,0.012452126,12.472380956013998,2.49,0.1753599220280546,-0.0676382990220458,-0.0173591523639213,0.0085776596858013,0.0068125945893555,0.5850464105606079,2.29724645614624,3.063961259740463,2.937484026971243,3.025330329277876,-0.4812118250595968,7.327471962526006e-15,1.143030378063029,-0.24971321474812413,0.48208173701451784,1.6249319092399925,,,1.6817066057502446,0.1224526191988498
2017-02-01,3.087007962140917,-0.7326682560454051,0.3,4.850903,-0.011232376,-0.0064439774,11.608500003814695,2.43,0.0235106478545561,0.0295749084026208,0.0259701519760326,-0.0095805303050819,-0.0026321858636491,0.6432333588600159,2.5729334354400635,3.0699756394884217,3.063961259740463,2.937484026971243,-0.7326682560454051,-0.4812118250595968,0.18961561766177457,-1.4354964974157725,-0.9534147604012545,0.7168507321062005,,,0.3110252641911032,-0.45902914331198
2017-03-01,3.0076784727927666,-0.9503469298211292,-0.3,4.854634,-0.0001244545,-0.011232376,11.530526361967388,2.42,0.0053511975984705,0.0347065291630102,0.0391444766419848,-0.0014989124778548,-0.0040228192946498,0.7214450836181641,3.023460626602173,3.087007962140917,3.0699756394884217,3.063961259740463,-0.7326682560454051,-0.7326682560454051,0.36717399351228397,1.1309731362517639,0.1775583758505094,0.763260556619256,,0.7818133092187837,0.42940977602878844,-0.5057876678176924
2017-04-01,3.0407656958375324,-0.7326682560454049,0.6,4.8599334,-0.00997448,-0.0001244545,11.897826111834982,2.48,-0.0616466387728844,-0.0022550118656097,0.0127469365260015,0.0024291451030744,0.0065772411659166,0.6296865940093994,2.1438183784484863,3.0076784727927666,3.087007962140917,3.0699756394884217,-0.9503469298211292,-0.7326682560454051,0.11612146000287422,-0.4286109093599191,-0.25105253350940976,0.5258341070903776,,-0.44567196363012757,0.30968436985934233,0.07463932669190455
2017-05-01,2.989456627142755,-1.0784510589548928,-0.8,4.861954,-0.0054192543,-0.00997448,13.136315847698013,2.3,0.0138363108612904,0.0283892098964093,0.0096525343506161,0.0009874249342931,0.0101359365050237,1.0770200490951538,3.0787012577056885,3.0407656958375324,3.0076784727927666,3.087007962140917,-0.7326682560454049,-0.9503469298211292,-0.415365423726349,-0.28043435021981344,-0.5314868837292233,0.3697396904336911,,-0.9399763464646927,0.03944424944388377,-1.130669288318278
2017-06-01,2.917923134135129,-1.3979983651114314,-0.1,4.863735,0.0072689056,-0.0054192543,10.862272782759232,2.3,-0.0386151013673918,-0.016586662356917,0.0374838382961453,-0.0117083338710353,0.0011830347817092,0.6904955506324768,2.518277883529663,2.989456627142755,3.0407656958375324,3.0076784727927666,-1.0784510589548928,-0.7326682560454049,0.7847394187432706,1.7315917261988427,1.2001048424696195,0.3584605585372066,,2.591101550678225,1.1037885163126382,-0.9143929505549879
2017-07-01,2.948902711931699,-1.4874828366412671,0.4,4.8635206,0.0067873,0.0072689056,10.513636328957295,2.19,-0.0819187219726185,0.0113475263039548,0.0250435919207099,-0.0044888993701008,0.00205798028521,0.5417956709861755,2.858617067337036,2.917923134135129,2.989456627142755,3.0407656958375324,-1.3979983651114314,-1.0784510589548928,0.5265429886209907,-1.4583012725918993,-0.2581964301222799,0.7676235484168462,,,0.46273788001317556,0.3492675374329503
2017-08-01,2.974705925504989,-1.5296604950903998,0.1,4.862419,0.0063533783,0.0067873,10.264499998092653,2.32,0.0445083867642965,-0.0187583090281018,0.0190899336365024,-0.0081906362380617,-0.0023975598889283,0.90605628490448,2.6227943897247314,2.948902711931699,2.917923134135129,2.989456627142755,-1.4874828366412671,-1.3979983651114314,0.6386840280124633,0.37033746951375246,0.11214103939147257,1.6186194587419611,,0.18529304269399388,0.26414185166275433,0.48668175895114363
2017-09-01,3.006447850967436,-1.248983327904872,0.7,4.8689065,-0.007519722,0.0063533783,11.97565215566884,2.21,0.064420001100339,0.036672522222017,0.044806965235999,-0.020311977695036,-0.0041471676206601,1.2550736665725708,3.556932210922241,2.974705925504989,2.948902711931699,2.917923134135129,-1.5296604950903998,-1.4874828366412671,0.24721621298740334,-0.5036088544165325,-0.3914678150250599,1.306600793438371,,-0.564886550078464,-0.5465724391364458,0.7937230477261522
2017-10-01,3.040658257612772,-1.3008204268406434,-0.7,4.8710957,0.0025968552,-0.007519722,10.437999963760376,2.2,0.0825356888065429,0.0238969290174431,0.0094328243451471,0.0097417343312846,0.0010316416096038,1.2183551788330078,2.881110429763794,3.006447850967436,2.974705925504989,2.948902711931699,-1.248983327904872,-1.5296604950903998,0.13020716898820436,0.2744587710258609,-0.11700904399919898,0.15364212309100575,,-0.09183054569153823,0.962968088293176,-0.5039509897398261
2017-11-01,3.131150028584088,-1.0784510589548928,0.5,4.871788,0.001888752,0.0025968552,10.125454512509434,2.36,0.0238417621245758,-0.0266519989539091,0.0213943331643111,-0.003085934362746,0.0122429513273667,0.6046587228775024,2.098043918609619,3.040658257612772,3.006447850967436,2.974705925504989,-1.3008204268406434,-1.248983327904872,-0.11778040823007685,-0.13097853321908223,-0.2479875772182812,0.04274071386810513,,1.8644741079114142,0.12504764090665224,-2.503384095606479
2017-12-01,3.1507304674532657,-1.248983327904872,-0.7,4.881066,0.008196831,0.001888752,10.540476163228352,2.35,0.0866668316559469,0.0018661601958367,0.027518564286078,-0.0035946813315559,0.0023896267805678,0.753240168094635,2.175559759140014,3.131150028584088,3.040658257612772,3.006447850967436,-1.0784510589548928,-1.3008204268406434,0.24070233379529904,0.6064703192436571,0.3584827420253759,1.0999418373204082,,0.6941357897295757,-0.7909003146173417,-0.04036797725144606
2018-01-01,3.242641081087227,-1.3979983651114314,0.0,4.8825274,-0.0033946037,0.008196831,10.264500045776368,2.4,0.0261187615450175,-0.0137061073105284,-0.0026419316213619,-0.0156614182183549,0.0019533298635989,0.7310609817504883,2.001279354095459,3.1507304674532657,3.131150028584088,3.040658257612772,-1.248983327904872,-1.0784510589548928,0.6287682389235212,0.029583163102846255,0.38806590512822214,0.17713259592124575,1.0726164203050093,-0.022314798096523574,1.8392009523582196,0.07720602412965494
2018-02-01,3.216648674798842,-1.443635475178808,0.2,4.8863654,0.006043434,-0.0033946037,11.062381017775763,2.58,0.0705208532543668,0.0515186634303104,0.0901374807268595,-0.0347483045722678,-1.872595501151153e-05,0.6854663491249084,2.203904628753662,3.242641081087227,3.1507304674532657,3.131150028584088,-1.3979983651114314,-1.248983327904872,0.6736828141676134,-0.3431513298841299,0.04491457524409226,0.7040700790433808,0.39604839241573464,2.3631400000062843,-0.12446879027664723,0.029624389649314607
2018-03-01,3.2248998311090324,-1.8184464592320655,-0.9,4.8898454,0.0019230843,0.006043434,22.464736637316253,2.86,-0.0559657783283755,-0.0004282446168604,-0.0282104195597749,0.0069615967676597,0.0024216066290527,0.2929415106773376,1.590253829956055,3.216648674798842,3.242641081087227,3.1507304674532657,-1.443635475178808,-1.3979983651114314,0.8213529263338719,0.10275553692216621,0.14767011216625847,0.709528694472542,0.8197975501315395,,0.8797398293316305,0.8763456313997758
2018-04-01,3.2773167477858727,-1.99283576493974,0.4,4.8861866,-0.0025286674,0.0019230843,19.02380975087484,2.84,0.0106472411469482,-0.0045718411026545,-0.0023004257432077,-0.0087932887273782,0.004886354634384,0.9457401633262634,2.749058246612549,3.2248998311090324,3.216648674798842,3.242641081087227,-1.8184464592320655,-1.443635475178808,0.9383292677650547,-0.03069377073507573,0.11697634143118274,1.5151655995956086,0.6302674628021783,0.8366117588995386,1.1436009215063312,0.5660005960216157
2018-05-01,3.329362026283697,-1.9092740140163365,0.9,4.8915353,-0.0043153763,-0.0025286674,18.26761904216948,2.87,0.0882300231818034,0.0075956776735814,-0.0170416762604563,0.0095041611557187,0.0109585819031714,1.105688214302063,3.360255718231201,3.2773167477858727,3.2248998311090324,3.216648674798842,-1.99283576493974,-1.8184464592320655,-0.0068910498707649755,-1.0621966590670024,-0.9452203176358196,0.4090774588507701,-0.08433720322581635,-0.267577002167674,0.22361378392802733,-0.315232286739132
2018-06-01,3.296610408075359,-1.9378792776644975,-0.4,4.8896213,-0.0031394958,-0.0043153763,14.124545487490566,2.98,0.0653465283743797,-0.0237369050202849,0.0104136991561105,0.0121017635956688,-0.0090456654231489,1.5211362838745115,3.31960678100586,3.329362026283697,3.2773167477858727,3.2248998311090324,-1.9092740140163365,-1.99283576493974,0.3424142459886582,1.2945256134952428,0.3493052958594232,0.24562636637375088,0.04746125630673296,-0.043686193472017965,0.4609645614839023,1.001705239250923
2018-07-01,3.3401969168044845,-2.045028204867631,-0.3,4.8881273,0.008150578,-0.0031394958,13.678095318022228,2.91,-0.0339638430688653,-0.0169287065712362,-0.0205285243937165,0.0318603410151527,0.0077393231839559,1.168890118598938,2.622774839401245,3.296610408075359,3.329362026283697,3.2773167477858727,-1.9378792776644975,-1.9092740140163365,1.3553665580066026,0.6636470161585212,1.0129523120179442,0.28881131276272654,2.185228440587117,,2.0041957253036107,0.9432307533729557
2018-08-01,3.2965078227527917,-2.142111908236904,0.0,4.8909483,0.005411148,0.008150578,13.147619065784273,2.89,-0.0020270713033436,-0.0348229907847761,-0.05442918293034,0.0278240721232354,0.0016130706732431,1.0246338844299316,2.685394763946533,3.3401969168044845,3.296610408075359,3.329362026283697,-2.045028204867631,-1.9378792776644975,1.1066021517642097,-1.2617167182603373,-0.24876440624239282,0.6866586744329776,1.2305794564278671,,1.1752077164692631,1.333962759726731
2018-09-01,3.326481490343873,-2.2308141790009346,-4.440892e-16,4.8948035,0.0066313744,0.005411148,12.546956518422002,2.89,-0.0235165815799787,-0.0295173555885321,-0.019560129046269,0.0038433939549484,0.006442729109767,0.96295964717865,2.8082590103149414,3.2965078227527917,3.3401969168044845,3.296610408075359,-2.142111908236904,-2.045028204867631,1.4340236147399594,0.5761858692181425,0.3274214629757497,0.3860067583587963,2.2714157676329076,,1.712599698891433,1.366072234076701
2018-10-01,3.331815045390418,-2.292635752042405,0.1,4.891315,0.00030612946,0.0066313744,12.910526325828153,3.0,0.0840908619006528,-0.0027665531582474,-0.0244469383861645,0.0055482694525303,0.0006505452749951,0.7727845311164856,1.8185635805130005,3.326481490343873,3.2965078227527917,3.3401969168044845,-2.2308141790009346,-2.142111908236904,0.7087866567087251,-1.052658421006984,-0.7252369580312343,0.10279389962825616,1.3689208263041568,,0.3921493712626281,0.9712825296398593
2018-11-01,3.115466825945108,-2.272441327386598,0.4,4.8964663,0.014173508,0.00030612946,19.35217363938041,3.15,0.0267791317044476,0.0140860236545936,-0.0584028023751308,0.0152729873729875,-0.0011033900564871,1.038062334060669,2.389190912246704,3.331815045390418,3.326481490343873,3.2965078227527917,-2.292635752042405,-2.2308141790009346,0.25562500907974467,0.27207531040225397,-0.4531616476289804,0.22043990592894905,-0.06493301602117632,0.4051131094133653,0.5632383266054544,0.15426671947213094
2018-12-01,2.975529808562834,-2.272441327386598,-0.1,4.8910046,0.0023269653,0.014173508,19.389047622680664,3.12,-0.2243406644515957,0.0043184908085533,0.0146195012386431,-0.002570086485943,0.000793064524438,0.6654516458511353,1.9454922676086424,3.115466825945108,3.331815045390418,3.326481490343873,-2.272441327386598,-2.292635752042405,-0.15676276790830382,0.040773870640931964,-0.4123877769880485,-0.02345820136620025,-1.0438975534178274,-0.26248857469731823,0.5218717276104906,0.02415876232933636
2019-01-01,3.0128099287557677,-2.312438341272747,-0.2,4.892701,-0.003824234,0.0023269653,24.953157726087067,2.83,-0.1211174041149352,0.0240799963752591,-0.0003180063482925,-0.0116114757414114,0.0002450018435427,0.8167096972465515,2.234217405319214,2.975529808562834,3.115466825945108,3.331815045390418,-2.272441327386598,-2.272441327386598,0.22137299555178014,0.7905235404481326,0.37813576346008393,-0.1004269726622993,-0.7618294603513873,2.022215359492445,,-0.2744669442716377
2019-02-01,3.077489218877775,-2.312438341272747,0.2,4.8930774,-0.016554356,-0.003824234,19.57238079252697,2.71,0.0350666953036666,0.0325343880600268,0.023230520315451,-0.0264839040180184,-0.0066652230383583,0.9264768362045288,2.2481937408447266,3.0128099287557677,2.975529808562834,3.115466825945108,-2.312438341272747,-2.272441327386598,-0.4899176336552548,-1.089426392667119,-0.7112906292070349,-0.24371068689389414,-0.4230433638559395,,,-0.8029988502159308
2019-03-01,3.130487852112652,-2.3880113222846475,-0.4,4.8942595,-0.0041885376,-0.016554356,15.234736844112998,2.68,0.0738107939750163,0.0216868773100955,0.0619887356583355,-0.0006872339106662,-0.0054790884900661,1.071664571762085,2.431309700012207,3.077489218877775,3.0128099287557677,2.975529808562834,-2.312438341272747,-2.312438341272747,-0.001540688867782571,1.1996675739945073,0.48837694478747223,0.23595769909587083,-0.1236087546256531,,,-0.11697101107356545
2019-04-01,3.2208233825144883,-2.406059125298014,0.3,4.9001193,-0.0011873245,-0.0041885376,14.485238075256348,2.57,0.0334864027941677,-0.014628432869876,0.0176218513908956,0.0029845422977703,0.0003752804925412,0.771669328212738,1.8770334720611568,3.130487852112652,3.077489218877775,3.0128099287557677,-2.3880113222846475,-2.312438341272747,0.047662728610792994,-0.4391735273088967,0.04920341747857557,0.5540361248240394,-0.08540742107850728,,,-0.3256405179131531
2019-05-01,3.1713350415562016,-2.4752052194025667,-0.3,4.898536,-0.003376007,-0.0011873245,12.949047588166737,2.53,0.0742087655417602,-0.0115896937068749,0.0334125894012213,0.0034954928904473,-0.0058659771411617,0.5595845580101013,1.9384009838104248,3.2208233825144883,3.130487852112652,3.077489218877775,-2.406059125298014,-2.3880113222846475,0.8536449642954519,0.7567788182060833,0.8059822356846589,0.5489880086299737,0.5646279419817665,,,1.4473189422746155
2019-06-01,3.0634635920666726,-2.5080878593376843,0.2,4.8994102,-0.0078115463,-0.003376007,16.721818056973543,2.4,0.0011840522111175,-0.001720105809758,-0.0588380320479959,0.0246393739710644,0.001153098346327,1.1733860969543457,2.7765839099884038,3.1713350415562016,3.2208233825144883,3.130487852112652,-2.4752052194025667,-2.406059125298014,0.32183260721179335,-1.3377945927683175,-0.5318123570836586,0.1956953219557382,-0.042402768286216336,,,0.8122052679658581
2019-07-01,3.108825799067716,-2.5080878593376843,0.2,4.893174,0.0013165474,-0.0078115463,15.835999870300292,2.07,-0.1048224515005191,0.0570320350340258,-0.0163331859577375,-0.0054766001915251,0.0004442719505579,1.2943308353424072,2.8691000938415527,3.0634635920666726,3.1713350415562016,3.2208233825144883,-2.5080878593376843,-2.4752052194025667,0.15834223922915172,0.3683219891010169,-0.16349036798264163,0.058191323514857604,-0.028047699025205465,,,0.44488309319780306
2019-08-01,3.0627176220164394,-2.555493553174835,-0.3,4.8947306,-0.004377365,0.0013165474,13.30590907010165,2.06,-0.0047037769635789,0.038858683980079,0.0260492354596113,0.00266214889226,-0.0048606038693659,0.7565702199935913,2.375895977020264,3.108825799067716,3.0634635920666726,3.1713350415562016,-2.5080878593376843,-2.5080878593376843,0.9150813590349065,0.9202294877883965,0.7567391198057548,0.3815143995685411,1.1642645239654903,,,1.199465153570688
2019-09-01,3.099852703884786,-2.600777920057201,0.0,4.89431,0.012533188,-0.004377365,18.979090907356955,1.63,-0.0793727218234705,0.0601011519698992,-0.0905320093657398,0.0386153864274534,0.0068257248349024,1.2167065143585205,2.747544527053833,3.0627176220164394,3.108825799067716,3.0634635920666726,-2.555493553174835,-2.5080878593376843,0.3610111356601699,-1.3108093431804912,-0.5540702233747365,0.10378339059954506,0.4129886033158062,,,0.5662614130651583
2019-10-01,3.0434464785986752,-2.600777920057201,0.3,4.8931565,-0.020151615,0.012533188,15.55899987220764,1.7,0.0621336362145719,0.0067552789445404,0.0201722780668607,-0.0009229479049792,-0.0033894417233817,0.7263386249542236,2.3340272903442383,3.099852703884786,3.0627176220164394,3.108825799067716,-2.600777920057201,-2.555493553174835,0.28112213092884586,0.47418121864341256,-0.07988900473132404,1.4744359847993143,-0.7591820434401791,,,0.1281124514274025
2019-11-01,3.096470449561753,-2.600777920057201,0.0,4.8921447,0.023015022,-0.020151615,15.466521760691768,1.71,-0.0508291315376858,-0.0104945745722986,-0.0022088424638724,-0.0154807964182015,-0.008478362664281,0.6726645827293396,2.467838287353516,3.0434464785986752,3.099852703884786,3.0627176220164394,-2.600777920057201,-2.600777920057201,0.14498814361852055,-0.05624498257900129,-0.1361339873103253,0.7958398638672882,0.2857500128888708,,,-0.6466254459005972
2019-12-01,3.142833709489063,-2.61543304000393,-0.1,4.893615,0.010544777,0.023015022,12.523499965667725,1.81,0.0569421696424807,-0.0161994370640643,0.0196539717952735,-0.0010093328598608,0.0050067643152127,0.6029929518699646,1.7385563850402832,3.096470449561753,3.0434464785986752,3.099852703884786,-2.600777920057201,-2.600777920057201,-0.43464670248657417,-0.4435008587947694,-0.5796348461050947,0.15479568192752516,-0.45018654335235203,,,-1.0085492460348957
2020-01-01,3.10170339129215,-2.600777920057201,0.2,4.8954415,-0.0013084412,0.010544777,13.756666637602306,1.86,0.0614356671370197,0.0056544056928595,0.0103594107530611,-0.0098624357571885,-0.0023266844944638,0.6018832921981812,1.7231336832046509,3.142833709489063,3.096470449561753,3.0434464785986752,-2.61543304000393,-2.600777920057201,-0.722199519406153,0.29208202918551585,-0.28755281691957885,-0.2403338165321883,-2.494914110268825,,,0.5686493685825541
2020-02-01,2.9710801995867984,-2.61543304000393,-0.2,4.849407,-0.0038275719,-0.0013084412,13.94095243726458,1.76,-0.0546004078521455,0.0536611391439283,0.0331675746178969,-0.0065860346579216,-0.0065751385800458,1.2574454545974731,3.62232518196106,3.10170339129215,3.142833709489063,3.096470449561753,-2.600777920057201,-2.61543304000393,0.9578428488190859,1.967595185144818,1.680042368225239,-0.540373748551467,1.3650993788413723,,,2.0488029161673524
2020-03-01,2.4260823869976877,-2.629878706453065,0.0,4.854092,-0.0109677315,-0.0038275719,19.628947358382376,1.5,-0.1341200532101218,0.0230742684424134,-0.0364278358057195,0.0107143625303172,0.0033566014560095,0.8738296627998352,1.5158270597457886,2.9710801995867984,3.10170339129215,3.142833709489063,-2.61543304000393,-2.600777920057201,1.5287632555510406,-1.1091219614932841,0.5709204067319548,1.1804155618061973,1.7461727231393027,,,1.6597014817076226
2020-04-01,1.8660117232284328,-2.644120761058625,0.0,4.851077,0.002374649,-0.0109677315,57.7368184002963,0.87,-0.5531169025764937,-0.0032423680738835,-0.1198131836091001,0.0128205062007169,-0.0399054262010247,0.6712844371795654,1.7102787494659424,2.4260823869976877,2.9710801995867984,3.10170339129215,-2.629878706453065,-2.61543304000393,1.7678766819002032,-0.3318069803827922,0.23911342634916255,1.2237272358277616,2.1849741178086948,,,1.8949286920641533
2020-05-01,2.412218652909184,-2.71246530518434,-0.4,4.759621,0.0032281876,0.002374649,41.45380964733305,0.66,-0.5549094502470759,0.0557318036022591,-0.0040830059129053,-0.0026302779782876,-0.1414224790154561,0.6035003066062927,1.531962275505066,1.8660117232284328,2.4260823869976877,2.9710801995867984,-2.644120761058625,-2.629878706453065,2.0804348936409514,0.07344478539158561,0.31255821174074816,1.4982010314797636,3.0,,,1.7431036494430912
2020-06-01,2.70096105809844,-2.725595849263824,0.4,4.766219,-0.14573956,0.0032281876,30.89700002670288,0.67,0.4690968387846914,0.0192646319294,-0.0065282360746206,0.0102276020077687,0.0164029145284585,0.7615357041358948,1.7078226804733276,2.412218652909184,1.8660117232284328,2.4260823869976877,-2.71246530518434,-2.644120761058625,1.5089255346572568,-0.8840675707244428,-0.5715093589836946,1.4837646450391575,1.668326384653461,,,1.3746855742791513
2020-07-01,2.756581924094169,-2.776472280723726,-0.3,4.813884,-0.015510082,-0.14573956,31.11954550309615,0.73,0.3152494176832419,0.009460270721104,0.0258974785519559,-0.0098170493840212,0.0634724915918267,0.7705795764923096,1.651901125907898,2.70096105809844,2.412218652909184,1.8660117232284328,-2.725595849263824,-2.71246530518434,1.7938280318955293,0.8564118562219671,0.28490249723827255,0.5364564139781012,3.0,,,1.845027681708487
2020-08-01,2.791837511435197,-2.7888000409201585,0.3,4.8447948,0.01885271,-0.015510082,26.84045462174849,0.62,0.0712885073980067,0.0638935480880418,0.0335450654630982,-0.0129208678159988,0.0367871123008001,0.9271344542503356,1.5392231941223145,2.756581924094169,2.70096105809844,2.412218652909184,-2.776472280723726,-2.725595849263824,1.1776798741994705,-0.9010506549343313,-0.6161481576960588,0.25029624044304455,2.304811153821859,,,0.9779322283335078
2020-09-01,2.723344459825961,-2.8009787939192043,0.0,4.8583503,0.015409946,0.01885271,22.88952382405599,0.65,0.033962279594315,0.0640404984061335,-0.0084599884229792,-0.0183772843235581,0.0097319604312513,0.6634311676025391,1.455986499786377,2.791837511435197,2.756581924094169,2.70096105809844,-2.7888000409201585,-2.776472280723726,1.4199973750211214,0.8584656585177097,0.24231750082165093,0.0564419812248413,2.8838419631304784,,,1.3197081807080446
2020-10-01,2.7169014407459944,-2.8009787939192043,0.1,4.873661,-0.001408577,0.015409946,27.647619065784276,0.68,-0.0894151255959672,-0.0240131829804077,-0.0349887748308912,-0.008476988505103,0.0001250509323655,0.8603692650794983,1.6983330249786377,2.723344459825961,2.791837511435197,2.756581924094169,-2.8009787939192043,-2.7888000409201585,1.0660264343874895,-0.5962884414552829,-0.353970940633632,0.4105840384980197,2.5239471406171363,,,0.2635481240473122
2020-11-01,2.7538268961669123,-2.8009787939192043,0.0,4.8815913,0.007027149,-0.001408577,29.43863608620384,0.79,-0.0177565225324967,-0.0113287050332173,0.0083503709777659,-0.0144941898761834,0.0080174248373063,0.64959716796875,1.6619564294815063,2.7169014407459944,2.723344459825961,2.791837511435197,-2.8009787939192043,-2.8009787939192043,0.2457695950741914,-0.4662858986796661,-0.8202568393132981,0.7779674350092054,0.9260312862430461,,,-0.9666899360296773
2020-12-01,2.889064233665639,-2.813012072716695,-0.1,4.8914766,0.02520895,0.007027149,24.99550008773804,0.87,0.0604135738022599,-0.0180381201326103,0.0651147802349285,-0.0174711820432678,0.0035310967909989,0.4175652861595154,1.3123480081558228,2.7538268961669123,2.7169014407459944,2.723344459825961,-2.8009787939192043,-2.8009787939192043,1.6260456248552186,2.2005328690943253,1.3802760297810273,0.7253792881906593,2.8579030740018982,,,1.2948545123730988
2021-01-01,2.9873063332399195,-2.813012072716695,0.1,4.9031296,0.0067543983,0.02520895,22.374090974981133,0.93,0.157875252315871,-0.0042311968450334,0.0167297004902646,-0.0077857045451215,0.0131128551110437,0.5949008464813232,1.4353163242340088,2.889064233665639,2.7538268961669123,2.7169014407459944,-2.813012072716695,-2.8009787939192043,1.127476672745528,-1.8788449818907176,-0.49856895210969054,0.61498266016185,2.0298968277741296,,,0.7375505303006045
2021-02-01,3.109916609378357,-2.7888000409201585,0.2,4.915192,0.007940292,0.0067543983,24.90999984741211,1.08,0.0913199042099863,0.0045954877675047,0.0771557331447194,-0.0149463919407286,0.0052645255666039,0.7740280628204346,1.9018974304199217,2.9873063332399195,2.889064233665639,2.7538268961669123,-2.813012072716695,-2.813012072716695,0.9363228927762351,0.3074151721403977,-0.19115377996929295,0.857208554441927,1.1602491741081888,,,0.7915109497785896
2021-03-01,3.157777556026934,-2.776472280723726,-0.1,4.9147224,-0.027512074,0.007940292,23.14052621941817,1.26,0.1283685187593288,-0.0320068680309786,0.0416096122046241,0.0069451182953446,-0.0336005769994232,0.7152522802352905,1.5754880905151367,3.109916609378357,2.9873063332399195,2.889064233665639,-2.7888000409201585,-2.813012072716695,0.6672851480410872,-0.07788396476585491,-0.26903774473514797,0.13737514623529767,0.7552014205943343,,,1.1092788772936295
2021-04-01,3.141552550073905,-2.776472280723726,-0.1,4.9190874,0.02651596,-0.027512074,21.843043534652047,1.61,0.0490910044027934,-0.0510205928963491,-0.0352130608706797,0.0121001414909718,0.0285657862324502,0.8384279608726501,1.759825348854065,3.157777556026934,3.109916609378357,2.9873063332399195,-2.776472280723726,-2.7888000409201585,0.36377144376112575,-0.03447595954481353,-0.30351370427996144,0.7098290620264591,-0.15791375828874518,,,0.5393990275456633
2021-05-01,3.188949865258364,-2.7888000409201585,-0.1,4.923572,-0.0072813034,0.02651596,17.416190556117467,1.64,-0.0092692450034919,0.0240418448624373,0.0013448136677709,-0.0118066576034476,0.0017578578773207,0.7356022000312805,1.9786767959594729,3.141552550073905,3.157777556026934,3.109916609378357,-2.776472280723726,-2.776472280723726,1.2872246327676515,1.2269668932864872,0.9234531890065258,1.093322183017655,1.7191398019825628,,,1.049211913302737
2021-06-01,3.271235148619025,-2.8009787939192043,0.0,4.911673,0.0062327385,-0.0072813034,19.7604998588562,1.62,0.0559271373698573,0.0499896336913501,-0.0129067260050685,-0.0167419404534303,0.0088347578563929,0.6360744833946228,2.0172648429870605,3.188949865258364,3.141552550073905,3.157777556026934,-2.7888000409201585,-2.776472280723726,1.0916629577290264,-1.119014864045151,-0.1955616750386251,1.2925088759439074,1.1039033254889017,,,0.8785766717542707
2021-07-01,3.2821404991197385,-2.8009787939192043,0.1,4.9229016,0.008513927,0.0062327385,16.956818147139117,1.52,0.0653716949119767,-0.0085160481345445,0.0120449045469577,0.0139116404547976,0.0036680895609242,0.7287411689758301,1.698848843574524,3.271235148619025,3.188949865258364,3.141552550073905,-2.8009787939192043,-2.7888000409201585,0.926285608380645,0.030184325690243652,-0.16537734934838144,0.7821548118167467,0.5849104820347766,,,1.4117915312904117
2021-08-01,3.2108906644634594,-2.8009787939192043,0.0,4.922621,0.014661789,0.008513927,17.60333351861863,1.32,0.0269930523591881,-0.0146773591425333,-0.058611218191853,0.0006657635237201,0.00453086144506,0.5243344902992249,1.2503361701965332,3.2821404991197385,3.271235148619025,3.188949865258364,-2.8009787939192043,-2.8009787939192043,1.0209726006292383,0.2600643415969748,0.09468699224859334,0.8199933404425521,1.2882466227799494,,,0.9546778386652134
2021-09-01,3.2630545168152807,-2.776472280723712,0.2,4.9210324,-0.004729748,0.014661789,17.47772723978216,1.28,-0.0605856395473693,-0.0125574968037724,-0.0481508673432813,-7.73915937637426e-05,-0.002078928094134,0.588945209980011,2.148201704025269,3.2108906644634594,3.2821404991197385,3.271235148619025,-2.8009787939192043,-2.8009787939192043,0.7131511323269596,-0.4025084605508722,-0.30782146830227874,0.7751975048725329,0.5151083010469567,,,0.8491475910613895
2021-10-01,3.382991512059534,-2.763991851100027,-0.1,4.9135942,0.0044560432,-0.004729748,19.8247617994036,1.37,0.0515344296563116,-0.0056959726185414,-0.0294493413573579,-0.0026348842721324,-0.0119236250388361,0.8380149602890015,1.9194756746292116,3.2630545168152807,3.2108906644634594,3.2821404991197385,-2.776472280723712,-2.8009787939192043,0.6446560282614314,0.23932636423675058,-0.06849510406552817,0.687592922653088,0.48211566094513,,,0.7642595011860766
2021-11-01,3.347010740718158,-2.685680167776155,0.5,4.9198627,0.016869068,0.0044560432,17.869047573634557,1.58,0.1146561764921223,0.0009628406229218,0.0050629705792122,-0.0059774157613909,0.0133459909804463,0.761751115322113,1.6444863080978394,3.382991512059534,3.2630545168152807,3.2108906644634594,-2.763991851100027,-2.776472280723712,0.06267320442551166,-0.5134877197703916,-0.5819828238359197,0.43316890862608726,-0.07076935068135934,,,-0.1743799446681929
2021-12-01,3.2425608919329605,-2.725595849263824,-0.9,4.9334044,0.010583878,0.016869068,18.500476246788388,1.56,-0.030236510030031,0.0249609331011724,-0.0152511664152896,-0.0064218248731571,0.0067574983021634,0.7960199117660522,1.8621180057525637,3.347010740718158,3.382991512059534,3.2630545168152807,-2.685680167776155,-2.763991851100027,1.1112072262985817,1.6305168457089898,1.04853402187307,0.2077715329870475,2.192167370714437,,,0.9336827751942604
2022-01-01,3.3849884354859103,-2.7385576501371505,0.2,4.945157,-0.003651619,0.010583878,21.35454550656405,1.47,-0.088700072196632,-0.0173472523132653,-0.058993639390378,0.0013504390978713,-0.0029071000130063,0.863984227180481,2.478400468826294,3.2425608919329605,3.347010740718158,3.382991512059534,-2.725595849263824,-2.685680167776155,0.7484779132774338,-1.4112633348942178,-0.36272931302114786,0.9132906867773173,1.0827177884858707,,,0.2494252645691131
2022-02-01,3.473423165595274,-2.7385576501371505,0.1,4.958719,0.0011353493,-0.003651619,23.18100004196167,1.76,0.1538387921336523,0.0141914788670014,0.019759825331274,-0.0018219518767446,-0.0038553890138945,0.7950358986854553,3.3158812522888184,3.3849884354859103,3.2425608919329605,3.347010740718158,-2.7385576501371505,-2.725595849263824,0.17792325751838134,-0.20782534273790465,-0.5705546557590525,0.16160411086978524,0.36102598510915196,,,0.011139676576206793
