,lwti,lpri,d2pri,llwip,dllgop,dl2lgop,vix,gs10,tb3ms,baa10y,brent,gold,bdi,cny_usd,indpro,gpr_chn_l1,gpr_usa_l1,copper,wheat
1992-03-31,2.6099852118403235,-0.39003531977070865,0.1,4.162302,-0.013759613,0.0018620491,17.47736850537752,7.34,3.84,1.9,-0.006082021617321409,-0.0015246487791653607,0.06561429470125724,0.0026297542457223155,0.007034889592290483,0.2844725549221039,2.1098380088806152,0.026753748720269144,0.04135495328379957
1992-04-30,2.6756317424411082,-0.39003531977070865,-0.1,4.1613917,-0.010804176,-0.013759613,17.520454623482443,7.54,4.04,1.7,-0.023686011720731592,-0.027413102173534654,0.04935758935735457,-0.0003283413320023243,0.008489522000498795,0.3248175084590912,1.981751799583435,0.010310792618989595,-0.04491537326810313
1992-05-31,2.707334125167566,-0.39003531977070865,0.0,4.163453,0.0060043335,-0.010804176,16.562856946672714,7.48,3.75,1.63,0.07051566501910056,-0.016751006648240363,0.014453562308812451,0.007760077469238125,0.00756146666679669,0.1472587287425995,1.9861048460006714,-0.007925764610944519,-0.0572282291924715
1992-06-30,2.770757996806049,-0.39003531977070865,0.0,4.1604896,-0.018938541,0.0060043335,15.076999950408936,7.39,3.63,1.77,0.04997245014361562,-0.004083691645610621,0.1285387533345812,-0.0034636936530139106,0.0032856911647831666,0.19706997275352478,1.825685977935791,0.002322437435046787,-0.06618311806730315
1992-07-31,2.739990162263676,-0.4812118250595971,-0.1,4.161874,0.0041017532,-0.018938541,15.203181873668324,7.26,3.66,1.86,0.061885002640814424,0.010530294193200618,0.03215475291260361,-0.005282055156408116,0.0005117224959834132,0.17713427543640137,2.2141785621643066,0.034162327037800644,-0.0068602589220976284
1992-08-31,2.7188814819387828,-0.4812118250595971,0.1,4.166548,0.007815838,0.0041017532,13.601818214763295,6.84,3.21,1.97,-0.04453769906381844,0.034349403802006684,0.0039264219501653486,-0.007754890228955702,0.009164938072931506,0.0946073830127716,1.73699152469635,0.09578467096759535,-0.08670249291487142
1992-09-30,2.7422792839828904,-0.9503469298211292,-0.6,4.159983,-0.00022172928,0.007815838,14.42190474555606,6.59,3.13,2.06,-0.024938441965815183,-0.027769182068003495,-0.0480635611179796,-0.0025061284239229487,-0.005607554576631202,0.17436453700065613,1.8211407661437988,-0.00548135046808973,-0.06165213377905143
1992-10-31,2.728217151487821,-0.9503469298211292,0.6,4.165362,0.004371166,-0.00022172928,13.696666581290108,6.42,2.91,2.29,0.026591423611981746,0.00688465877849076,-0.005197091985067459,0.017212947504758658,0.0032931151719015617,0.24566252529621124,1.700445294380188,-0.0380561639549537,0.07922565496521994
1992-11-30,2.6613268650884407,-0.9503469298211292,0.0,4.167058,0.013216972,0.004371166,17.636818278919566,6.59,2.86,2.19,-0.0004037232307836369,-0.0030443189021305272,0.04419353678715865,0.00927854735054412,0.00672889068479865,0.1686280071735382,1.481773853302002,-0.06715672418740315,0.013214489947122487
1992-12-31,2.6128665066222427,-0.8813735870195377,0.1,4.1664395,-0.0047678947,0.013216972,14.424499940872192,6.87,3.13,2.0,-0.05308418724654418,-0.027555467322498473,0.03449830040486468,0.0298619471895345,0.0037850447982945568,0.25650840997695923,2.0712099075317383,-0.0455152112844015,0.04854516816758103
1993-01-31,2.592103713253128,-0.8813735870195377,-0.1,4.160696,0.0052895546,-0.0047678947,12.19136363809759,6.77,3.22,2.06,-0.05756085649730247,-0.0005971575479017943,-0.1397894502078394,0.005582477563855992,0.0016874963663999765,0.20145855844020844,1.990410566329956,0.022938446428147685,0.0017160611263502545
1993-02-28,2.640005267920583,-0.8813735870195377,0.0,4.1684146,-0.002711296,0.0052895546,12.408999967575074,6.6,3.0,2.11,-0.042427908832405326,-0.017504928547412035,0.07662019617246507,0.004015374566716412,0.003832542487244517,0.2228051871061325,2.8389692306518555,0.023353056535359684,0.05156777580376826
1993-03-31,2.6531633320277312,-0.8813735870195377,0.0,4.1754866,0.005844116,-0.002711296,13.721578949376157,6.26,2.93,2.2,0.060283019677725314,0.0009114109271077808,0.03728172589941536,-0.0060291242924326305,0.004804393879324742,0.15806706249713898,1.9494937658309937,-0.02324858150631748,-0.04444479785222555
1993-04-30,2.645888701165054,-0.8813735870195377,0.0,4.1746163,-0.011794567,0.005844116,13.606086855349334,5.98,2.95,2.18,0.017121947225082312,0.002335492955606533,0.04898378186513419,-0.003708253798915262,-0.0008739137323683366,0.19365359842777252,2.164163827896118,-0.02740478440618599,-0.006636000763233341
1993-05-31,2.6266967256709353,-0.8813735870195377,0.0,4.177452,-0.011739731,-0.011794567,12.840952419099354,5.97,2.87,2.12,-0.005911294660936317,0.0359141880755649,0.0580994760251663,-0.00449266110662494,0.0027394050036360085,0.2219294011592865,2.441223382949829,-0.09688993008392899,-0.04076051576285433
1993-06-30,2.581392139820594,-0.8813735870195377,0.0,4.1803255,0.003124237,-0.011739731,13.6060001373291,6.04,2.96,2.1,-0.008961573311157434,0.07060295363355351,0.06293855495632705,0.006235337950074804,-0.0037915803418799854,0.26761820912361145,2.5114939212799072,-0.0822579374401693,-0.03885708484187056
1993-07-31,2.514790143715252,-0.8813735870195377,0.0,4.176806,-0.0047678947,0.003124237,12.52409081025557,5.96,3.07,2.16,-0.047307092443958254,0.012745920588808524,0.015397326359344987,0.005608189090568816,0.0022526473495334542,0.23136956989765167,2.272256374359131,0.032004619038385584,-0.11439007761407716
1993-08-31,2.520688338974291,-0.9503469298211292,-0.1,4.1769447,0.010143757,-0.0047678947,11.500476201375326,5.81,3.04,2.05,-0.050973512053612335,0.05314830462101039,-0.029969219817322923,0.0,0.002693116497312964,0.28890395164489746,2.617969036102295,0.03670966896383998,0.04576565418071876
1993-09-30,2.4914370046675494,-1.0159731341796878,-1.110223e-16,4.175749,-0.0029625893,0.010143757,11.928636420856822,5.68,3.02,1.91,-0.004736200887711206,-0.03463246388397856,0.057012530784401605,0.005301387838125171,-0.0012064683528301146,0.28907090425491333,2.1235592365264893,0.012237924524811206,0.017679751833551194
1993-10-31,2.5227020908905393,-1.0159731341796878,0.1,4.179465,0.00018882751,-0.0029625893,12.931428409758068,5.36,2.95,2.0,-0.04185349225647128,-0.06420774137405338,0.01811930682995566,-0.000861504584797057,0.005291488315735116,0.2478877156972885,1.9028000831604004,-0.04874346174375699,0.011469669591184228
1993-11-30,2.4369124016700505,-0.8813735870195379,0.2,4.1795044,0.007712364,0.00018882751,11.875238100687662,5.33,3.02,1.96,0.03647713522009077,0.024742039919850356,0.12769444732886015,0.0,0.007303652422303131,0.28040093183517456,2.323782444000244,-0.12067977520912088,0.03489103575287533
1993-12-31,2.294348944858109,-0.8813735870195379,-0.2,4.1824718,0.001057148,0.007712364,14.083809534708658,5.72,3.1,1.91,-0.08874805638458039,0.026152897719188495,0.08921012957230978,0.003132317031639076,0.0045590055532489515,0.294376403093338,1.7831765413284302,-0.008801108644879818,0.07470387287700131
1994-01-31,2.327561079064223,-0.7326682560454053,0.2,4.1882963,0.006392479,0.001057148,11.356363556601785,5.77,3.06,1.94,-0.10178513606492912,0.025016823763623464,0.10837769928441965,-0.0008595496489332,0.00590527084702952,0.22523315250873566,1.7174028158187866,0.0542753744896185,0.07963506836356693
1994-02-28,2.310055416359211,-0.7326682560454053,-0.2,4.187897,0.005271435,0.006392479,11.290476163228353,5.75,2.98,1.85,0.0403939262259998,0.009296595039918643,0.08344161421398333,0.40545937529728127,0.0028736794669281807,0.18448293209075928,1.8379966020584106,0.04727783165136845,-0.03487510602783228
1994-03-31,2.299180254839205,-0.48121182505959725,0.3,4.1911917,-0.0029172897,0.005271435,13.644210464075991,5.97,3.25,1.77,-0.03485144574400456,-0.012929588672626835,-0.022708206910838413,0.0005158213996843131,0.0005827318302769058,0.15734776854515076,2.6492974758148193,0.031593769093332114,-0.04110852549522637
1994-04-30,2.409439058118239,-0.29567304756341556,-0.1,4.1990075,-0.0015120506,-0.0029172897,15.223478317260742,6.48,3.5,1.59,0.0014920536759470693,0.005796058208292543,-0.13970517770809998,0.00041246563371188927,0.010149890606631295,0.3976801931858063,2.0049710273742676,0.02546232576008034,-0.041617480900598025
1994-05-31,2.495024779953585,-0.19869011034923464,-0.1,4.2054615,-0.0075478554,-0.0015120506,16.471052671733656,6.97,3.68,1.48,0.09706527215658545,-0.0180199254775113,-0.03149021792425444,-0.0005843765384438981,0.005896138042652765,0.27801910042762756,2.175499677658081,-0.01676418032496141,-0.004199776654066234
1994-06-30,2.556750235883665,-0.19869011034923464,-0.1,4.2106323,0.0072426796,-0.0075478554,13.897142818995885,7.18,4.14,1.51,0.060899391982676576,0.01096623616573833,-0.02408042562829671,-0.0051826388820961355,0.004590495958547436,0.3477795720100403,2.364232301712036,0.13090703773503432,-0.0021761454568371974
1994-07-31,2.5833361935700814,-0.19869011034923464,0.0,4.218093,0.005112171,0.0072426796,13.408636353232644,7.1,4.14,1.52,0.03491469597542407,0.010976944145858702,-0.006502936987930141,-0.000910594658138475,0.006728449687136262,0.56477952003479,2.7626564502716064,0.09706405974601129,-0.006032730048207924
1994-08-31,2.512486996970173,-0.09983407889920064,0.1,4.220414,-0.006495476,0.005112171,12.48449993133545,7.3,4.33,1.49,0.048686922411978806,-0.0003890394664756158,-0.012500014055634168,-0.0036969900120480403,0.0013295056794984106,0.18375343084335327,2.284783124923706,0.03498953802075988,-0.01230748278220073
1994-09-30,2.459125031854403,-0.09983407889920064,-0.1,4.230782,-0.0017127991,-0.006495476,11.889130467953889,7.24,4.48,1.55,-0.04098865498622617,-0.01339707965845971,0.06414246897920073,-0.0070388470978119955,0.006681857512926825,0.19237619638442993,2.13395094871521,-0.015437058714781848,0.059417656202686686
1994-10-31,2.4726723650841165,0.29567304756342927,0.4,4.2344246,0.010021687,-0.0017127991,13.23333336058117,7.46,4.62,1.5,-0.060878596052030165,0.029071664157883426,0.03429786482260866,-0.003397729944430772,0.0031405492615519393,0.23000168800354004,2.3236935138702393,0.038702275118370544,0.08378013191865552
1994-11-30,2.4917810531767524,0.5688248987322535,-0.1,4.241823,0.008062363,0.010021687,15.245238031659808,7.74,4.95,1.4,0.03677841932218762,-0.004633015262330176,-0.04855454861491104,-0.0004679457268359499,0.00801293123785829,0.30668842792510986,2.1631321907043457,0.016307558083914486,0.05156734013226494
1994-12-31,2.4364495414084915,0.5688248987322535,-0.3,4.2504816,0.0028128624,0.008062363,16.38380949837821,7.96,5.29,1.3,0.04162412986801822,-0.01389915937720243,-0.019400918989051164,-0.001991215884860509,0.006812622956685388,0.19561268389225006,1.9211959838867188,0.09635200432526858,-0.031604644863688414
1995-01-31,2.4810231497616027,0.5688248987322535,0.0,4.26168,0.0052170753,0.0028128624,14.177142824445452,7.81,5.6,1.3,-0.0760774782335738,-0.013356578197678992,-0.1181338850108169,-0.007390355609886434,0.010166425922232492,0.15591226518154144,2.097728729248047,0.061273336660199185,0.016135748170246877
1995-02-28,2.5079438605115563,0.3900353197707218,-0.2,4.258207,-0.0068473816,0.0052170753,12.274285679771786,7.78,5.71,1.33,0.0381715212349345,-0.0019529194426004537,-0.09258178757771596,-0.0009217352909063337,0.001700536197938085,0.18747931718826294,1.668933629989624,0.007540825272577045,-0.05242938704859501
1995-03-31,2.507036511296103,0.5688248987322535,0.4,4.260187,0.008084774,-0.0068473816,11.470000016061883,7.47,5.77,1.53,0.03342487086143153,-0.005058340477403611,0.0709609573814376,-0.0008634200246615542,-0.0011286873050115886,0.19181585311889648,1.5944693088531494,-0.04523012934364612,-0.011544187523256255
1995-04-30,2.5718173775902873,0.5688248987322535,-0.2,4.259563,-0.011940479,0.008084774,12.166521735813307,7.2,5.73,1.49,-0.006329155213824045,0.014444871329896358,0.04496322354154003,-0.0005562953243032354,0.0016603011582869698,0.13410502672195435,1.7398362159729004,0.017003091693680084,-0.026471611552915775
1995-05-31,2.5632790207281797,0.09983407889921461,-0.5,4.2640624,0.012854576,-0.011940479,12.442631570916427,7.06,5.65,1.51,0.09215987438963502,0.023049587982953312,0.015541259038007738,-0.002252012946695192,-0.0017277257902161836,0.21382488310337067,2.2009217739105225,-0.008525251527069955,-0.00940220424768512
1995-06-30,2.4920985735627066,-0.09983407889920064,0.3,4.2601323,0.00019073486,0.012854576,12.265909194946289,6.63,5.67,1.66,-0.01607766157923196,-0.014969683728685013,0.04944135749697054,-0.01216520801748544,0.004898906985118856,0.2834611237049103,1.991496205329895,-0.04353230746314107,0.06265514852440646
1995-07-31,2.428056568641468,-0.19869011034923464,0.1,4.265083,-0.013842583,0.00019073486,11.89681811766191,6.17,5.47,1.74,-0.05823720348439565,0.006056075860726651,0.0381462821102847,-0.0005286364906309515,0.0033088514322034968,0.19586828351020813,2.1323773860931396,0.07508341728567292,0.06922725042659206
1995-08-31,2.467423110268301,-0.19869011034923464,0.1,4.2639537,0.015337944,-0.013842583,12.514000129699706,6.28,5.42,1.72,-0.08800205568550545,-0.0034376285807500295,0.02099836844679004,-9.614575704164352e-05,-0.00418989274010606,0.233963742852211,2.2772469520568848,0.029278536749682615,0.11178739491635259
1995-09-30,2.477147472015025,-0.19869011034923464,0.0,4.2702355,0.0021414757,0.015337944,12.79826085463814,6.49,5.4,1.73,0.015153529542090816,-0.006650238822714094,-0.037132839627439296,0.0011411344113128052,0.013169322992450994,0.2190409153699875,2.3781585693359375,-0.011874037872068754,-0.030401869932055625
1995-10-31,2.430236037441673,-0.09983407889920064,0.1,4.2703676,0.00630188,0.0021414757,12.057000017166137,6.2,5.28,1.71,0.03678681923186167,-0.0015911732388236288,0.03994071396741106,0.0010438977928224347,0.004025176187479218,0.17797636985778809,1.4541047811508179,-0.04360318254374551,0.04909133756695283
1995-11-30,2.459983583405983,7.105427357600977e-15,0.0,4.270344,-0.0057911873,0.00630188,14.357272711667148,6.04,5.28,1.7,-0.03588357879560844,0.00020882276244016396,0.03409309048217146,-0.0004318255491915224,-0.0017591074109057914,0.1446712762117386,1.38241446018219,-0.03509038894840266,0.050936341102393534
1995-12-31,2.515409174506477,7.105427357600977e-15,-0.1,4.2754836,0.0034880638,-0.0057911873,12.469047546386719,5.93,5.36,1.81,0.045501245282038916,0.005647747460594488,-0.030343158364967593,-0.0003960039652146641,0.0026320058946325275,0.13072383403778076,1.550011157989502,0.059257709497138045,0.0013513185940539074
1996-01-31,2.501785589126426,7.105427357600977e-15,0.0,4.283274,0.0062770844,0.0034880638,11.74849991798401,5.71,5.14,1.8,0.06121319632919331,0.005512792997423688,0.037364146210318694,0.000695902601724363,0.003464824423083712,0.17111022770404816,1.412654161453247,-0.02149581810483081,0.023525110239553726
1996-02-29,2.5098614886811723,7.105427357600977e-15,0.0,4.2813363,-0.0007891655,0.0062770844,13.473636237057773,5.65,5.0,1.82,-0.004029321972140121,0.030527602833076983,0.07907964254303046,-0.00043188253466563964,-0.005740078791367509,0.20899832248687744,1.4743882417678833,-0.11353798765120704,-0.06167757064426116
1996-03-31,2.6200444684607964,-0.8813735870195379,-1.0,4.281046,0.0062441826,-0.0007891655,15.032999801635743,5.81,4.83,1.78,0.00813710098359044,0.013205697933508453,0.056632037103243604,0.0008755675256058026,0.014529159926465418,0.39804163575172424,1.6478923559188843,-0.023432960181480667,0.04838885749719779
1996-04-30,2.7146480754147446,-0.8813735870195379,1.0,4.286027,-0.0023612976,0.0062441826,17.762380781627837,6.27,4.96,1.78,0.09798111386465536,-0.021349925137736037,-0.037219881750427675,0.0015214230034024112,-0.0012250426290405514,0.38923364877700806,1.7185032367706299,0.007315289105146228,-0.004422904207620704
1996-05-31,2.6091102532473065,-1.0159731341796878,-0.2,4.2900424,-0.002286911,-0.0023612976,16.575238000778924,6.51,4.95,1.61,0.05147312182145658,-0.008516514101992279,0.0008392708142324068,-0.00044301032220195324,0.009901218260520928,0.36347660422325134,1.7814347743988037,0.011953557636181777,0.15435768008979167
1996-06-30,2.5688199191149272,-0.8813735870195379,0.4,4.2966685,-1.5735626e-05,-0.002286911,16.14636369185014,6.74,5.02,1.48,-0.08722173398051059,-0.002344607205715832,-0.0027290837794335943,-0.0005510434026207989,0.0074455836229239125,0.30013543367385864,1.3213279247283936,0.024592040222112033,0.037203415218271196
1996-07-31,2.608569979937427,-0.8088669356527773,-0.1,4.2981224,0.005094528,-1.5735626e-05,16.395000171661376,6.91,5.09,1.51,-0.03713473618381258,-0.017138865222055877,0.009649317632639764,-0.00040748820046543344,0.007593378241184112,0.28210219740867615,1.312994122505188,-0.1996372299236695,-0.144135769702455
1996-08-31,2.636873922634315,-0.8088669356527773,-0.1,4.30124,0.0011930466,0.005094528,17.97863635149869,6.87,5.15,1.5,0.05862560203848721,-0.004682996304516074,-0.01606152827753604,-0.00016783753366178544,0.00015374603570972312,0.1941879838705063,1.604606032371521,-0.09314119969667978,-0.09160201964971382
1996-09-30,2.722112768870702,-0.8088669356527773,0.0,4.305388,-0.005522251,0.0011930466,15.760454698042436,6.64,5.05,1.48,0.0469864387335126,0.010067286188368385,0.0332517563892214,-0.0005276728550813736,0.0051052352845752935,0.19202731549739838,1.6037836074829102,0.016954013915559507,-0.07884755803365628
1996-10-31,2.7561779341252,-0.8088669356527773,0.0,4.310387,0.0074191093,-0.005522251,16.578000020980834,6.83,5.09,1.5,0.09826884912940681,-0.0109282194409559,0.017939970188265875,-0.0005519558575457495,0.006239632118214544,0.22505903244018555,2.0218417644500732,-0.04189191834884998,-0.05968950505032655
1996-11-30,2.704051458533042,-0.48121182505959725,0.4,4.313238,0.0056996346,0.0074191093,16.381739201753035,6.53,4.99,1.54,0.06550884118439981,-0.0054173723518777805,0.07338110480689508,-0.000204060810829354,0.00029609405001806977,0.11050082743167877,1.0725080966949463,0.012900061698757348,-0.008130634571314133
1996-12-31,2.7699926463609374,-0.2956730475634159,-0.2,4.3177752,0.006966591,0.0056996346,15.996999740600586,6.2,5.03,1.65,-0.05982265626471506,-0.008485793818348242,0.056348398698309765,0.00014404724774630395,0.009144785172068737,0.1865861564874649,1.0855921506881714,0.12240160190413985,-0.0019486444233880462
1997-01-31,2.759406228779201,-0.2956730475634159,-0.2,4.323128,0.008775234,0.006966591,19.260952449980238,6.3,4.91,1.54,0.043987352953211545,-0.02370064742620226,0.016403785460948228,-0.00033614252759539553,0.006386648092456149,0.2230117917060852,1.5119444131851196,0.021950153428914376,-0.008512456675578761
1997-02-28,2.632415768673461,-0.09983407889920051,0.2,4.3263674,-0.00094747543,0.008775234,19.473181551153008,6.58,5.03,1.5,-0.010371087983883864,-0.03836904340661551,0.019181165142470036,-0.000600535695872928,0.0015838703738682014,0.09804660826921463,0.9729240536689758,0.06937226223482451,-0.00024026529030152233
1997-03-31,2.5752932864884586,0.19869011034924833,0.1,4.3319535,0.0055060387,-0.00094747543,20.139473563746403,6.42,5.01,1.49,-0.12122076086594014,-0.02431392842181257,-0.004366576393724841,0.00024025755725576303,0.011867816799596476,0.20562532544136047,1.050157904624939,-0.008540242575720391,-0.021810926498580407
1997-04-30,2.5122549153226723,0.19869011034924833,-0.3,4.340009,-0.00019645691,0.0055060387,20.169999980926512,6.69,5.14,1.4,-0.0859645979868704,0.01497758492898349,-0.03215954602624116,1.2011362749309029e-05,0.006326080160110159,0.18980300426483154,1.1519078016281128,0.005615579045342933,0.021321150561275815
1997-05-31,2.567015821421063,0.29567304756342927,0.1,4.345371,0.00792551,-0.00019645691,19.662272626703437,6.89,5.16,1.5,-0.08602399932512839,-0.02108425320788232,-0.04037630539337833,-0.00012012012026429986,0.0011715145153683437,0.2731319069862366,1.2982195615768433,-0.012835624439528459,0.045798069609754855
1997-06-30,2.482093708411386,0.29567304756342927,-0.1,4.3475804,-0.009963512,0.00792551,19.9247620900472,6.71,5.05,1.51,0.08025067007377373,-0.001830571039000084,0.11803442082311477,-0.00028834717199055504,0.005524360977567255,0.1992357224225998,1.1006957292556763,0.05058857275444684,-0.041666624331176294
1997-07-31,2.504558498844047,0.29567304756342927,0.0,4.356525,-0.011869431,-0.009963512,20.194285983131046,6.49,4.93,1.5,-0.07887937139447976,-0.008998015719559938,0.04543726634893375,-0.00016824092139566815,0.004585436547763777,0.1843758523464203,0.7511608600616455,0.03824610057235489,-0.1761773394943278
1997-08-31,2.5172349634679287,0.4812118250596098,0.2,4.3601427,0.0068826675,-0.011869431,20.529090881347656,6.22,5.05,1.54,0.04908807742471222,-0.050126307027138495,0.04941307503546888,-0.0035396136161467417,0.008505942659710719,0.18350493907928467,0.9073299765586853,-0.06408301887038448,-0.07951351201836498
1997-09-30,2.507701115530038,0.6526665660823615,0.0,4.3645544,0.013448715,0.0068826675,23.084762028285436,6.3,5.14,1.44,0.007069646282430675,-0.0002777306339307728,0.033686970041925335,0.003263156354077257,0.00995494609358527,0.13877806067466736,1.051243782043457,-0.08478500779088538,0.06629141593845667
1997-10-31,2.577492416239182,1.529660495090407,1.3,4.3695755,0.0054798126,0.013448715,23.812380836123513,6.21,4.95,1.54,-0.007261796619381311,-0.0036794871684371344,-0.09816221168478734,-0.00042084253294971674,0.009117575456573768,0.15430578589439392,0.860172688961029,-0.0669872680791812,-0.00797081793358334
1997-11-30,2.5236237713711507,1.4874828366412745,-1.6,4.376309,0.0077528954,0.0054798126,23.870869760927945,6.03,4.97,1.6,0.07331251329528321,0.006330209963263833,-0.13657272083944072,-0.0001804153165472222,0.008827849981996039,0.28928136825561523,1.0718635320663452,-0.025808373466873036,-0.014812028131074406
1997-12-31,2.426802540609684,1.529660495090407,0.2,4.374808,-0.002202034,0.0077528954,32.034737034847865,5.88,5.14,1.52,-0.0354041582648148,-0.059709289944746224,-0.19961654798547634,-0.00045719786635300963,0.007844288895028306,0.42283299565315247,1.4865221977233887,-0.0666354352267895,-0.006076364182998617
1998-01-31,2.3335811933630097,1.529660495090407,-0.1,4.374168,-0.0027947426,-0.002202034,26.276363719593395,5.81,5.16,1.53,-0.10970939307402716,-0.05818918316198296,0.0453908432465191,4.813593589236831e-05,0.00424944358291679,0.1542905867099762,0.9454402327537537,-0.0854049108856536,-0.042652225527499255
1998-02-28,2.293905559274323,1.529660495090407,0.0,4.37204,0.018118858,-0.0027947426,23.866499996185304,5.54,5.04,1.68,-0.12343893139036233,0.001246019820632327,-0.15577795742940026,0.0,0.004373784275946591,0.24241308867931366,1.113872766494751,-0.04283128403503689,-0.018507643568211662
1998-03-31,2.2269564970916957,1.570278543484981,0.1,4.37987,0.005493641,0.018118858,19.99894724394146,5.57,5.09,1.67,-0.07640851601871512,0.028607961953061256,0.1407919164527538,0.0,0.0016174896182681309,0.30539751052856445,1.838814377784729,-0.014083073100423782,0.007499675848150922
1998-04-30,2.2533015889034087,1.570278543484981,-0.1,4.3767595,-0.0017495155,0.005493641,20.158636353232644,5.65,5.03,1.67,-0.07115424629318623,-0.005223879900973394,0.06089732998921704,-0.0036166404701885035,0.0003515910121256738,0.17229296267032623,1.2498539686203003,0.04876679969323572,-0.0005729017630198285
1998-05-31,2.2125500281639945,1.6472311463710985,0.2,4.3760138,-0.0019898415,-0.0017495155,22.028571446736652,5.64,4.95,1.66,0.03179563671411856,0.040884167352639444,-0.026852157633280527,0.0036166404701885035,0.0034253831806134727,0.1768483817577362,1.0672954320907593,0.02986501665772323,-0.08150900748495893
1998-06-30,2.127119586562295,1.8496036794731807,0.4,4.378444,-0.0078930855,-0.0019898415,20.873999786376952,5.65,5.0,1.63,0.0600157242347632,-0.030262932791125685,-0.129114930866848,0.0,0.0065697125334116535,0.7952063679695129,1.957215666770935,-0.038776860285313575,0.001284357577579165
1998-07-31,2.154949094187981,1.8496036794731807,-0.6,4.3764286,-0.0041503906,-0.0078930855,21.662727269259367,5.5,4.98,1.67,-0.16270902326160597,-0.022928873006205386,-0.15160714656983565,0.0,-0.006016655286145145,0.5262264609336853,1.5843377113342285,-0.04431488665574612,-0.05185652400057883
1998-08-31,2.1012341716706886,1.879863584396912,0.1,4.375389,-0.0020608902,-0.0041503906,19.929999871687457,5.46,4.96,1.71,-0.010442225365108637,0.0018797319227843445,0.0006046907172780891,0.0,-0.003852986693513749,0.3266211152076721,1.147668719291687,-0.0005606195398799585,-0.05251030491229969
1998-09-30,2.2130684954874784,1.909274014016339,0.0,4.378804,-0.014672279,-0.0020608902,31.58809498378209,5.34,4.9,2.06,-0.013801020714641954,-0.030367337438168995,-0.11792405860191302,0.0,0.020491901058277584,0.2639833390712738,2.2329885959625244,-0.021823883388409904,-0.09453134023585363
1998-10-31,2.172447221137584,1.879863584396912,-0.2,4.3811545,0.001229763,-0.014672279,38.204762231735955,4.81,4.61,2.57,0.11332541511205063,0.016995994451153074,0.03382342060058363,-0.0038582155408160013,-0.0005323279149607174,0.1837109625339508,1.417198896408081,0.016437527766442805,0.005836926443055113
1998-11-30,2.058037999233275,1.879863584396912,0.1,4.384109,0.0017414093,0.001229763,36.608181953430176,4.53,3.96,2.65,-0.049258661961154804,0.02376545830477017,0.18365532749327151,-2.416071709143708e-05,0.006812999094851335,0.1529788374900818,1.226663589477539,-0.03791766034920041,0.13930608260192212
1998-12-31,1.9258989494359247,1.8496036794731807,-0.1,4.385734,0.012701988,0.0017414093,26.223000144958498,4.83,4.41,2.45,-0.1403421616202154,-0.006135092542214338,0.113329692153318,4.832085045647361e-05,-0.0007584271645324492,0.27200716733932495,1.6170976161956787,-0.00745436309939862,0.030346096563727443
1999-01-31,2.024370308496442,1.71905185120893,-0.3,4.384539,-0.0026159286,0.012701988,25.479090777310457,4.65,4.39,2.58,-0.11658131646074477,-0.008330536397668453,-0.014937660070412306,8.455587034150724e-05,0.004520149593450817,0.33179548382759094,1.7790558338165283,-0.06427019661612565,-0.03348130532346971
1999-02-28,1.986784184896389,1.6837431439977468,0.3,4.3940253,0.0032148361,-0.0026159286,28.03526316191021,4.72,4.34,2.55,0.12339310787239599,-0.01589638836848195,-0.006071184509989891,-0.00013287672079798085,0.0043112451049784895,0.2338293343782425,1.3240206241607666,-0.03010311980890812,0.0007923728579699585
1999-03-31,2.185560264971225,1.3979983651114378,-0.6,4.388257,0.0048532486,0.0032148361,28.82263153477719,5.0,4.44,2.24,-0.07886980636763141,0.0008704584383467662,-0.07094060331350782,0.00014495554721971615,0.006063079650347802,0.2279997318983078,1.2488939762115479,-0.013392371014476545,-0.0704795115635779
1999-04-30,2.3468009601440882,1.3979983651114378,0.7,4.3962774,-0.004823208,0.0048532486,25.309565419736117,5.23,4.44,2.31,0.19725182767702298,-0.004779440101566834,0.12369822103787875,0.00012078024049921865,0.0022660526894453525,0.4287277162075043,1.9307531118392944,-0.02470025298514056,0.0028454744060333326
1999-05-31,2.369567913552973,-0.2956730475634153,-2.2,4.3968825,-0.0217762,-0.004823208,23.478571483067103,5.18,4.29,2.22,0.20086070318859806,-0.011748701744050294,0.15544722185462945,-0.00012078024049921865,0.0022959860915063857,0.4187085032463074,2.3571739196777344,0.060005091977649805,-0.021697179764636587
1999-06-30,2.377424295152176,-0.2956730475634153,2.2,4.4061303,-0.0029492378,-0.0217762,26.204500198364258,5.54,4.5,2.18,-0.004537188609445408,-0.022109439931407238,0.027193078052926367,-4.8316181098684297e-05,0.006302647258385363,0.743427038192749,1.8464792966842651,0.03142132106028228,-0.026947868139679976
1999-07-31,2.48820055903959,-0.1986901103492341,0.1,4.4067507,-0.016116142,-0.0029492378,23.626363667574797,5.9,4.57,2.18,0.04104471710109747,-0.05628635724138764,0.03417754140135898,1.2079264131603651e-05,-0.0007846779120086467,0.5265735983848572,1.6317658424377441,-0.06022967402534185,0.003331875068337986
1999-08-31,2.5434051233005452,-0.48121182505959653,-0.4,4.4136705,0.023226261,-0.016116142,21.049047470092773,5.79,4.55,2.19,0.18463985088167156,-0.020217546320197677,0.034407878629828303,-0.0001570418157261777,0.005769502318011099,0.32539331912994385,1.2352309226989746,0.14202102259628546,-0.07184808418628474
1999-09-30,2.655438680479387,-0.2956730475634153,0.5,4.417982,-0.0017185211,0.023226261,24.323636228388008,5.94,4.72,2.23,0.05798444552559223,0.002379235476939634,-0.033466031915091676,-4.832552071709628e-05,0.004007243163624885,0.3371411859989166,1.2700074911117554,0.004599193270035329,0.052443105090305586
1999-10-31,2.600329398908504,-0.39003531977070816,-0.3,4.424452,0.0006389618,-0.0017185211,24.541428611392067,5.92,4.68,2.3,0.10880755028795397,0.03087908114707716,0.008810515062247504,9.664870619063848e-05,-0.004045261045452442,0.3188936710357666,1.3955544233322144,0.060637533956779066,-0.033437502278400366
1999-11-30,2.6965031884715467,7.549516567451036e-15,0.5,4.430224,0.007666588,0.0006389618,24.021428516932897,6.11,4.86,2.28,-0.02428198922306013,0.16014397281733572,-0.042919274274373365,0.0,0.012148883898799312,0.37992170453071594,1.482270359992981,-0.015201185694745156,-0.06816265143096167
1999-12-31,2.737624340884687,7.549516567451036e-15,-0.4,4.4396253,-0.00027179718,0.007666588,21.81809525262742,6.03,5.07,1.99,0.11094885010735611,-0.05810543024107506,0.12197640277097932,0.00013287672079798085,0.004835676101424546,0.31067031621932983,1.1889114379882812,0.002021423250336163,0.03466198170091683
2000-01-31,2.7759793055719992,0.19869011034924872,0.2,4.448897,-0.012270451,-0.00027179718,22.15909090909091,6.28,5.2,1.73,0.03552574346173909,-0.03509253798125034,0.11588208225792584,7.247077015470893e-05,0.007683533835146861,0.41286879777908325,1.8293263912200928,0.021829841828007623,-0.013597297084063875
2000-02-29,2.848664295211935,0.09983407889921521,-0.3,4.4464464,0.015494823,-0.012270451,23.201999855041503,6.66,5.32,1.68,0.0014844655192884915,0.004406147525705784,-0.031476301454775424,-0.00021742806840441276,-0.0013689853853140477,0.2667705714702606,1.1989688873291016,0.04377174431706532,0.03461730559049947
2000-03-31,2.861030605781278,0.09983407889921521,0.1,4.4500885,0.009224415,0.015494823,23.595500183105468,6.52,5.55,1.91,0.0850523203534106,0.0532153346604165,0.059255637563508046,0.00010871994357275483,0.0031184257109906355,0.20940184593200684,1.2321325540542603,-0.020173930323174716,0.04739375968348991
2000-04-30,2.7121377980345267,0.09983407889921521,0.0,4.455104,0.0004954338,0.009224415,22.718260806539785,6.26,5.69,2.3,-0.01048210425883589,-0.045961180790969,0.04632485795762342,1.2079264131603651e-05,0.00354941252967933,0.2764623761177063,1.0100457668304443,-0.03791168250886212,-0.018201479591641423
2000-05-31,2.8220184237396713,0.09983407889921521,0.0,4.4649663,0.009771824,0.0004954338,27.16421077125951,5.99,5.66,2.34,-0.1884800832385345,-0.023672671299076242,-0.08853709995253745,0.00014493978984919664,0.005934581411047191,0.20688414573669434,1.0314223766326904,-0.03384159810747178,-0.020595118894638276
2000-06-30,2.9169228352884624,0.19869011034924872,0.1,4.4699917,0.0076208115,0.009771824,26.373181863264605,6.44,5.79,2.52,0.19758971563204675,-0.016220078787037906,-0.08447976702852955,-0.0003140627668170026,0.0027040320534066353,0.3068792223930359,1.392322301864624,0.05954465227656769,0.04837922347206103
2000-07-31,2.8471153758631433,0.19869011034924872,-0.1,4.470991,-0.0029597282,0.0076208115,21.539999961853027,6.1,5.69,2.4,0.07156626965834167,0.03758554078465082,0.08413258976442961,0.00010872519717164408,0.00039045672638238216,0.3349747955799103,1.2740495204925537,-0.018673715607340213,0.04203104001376534
2000-08-31,2.8946731159227443,0.19869011034924872,0.0,4.474602,0.009077072,-0.0029597282,19.89300012588501,6.05,5.96,2.27,-0.03807281969436671,-0.01459519668461784,0.07700158979632832,0.00012079191192038152,-0.0019527324535886237,0.33508288860321045,0.9578033089637756,0.028731671453677166,-0.062275415414307034
2000-09-30,2.9712412535456956,0.29567304756342977,0.1,4.479441,0.012024403,0.009077072,18.08869569197945,5.83,6.09,2.51,0.05142931485860647,-0.025610146930153732,0.00478619670425573,-7.247339625582327e-05,-0.00272663339275514,0.186522975564003,0.820108950138092,0.029497833578564503,-0.004891597871001352
2000-10-31,2.9456186347833446,0.29567304756342977,-0.1,4.477215,0.00024032593,0.012024403,19.6875,5.8,6.0,2.54,0.09317234721427559,-0.002882424690204388,-0.06261239364249604,0.00014494154049904395,0.004604083024880801,0.2797124683856964,1.104864239692688,0.05488074296718359,0.06789768980887878
2000-11-30,2.9830226859490416,0.39003531977072237,0.1,4.480524,0.0062713623,0.00024032593,25.200000069358133,5.74,6.11,2.56,-0.06815928053206788,-0.013537581670973964,-0.0689476778412228,-0.00027782307680501717,-0.003893384717707171,0.18147821724414825,1.7102947235107422,-0.03502198154733538,0.04104093967290812
2000-12-31,2.7911721352442957,0.39003531977072237,-0.1,4.4841566,0.007912636,0.0062713623,26.382857095627557,5.72,6.17,2.64,0.05012177717567212,-0.014888056938350047,-0.008304242291490738,2.4161592733218384e-05,0.00027960447484520756,0.16129480302333832,0.9510831832885742,-0.053547275460065435,-0.025743063392337007
2001-01-31,2.824059962069729,0.19869011034924872,-0.2,4.487725,-0.017967701,0.007912636,26.530499839782713,5.24,5.77,2.88,-0.23791382968006802,0.02024405829143472,-0.005618392761567392,-3.624260802181922e-05,-0.0032683707203071677,0.1759856790304184,0.9818148016929626,0.031141601979376432,0.07960472878005387
2001-02-28,2.8227983330634396,-0.19869011034923395,-0.2,4.4741898,-0.0011949539,-0.017967701,24.91857147216797,5.16,5.15,2.62,-0.001382660245446754,-0.02220078516222923,0.0341090201426848,8.456404221135472e-05,-0.004770869350923412,0.2576051354408264,1.0246317386627197,-0.03591206466341745,-0.03817868712575656
2001-03-31,2.7388046517672424,-0.19869011034923395,0.4,4.4824734,-0.006942749,-0.0011949539,23.411579132080078,5.1,4.88,2.88,0.07076257035926847,-0.013728977773862283,0.006989642829219989,2.415984151271644e-05,-0.006534765134370346,0.31276655197143555,1.1720848083496094,-0.011782149857207713,-0.05787478290297443
2001-04-30,2.743323952730095,-0.7326682560454049,-0.6,4.473131,0.009589195,-0.006942749,28.496818369085137,4.89,4.42,3.04,-0.11575147520103046,0.004419896698150794,-0.14864944013782377,-7.248127570225193e-05,-0.0020524117552422894,0.25737208127975464,1.1910302639007568,-0.013662680259678872,0.021524089177473726
2001-05-31,2.782131315000374,-1.0159731341796872,0.2,4.468717,-0.013489246,0.009589195,28.13399991989136,5.14,3.87,2.73,0.046260212712504245,-0.009742011299343822,-0.04644801172212176,-3.624260802181922e-05,-0.003596380672338917,0.4010493755340576,1.1368091106414795,-0.04471633057450841,0.0055068411048919685
2001-06-30,2.74288922355059,-1.0159731341796872,0.4,4.468513,-0.010138035,-0.013489246,22.944090929898348,5.39,3.62,2.65,0.09852153208899805,0.0445986378005907,0.05592926603955384,-4.832552071709628e-05,-0.004787344785630587,0.3331435024738312,1.2756264209747314,0.011267668800580388,0.04260082009694344
2001-07-31,2.7020192744169207,-0.7326682560454051,0.4,4.466077,-0.02319765,-0.010138035,20.94047619047619,5.28,3.49,2.65,-0.016544769915813884,-0.007851272384410635,-0.02441398434809905,-3.624567317661587e-05,-0.005294243917338015,0.28581637144088745,1.5124449729919434,-0.04515106857846796,-0.012243810021454138
2001-08-31,2.739857616219795,-0.7326682560454051,-0.4,4.459097,0.028868675,-0.02319765,22.31619053795224,5.24,3.51,2.78,-0.12349815590324065,-0.010041738649872123,-0.054750268624205845,3.624567317661587e-05,-0.006424803271452895,0.31052976846694946,1.317399024963379,-0.053370780017822916,-0.009941100439625927
2001-09-30,2.6762954653251754,-0.48121182505959686,0.3,4.4645696,0.0025458336,0.028868675,21.86173903423807,4.97,3.36,2.9,0.04241186573903111,0.01800315330148905,-0.0705285916229954,-1.2081745087488827e-05,-0.0011484395650906976,0.2181500941514969,1.3494141101837158,-0.040336523617750863,-0.03876425204298428
2001-10-31,2.526178993336358,-0.3900353197707083,-0.2,4.457724,-0.0068597794,0.0025458336,35.065333429972334,4.73,2.64,3.42,-0.002358698546734761,0.0396950335147519,-0.16959722623009554,-1.2081891057835747e-05,-0.005077876004763837,0.7703881859779358,13.229009628295898,-0.026755252274481833,-0.010106075660098135
2001-11-30,2.4052942094735887,-0.2956730475634154,-5.551115e-17,4.454439,-0.0015153885,-0.0068597794,32.721304603244945,4.57,2.16,3.38,-0.22108541940133852,-0.0012710070910308957,0.029047405960721306,0.0,-0.0027452194543418074,0.6591466665267944,13.10019588470459,-0.035882611605456916,0.01591382544024178
2001-12-31,2.3884214093328517,7.327471962526006e-15,0.2,4.451744,0.0051584244,-0.0015153885,26.63095238095238,4.65,1.87,3.1,-0.08855656925937927,-0.024678481410630226,0.07052288211543001,4.832668842347232e-05,-0.006065460085318719,0.360622376203537,7.890068531036377,0.04049186866540744,0.01862063764897126
2002-01-31,2.4041680832284538,7.327471962526006e-15,-0.3,4.4525175,-0.0060048103,0.0051584244,23.720000076293946,5.09,1.69,2.85,-0.0049068550601978345,-0.0011231681766226131,0.054866382705203165,-7.249090846395134e-05,-0.0004275098074009165,0.38934099674224854,6.047550678253174,0.02652513072890006,-0.023026856237733817
2002-02-28,2.4554508384973874,0.19869011034924872,0.2,4.4630637,-0.01092577,-0.0060048103,22.252857208251953,5.04,1.65,2.85,0.03733467054858686,0.02031073120902871,-0.03587519909215686,-1.2082328989748703e-05,0.006633064841170544,0.3410267233848572,4.232385158538818,0.023737667217000435,0.017276409109297397
2002-03-31,2.615984053450956,-0.2956730475634154,-0.7,4.4603567,0.0010647774,-0.01092577,22.875789843107526,4.91,1.72,2.98,0.04327365350715784,0.04850086591868408,-0.03964097286885604,0.0,0.00011522468260949381,0.3734973669052124,3.621983051300049,0.03462707024635492,-0.022394217862006016
2002-04-30,2.6845374090744527,-0.19869011034923423,0.6,4.470051,-0.003042698,0.0010647774,18.98499994277954,5.28,1.79,2.81,0.15592113066342694,-0.004885008696642323,0.032669075691064364,0.00010873570589264858,0.0072123326949231625,0.28381118178367615,3.863307237625122,0.029051261031566078,-0.012462329708148978
2002-05-31,2.711572310591811,-0.2956730475634154,-0.2,4.4770474,-0.008059502,-0.003042698,19.900454607876863,5.21,1.71,2.84,0.08227023570051628,0.028892313676809778,8.753939278349776e-05,-1.208116124162828e-05,0.004871002165678817,0.16871166229248047,3.8404908180236816,-0.011778161098352058,0.021716170099391086
2002-06-30,2.653900488596581,-0.09983407889920014,0.3,4.480834,0.008577824,-0.008059502,20.08772711320357,5.16,1.73,2.98,-0.015005220885799808,0.03827613730627011,0.057058881738912604,-9.66545446510203e-05,0.0040096284673607485,0.2767774760723114,4.089163780212402,0.00530596059349886,-0.006764556848883885
2002-07-31,2.705825506080099,-0.19869011034923423,-0.3,4.4827886,-0.002298832,0.008577824,25.270999908447266,4.93,1.7,3.13,-0.051148574310533323,0.02104943450075414,-0.06525168960552286,7.249178429624692e-05,0.008215019236447851,0.22518354654312134,3.673884868621826,0.03299439203070964,0.10318965275181569
2002-08-31,2.7551240799470524,-0.19869011034923423,0.1,4.4868236,0.0071816444,-0.002298832,34.049544941295274,4.65,1.68,3.25,0.0664433369428643,-0.02487243447377807,-0.05088913320445343,-4.8327272297310486e-05,-0.00032197063949990223,0.17732180655002594,2.954308032989502,-0.03848081150837146,0.1391665517882794
2002-09-30,2.7979151723327456,-0.09983407889920014,0.1,4.4902544,-0.0040569305,0.0071816444,33.742727366360754,4.26,1.62,3.32,0.03494614892632031,-0.009718623523381709,-0.02784241414252797,1.2082037031291293e-05,-0.0011111535235635017,0.2581644654273987,3.130244016647339,-0.06864381170880307,0.12038185507605004
2002-10-31,2.767678785333321,-0.09983407889920014,-0.1,4.4932194,0.008193493,-0.0040569305,37.6475004196167,3.87,1.63,3.76,0.06353206010965007,0.028219222346096196,-0.05684938312826837,7.248915686242086e-05,0.0008486486965990636,0.5098593235015869,4.386018753051758,-0.0026897619628929448,0.14721460584067625
2002-11-30,2.6723421359806343,-0.09983407889920014,0.0,4.494311,0.02069807,0.008193493,35.243043484895125,3.94,1.58,3.82,-0.030622379368497654,-0.008117080905112317,-0.019859977987417565,-3.624392159640166e-05,-0.002084836336934792,0.5941870808601379,4.156506538391113,0.00488240382664884,0.03793097185506511
2002-12-31,2.783937719418004,7.327471962526006e-15,0.1,4.497813,0.001888752,0.02069807,28.174999713897705,4.05,1.23,3.38,-0.12382457108457734,0.007897717371853297,0.049621204339075575,2.4162760354773383e-05,0.0055865759173183704,0.3623828887939453,3.697484016418457,0.06187663661530873,-0.09163375856954747
2003-01-31,2.8925599425767174,0.19869011034924872,0.1,4.4944043,-0.024254322,0.001888752,28.21047628493536,4.03,1.19,3.48,0.15215471614184262,0.03948346157558991,-0.011154545605265298,0.0003261401344341053,-0.005576627290919234,0.48346298933029175,4.328754901885986,0.007516463509425364,-0.0963065221916013
2003-02-28,2.972311999345892,0.4812118250596101,0.1,4.5055285,0.0058817863,-0.024254322,27.424285707019624,4.05,1.17,3.16,0.0958133382604971,0.07244676975538678,-0.016847640035777545,-0.00038654813005489785,0.00848540572389922,0.8186229467391968,4.968297004699707,0.03536736418140851,-0.06017228188226209
2003-03-31,2.9038149177955064,0.4812118250596101,-0.3,4.505279,0.023600578,0.0058817863,32.218421032554225,3.9,1.17,3.21,0.049650496255157606,0.00589807375688256,-0.03625586070257647,8.45701721510217e-05,0.0011874209279270076,0.9446306228637695,5.824158191680908,0.01910578938765095,0.008316626257566462
2003-04-30,2.7356851913405116,0.568824898732254,0.1,4.5058036,0.0074043274,0.023600578,30.634285699753534,3.81,1.13,3.04,-0.06813944454647913,-0.052676861849554335,-0.027024341615749847,-1.2081015288600838e-05,-0.002631971347628159,0.8065186738967896,9.004739761352539,-0.015850198710655405,-0.09168875872432913
2003-05-31,2.733422682277514,0.39003531977072226,-0.3,4.5028596,-0.0154829025,0.0074043274,23.991904758271716,3.96,1.13,2.76,-0.1998232806096687,-0.03699971934032309,-0.03994323676568179,-3.624392159640166e-05,-0.005974715309085887,0.8890054821968079,6.5873847007751465,-0.041827644964429034,-0.025051427422074113
2003-06-30,2.820051642587098,0.2956730475634296,0.1,4.50128,-0.0005412102,-0.0154829025,20.23952375139509,3.57,1.07,2.85,0.03102823085820816,0.08047764638121979,0.05923582167468311,-3.6245235266019193e-05,-0.00027277943080949996,0.46542173624038696,4.000342845916748,0.039049811399026524,0.03893237021541829
2003-07-31,2.818081338404455,0.4812118250596101,0.3,4.505892,-0.01163578,-0.0005412102,20.362380799793062,3.33,0.92,2.81,0.06711957143935887,0.0018791216635660746,0.06180313897658607,9.66510414905919e-05,0.0012771147115513415,0.4519841969013214,3.5495827198028564,0.020387415592521663,-0.10358194693642364
2003-08-31,2.8403613373215033,0.4812118250596101,-0.2,4.513267,0.009175777,-0.01163578,19.16136360168457,3.98,0.9,2.58,0.024851965271524445,-0.015075804492245659,0.02502763004370756,-2.4161884628171038e-05,0.005125135550598792,0.38651493191719055,3.4111475944519043,0.016315540720330368,-0.020358494374237424
2003-09-30,2.7267823517221155,0.4812118250596101,0.0,4.511975,0.006611824,0.009175777,19.27428572518485,4.45,0.95,2.46,0.052879228167128645,0.024616177362588587,0.04053918147305069,-2.4162468438948537e-05,-0.002184157819974608,0.4040403962135315,3.3566434383392334,0.02530659139644431,0.14232841888962522
2003-10-31,2.797492369295502,0.7326682560454165,0.3,4.5214176,0.008677483,0.006611824,19.53238096691313,4.27,0.94,2.57,-0.09747375500393218,0.051931696556041906,0.06172629172378308,-1.2081453157453126e-05,0.006426751702139022,0.2971462309360504,2.8184759616851807,0.018580219132677378,-0.021463463054527843
2003-11-30,2.821700584980429,0.7326682560454165,-0.3,4.530474,0.013726234,0.008677483,18.0234783006751,4.29,0.92,2.36,0.08805222767661158,-6.597481084114065e-05,0.07447738254400882,-6.0409455306498216e-05,0.0012308567584176089,0.353194922208786,2.6449177265167236,0.07319707651955287,-0.004552067667449755
2003-12-31,2.85252775462423,1.0784510589549015,0.5,4.5337734,0.0033521652,0.013726234,17.401052575362357,4.3,0.93,2.33,-0.029314001228874176,0.028590842254272886,0.014984828524719163,4.83278561858036e-05,0.006682592049196856,0.28587764501571655,2.8708133697509766,0.0642075035656875,0.08324867966912208
2004-01-31,2.912082244267066,1.0784510589549015,-0.5,4.541109,0.017717361,0.0033521652,16.826363650235262,4.27,0.9,2.34,0.036023337997648675,0.04278175639728321,0.02449781834466158,-3.624567317661587e-05,0.0002959460294098548,0.4650866389274597,3.160040855407715,0.06994617780776657,0.025980665078845
2004-02-29,2.923558896253373,1.1379820462933719,0.1,4.539492,-0.003042221,0.017717361,16.100999975204466,4.15,0.88,2.19,0.04826130419275598,0.01665606571538447,0.07155284071972012,1.2082037031291293e-05,0.001520626219034149,0.3638966679573059,2.693431854248047,0.09499509307053078,0.015201681214297658
2004-03-31,2.977937250195534,1.015973134179697,-0.3,4.552454,-0.0003414154,-0.003042221,15.998421167072497,4.08,0.93,2.21,-0.01359712303182814,-0.021767978215882167,0.018551688733348115,1.2081891057835747e-05,0.00601430610916065,0.38830164074897766,2.816727876663208,0.12784791192451728,-0.03844973084768366
2004-04-30,2.9744290545509604,1.015973134179697,0.2,4.5522184,-0.0009903908,-0.0003414154,17.687391198199727,3.83,0.94,2.29,0.08613556240616749,0.004408881572596002,-0.042801353431704214,1.2081745087488827e-05,-0.004008755848768253,0.3231433629989624,3.165661096572876,0.08648122494416732,0.005732801110815089
2004-05-31,3.063520026687174,0.7326682560454167,-0.4,4.558726,-0.00043916702,-0.0009903908,15.6985715230306,4.35,0.94,2.05,-0.0012923339594577143,-0.008413153521058092,-0.04274765137056846,1.208159912069462e-05,0.0037074991758068165,0.4470139443874359,3.5463106632232666,-0.024737020625004824,0.02436664860344262
2004-06-30,3.002064748540911,0.6526665660823618,0.3,4.562057,-0.005098343,-0.00043916702,17.704999876022338,4.72,1.02,2.03,0.11188701622199382,-0.049514649131221056,-0.0665827051981811,-2.4163344208183446e-05,0.007197750706737338,0.4165933132171631,2.880948305130005,-0.07023192613932405,-0.019918135946719318
2004-07-31,3.0688765723372784,0.5688248987322541,0.0,4.561293,0.02157402,-0.005098343,15.35714290255592,4.73,1.27,2.09,-0.06556138532924916,0.02214605190571639,0.04043380607214253,-3.624611109831477e-05,-0.007832838806188569,0.4477344751358032,3.3609933853149414,-0.014551259337145517,-0.04516357693491191
2004-08-31,3.1676937961274967,0.5688248987322541,0.1,4.568147,0.0073919296,0.02157402,15.502380916050502,4.5,1.33,2.1,0.08281351830013728,0.014467704381216251,0.0053280958421702,3.624611109831477e-05,0.007443879683666665,0.3076273500919342,3.175800085067749,0.046413594134576464,-0.03323609983798903
2004-09-30,3.1867531486139598,0.5688248987322541,0.0,4.568674,-0.01411581,0.0073919296,16.684090744365346,4.28,1.48,2.19,0.11183634469738513,0.006058112620070943,0.021933477306985694,-3.624611109831477e-05,0.0006709667193680602,0.26446181535720825,3.450162649154663,0.009682794918672855,-0.08125455361446576
2004-10-31,3.326686167436757,0.4812118250596102,-0.1,4.5727,0.008624554,-0.01411581,14.08095241728283,4.13,1.65,2.11,0.010535877858728337,0.011827114041924602,0.04932522994677058,0.0,0.0012701843581544026,0.4247300624847412,3.508509635925293,0.020520729925181058,0.03829664100990282
2004-11-30,3.2299772513248723,0.7326682560454167,0.4,4.5771914,0.008363724,0.008624554,14.973809560139975,4.1,1.76,2.09,0.14177949406218637,0.03679301435418747,0.000766317498694491,0.0,0.008495312737233363,0.33203572034835815,2.9396610260009766,0.035938905678165156,-0.030132906564888984
2004-12-31,3.1180837716883105,0.6526665660823622,-0.4,4.5786633,-0.0041661263,0.008363724,13.577142897106352,4.19,2.07,1.95,-0.14378080084573064,0.04399439918310488,0.04440687178471592,-1.2082328989748703e-05,0.0024803554509942316,0.36324337124824524,2.9749932289123535,0.039389445080693974,0.032592576473128076
2005-01-31,3.1964978591808477,0.6526665660823622,0.1,4.582198,-0.004459858,-0.0041661263,12.459545438939875,4.23,2.19,1.86,-0.08488151900764862,0.006135336573597883,0.030155323356622077,0.0,0.007936241000935595,0.4096408486366272,2.5848655700683594,0.003022802967731053,-0.02855151881963014
2005-02-28,3.216169463270458,0.19869011034924908,-0.5,4.5899363,0.0035600662,-0.004459858,13.43799991607666,4.22,2.33,1.75,0.11680740236631149,-0.04168439169258509,-0.035163017013465137,0.0,0.0035900791158702816,0.4525432884693146,2.455801486968994,0.008977485377169359,-0.006297262281014682
2005-03-31,3.3366703686003767,0.19869011034924908,0.5,4.5905347,0.004199505,0.0035600662,11.708947482861971,4.17,2.54,1.59,0.021471308490186303,-0.001604947357655817,0.019542334829649732,0.0,0.007232846062771081,0.6273525953292847,2.622012138366699,0.024630251195286945,0.002854706893506531
2005-04-30,3.309905961452748,0.19869011034924908,0.0,4.5928926,0.004046917,0.004199505,13.126363667574795,4.5,2.74,1.64,0.15509980196060047,0.024499592151212113,-0.0101199309122606,0.0,-0.0013521797796176571,0.5297520160675049,2.1218717098236084,0.03978933173899435,0.05395298940802995
2005-05-31,3.247993223438928,0.19869011034924908,0.0,4.6001654,0.0042300224,0.004046917,14.459047589983259,4.34,2.78,1.76,-0.023255740086346677,-0.010698957206566995,-0.008192501648112582,0.0,0.0021501954438223336,0.36493128538131714,1.9423761367797852,0.0032221101021239207,-0.07916590456364325
2005-06-30,3.368843418636852,0.19869011034924908,0.0,4.596403,0.0011792183,0.0042300224,13.967618987673806,4.14,2.84,1.9,-0.06444841375955157,-0.017295574158115556,0.011920274796191066,0.0,0.0008997205268519437,0.41267943382263184,2.28169846534729,-0.04461415446651351,-0.007606824274836832
2005-07-31,3.405123306308627,0.29567304756342977,0.1,4.6030793,-0.005308628,0.0011792183,11.868636348030783,4.0,2.97,1.87,0.11096987056959984,0.020607628727276506,0.012253888297015791,0.0,0.004487529157463754,0.388472318649292,1.9303158521652222,0.0850610304294257,0.027472573315349358
2005-08-31,3.5004710776782306,0.4812118250596102,0.1,4.603971,-0.0017962456,-0.005308628,11.049000024795532,4.18,3.22,1.67,0.05660447032430316,-0.014449415039034186,0.03285579704005315,-0.02086499289286392,-0.003171466288216962,0.7235094904899597,3.4862778186798096,0.022064967220961407,0.060905343835305104
2005-09-30,3.4959891660411455,0.5688248987322541,-0.1,4.6071672,-5.38826e-05,-0.0017962456,12.951304394265879,4.26,3.44,1.77,0.1064921844459592,0.031196545689636146,0.04495507508183749,-0.0007158108096874116,0.003253788346562203,0.3948986828327179,2.485919713973999,0.04958403485817797,0.010651548111801468
2005-10-31,3.444447365455972,0.5688248987322541,-0.1,4.608006,-0.0057382584,-5.38826e-05,12.628095263526554,4.2,3.42,1.81,-0.0169486660109186,0.040538986879808725,0.0042060534071239886,-0.0009634507100328982,-0.0195638287695461,0.4994596540927887,2.362940788269043,0.015374715902840563,0.0433466909903375
2005-11-30,3.382000325640033,0.6526665660823618,0.1,4.613771,0.0008187294,-0.0057382584,14.937618982224237,4.46,3.71,1.83,-0.07199035422023492,0.029917582742480242,-0.036711129577479795,-0.0009272711077668028,0.012064329407210472,0.24705544114112854,2.013789176940918,0.05199403074004039,0.040557058765625875
2005-12-31,3.4011973816621555,0.5688248987322541,-0.2,4.6243668,0.0077991486,0.0008187294,12.147619111197335,4.54,3.88,1.89,-0.05796563540263833,0.014300386108483387,0.007946070111040981,-0.0005072719395626812,0.01117751662149491,0.3903748095035553,1.7658361196517944,0.05328444128764609,-0.04809944031841695
2006-01-31,3.4925617615131275,0.6526665660823618,0.2,4.6309676,0.0026741028,0.0077991486,11.260000001816522,4.47,3.89,1.82,0.028796488060371495,0.06778486772835546,0.02037908477555206,-0.0012631111359495684,0.005151693564231508,0.2132396697998047,2.129260778427124,0.0675264256301169,0.02634063900656347
2006-02-28,3.431006093434505,0.6526665660823618,-0.1,4.6297126,-0.00718832,0.0026741028,12.03600001335144,4.42,4.24,1.78,0.10238365270132999,0.07507007121048037,0.030144449474001078,-0.0011654579460658177,0.0015766002009156566,0.6309633851051331,2.19144344329834,0.03580132426662175,0.03215461985429169
2006-03-31,3.4499001092727166,0.6526665660823618,0.0,4.6383758,-4.863739e-05,-0.00718832,12.47105262154027,4.57,4.43,1.65,-0.04506193151030402,0.009288129774541964,0.003548966344993687,-0.0023971742225890047,0.0004215001803382634,0.471232533454895,2.225618600845337,0.04756979745601875,0.09444577746096083
2006-04-30,3.5474157656362264,0.9503469298211393,0.4,4.6415167,-0.0018153191,-4.863739e-05,11.693913003672725,4.72,4.51,1.69,0.03034026884618246,0.003773087181875745,0.009438712984096043,-0.0030887670743910967,0.002252114659746063,0.5279770493507385,2.1922523975372314,0.029451397396512036,-0.01966631720999512
2006-05-31,3.5622083026878215,0.9503469298211393,-0.4,4.6456046,0.000831604,-0.0018153191,11.847368441129985,4.99,4.6,1.67,0.12402392651514216,0.09179668452414802,0.04977617584057903,-2.4948232418608995e-05,0.0030320784432706915,0.538999080657959,2.043182611465454,0.22312045092628807,0.034166329594749634
2006-06-30,3.5600094160699065,0.8813735870195485,-0.1,4.6523504,-0.0062232018,0.000831604,14.454545411196621,5.11,4.72,1.66,-0.006898827367874283,0.10076586726628456,-0.0035592141686855427,0.0006235191622381286,0.0002541145564114444,0.5686069130897522,2.0020949840545654,0.22982092048206937,0.09121119861037119
2006-07-31,3.602047280565492,1.0784510589549017,0.4,4.655618,-4.1484833e-05,-0.0062232018,16.91863627867265,5.11,4.79,1.67,-0.01765421599629846,-0.12481081760306889,-0.04645843003104666,-0.00339664907791537,0.0031614092164247154,0.5409652590751648,2.342168092727661,-0.10957420084641534,0.0017952478011009632
2006-08-31,3.5791752033961752,1.1947632172871134,-0.1,4.6588645,0.014077663,-4.1484833e-05,15.325999879837036,5.09,4.95,1.68,0.07200423001381573,0.06110751047657814,0.04547012803796946,-0.0031697733154669727,-0.0005127465055316804,0.7432346343994141,2.9761147499084473,0.06744788019254244,0.024717939625716667
2006-09-30,3.449799681844561,1.1947632172871134,-0.2,4.662782,-0.0038003922,0.014077663,13.351739137069039,4.88,4.96,1.73,-0.006042723212132728,-0.0017641911765347018,0.04060299443746018,-0.0019092125275852467,0.004379138878333855,0.47116532921791077,3.0335302352905273,-0.004733500881251018,-0.09369058232507932
2006-10-31,3.3728991350899205,1.3008204268406507,0.2,4.6665936,-0.004965782,-0.0038003922,12.184499979019165,4.72,4.81,1.72,-0.16714515134204344,-0.05592550298811183,0.012533743098819272,-0.006280841442459106,-0.0016629623569395235,0.49172863364219666,2.479890823364258,-0.008830151529640062,-0.0011334427509313016
2006-11-30,3.3806915368694708,1.3979983651114376,0.0,4.6691585,0.0045466423,-0.004965782,11.306363625959916,4.73,4.92,1.64,-0.06933563932484788,-0.020957449912380355,0.035652643967937436,-0.0032314300256035544,-0.0011474759561265202,1.0864711999893188,2.5926477909088135,-0.016565634898764614,0.10078333769734105
2006-12-31,3.4190898563867784,1.4436354751788136,-0.1,4.6810064,-0.005899906,0.0045466423,10.817619051252093,4.6,4.94,1.64,0.01635423830971483,0.06932035834460404,0.05240768143577945,-0.005664295176323719,-0.0004204326283367976,0.42811599373817444,1.9614392518997192,-0.06447102535047478,-0.0007195797964660855
2007-01-31,3.2892980925436603,1.3979983651114376,-0.2,4.687407,-0.0010704994,-0.005899906,10.964500045776367,4.56,4.85,1.64,0.061235583406330285,0.003123367503705232,0.008481311692824178,-0.003823998623304181,0.010141747096689357,0.41284701228141785,2.0609843730926514,-0.05082274292737132,-0.015319744865120555
2007-02-28,3.3678775043573994,1.3979983651114376,0.1,4.6932206,-0.0047488213,-0.0010704994,11.042500066757203,4.76,4.98,1.57,-0.15165303628350024,0.002180884114189041,0.05513976534769327,-0.004198908291098036,-0.0033888659943164257,0.3582458198070526,2.368746042251587,-0.16066932980693238,-0.039556422383116185
2007-03-31,3.384390923847974,1.350440740274976,-0.1,4.6953373,0.0042743683,-0.0047488213,11.155263097662674,4.72,5.03,1.6,0.06968762408875051,0.05183460604203738,0.014331063928645804,-0.00391945010666106,0.009378469307674386,0.5049505233764648,2.3036303520202637,0.005050918275760097,0.015528754447816873
2007-04-30,3.4361743686988286,1.350440740274976,0.1,4.7018595,-8.106232e-05,0.0042743683,15.162727269259365,4.56,4.94,1.75,0.07519310796485179,-0.014928591028705362,-0.0577755440620038,-0.0023020922984846592,0.0017786154493029116,0.41057074069976807,1.9545481204986572,0.1228033853007009,-0.011211846641378642
2007-05-31,3.4240454547349075,1.350440740274976,0.0,4.7032137,0.0028185844,-8.106232e-05,12.93299994468689,4.69,4.87,1.68,0.08396921230447241,0.036688036793069756,0.055362922133280534,-0.0018403084469662545,0.006700319901752572,0.3333119750022888,1.7691173553466797,0.18167527799174366,0.029801093702516823
2007-06-30,3.483152854078167,1.24898332790488,-0.2,4.712343,-0.007405281,0.0028185844,13.297727324745871,4.75,4.73,1.6,-0.004061188674490346,-0.017908248673735194,0.013287746429650582,-0.007473701180763737,0.0009559214748104949,0.3244646191596985,1.9922128915786743,-0.009771095249629269,-0.0030821284510675895
2007-07-31,3.5760371559951634,1.0784510589549015,-0.1,4.7138333,-0.0053696632,-0.007405281,14.947618938627697,5.1,4.61,1.59,0.05546767230499405,-0.0176123436597182,0.024741900004267237,-0.005188826862458473,0.0005768477837078123,0.38356685638427734,2.1809420585632324,-0.021553261014783942,0.14856296820723447
2007-08-31,3.5513025190386496,1.1379820462933719,0.4,4.7183022,0.008120537,-0.0053696632,17.273333277021134,5.0,4.82,1.85,0.07957238444141979,0.014715944123063984,0.07469012053706159,-0.005268716086826775,-0.0012002567099926864,0.37548959255218506,2.392127752304077,0.06025554030778579,0.07230292844555919
2007-09-30,3.6461570021260896,1.1379820462933719,-0.1,4.7225947,-0.008511066,0.008120537,25.026086724322774,4.67,4.2,2.05,-0.08358975931726853,4.6588833266802965e-05,-0.02467010082151333,-0.0034131080480483966,0.0019240393848489745,0.2856508195400238,1.9360777139663696,-0.062124880942798555,0.08081210630528446
2007-10-31,3.7185974337567096,1.015973134179697,-0.2,4.7232323,0.008975983,-0.008511066,22.19894740456029,4.52,3.89,2.0,0.08674554275297375,0.06858973107484267,0.11611923694275816,-0.007101565851887592,0.002220126784417964,0.5693193078041077,2.180305242538452,0.022562317423750144,0.21343663895884468
2007-11-30,3.803967962207191,1.015973134179697,0.2,4.7297955,0.009875298,0.008975983,19.115652084350586,4.53,3.9,1.99,0.06480531543521106,0.057198482405532936,0.1483763302601382,-0.0032885531942903334,-0.002824061214514728,0.5663777589797974,2.3484654426574707,0.044518995477741186,0.01887753042677609
2007-12-31,3.770054748122804,1.1379820462933719,0.2,4.7339406,-0.0036087036,0.009875298,25.582380930582683,4.15,3.27,2.47,0.11542455765286697,0.06619827914896259,-0.02758958385058108,-0.011203090269506832,0.005320711796714228,0.45537614822387695,1.9533239603042603,-0.14220119118751562,-0.05808822962914029
2008-01-31,3.7798252074015197,1.1379820462933719,-0.2,4.736068,0.008248806,-0.0036087036,21.651000022888184,4.1,3.0,2.52,-0.01622632371433408,-0.0037839034965001517,-0.00833785573195911,-0.012316567588692262,0.00034876070631284506,0.4925629496574402,2.1452412605285645,-0.048094589260013976,0.16894241411579092
2008-02-29,3.8029029166430406,1.0784510589549015,-0.1,4.750815,0.0025310516,0.008248806,25.816190719604492,3.74,2.75,2.96,0.013667273293426874,0.10215881898667512,-0.09927828421426277,-0.015584300374774207,-0.0013243734009682484,0.3518824279308319,1.8372621536254883,0.06540398727705643,-0.009206148289581328
2008-03-31,3.90105645433899,0.8813735870195482,-0.2,4.7453694,0.0011949539,0.0025310516,25.456000137329102,3.74,2.12,3.22,0.030012252665754247,0.03610207877058258,-0.06312213109201181,-0.009836855991731008,-0.003929670898134674,0.28606846928596497,1.7704459428787231,0.11493738894036021,0.1585708807127606
2008-04-30,3.9630404861050716,0.6526665660823617,0.0,4.7422295,0.0030255318,0.0011949539,27.103500080108642,3.51,1.26,3.45,0.08714515898264175,0.048811952158973604,-0.058702520715501194,-0.014090224969157683,-0.003050488801082274,0.343717098236084,1.6349786520004272,0.06025139548665592,0.02492125565168024
2008-05-31,4.064994063872682,0.8088669356527879,0.5,4.7465177,-0.0076613426,0.0030255318,21.562727321277965,3.68,1.29,3.1,0.0511224450366754,-0.06255996277610354,0.08902840589948191,-0.0035716874886744243,-0.006472955790125745,0.29452750086784363,1.6309856176376343,0.03264319548752148,-0.2114453473718143
2008-06-30,4.1204587402721,0.8813735870195482,-0.1,4.737676,0.004280567,-0.0076613426,18.303333009992325,3.88,1.73,3.0,0.11853136854793522,-0.02340228509985387,0.02691387035420334,-0.006749505051600435,-0.006076205184033512,0.3968859612941742,1.6150206327438354,-0.0419569896500942,-0.12508755229652113
2008-07-31,4.109677338090002,0.8813735870195482,-0.1,4.740306,9.918213e-05,0.004280567,22.11047617594401,4.1,1.86,3.05,0.07470747620323781,0.0009279302592384298,-0.0854803341949637,-0.011725536723057095,-0.0023354873224965544,0.37186846137046814,1.856080412864685,-0.007703608319571842,0.08547841420147506
2008-08-31,3.976350017620101,0.9503469298211393,0.1,4.7336216,0.009791374,9.918213e-05,24.32136362249201,4.01,1.63,3.22,0.002986721397600256,0.054991276362014396,-0.048832435527407014,-0.002963960148838929,-0.003580204065057657,0.45245879888534546,2.0377159118652344,0.01377608341313774,-0.04802490681431326
2008-09-30,3.8600891558933683,0.8813735870195482,-0.2,4.7245812,-0.014628887,0.009791374,20.695714133126394,3.89,1.72,3.29,-0.15868905059097305,-0.11339678925067354,-0.03202547669321909,-0.001990632975844342,-0.01582441580561067,0.3737195134162903,1.955353856086731,-0.0964815225920983,0.01569501719218458
2008-10-31,3.5645454795055684,0.6526665660823617,-0.2,4.714395,-0.013556004,-0.014628887,30.238571348644438,3.69,1.13,4.0,-0.15241061552051072,-0.010896733677562054,-0.09887752040533648,-0.005185430749319986,-0.04504760056956236,0.38403958082199097,2.0341079235076904,-0.09023713586807958,-0.14522443530064066
2008-11-30,3.2939008930205316,0.7326682560454165,0.4,4.698828,0.013561726,-0.013556004,61.1773912181025,3.81,0.67,5.53,-0.3062822050220051,-0.028491092154036224,-0.2549786743779201,0.007176063725164328,0.009892320608246408,0.34989064931869507,1.380818486213684,-0.35415654923533957,-0.2602461638283309
2008-12-31,2.9654873259788794,0.8813735870195482,0.1,4.671416,-0.0022554398,0.013561726,62.639473362972865,3.53,0.19,6.1,-0.3109355685932109,-0.058399362195705073,-0.10065799441797552,-0.0019613302345706796,-0.013288653060593347,0.3007163107395172,1.7603729963302612,-0.2720016887817156,-0.043647810570926815
2009-01-31,2.9803599006514325,0.9503469298211393,-0.1,4.6387634,-0.0104289055,-0.0022554398,52.405000166459516,2.42,0.03,5.82,-0.2723614826512213,0.0700737783330947,0.07118684929034025,-0.00042497381188999483,-0.028604196853907915,0.2908385992050171,1.924009084701538,-0.18314599409994692,-0.027522552512809995
2009-02-28,2.912919774433242,0.8813735870195482,-0.2,4.610062,-0.013075829,-0.0104289055,44.68300018310547,2.52,0.13,5.38,0.0838201414008819,0.05088087839307853,-0.05502507076663932,0.0024447921295305264,-0.02525918032014296,0.24879920482635498,1.7657831907272339,0.04879235499229395,0.11223942369542694
2009-03-31,3.117035984723754,0.5688248987322538,-0.3,4.618485,0.006734371,-0.013075829,45.57052592227333,2.87,0.3,5.22,-0.002645403889880882,0.09365831053348384,-0.04654291757848483,4.386381747512047e-05,-0.006104174649481209,0.31212395429611206,1.58318293094635,0.020658721193527185,-0.07901348921685347
2009-04-30,3.1530593122140997,0.4812118250596101,0.3,4.613539,-0.001844883,0.006734371,44.7954548922452,2.82,0.21,5.74,0.07159816305535083,-0.02005880008441796,-0.028636724632074007,-0.0009654487160484226,-0.015779695625957935,0.2463396042585373,1.637637972831726,0.1248116064253324,0.019657824779189426
2009-05-31,3.32402037706996,0.3900353197707221,0.0,4.615401,0.0031199455,-0.001844883,38.063809349423366,2.93,0.16,5.08,0.07533257420905448,-0.03756132596728534,0.16054727201016483,-0.0021830071156023756,-0.008325115063071209,0.5855985879898071,1.995373010635376,0.162654498920217,0.00893571439041807
2009-06-30,3.479422711916167,0.7326682560454165,0.5,4.621071,-0.0057587624,0.0031199455,31.97799997329712,3.29,0.18,4.29,0.1326897539813352,0.04228037787729999,0.1262074583055952,0.0014363396334171608,-0.010150910930024182,0.3955696225166321,2.078538656234741,0.034236601971938896,0.12302368581441847
2009-07-31,3.396095734743211,1.0159731341796967,-1.110223e-16,4.630795,0.0022244453,-0.0057587624,29.140454725785688,3.72,0.18,3.64,0.18008741883318802,0.018167136525669036,0.07341260399575411,0.0003514423817108092,-0.003775936043751038,0.40985146164894104,1.759729266166687,0.08832135211465086,0.0005659080954618645
2009-08-31,3.4959891200290767,1.0159731341796967,-0.4,4.6396046,0.012168884,0.0022244453,26.16272735595703,3.56,0.18,3.11,-0.06276765357873959,-0.012173151197171883,0.03013998214560054,0.0002488636459656579,0.011226962849123723,0.38972947001457214,1.9257221221923828,0.04158827563480294,-0.15166545900002149
2009-09-30,3.4712865512852877,1.0159731341796967,0.0,4.64781,-0.007115841,0.012168884,25.33714285350981,3.59,0.17,2.98,0.11804076343256842,0.016083353562486025,0.07987017829158738,-0.0002927871897242529,0.010907281117748191,0.380121648311615,1.6925415992736816,0.166704681486058,-0.084193631881476
2009-10-31,3.555900179058963,1.0159731341796967,0.0,4.6590447,0.0061888695,-0.007115841,24.926666713896253,3.4,0.12,2.86,-0.0694137406936326,0.048536581752094854,0.021500495503133266,-0.0005418823954919105,0.008775750967465079,0.6145908236503601,2.2041807174682617,0.003051092980275172,-0.13467356538390707
2009-11-30,3.581929014530681,1.24898332790488,0.4,4.663889,0.0058312416,0.0061888695,24.252272865988992,3.39,0.07,2.86,0.07300649522943736,0.045668433150667376,0.03496921352253146,2.9298448649184294e-05,0.0026918316470805337,0.42671218514442444,2.1051135063171387,0.01763618595707861,0.042394258508829274
2009-12-31,3.531785982994759,1.3008204268406505,-0.3,4.6731606,0.0013332367,0.0058312416,23.783499908447265,3.4,0.05,2.99,0.052108612828035916,0.07733756848887019,0.02526935278143938,1.4648902431302346e-05,0.004328725221761864,0.37357527017593384,1.7382686138153076,0.057983502489285854,0.08137785248949836
2010-01-31,3.582551878722567,0.9503469298211391,-0.7,4.6790433,-0.004078865,0.0013332367,21.239545475352894,3.59,0.05,2.54,-0.02919291805628621,0.006798271796608191,-0.021450354017890305,-8.789663361552513e-05,0.00404986001487373,0.36607933044433594,2.2085444927215576,0.0431323508030399,-0.03700233601702774
2010-02-28,3.560223181290698,0.8088669356527879,0.4,4.697462,0.0021886826,-0.004078865,20.643157758210833,3.73,0.06,2.57,0.022719904248256206,-0.01488117018304358,-0.015715147426877962,0.00013184205341132404,0.010840638479048259,0.3660024404525757,2.0555288791656494,0.054445856701274664,-0.019669416184024513
2010-03-31,3.621055162738231,0.7326682560454165,0.1,4.6961536,0.0067629814,0.0021886826,22.540000012046413,3.69,0.11,2.62,-0.03222359427558619,-0.020376818265190444,-0.05593803345613324,-0.00014649224349772005,0.0037459440910962982,0.5097396969795227,1.8095757961273193,-0.07023584807226868,-0.04672001831852235
2010-04-30,3.659932231906123,0.8813735870195482,0.3,4.710696,0.004703045,0.0067629814,17.767391287762187,3.73,0.15,2.47,0.06655100109457734,0.016230350620342726,0.04090448587508355,0.0,0.006833361127325688,0.37673091888427734,1.6630464792251587,0.08365895692628911,-0.023356352540219838
2010-05-31,3.5258379093073438,1.0159731341796967,-1.110223e-16,4.7152348,-0.0007863045,0.004703045,17.42428566160656,3.85,0.16,2.38,0.07324275115604628,0.03125860979460615,0.02464385197307095,-0.00016116625799500461,0.003386556200029922,0.5623576045036316,1.9718109369277954,0.03460326245284051,0.0023068173008260473
2010-06-30,3.5465001270629792,0.9503469298211391,-0.3,4.7236705,0.0018920898,-0.0007863045,31.929500007629393,3.42,0.16,2.89,-0.11048731522404243,0.048219246550671,-0.0804158607937584,0.000849493284432512,0.013418531682922286,0.6482871770858765,2.033574342727661,-0.12183853477624496,0.009538210987853013
2010-07-31,3.558078642229409,0.8813735870195482,0.0,4.7217197,0.000934124,0.0018920898,29.91636371612549,3.2,0.12,3.08,-0.015720835142258416,0.02254567160307719,0.007920998785259314,-0.0071995609247723635,0.0018475022092525606,0.37151703238487244,2.119023084640503,-0.05121638610064494,-0.05929899606804412
2010-08-31,3.5624934195196363,0.8813735870195482,0.1,4.726373,0.0025687218,0.000934124,25.565237862723215,3.01,0.16,2.91,0.01089655528339506,-0.03294269654783477,0.016148995412214262,-0.0011803763819784319,0.003789845743598974,0.2180488109588623,1.6248153448104858,0.03759375691685207,0.20268344354184809
2010-09-30,3.5410273784044803,0.9503469298211391,0.1,4.730117,-0.0017819405,0.0025687218,24.745908997275613,2.7,0.16,3.01,0.01912716942839854,0.01896787820690271,0.03261647646733046,0.004918863559737696,0.00365793559629779,0.32666242122650146,1.7309353351593018,0.07861290182727565,0.1850141264764984
2010-10-31,3.621437642448449,0.9503469298211391,-0.1,4.732421,0.0044355392,-0.0017819405,22.51761899675642,2.65,0.15,3.05,0.010342688064231886,0.04437537472049957,0.025679742672394923,-0.01724819383548515,0.00294342526586977,0.3376002311706543,1.5473343133926392,0.05681636044757887,0.089367757929395
2010-11-30,3.645890092892566,1.0159731341796967,0.1,4.7372,-0.0020213127,0.0044355392,20.3733332497733,2.54,0.13,3.15,0.060131860342785615,0.05439302608899421,0.0731353649255464,-0.00296380781574368,-0.002837691245095364,0.2827645242214203,1.4335503578186035,0.06996530925720101,-0.02455799150304827
2010-12-31,3.698485190258631,1.0159731341796967,-0.1,4.7429457,0.006228924,-0.0020213127,20.095714387439546,2.76,0.14,3.03,0.031085120456827653,0.02054860255375157,0.021392962428883777,-0.0005548183112398242,0.0008691845526112019,0.681317925453186,2.0334718227386475,0.020141200727435304,0.03039682758295026
2011-01-31,3.699506059216371,1.4436354751788134,0.8,4.7546234,-0.0008330345,0.006228924,17.569545529105447,3.29,0.14,2.68,0.06987904503623898,0.014973985052265881,-0.03233165975415275,-0.010100334603543315,0.009737829134778053,0.5287208557128906,2.1148834228515625,0.0789036379100363,0.12651703590693497
2011-02-28,3.698084449938265,1.4436354751788134,-0.8,4.7683964,0.008443832,-0.0008330345,17.31549987792969,3.39,0.15,2.68,0.054028920764187305,-0.021878631897767065,0.03484138905412948,0.0002575425906357065,-0.0021083561409289686,0.46701905131340027,1.5277677774429321,0.0407143564502892,0.07552702544866907
2011-03-31,3.831938451998062,1.4436354751788134,0.0,4.7667403,-0.011192322,0.008443832,17.4299999036287,3.58,0.13,2.57,0.07187293729161404,0.01039809890719745,-0.028391749519542486,-0.004615509598026479,-0.0039787481289410565,0.39840638637542725,1.802498698234558,0.035826952876194085,0.0704738172341246
2011-04-30,3.893952977780772,1.4436354751788134,0.0,4.763849,-0.01388216,-0.011192322,20.72347815140434,3.41,0.1,2.58,0.10016768448037539,0.03472903823624929,-0.0037347511755658758,-0.0035062080494110415,0.010348991071804647,0.5290300846099854,2.9379470348358154,-0.038962112887832134,-0.1069878332794838
2011-05-31,3.8083148953935044,1.4436354751788134,0.0,4.75884,-0.002398491,-0.01388216,16.244000005722047,3.46,0.06,2.58,0.07245980733856072,0.039693243391242916,0.03872118355094756,-0.008942943259579339,-0.00323549938184442,0.2683459222316742,1.9177788496017456,-0.0021709244454921617,0.07386914922687726
2011-06-30,3.757296849185471,1.4874828366412745,0.1,4.768003,-0.008597851,-0.002398491,16.911428587777273,3.17,0.04,2.65,-0.06945004539198685,0.02117354369797475,-0.03652975000862568,-0.0017580930765612734,0.0012053529354325576,0.207076296210289,2.2956907749176025,-0.059870411300616766,-0.00019483507272788358
2011-07-31,3.763983592929994,1.4874828366412745,-0.1,4.770604,0.010762215,-0.008597851,19.15318202972412,3.0,0.04,2.72,-0.01010282641694804,0.011032545152545481,-0.03598121176451663,-0.0023334708975719654,0.0030203149621863545,0.3636625409126282,1.7967090606689453,0.015021208392834495,-0.07394746889800885
2011-08-31,3.642343432373135,1.4874828366412745,0.0,4.7736454,0.0058932304,0.010762215,19.22749991416931,3.0,0.04,2.77,0.027213354101601084,0.027976332229376233,-0.0027829912251178257,-0.004263737611728491,0.004915055867338758,0.2691740393638611,1.5707964897155762,0.06238087102178369,-0.049710854822691886
2011-09-30,3.6317991754242147,1.3504407402749758,-0.3,4.775808,0.0057382584,0.0058932304,35.02913035517154,2.3,0.02,3.25,-0.0594731689540815,0.11192547131958186,-0.09142512211861309,-0.00908401882634835,0.006728443816048646,0.29977142810821533,1.704949975013733,-0.07000495919150218,0.06152465067232438
2011-10-31,3.6404255068461535,1.3504407402749758,0.3,4.7751913,-0.008859634,0.0057382584,36.52999977838425,1.98,0.01,3.3,0.023441779511808036,0.00743670504644367,-0.06995624332946626,3.135828407740959e-05,-0.0008274225944706615,0.28053978085517883,1.6370738744735718,-0.08072912348990435,-0.058294253845123656
2011-11-30,3.7563495389453276,1.3979983651114376,0.1,4.775327,0.0067982674,-0.008859634,32.82904770260765,2.15,0.02,3.02,-0.029534957933480044,-0.06150424215099193,-0.032580293429775864,-0.0036598719844125327,0.006916436587234287,0.3722563683986664,1.5346795320510864,-0.11557732292576972,-0.07925599504796743
2011-12-31,3.7700052275477294,1.3979983651114376,-0.1,4.771877,0.013243198,0.0067982674,31.941904703776043,2.01,0.01,3.24,0.011057717691737246,0.042626621689110245,0.02758267802610881,0.003424660881364172,-8.659124192433865e-05,0.5906422138214111,1.7399039268493652,0.02495349389950796,-0.02842723601384911
2012-01-31,3.7840850903009327,1.3979983651114376,0.0,4.774193,0.0049419403,0.013243198,25.047619047619047,1.98,0.01,3.27,-0.026507350147570108,-0.058632286386279375,-0.01482148800721994,-0.013038447116262342,0.0052922619015616235,0.551498532295227,1.8332573175430298,-0.002925745400712998,-0.035285421360979896
2012-02-29,3.801803409599163,1.3979983651114376,0.0,4.7819295,0.002585411,0.0049419403,20.227999877929687,1.97,0.03,3.24,0.025765930199859177,0.008548876904793445,0.047412555180848415,0.002237758732236639,0.005946556615738174,0.5609212517738342,1.7756315469741821,0.06442895848881669,0.03186300028835998
2012-03-31,3.837521274960608,1.3979983651114376,0.0,4.784034,0.0032291412,0.002585411,18.420499992370605,1.97,0.09,3.1,0.07517025991298798,0.053424572580746954,0.08070561316956493,-0.0023013143513692658,0.003210503784291774,0.8188916444778442,1.9082080125808716,0.04600727958473172,0.009304486725539185
2012-04-30,3.8085596720050425,1.3504407402749758,-0.1,4.779044,-0.0025362968,0.0032291412,16.16727287119085,2.17,0.08,3.07,0.05000341526064833,-0.040271229792087304,-0.0054796615923180525,0.0006353744952056761,-0.0051911748236843636,0.6241809725761414,1.910476565361023,0.0034644694279695187,-0.010161516996882725
2012-05-31,3.7234162437410943,1.3008204268406505,0.0,4.772037,0.0041418076,-0.0025362968,17.822999906539916,2.05,0.08,3.2,-0.049210391593126346,-0.016089846828712062,-0.016662144066716067,-0.0029419971126558586,0.007167758505782551,0.8006070852279663,1.9654715061187744,-0.022112901887547665,-0.06536653835823092
2012-06-30,3.585235737121928,1.3504407402749758,0.2,4.7780023,-0.009376049,0.0041418076,21.001818136735395,1.8,0.09,3.4,-0.07909845519604097,-0.03716026154804464,-0.052174976055122,0.014137528507740305,0.002306548336549419,0.4804913401603699,1.6257225275039673,-0.048038746610634675,0.003472162257365241
2012-07-31,3.6497812235070453,1.3504407402749758,-0.1,4.774007,-0.0023884773,-0.009376049,21.130952290126256,1.62,0.09,3.39,-0.14804754467968984,0.0060982684754202765,-0.035014322388208896,-0.002421118355316443,5.529183852992503e-05,0.4788089692592621,1.488796591758728,-0.06117581525753124,0.05560009109559516
2012-08-31,3.7124429253250324,1.24898332790488,-0.2,4.775085,0.0025343895,-0.0023884773,17.565238180614653,1.53,0.1,3.27,0.07550427694214701,-0.0027998327117018107,0.02271443893889824,0.0012584554122709868,0.0020967842001429204,0.4890446364879608,1.6981786489486694,0.020779613523497886,0.25018090108150304
2012-09-30,3.7136127136452486,1.3008204268406505,0.3,4.7720966,-0.00029087067,0.0025343895,15.689565119536027,1.68,0.1,3.21,0.09951515162204583,0.022341684718775845,0.029033253918813173,-0.0019827850454008367,-0.00428827046970337,0.3026905953884125,1.7376681566238403,-0.009782263648544287,0.015334236273127466
2012-10-31,3.655014820242257,1.3008204268406505,-0.1,4.7686276,-0.0071163177,-0.00029087067,15.284736834074321,1.72,0.11,3.07,-0.004353319969321312,0.06787548641971064,0.013968410885668803,-0.01006879291331142,-0.000733960055224081,0.3664883077144623,1.5685700178146362,0.07405668070638782,0.0034951956740867374
2012-11-30,3.6236675502409943,1.3008204268406505,0.0,4.773697,0.008169174,-0.0071163177,16.276190576099214,1.75,0.1,2.73,-0.010266744402199102,0.0010139229084327184,0.05037376645980629,-0.007602656009361608,0.0034679632891858603,0.3419399857521057,1.5631542205810547,-0.003183934494527918,0.00552636086363556
2012-12-31,3.6419699186782837,1.3008204268406505,0.0,4.7723413,0.006975651,0.008169174,16.70190484183175,1.65,0.09,2.95,-0.024028921220294208,-0.01438226519703889,0.01763397832397473,-0.001716986549527233,0.0036609386281414302,0.30514848232269287,1.5683213472366333,-0.04448835517740335,0.0032988097680144435
2013-01-31,3.7104257910938063,1.3008204268406505,0.0,4.7755275,-0.0010967255,0.006975651,17.306999826431273,1.72,0.07,2.85,0.003984662772073655,-0.02165301737883496,0.0346240406318401,0.0005780068558398632,0.0023667469005932418,0.30677229166030884,1.5649269819259644,0.03256624364431282,-0.05277182521797652
2013-02-28,3.7116418074799835,1.3008204268406505,0.0,4.779535,-0.008278847,-0.0010967255,13.505238124302455,1.91,0.07,2.82,0.031164020510198398,-0.007694706098208215,0.04611549179354668,-0.001847583004061626,0.0002451126233573575,0.34127187728881836,1.757733702659607,0.010892812601236201,-0.05016954519942374
2013-03-31,3.6903550183116542,1.350440740274976,0.1,4.779364,-0.0027666092,-0.008278847,14.07263163516396,1.98,0.1,2.89,0.02699189421546233,-0.026841496510779272,-0.013397390096912432,0.00043408709754855224,0.004666005179331911,0.4657588303089142,1.8393527269363403,0.0008919037064529789,-0.05907079179381114
2013-04-30,3.68185735465749,1.4436354751788136,0.1,4.7820635,0.0027680397,-0.0027666092,13.031500005722046,1.96,0.09,2.96,-0.06751515503246175,-0.021415089268050913,-0.028041348420966727,-0.0016891760035153691,0.004020487651326121,0.4113183319568634,1.6417275667190552,-0.05201225702879064,-0.031166676190517606
2013-05-31,3.710663536867923,1.4436354751788136,-0.2,4.7858834,0.0051727295,0.0027680397,13.967272715135055,1.76,0.06,2.83,-0.0591074998923915,-0.06833618601803337,-0.01971690943875437,-0.007450238493080352,-0.0008633445250438854,0.6476489901542664,2.2199759483337402,-0.058000188578327894,0.003140793605299841
2013-06-30,3.718779233061807,1.4874828366412745,0.1,4.7865953,-0.0016312599,0.0051727295,13.493636304681951,1.93,0.04,2.79,0.003031684062041684,-0.05089516758355739,0.037895017483307925,-0.004992407939737431,0.0007806732341153477,0.2741900682449341,1.7678042650222778,0.003808244644032399,0.04397060139593023
2013-07-31,3.8053735529645882,1.4874828366412745,-0.1,4.782316,0.0011920929,-0.0016312599,17.271499919891358,2.3,0.05,2.83,0.003512432161913992,-0.05127516789729114,-0.08493522739090942,0.0005541340168200293,0.0020727838311218605,0.4147798717021942,1.8646067380905151,-0.03488003618734581,-0.03387442983498268
2013-08-31,3.8209786096992895,1.5296604950904071,0.1,4.788007,0.006587982,0.0011920929,13.97454565221613,2.58,0.04,2.68,0.04756521953034021,-0.044006299996192766,0.010070023486019153,-0.0014674952494182492,-0.00310675204574995,0.26704367995262146,1.4333962202072144,-0.01346062048516039,-0.03577555143023492
2013-09-30,3.817970897345784,1.570278543484981,0.0,4.7926583,-0.003080368,0.006587982,14.209999908100475,2.74,0.04,2.56,0.030541283517354856,0.05023393684313504,0.03494449214914752,-0.0014859935619806475,0.00576546223913077,0.27166634798049927,2.058542251586914,0.039686021389343296,0.005627622472160532
2013-10-31,3.7618202602012323,1.570278543484981,-0.1,4.7957816,-0.006216049,-0.003080368,14.692000102996825,2.81,0.02,2.75,0.0028360551410528956,-0.0023271136900042677,0.04117597476973778,0.00011438562675381014,0.005071694571082475,0.36942970752716064,2.3628108501434326,-0.003761590515537705,-0.005523839585864998
2013-11-30,3.6912261218574978,1.570278543484981,0.0,4.7942734,0.003501892,-0.006216049,15.407826050468113,2.62,0.05,2.65,-0.022840017225961518,-0.024029552024648737,0.006180284153254334,-0.004208188422822889,-0.0007890413557394282,0.33997613191604614,1.5660603046417236,0.006092736528989562,0.07714071381526733
2013-12-31,3.7279659552354403,1.570278543484981,0.0,4.799033,0.0038890839,0.003501892,12.923999977111816,2.72,0.07,2.61,-0.011846226003978444,-0.031417004258882386,0.00872102890777171,-0.0003446436664811259,0.0023333600077277694,0.4999053180217743,1.7572429180145264,-0.018547537046549323,-0.06833258754087623
2014-01-31,3.6942287604832877,1.5296604950904071,-0.1,4.7977314,0.0049905777,0.0038890839,14.192380905151367,2.9,0.07,2.33,0.027132158531072648,-0.043531025380509014,0.002838694071144232,-0.006339609077119723,0.0020086317141130294,0.35803496837615967,1.631973385810852,0.02019524519365845,-0.05403728675203201
2014-02-28,3.756596465727069,1.4436354751788136,-0.1,4.806434,0.004280567,0.0049905777,14.240952400934129,2.86,0.04,2.4,-0.02411490197708943,0.01845957691316169,-0.028013411970039925,0.0008751146050409719,-0.003563932744874876,0.274941086769104,1.6967792510986328,0.010556278613085723,-0.06779515715085971
2014-03-31,3.754358099569604,1.4436354751788136,0.2,4.812135,0.006114483,0.004280567,15.470000116448654,2.71,0.05,2.35,0.007214162174134842,0.04349212277635495,-0.023906820894621816,0.014061425739483102,0.007528506037616012,0.29448360204696655,1.4558274745941162,-0.019702399949073524,0.05423707043156334
2014-04-30,3.7650161461801797,1.1379820462933719,-0.6,4.810627,-0.00736475,0.006114483,14.836666742960611,2.72,0.05,2.26,-0.013121218232134524,0.027698818217404053,-0.00939773366851071,0.011584765356984716,0.009638605074811402,0.606511652469635,2.701395273208618,-0.07237998555731551,0.12676489017029446
2014-05-31,3.7641920601856835,1.0784510589549015,0.5,4.8144875,-0.003308773,-0.00736475,14.198095321655273,2.71,0.03,2.16,0.002548696500857872,-0.028568708150357836,0.027713095805427912,0.00684544374874374,0.0009672024963487402,0.4259178936481476,2.1098711490631104,0.003531600066057905,0.0027894020875782743
2014-06-30,3.7975918330029184,1.0159731341796967,0.0,4.812151,0.0028691292,-0.003308773,12.475238028026762,2.56,0.03,2.22,0.01641913893756808,-0.00750624854877735,-0.0005983617602378644,-0.0019190487410640777,0.00382432097151586,0.45531514286994934,1.802445888519287,0.032080526524252306,0.04087263897090043
2014-07-31,3.775451783671495,1.0159731341796967,0.1,4.814018,0.004512787,0.0028691292,11.541428565979004,2.6,0.04,2.18,0.0203874865953253,-0.00750829123887975,0.024491955723323855,-0.006987587363838754,0.0034263137889523065,0.22208121418952942,2.1296002864837646,-0.01020731963545174,-0.09565055981757986
2014-08-31,3.705128427982792,1.0159731341796967,0.0,4.8158655,0.0027809143,0.004512787,12.296363613822244,2.54,0.03,2.17,-0.04600900766056526,0.024320711877853007,0.026230089675667756,-0.004831434668684853,0.0022187855179991445,0.5687612891197205,2.9183337688446045,0.041950546578158665,-0.09242881933212477
2014-09-30,3.669954421381224,1.0159731341796967,0.0,4.806136,0.0034675598,0.0027809143,13.497142927987236,2.42,0.03,2.23,-0.049536749576871486,-0.011866341287523063,0.043325854979011424,-0.004985111852685575,-0.0018898378264742277,0.3972523510456085,2.797318458557129,-0.01580496414742072,-0.04016680689833407
2014-10-31,3.570864744400852,1.0784510589549015,0.1,4.8161254,0.00980711,0.0034675598,13.466666630336217,2.53,0.02,2.29,-0.04547011234835807,-0.046285832335209776,-0.01913498848425732,-0.0008142659842458322,0.0028693197501494794,0.44556841254234314,2.9062299728393555,-0.01868601175117668,-0.08174301471150436
2014-11-30,3.4651481352074205,1.3008204268406505,0.3,4.809363,0.0119280815,0.00980711,18.01608711740245,2.3,0.02,2.39,-0.10486932761247214,-0.011435481503996314,-0.043689476042368725,-0.00417946144857928,0.00011933608402614482,0.23572352528572083,1.7717283964157104,-0.019800893214208415,-0.002115086325049198
2014-12-31,3.222711811760883,1.3008204268406505,-0.4,4.816605,-0.00268507,0.0119280815,13.41315786462081,2.33,0.02,2.52,-0.09580825146258487,-0.039340803145659464,0.020301672141577853,0.00497744860913274,0.006153151350189567,0.3742002844810486,1.7623627185821533,-0.00366210964016922,0.024668846236147957
2015-01-31,3.0014793791914607,1.3008204268406505,0.0,4.8188744,0.011389732,-0.00268507,16.3118182962591,2.21,0.03,2.51,-0.24245245229024892,0.0212891308056804,-0.01666356908483202,0.009994009078749366,-7.906777172816959e-05,0.25255823135375977,1.7766165733337402,-0.04049363896761449,0.08376216659521685
2015-02-28,3.0676866518874153,1.350440740274976,0.1,4.8244133,-0.0089941025,0.011389732,19.119499969482423,1.88,0.03,2.61,-0.26634506577911754,0.040905281351822254,0.03461750726472168,0.007210508111292313,-0.007879228487476908,0.28898102045059204,2.1024417877197266,-0.10042107565137215,-0.0975919732651489
2015-03-31,3.0088840430791928,1.350440740274976,-0.1,4.821708,-0.0011944771,-0.0089941025,15.904210492184287,1.98,0.02,2.46,0.1959102081726174,-0.019106008108807693,0.018841775136468897,0.0031951461003159043,-0.006405903226315068,0.3238460123538971,2.4174420833587646,-0.01751988971286167,-0.05440267113564712
2015-04-30,3.137680994535602,1.1379820462933719,-0.4,4.8213487,0.011284828,-0.0011944771,14.812727277929133,2.04,0.03,2.55,-0.03878406679992441,-0.040284616251249794,-0.01484906904122596,-0.011308617928673215,-0.0033518725083752088,0.39955514669418335,2.496189832687378,0.03606465713196805,0.0046947626700575285
2015-05-31,3.219209101252326,0.8813735870195485,0.0,4.820785,-0.004261017,0.011284828,13.494761875697545,1.94,0.02,2.6,0.06308025115041005,0.01707674532997583,0.11769656539891393,0.00045158377646359327,-0.005470746111496005,0.5016366839408875,2.4401650428771973,0.01709591201645111,-0.0339210354846351
2015-06-30,3.225681781482666,1.015973134179697,0.6,4.81825,-0.0010762215,-0.004261017,13.3385000705719,2.2,0.02,2.72,0.07366987970921102,-0.00025025442663917374,0.012259174682977658,-0.000612913130689341,-0.0044228298448434344,0.2950104773044586,1.6674505472183228,0.0409705684142061,-0.013952031219379712
2015-07-31,3.0626195889333463,0.8813735870195485,-0.4,4.8229804,0.0053544044,-0.0010762215,14.33954551003196,2.36,0.02,2.83,-0.041379321199805474,-0.014394420284631337,-0.024538980893689555,0.00032263268548948787,-0.0031500185136206227,0.3204573094844818,1.9097522497177124,-0.07618673730056535,0.03368254601812115
2015-08-31,2.8909331470760975,1.015973134179697,0.4,4.8208804,0.007080555,0.0053544044,14.35272723978216,2.32,0.03,2.94,-0.08334986841557779,-0.046063879630762194,-0.0760085529490091,0.0015632935486713517,0.0064600821906077854,0.727304220199585,2.4546518325805664,-0.06668002149582541,-0.0030971438978992794
2015-09-30,2.95228365248382,1.350440740274976,0.4,4.824234,-0.0035853386,0.007080555,19.42809536343529,2.17,0.07,3.15,-0.19555024141422983,-0.009242177048154332,-0.07501001088478532,0.026428355888196586,-0.00184021074428653,0.44293656945228577,1.8612760305404663,-0.06227416959661625,-0.13811810562355653
2015-10-31,2.9674345956456727,1.350440740274976,-0.6,4.8232727,-0.0015816689,-0.0035853386,24.3771428607759,2.17,0.02,3.29,0.023544814451530005,0.006099809344416229,-0.08435178625062711,-0.0032046274558390486,-0.002794967313555219,0.41760918498039246,2.2881503105163574,0.01739123831237066,-0.05599057376649963
2015-11-30,2.8809194000418694,1.3979983651114376,0.1,4.826543,-0.00044059753,-0.0015816689,16.789545449343596,2.07,0.02,3.19,0.016799800743085846,0.03019467397910791,0.0593285118510245,-0.005933611652181536,-0.0048472353195281315,0.27573901414871216,2.0396578311920166,-0.00022218979020394158,0.008389578226253747
2015-12-31,2.7499441264825824,1.24898332790488,-0.4,4.8227863,0.007727623,-0.00044059753,16.209999990463256,2.26,0.12,3.2,-0.08986599364240178,-0.06486694829368389,-0.006191734153228268,0.011065489925872418,-0.007384517731686024,0.4885844886302948,3.168949842453003,-0.0831521769154353,-0.04732183313074412
2016-01-31,2.5893122343323225,1.24898332790488,0.3,4.8203845,0.0028057098,0.007727623,18.02545473792336,2.24,0.23,3.23,-0.15252377267746997,-0.009897499142494937,-0.026986241913673936,0.013912754240309688,-0.004916123240685799,0.4672437608242035,3.349400043487549,-0.03413317860613674,0.03786039405646591
2016-02-29,2.546751177656473,1.1379820462933719,-0.2,4.831171,9.1552734e-05,0.0028057098,23.717894805105107,2.09,0.26,3.48,-0.21348332227969458,0.020399575661474323,-0.10462971464207271,0.014924049306077602,0.005226534839914088,0.6952168941497803,2.507415533065796,-0.036674681006328314,0.00437236956680831
2016-03-31,2.758614908216214,0.7326682560454167,-0.4,4.8285375,-0.010102272,9.1552734e-05,22.516999816894533,1.78,0.31,3.55,0.04714538546530589,0.08849643078288416,-0.03083132707267744,-0.0034583396367287023,-0.005198264319299817,0.49907034635543823,2.245816707611084,0.02796783454985885,-0.03290143619438979
2016-04-30,2.836853088732133,0.568824898732254,0.4,4.830557,-0.001065731,-0.010102272,15.849090966311367,1.89,0.29,3.12,0.17171740408871194,0.037343170096250766,0.0591220228498166,-0.01607665101109701,-0.007447561483016507,0.511520504951477,2.448961019515991,0.07439842681899833,0.029547604095957247
2016-05-31,2.9708255969576647,0.2956730475634296,-0.1,4.832392,-0.009569168,-0.001065731,14.300476255871,1.81,0.23,2.86,0.08459028859392914,-0.0023156720165324884,0.03215773853373172,0.003993257020555641,0.0033764655587065207,0.3625040650367737,2.012362241744995,-0.016498461889968397,-0.00411446250909453
2016-06-30,3.0108417471872033,0.2956730475634296,0.3,4.831893,-0.010027409,-0.009569168,14.852857044764928,1.81,0.27,2.84,0.11695182220880529,0.014933103748748344,-0.03837652355423771,0.016241087513623187,-0.002270369719856724,0.44612371921539307,1.9210634231567383,-0.037256417557880894,-0.03631211792082656
2016-07-31,2.9229231768887676,-0.09983407889920014,-0.4,4.8387933,0.008569241,-0.010027409,17.774545496160332,1.64,0.27,2.92,0.03168803422804789,0.012178210295872738,0.023147245823288642,0.009995773436096256,0.004712588491569747,0.30207201838493347,1.7746731042861938,-0.011261634943590337,-0.005507034356544871
2016-08-31,2.922475992890176,7.327471962526006e-15,0.5,4.833914,0.009274006,0.008569241,13.158500051498413,1.5,0.3,2.71,-0.07074616725474137,0.04613034968480623,0.04040909628401579,-0.0013250020759560943,0.001171402354962936,0.3781368136405945,2.4603447914123535,0.046909175458441865,-0.15862668091197296
2016-09-30,2.930745645659936,-0.19869011034923423,-0.3,4.836863,-0.0068073273,0.009274006,12.399565240611201,1.56,0.3,2.61,0.0196303285617212,0.002622506480935094,0.05284931412919569,0.006083520455743452,-0.0015082196772331358,0.28943559527397156,2.1500930786132812,-0.023550908405892912,-0.04442678099474495
2016-10-31,3.025330329277876,-0.2956730475634154,0.1,4.835976,0.0040869713,-0.0068073273,14.219523793175107,1.63,0.29,2.69,0.015684289706694,-0.01016965543954651,0.038029882449482244,-0.0013636944740775814,-0.0010556910872727698,0.5847952961921692,2.6114134788513184,-0.006220475593028851,-0.037043291730696204
2016-11-30,2.937484026971243,7.327471962526006e-15,0.4,4.8428793,0.014536858,0.0040869713,14.58523804800851,1.76,0.33,2.61,0.06151695442804561,-0.04633014758902476,-0.005833801571409225,0.015622992958341797,0.0001559439981937416,0.2650436758995056,1.997644066810608,0.0019161991268443757,-0.005616252737148386
2016-12-31,3.063961259740463,-0.48121182505959686,-0.8,4.843582,0.012452126,0.014536858,15.236190387180873,2.14,0.45,2.45,-0.1016888367414106,-0.02251682019787804,-0.03420988451589402,0.016138358046680956,-0.004180408725706464,0.4768986105918884,1.917850375175476,0.1415946154751513,-7.100899844925124e-05
2017-01-31,3.0699756394884217,-0.7326682560454051,0.2,4.8433127,-0.0064439774,0.012452126,12.472380956013998,2.49,0.51,2.28,0.17535992202805462,-0.06763829902204588,-0.017359152363921382,0.008577659685801375,0.0068125945893555695,0.5850464105606079,2.2972464561462402,0.037699157885432655,0.002416729136750284
2017-02-28,3.087007962140917,-0.7326682560454051,0.3,4.850903,-0.011232376,-0.0064439774,11.608500003814697,2.43,0.51,2.23,0.023510647854556144,0.029574908402620892,0.025970151976032696,-0.009580530305081991,-0.002632185863649106,0.6432333588600159,2.5729334354400635,0.016506773485515325,0.11010993712547279
2017-03-31,3.0076784727927666,-0.9503469298211292,-0.3,4.854634,-0.0001244545,-0.011232376,11.530526361967388,2.42,0.52,2.19,0.005351197598470581,0.0347065291630102,0.03914447664198484,-0.0014989124778548302,-0.004022819294649871,0.7214450836181641,3.023460626602173,0.03187023986032145,0.07184423309495269
2017-04-30,3.0407656958375324,-0.7326682560454049,0.6,4.8599334,-0.00997448,-0.0001244545,11.897826111834982,2.48,0.74,2.24,-0.061646638772884454,-0.002255011865609724,0.012746936526001562,0.0024291451030744593,0.006577241165916625,0.6296865940093994,2.1438183784484863,-0.01976718833834923,-0.00633062037433163
2017-05-31,2.989456627142755,-1.0784510589548928,-0.8,4.861954,-0.0054192543,-0.00997448,13.136315847698011,2.3,0.8,2.28,0.013836310861290446,0.028389209896409362,0.009652534350616193,0.0009874249342931574,0.010135936505023757,1.0770200490951538,3.0787012577056885,-0.02445744722095,-0.05635485056776268
2017-06-30,2.917923134135129,-1.3979983651114314,-0.1,4.863735,0.0072689056,-0.0054192543,10.862272782759232,2.3,0.89,2.23,-0.03861510136739188,-0.01658666235691708,0.03748383829614532,-0.011708333871035315,0.0011830347817092246,0.6904955506324768,2.518277883529663,-0.014950167360666455,0.05641435725732258
2017-07-31,2.948902711931699,-1.4874828366412673,0.4,4.8635206,0.0067873,0.0072689056,10.513636328957297,2.19,0.98,2.09,-0.08191872197261851,0.011347526303954858,0.02504359192070993,-0.004488899370100885,0.0020579802852100926,0.5417956709861755,2.858617067337036,0.02123914669248883,0.07119543190345645
2017-08-31,2.9747059255049892,-1.5296604950903998,0.1,4.862419,0.0063533783,0.0067873,10.264499998092651,2.32,1.07,2.06,0.04450838676429658,-0.018758309028101827,0.019089933636502465,-0.00819063623806171,-0.0023975598889283134,0.90605628490448,2.6227943897247314,0.04534914493202358,0.1042978163017052
2017-09-30,3.0064478509674357,-1.248983327904872,0.7,4.8689065,-0.007519722,0.0063533783,11.97565215566884,2.21,1.01,2.14,0.06442000110033907,0.036672522222017,0.04480696523599903,-0.02031197769503601,-0.0041471676206601416,1.2550736665725708,3.556932210922241,0.08031195956795756,-0.2272710508680671
2017-10-31,3.0406582576127716,-1.3008204268406434,-0.7,4.8710957,0.0025968552,-0.007519722,10.437999963760376,2.2,1.03,2.0,0.08253568880654294,0.023896929017443114,0.00943282434514714,0.009741734331284668,0.001031641609603895,1.2183551788330078,2.881110429763794,0.01401586545495448,-0.004594638468579326
2017-11-30,3.131150028584088,-1.0784510589548928,0.5,4.871788,0.001888752,0.0025968552,10.125454512509434,2.36,1.07,1.91,0.023841762124575894,-0.02665199895390913,0.021394333164311163,-0.003085934362746068,0.012242951327366747,0.6046587228775024,2.098043918609619,0.03443591415743974,-0.037308678755301194
2017-12-31,3.1507304674532657,-1.248983327904872,-0.7,4.881066,0.008196831,0.001888752,10.540476163228353,2.35,1.23,1.88,0.08666683165594691,0.0018661601958367413,0.027518564286078018,-0.003594681331555938,0.002389626780567866,0.753240168094635,2.1755597591400146,0.002778786673944822,0.03465051663722907
2018-01-31,3.242641081087227,-1.3979983651114314,0.0,4.8825274,-0.0033946037,0.008196831,10.264500045776368,2.4,1.32,1.77,0.026118761545017577,-0.01370610731052846,-0.002641931621361948,-0.015661418218354983,0.0019533298635989738,0.7310609817504883,2.001279354095459,0.0010759950488772319,0.06354821193871985
2018-02-28,3.216648674798842,-1.443635475178808,0.2,4.8863654,0.006043434,-0.0033946037,11.062381017775763,2.58,1.41,1.56,0.07052085325436686,0.05151866343031042,0.09013748072685956,-0.03474830457226785,-1.872595501151153e-05,0.6854663491249084,2.203904628753662,0.033378891230698926,0.06120552725133077
2018-03-31,3.2248998311090324,-1.8184464592320657,-0.9,4.8898454,0.0019230843,0.006043434,22.464736637316253,2.86,1.57,1.68,-0.05596577832837557,-0.00042824461686041815,-0.02821041955977499,0.006961596767659728,0.002421606629052775,0.29294151067733765,1.5902538299560547,-0.008431784206230475,0.0968336097842295
2018-04-30,3.2773167477858727,-1.9928357649397401,0.4,4.8861866,-0.0025286674,0.0019230843,19.023809750874836,2.84,1.7,1.85,0.01064724114694826,-0.004571841102654517,-0.002300425743207768,-0.008793288727378279,0.004886354634384027,0.9457401633262634,2.749058246612549,-0.030040051171061677,0.0488744087847941
2018-05-31,3.329362026283697,-1.9092740140163365,0.9,4.8915353,-0.0043153763,-0.0025286674,18.26761904216948,2.87,1.76,1.79,0.0882300231818034,0.007595677673581491,-0.017041676260456384,0.009504161155718727,0.01095858190317145,1.105688214302063,3.360255718231201,0.007667624254436234,-0.0030025689660364563
2018-06-30,3.296610408075359,-1.9378792776644977,-0.4,4.8896213,-0.0031394958,-0.0043153763,14.124545487490566,2.98,1.86,1.89,0.06534652837437971,-0.023736905020284915,0.010413699156110567,0.012101763595668835,-0.009045665423148996,1.5211362838745117,3.3196067810058594,-0.00383697194262389,0.06610862008555785
2018-07-31,3.3401969168044845,-2.045028204867631,-0.3,4.8881273,0.008150578,-0.0031394958,13.678095318022228,2.91,1.9,1.99,-0.03396384306886535,-0.01692870657123624,-0.020528524393716552,0.03186034101515278,0.007739323183955982,1.168890118598938,2.622774839401245,0.020388205083234467,0.0019461195088945615
2018-08-31,3.2965078227527913,-2.1421119082369042,0.0,4.8909483,0.005411148,0.008150578,13.147619065784273,2.89,1.96,1.83,-0.002027071303343675,-0.03482299078477613,-0.05442918293034005,0.027824072123235455,0.0016130706732431221,1.0246338844299316,2.685394763946533,-0.10831920741219037,0.019118295359610293
2018-09-30,3.326481490343873,-2.2308141790009346,-4.440892e-16,4.8948035,0.0066313744,0.005411148,12.546956518422002,2.89,2.03,1.92,-0.023516581579978713,-0.02951735558853219,-0.019560129046269026,0.003843393954948482,0.006442729109767065,0.9629596471786499,2.8082590103149414,-0.03247039703054355,0.0710224759784337
2018-10-31,3.331815045390418,-2.2926357520424046,0.1,4.891315,0.00030612946,0.0066313744,12.910526325828151,3.0,2.13,1.84,0.08409086190065285,-0.0027665531582474756,-0.02444693838616452,0.005548269452530397,0.0006505452749951957,0.7727845311164856,1.8185635805130005,-4.676235923994909e-05,-0.10021206436339725
2018-11-30,3.115466825945108,-2.272441327386598,0.4,4.8964663,0.014173508,0.00030612946,19.352173639380414,3.15,2.25,2.03,0.02677913170444768,0.01408602365459366,-0.05840280237513085,0.015272987372987545,-0.0011033900564871857,1.038062334060669,2.389190912246704,0.027519201683128713,-0.014134969178489776
2018-12-31,2.975529808562834,-2.272441327386598,-0.1,4.8910046,0.0023269653,0.014173508,19.389047622680664,3.12,2.33,2.27,-0.22434066445159573,0.004318490808553399,0.014619501238643196,-0.002570086485943035,0.0007930645244380585,0.6654516458511353,1.9454922676086426,-0.0038124145647486785,-0.03735004095909655
2019-01-31,3.0128099287557673,-2.312438341272747,-0.2,4.892701,-0.003824234,0.0023269653,24.953157726087067,2.83,2.37,2.45,-0.12111740411493521,0.02407999637525915,-0.00031800634829259877,-0.011611475741411414,0.0002450018435427026,0.8167096972465515,2.234217405319214,-0.01965711459551045,0.037743834773746876
2019-02-28,3.077489218877775,-2.312438341272747,0.2,4.8930774,-0.016554356,-0.003824234,19.57238079252697,2.71,2.37,2.38,0.035066695303666684,0.03253438806002684,0.02323052031545103,-0.026483904018018478,-0.00666522303835837,0.9264768362045288,2.2481937408447266,-0.02267598026658746,0.0016382045237026688
2019-03-31,3.1304878521126516,-2.3880113222846475,-0.4,4.8942595,-0.0041885376,-0.016554356,15.234736844112998,2.68,2.39,2.22,0.07381079397501633,0.021686877310095554,0.061988735658335514,-0.0006872339106662739,-0.005479088490066175,1.071664571762085,2.431309700012207,0.059069021940732824,-0.05961083323123173
2019-04-30,3.2208233825144883,-2.406059125298014,0.3,4.9001193,-0.0011873245,-0.0041885376,14.485238075256348,2.57,2.4,2.26,0.0334864027941677,-0.014628432869876029,0.01762185139089567,0.002984542297770343,0.0003752804925412079,0.771669328212738,1.8770334720611572,0.021818339851952473,-0.0783645100100383
2019-05-31,3.1713350415562016,-2.4752052194025667,-0.3,4.898536,-0.003376007,-0.0011873245,12.949047588166737,2.53,2.38,2.14,0.07420876554176026,-0.011589693706874904,0.03341258940122138,0.0034954928904473714,-0.005865977141161771,0.5595845580101013,1.9384009838104248,-0.0001711136102873212,-0.03385754146530573
2019-06-30,3.0634635920666726,-2.5080878593376843,0.2,4.8994102,-0.0078115463,-0.003376007,16.721818056973543,2.4,2.35,2.37,0.0011840522111175034,-0.0017201058097580102,-0.05883803204799598,0.024639373971064416,0.0011530983463270417,1.1733860969543457,2.7765839099884033,-0.0675350850544092,-0.004717096283468614
2019-07-31,3.108825799067716,-2.5080878593376843,0.2,4.893174,0.0013165474,-0.0078115463,15.835999870300293,2.07,2.17,2.31,-0.10482245150051916,0.057032035034025874,-0.016333185957737584,-0.005476600191525183,0.00044427195055796176,1.2943308353424072,2.8691000938415527,-0.022804060848033103,0.09868108787357421
2019-08-31,3.0627176220164394,-2.555493553174835,-0.3,4.8947306,-0.004377365,0.0013165474,13.30590907010165,2.06,2.1,2.13,-0.004703776963578932,0.03885868398007908,0.026049235459611353,0.002662148892260019,-0.0048606038693659315,0.7565702199935913,2.3758959770202637,0.009975309668218912,-0.06394277196538845
2019-09-30,3.099852703884786,-2.6007779200572014,0.0,4.89431,0.012533188,-0.004377365,18.979090907356955,1.63,1.95,2.26,-0.07937272182347055,0.06010115196989929,-0.0905320093657398,0.038615386427453435,0.0068257248349024024,1.2167065143585205,2.747544527053833,-0.039789372656276356,-0.09273502303219949
2019-10-31,3.0434464785986752,-2.6007779200572014,0.3,4.8931565,-0.020151615,0.012533188,15.558999872207641,1.7,1.89,2.2,0.06213363621457191,0.0067552789445404215,0.020172278066860727,-0.0009229479049792655,-0.0033894417233817364,0.7263386249542236,2.3340272903442383,0.008686229189342143,-0.01887317007650502
2019-11-30,3.096470449561753,-2.6007779200572014,0.0,4.8921447,0.023015022,-0.020151615,15.466521760691768,1.71,1.65,2.18,-0.05082913153768587,-0.010494574572298632,-0.002208842463872429,-0.015480796418201548,-0.008478362664281036,0.6726645827293396,2.4678382873535156,-0.00033902067897706445,0.044375462887440875
2019-12-31,3.142833709489063,-2.61543304000393,-0.1,4.893615,0.010544777,0.023015022,12.523499965667725,1.81,1.54,2.08,0.05694216964248078,-0.016199437064064348,0.019653971795273506,-0.001009332859860823,0.005006764315212742,0.6029929518699646,1.7385563850402832,0.01767324022091543,0.027722986762637625
2020-01-31,3.10170339129215,-2.6007779200572014,0.2,4.8954415,-0.0013084412,0.010544777,13.756666637602306,1.86,1.54,1.98,0.061435667137019756,0.0056544056928595765,0.010359410753061127,-0.009862435757188592,-0.0023266844944638265,0.6018832921981812,1.7231336832046509,0.03637996034170854,0.04788266426920451
2020-02-29,2.9710801995867984,-2.61543304000393,-0.2,4.849407,-0.0038275719,-0.0013084412,13.94095243726458,1.76,1.52,2.13,-0.054600407852145594,0.05366113914392834,0.03316757461789699,-0.0065860346579216245,-0.006575138580045881,1.2574454545974731,3.6223251819610596,-0.007573934552567607,0.0756533660359997
2020-03-31,2.4260823869976873,-2.6298787064530655,0.0,4.854092,-0.0109677315,-0.0038275719,19.628947358382376,1.5,1.52,2.38,-0.13412005321012188,0.023074268442413448,-0.03642783580571951,0.010714362530317212,0.003356601456009578,0.8738296627998352,1.5158270597457886,-0.05863276387271732,-0.034303732151435895
2020-04-30,1.8660117232284332,-2.6441207610586255,0.0,4.851077,0.002374649,-0.0109677315,57.7368184002963,0.87,0.29,3.93,-0.5531169025764937,-0.0032423680738835614,-0.1198131836091001,0.012820506200716952,-0.039905426201024774,0.6712844371795654,1.7102787494659424,-0.09300173910091125,-0.007906354194583187
2020-05-31,2.412218652909184,-2.71246530518434,-0.4,4.759621,0.0032281876,0.002374649,41.45380964733305,0.66,0.14,3.23,-0.5549094502470759,0.055731803602259156,-0.004083005912905335,-0.0026302779782876318,-0.14142247901545613,0.6035003066062927,1.531962275505066,-0.024347387806519905,0.0506167829722175
2020-06-30,2.70096105809844,-2.725595849263824,0.4,4.766219,-0.14573956,0.0032281876,30.89700002670288,0.67,0.13,3.08,0.46909683878469144,0.01926463192940009,-0.006528236074620608,0.010227602007768732,0.016402914528458545,0.7615357041358948,1.7078226804733276,0.03532273949435627,-0.027019004852785855
2020-07-31,2.756581924094169,-2.776472280723726,-0.3,4.813884,-0.015510082,-0.14573956,31.11954550309615,0.73,0.16,2.93,0.3152494176832419,0.009460270721104003,0.0258974785519559,-0.009817049384021281,0.06347249159182677,0.7705795764923096,1.651901125907898,0.09371039315567131,-0.03036483184469496
2020-08-31,2.7918375114351974,-2.7888000409201585,0.3,4.8447948,0.01885271,-0.015510082,26.840454621748492,0.62,0.13,2.6,0.07128850739800674,0.06389354808804182,0.03354506546309821,-0.012920867815998882,0.03678711230080012,0.9271344542503357,1.5392231941223145,0.10198697163623471,0.005006145424423458
2020-09-30,2.723344459825961,-2.8009787939192043,0.0,4.8583503,0.015409946,0.01885271,22.88952382405599,0.65,0.1,2.67,0.03396227959431508,0.06404049840613357,-0.008459988422979237,-0.01837728432355812,0.009731960431251352,0.6634311676025391,1.455986499786377,0.021106836065794,0.020933534555089395
2020-10-31,2.7169014407459944,-2.8009787939192043,0.1,4.873661,-0.001408577,0.015409946,27.647619065784273,0.68,0.11,2.75,-0.0894151255959672,-0.024013182980407777,-0.034988774830891245,-0.008476988505103034,0.00012505093236558906,0.8603692650794983,1.6983330249786377,0.02974604957970861,0.1586894063255606
2020-11-30,2.7538268961669123,-2.8009787939192043,0.0,4.8815913,0.007027149,-0.001408577,29.438636086203836,0.79,0.1,2.61,-0.01775652253249671,-0.011328705033217368,0.00835037097776592,-0.01449418987618345,0.008017424837306386,0.64959716796875,1.6619564294815063,0.001328199810687991,-0.003489097194862012
2020-12-31,2.889064233665639,-2.813012072716695,-0.1,4.8914766,0.02520895,0.007027149,24.995500087738037,0.87,0.09,2.29,0.06041357380225998,-0.018038120132610302,0.06511478023492856,-0.017471182043267808,0.0035310967909989444,0.4175652861595154,1.3123480081558228,0.05153908908810756,0.03538749807103159
2021-01-31,2.9873063332399195,-2.813012072716695,0.1,4.9031296,0.0067543983,0.02520895,22.374090974981133,0.93,0.09,2.18,0.15787525231587107,-0.00423119684503348,0.016729700490264676,-0.007785704545121508,0.013112855111043764,0.5949008464813232,1.4353163242340088,0.09485227477016345,0.030645331787443553
2021-02-28,3.109916609378357,-2.7888000409201585,0.2,4.915192,0.007940292,0.0067543983,24.90999984741211,1.08,0.08,2.17,0.09131990420998637,0.004595487767504736,0.07715573314471946,-0.014946391940728665,0.00526452556660395,0.7740280628204346,1.9018974304199219,0.02539573838900644,0.09069979481493728
2021-03-31,3.157777556026934,-2.776472280723726,-0.1,4.9147224,-0.027512074,0.007940292,23.140526219418174,1.26,0.04,2.12,0.12836851875932886,-0.03200686803097863,0.041609612204624113,0.00694511829534461,-0.033600576999423204,0.7152522802352905,1.5754880905151367,0.06068757799802249,0.011956839816073206
2021-04-30,3.1415525500739054,-2.776472280723726,-0.1,4.9190874,0.02651596,-0.027512074,21.843043534652047,1.61,0.03,2.03,0.04909100440279346,-0.05102059289634919,-0.03521306087067977,0.012100141490971827,0.028565786232450208,0.8384279608726501,1.759825348854065,0.05927644450352432,-0.04640296844279401
2021-05-31,3.188949865258364,-2.7888000409201585,-0.1,4.923572,-0.0072813034,0.02651596,17.416190556117467,1.64,0.02,1.96,-0.00926924500349191,0.024041844862437323,0.00134481366777095,-0.011806657603447679,0.0017578578773207454,0.7356022000312805,1.9786767959594727,0.03676146735395491,0.04278254532416703
2021-06-30,3.271235148619025,-2.8009787939192043,0.0,4.911673,0.0062327385,-0.0072813034,19.7604998588562,1.62,0.02,1.99,0.05592713736985733,0.04998963369135012,-0.012906726005068592,-0.01674194045343036,0.008834757856392983,0.6360744833946228,2.0172648429870605,0.08639745896418205,0.1488549369376262
2021-07-31,3.2821404991197385,-2.8009787939192043,0.1,4.9229016,0.008513927,0.0062327385,16.956818147139117,1.52,0.04,1.87,0.0653716949119767,-0.00851604813454454,0.012044904546957724,0.013911640454797647,0.003668089560924237,0.7287411689758301,1.698848843574524,-0.05403787633689383,-0.15373946273310946
2021-08-31,3.2108906644634594,-2.8009787939192043,0.0,4.922621,0.014661789,0.008513927,17.60333351861863,1.32,0.05,1.95,0.02699305235918814,-0.01467735914253332,-0.058611218191853,0.0006657635237201642,0.004530861445060097,0.5243344902992249,1.2503361701965332,-0.018937418596292943,0.020154207726958973
2021-09-30,3.2630545168152807,-2.776472280723712,0.2,4.9210324,-0.004729748,0.014661789,17.47772723978216,1.28,0.05,1.94,-0.060585639547369396,-0.012557496803772494,-0.048150867343281334,-7.73915937637426e-05,-0.002078928094134014,0.588945209980011,2.1482017040252686,-0.008573673343043708,0.12067769559943642
2021-10-31,3.382991512059534,-2.763991851100027,-0.1,4.9135942,0.0044560432,-0.004729748,19.8247617994036,1.37,0.04,1.85,0.05153442965631161,-0.005695972618541489,-0.029449341357357994,-0.0026348842721324317,-0.01192362503883615,0.8380149602890015,1.9194756746292114,-0.004860067876498064,-0.018885734436563162
2021-11-30,3.347010740718158,-2.685680167776155,0.5,4.9198627,0.016869068,0.0044560432,17.869047573634557,1.58,0.05,1.69,0.11465617649212234,0.0009628406229218456,0.005062970579212234,-0.005977415761390992,0.01334599098044631,0.761751115322113,1.6444863080978394,0.05269166808186476,0.08627053006500329
2021-12-31,3.2425608919329605,-2.725595849263824,-0.9,4.9334044,0.010583878,0.016869068,18.500476246788388,1.56,0.05,1.81,-0.030236510030031027,0.024960933101172422,-0.015251166415289674,-0.006421824873157123,0.006757498302163434,0.7960199117660522,1.8621180057525635,-0.010258180582857435,0.07657549953634124
2022-01-31,3.3849884354859103,-2.7385576501371505,0.2,4.945157,-0.003651619,0.010583878,21.354545506564055,1.47,0.06,1.85,-0.08870007219663201,-0.017347252313265393,-0.05899363939037805,0.0013504390978713587,-0.002907100013006314,0.863984227180481,2.478400468826294,-0.018436597534119414,0.020518271703952706
2022-02-28,3.473423165595274,-2.7385576501371505,0.1,4.958719,0.0011353493,-0.003651619,23.18100004196167,1.76,0.15,1.93,0.15383879213365237,0.01419147886700145,0.019759825331274072,-0.0018219518767446097,-0.0038553890138945945,0.7950358986854553,3.3158812522888184,0.02391375659965078,0.0063491080582789294
