Period_dt,lwti,lpri,d2pri,llwip,dllgop,l2lwip,dl2lgop,vix,gs10,tb3ms,tedrate,baa10y,us_spread,brent,gold,bdi,cny_usd,indpro,unemp,sentiment,cpi,gpr_chn_l1,gpr_usa_l1,dxy
1990-02-28,2.8490794560394908,-0.7326682560454053,-0.2,4.1354656,-0.00921154,4.139441,-0.005792618,23.34727278622714,8.21,7.64,0.7109523809523809,1.68,1.68,0.06879540878553492,0.0017571694576172803,-0.012145984543486144,0.0,-0.005070632766924987,5.4,93.0,0.009456335242036,0.23352041840553284,1.9214224815368652,0.0015909712505148
1990-03-31,2.7648802389313962,-0.8088669356527773,0.1,4.1395245,0.0042176247,4.1354656,-0.00921154,23.262631767674495,8.47,7.74,0.6242105263157894,1.68,1.68,-0.07007892965768514,0.016205066076567576,0.026735334643430697,0.0,0.009040640973159597,5.3,89.5,0.0039138993211356,0.16966557502746582,1.9154350757598877,0.0093868357280104
1990-04-30,2.6683266462620705,-0.8088669356527773,0.1,4.1437383,0.014660835,4.1395245,0.0042176247,20.06227259202437,8.59,7.9,0.5936363636363636,1.58,1.58,-0.074704797874237,-0.05866821050196247,0.019638417359561622,0.0,0.004969202991748745,5.2,91.3,0.0046765478839017,0.11263010650873184,1.6040080785751343,0.0126345388458535
1990-05-31,2.6480353855701897,-0.8088669356527773,0.0,4.1334424,-0.004463196,4.1437383,0.014660835,21.40349998474121,8.79,7.77,0.7947368421052632,1.5,1.5,-0.10152706335378836,-0.049064969135971026,0.02053910485050725,0.0,-0.002623250205882499,5.4,93.9,0.0023300981416234,0.1515151560306549,1.961506962776184,-0.0019988141019613
1990-06-30,2.5640014339353754,-0.8088669356527773,0.0,4.1446,-0.009224892,4.1334424,-0.004463196,18.09772725538774,8.76,7.74,0.7357142857142857,1.71,1.71,-0.015764769912704146,-0.013965166619807512,-0.003839159020087024,0.0,0.0030369033197290562,5.4,90.6,0.0015503879074545,0.16669312119483948,2.1114461421966553,-0.0086744459620184
1990-07-31,2.6589994665888073,-0.8088669356527773,0.0,4.148148,-0.01363039,4.1446,-0.009224892,16.822380837940035,8.48,7.73,0.6247619047619047,1.79,1.79,-0.07935684037189139,-0.04636389979662425,0.07418317562622079,0.0,0.0033858350269504456,5.2,88.3,0.0061776258239572,0.18256503343582153,1.9874694347381592,-0.014093798995673
1990-08-31,3.027663800899006,-0.8088669356527773,0.0,4.1479983,0.0017271042,4.148148,-0.01363039,18.39285727909633,8.47,7.62,0.5961904761904762,1.77,1.77,0.12810067499928257,0.02853899307167662,0.07155833467596473,0.0,-0.0017488731555337367,5.5,88.2,0.0046083030861945,0.19013012945652008,1.9984790086746216,-0.0375376641661162
1990-09-30,3.235699546820326,-0.8088669356527773,0.0,4.153455,-0.060423374,4.1479983,0.0017271042,28.175217255302098,8.75,7.45,0.6481818181818182,1.69,1.69,0.45890667796609064,0.08509475738329009,-0.10399169815488563,0.0,0.003486749997004601,5.7,76.4,0.0083937921284684,0.5787994265556335,6.412270545959473,-0.0087190335074067
1990-10-31,3.293167973677838,-0.8088669356527773,0.0,4.15546,0.04376316,4.153455,-0.060423374,29.10736836885151,8.89,7.36,0.8373684210526315,1.94,1.94,0.25044077050009594,-0.0138003593161109,-0.043624215506627984,0.0,7.625111401843299e-05,5.9,72.8,0.0068156265350598,0.3279777467250824,4.952878952026367,-0.0115370321044334
1990-11-30,3.184638932108805,-0.7326682560454053,0.1,4.1547875,0.005701065,4.15546,0.04376316,29.625652479088824,8.72,7.17,1.0031818181818182,2.13,2.13,0.03168858515543338,-0.022284900080649983,-0.009570096875177292,0.0,-0.005859653143676979,5.9,63.9,0.0067694880552471,0.2657599449157715,3.5994842052459717,-0.0275045052393494
1990-12-31,3.014080057391301,-0.65266656608235,0.0,4.149968,0.013576508,4.1547875,0.005701065,24.885714394705637,8.39,7.06,1.1099999999999999,2.27,2.27,-0.08560270675767123,0.002596824940885867,0.01246486963581006,0.10065566090293654,-0.01279714376480623,6.2,66.0,0.0022463506263736,0.49588775634765625,4.112239837646484,0.0043047463453058
1991-01-31,2.9193545811678483,-0.65266656608235,-0.1,4.1478963,0.0034809113,4.149968,0.013576508,23.363000106811523,8.08,6.74,1.1689473684210527,2.35,2.35,-0.15661908370341715,-0.012600999760818077,0.03378367058573062,0.0,-0.007366596588133767,6.3,65.5,0.003732740429684,0.2029273360967636,3.9765121936798096,0.0053081548252968
1991-02-28,2.7229241959568555,-0.65266656608235,0.0,4.149921,-0.0040602684,4.1478963,0.0034809113,27.429091106761586,8.09,6.22,1.118095238095238,2.3,2.3,-0.18210454447403723,0.017592060202039406,-0.002067794442767834,0.0,-0.003261191076563641,6.4,66.8,0.0037188588787371,0.2514294981956482,9.602984428405762,-0.0158348107870445
1991-03-31,2.690085646126911,-0.65266656608235,0.0,4.1428766,-0.0051369667,4.149921,-0.0040602684,21.598421096801758,7.85,5.94,0.7726315789473684,2.09,2.09,-0.18756150835469798,-0.05301788728390733,0.10418896271468192,0.0,-0.007415936065028106,6.6,70.4,0.0007421150618878,0.3037070035934448,8.503796577453613,0.0139473032950565
1991-04-30,2.735213086047495,-0.65266656608235,0.0,4.138894,0.0042204857,4.1428766,-0.0051369667,17.918499851226805,8.11,5.91,0.6645000000000001,1.96,1.96,-0.023487232677860348,-0.0013476905652440863,0.06971886487320589,0.0,-0.005771039266291744,6.8,87.7,0.0,0.24150633811950684,3.819074869155884,0.0616051635386947
1991-05-31,2.7513470068555343,-0.65266656608235,0.0,4.1461363,-0.0233531,4.138894,0.0042204857,17.37272735075517,8.04,5.65,0.5814285714285714,1.83,1.83,0.005096384764803563,-0.013745159038329291,0.008294521751157191,0.012980787272190542,0.0026351435941132095,6.7,81.8,0.0022230464879466,0.24903598427772522,2.4060089588165283,-0.0060137143888239
1991-06-30,2.6979503492674155,-0.5688248987322413,0.1,4.1506424,-0.0029945374,4.1461363,-0.0233531,16.932272737676445,8.07,5.46,0.5961904761904762,1.77,1.77,0.00035542076268324507,-0.003998160023799713,0.01204330884878324,0.00852379229068645,0.009370150601197835,6.9,78.3,0.0036941305401416,0.27726778388023376,2.1132302284240723,0.0100559747246107
1991-07-31,2.755370857292282,-0.5688248987322413,-0.1,4.1522126,0.0032577515,4.1506424,-0.0029945374,17.13499994277954,8.28,5.57,0.6345,1.66,1.66,-0.054589206709321214,0.027002898137850728,-0.02983720274937518,0.0037320438913193144,0.008070413249054553,6.9,82.1,0.0029455102297575,0.2818019390106201,2.1353442668914795,0.0173498695459102
1991-08-31,2.764872351047766,-0.5688248987322413,0.0,4.153505,0.016630173,4.1522126,0.0032577515,17.294090964577414,8.27,5.58,0.5613636363636364,1.6,1.6,0.06548188993089799,0.0026415777673216567,0.07987935180979022,-0.0015844171262751061,0.0027966918655684125,6.8,82.9,0.0014695079793591,0.28101494908332825,2.6572444438934326,-0.0149549164593532
1991-09-30,2.769710496528017,-0.5688248987322413,0.0,4.153055,-0.0116353035,4.153505,0.016630173,15.681363712657582,7.9,5.33,0.44190476190476186,1.75,1.75,0.019187404290816,-0.031439053399383354,0.016854457584919658,0.004782872694403251,-1.1339677612909327e-05,6.9,82.0,0.002932553421278,0.2112361341714859,2.5267090797424316,-0.0030094329552943
1991-10-31,2.82908891820611,-0.5688248987322413,0.0,4.15602,0.017308235,4.153055,-0.0116353035,16.956499767303466,7.65,5.22,0.39699999999999996,1.94,1.94,0.03621421931250968,-0.021474479564910887,-0.012964746854898124,0.0006867048645426976,0.007901658951122492,6.9,83.0,0.0029239786914354,0.21042601764202118,2.7077460289001465,-0.031920354909511
1991-11-30,2.7913253699306564,-0.5688248987322413,0.0,4.1588306,-0.00073719025,4.15602,0.017308235,16.36391299703847,7.53,4.99,0.4786363636363636,2.02,2.02,0.0798486414836157,0.02813184681031977,0.019490441541821113,0.0008345465651318218,-0.0005466018382946913,7.0,78.3,0.0014587894636592,0.24077925086021423,2.334829092025757,-0.0041226382263062
1991-12-31,2.647754155303587,-0.5688248987322413,0.0,4.1591544,0.0040545464,4.1588306,-0.00073719025,17.77350010871887,7.42,4.56,0.5205263157894737,2.06,2.06,-0.05068725169082233,0.0041176365108848145,0.0406217513631244,0.0031649403148290567,-0.0015836157055426625,7.0,69.1,0.0043636432877738,0.3820476233959198,2.30000376701355,-0.0072270628643602
1992-01-31,2.6106650814746124,-0.4812118250595971,0.1,4.151137,0.006696701,4.1591544,0.0040545464,18.347619102114724,7.09,4.07,0.5189999999999999,2.39,2.39,-0.13673346120942043,0.00432193497239286,-0.0059028927115498675,0.00668553870076205,-0.004874384309522917,7.3,68.2,0.0028985527540115,0.2532747685909271,2.528790235519409,-0.0343700121915011
1992-02-29,2.6177538858718776,-0.4812118250595971,-0.1,4.1554,0.0018620491,4.151137,0.006696701,17.68318167599765,7.03,3.8,0.3771428571428571,1.9,1.9,-0.013524132210168016,-0.020330784881918973,0.06503868103892607,0.0038107847223627367,-0.0052512640267554644,7.3,67.5,0.0007233273371429,0.3745461404323578,2.361933946609497,0.0280279004627148
1992-03-31,2.6099852118403235,-0.39003531977070865,0.1,4.162302,-0.013759613,4.1554,0.0018620491,17.47736850537752,7.34,3.84,0.32999999999999996,1.9,1.9,-0.006082021617321409,-0.0015246487791653607,0.06561429470125724,0.0026297542457223155,0.007034889592290483,7.4,68.8,0.00216684808509,0.2844725549221039,2.1098380088806152,0.0178200880232939
1992-04-30,2.6756317424411082,-0.39003531977070865,-0.1,4.1613917,-0.010804176,4.162302,-0.013759613,17.520454623482443,7.54,4.04,0.3527272727272727,1.7,1.7,-0.023686011720731592,-0.027413102173534654,0.04935758935735457,-0.0003283413320023243,0.008489522000498795,7.4,76.0,0.0036010121735943,0.3248175084590912,1.981751799583435,0.0127204759619177
1992-05-31,2.707334125167566,-0.39003531977070865,0.0,4.163453,0.0060043335,4.1613917,-0.010804176,16.562856946672714,7.48,3.75,0.4175,1.63,1.63,0.07051566501910056,-0.016751006648240363,0.014453562308812451,0.007760077469238125,0.00756146666679669,7.4,77.2,0.0021543993970265,0.1472587287425995,1.9861048460006714,0.0011066966350377
1992-06-30,2.770757996806049,-0.39003531977070865,0.0,4.1604896,-0.018938541,4.163453,0.0060043335,15.076999950408936,7.39,3.63,0.32842105263157895,1.77,1.77,0.04997245014361562,-0.004083691645610621,0.1285387533345812,-0.0034636936530139106,0.0032856911647831666,7.6,79.2,0.0021497679364923,0.19706997275352478,1.825685977935791,-0.0234765753801307
1992-07-31,2.739990162263676,-0.4812118250595971,-0.1,4.161874,0.0041017532,4.1604896,-0.018938541,15.203181873668324,7.26,3.66,0.3381818181818182,1.86,1.86,0.061885002640814424,0.010530294193200618,0.03215475291260361,-0.005282055156408116,0.0005117224959834132,7.8,80.4,0.0028591870800456,0.17713427543640137,2.2141785621643066,-0.0268307913781242
1992-08-31,2.7188814819387828,-0.4812118250595971,0.1,4.166548,0.007815838,4.161874,0.0041017532,13.601818214763295,6.84,3.21,0.305,1.97,1.97,-0.04453769906381844,0.034349403802006684,0.0039264219501653486,-0.007754890228955702,0.009164938072931506,7.7,76.6,0.0028510354308393,0.0946073830127716,1.73699152469635,-0.0097849956232529
1992-09-30,2.7422792839828904,-0.9503469298211292,-0.6,4.159983,-0.00022172928,4.166548,0.007815838,14.42190474555606,6.59,3.13,0.3265,2.06,2.06,-0.024938441965815183,-0.027769182068003495,-0.0480635611179796,-0.0025061284239229487,-0.005607554576631202,7.6,76.1,0.0021329549501416,0.17436453700065613,1.8211407661437988,-0.0271587221111522
1992-10-31,2.728217151487821,-0.9503469298211292,0.6,4.165362,0.004371166,4.159983,-0.00022172928,13.696666581290108,6.42,2.91,0.37666666666666665,2.29,2.29,0.026591423611981746,0.00688465877849076,-0.005197091985067459,0.017212947504758658,0.0032931151719015617,7.6,75.6,0.0021284151348259,0.24566252529621124,1.700445294380188,0.025221389668113
1992-11-30,2.6613268650884407,-0.9503469298211292,0.0,4.167058,0.013216972,4.165362,0.004371166,17.636818278919566,6.59,2.86,0.5757142857142857,2.19,2.19,-0.0004037232307836369,-0.0030443189021305272,0.04419353678715865,0.00927854735054412,0.00672889068479865,7.3,73.3,0.0042432878378662,0.1686280071735382,1.481773853302002,0.0485293793292589
1992-12-31,2.6128665066222427,-0.8813735870195377,0.1,4.1664395,-0.0047678947,4.167058,0.013216972,14.424499940872192,6.87,3.13,0.6647368421052632,2.0,2.0,-0.05308418724654418,-0.027555467322498473,0.03449830040486468,0.0298619471895345,0.0037850447982945568,7.4,85.3,0.0028188884064199,0.25650840997695923,2.0712099075317383,0.0306688051203645
1993-01-31,2.592103713253128,-0.8813735870195377,-0.1,4.160696,0.0052895546,4.1664395,-0.0047678947,12.19136363809759,6.77,3.22,0.41904761904761906,2.06,2.06,-0.05756085649730247,-0.0005971575479017943,-0.1397894502078394,0.005582477563855992,0.0016874963663999765,7.4,91.0,0.0014064699927516,0.20145855844020844,1.990410566329956,0.005523344984617
1993-02-28,2.640005267920583,-0.8813735870195377,0.0,4.1684146,-0.002711296,4.160696,0.0052895546,12.408999967575074,6.6,3.0,0.3468421052631579,2.11,2.11,-0.042427908832405326,-0.017504928547412035,0.07662019617246507,0.004015374566716412,0.003832542487244517,7.3,89.3,0.0035075448096781,0.2228051871061325,2.8389692306518555,0.0022180775232181
1993-03-31,2.6531633320277312,-0.8813735870195377,0.0,4.1754866,0.005844116,4.1684146,-0.002711296,13.721578949376157,6.26,2.93,0.31,2.2,2.2,0.060283019677725314,0.0009114109271077808,0.03728172589941536,-0.0060291242924326305,0.004804393879324742,7.1,86.6,0.0020986366569202,0.15806706249713898,1.9494937658309937,-0.0067580928349997
1993-04-30,2.645888701165054,-0.8813735870195377,0.0,4.1746163,-0.011794567,4.1754866,0.005844116,13.606086855349334,5.98,2.95,0.2886956521739131,2.18,2.18,0.017121947225082312,0.002335492955606533,0.04898378186513419,-0.003708253798915262,-0.0008739137323683366,7.0,85.9,0.0013966482717213,0.19365359842777252,2.164163827896118,-0.0174915213116682
1993-05-31,2.6266967256709353,-0.8813735870195377,0.0,4.177452,-0.011739731,4.1746163,-0.011794567,12.840952419099354,5.97,2.87,0.3585,2.12,2.12,-0.005911294660936317,0.0359141880755649,0.0580994760251663,-0.00449266110662494,0.0027394050036360085,7.1,85.6,0.0034831104528203,0.2219294011592865,2.441223382949829,-0.0182620019550512
1993-06-30,2.581392139820594,-0.8813735870195377,0.0,4.1803255,0.003124237,4.177452,-0.011739731,13.6060001373291,6.04,2.96,0.2826315789473684,2.1,2.1,-0.008961573311157434,0.07060295363355351,0.06293855495632705,0.006235337950074804,-0.0037915803418799854,7.1,80.3,0.0027777795639023,0.26761820912361145,2.5114939212799072,-0.0100738606827048
1993-07-31,2.514790143715252,-0.8813735870195377,0.0,4.176806,-0.0047678947,4.1803255,0.003124237,12.52409081025557,5.96,3.07,0.26590909090909093,2.16,2.16,-0.047307092443958254,0.012745920588808524,0.015397326359344987,0.005608189090568816,0.0022526473495334542,7.0,81.5,0.0006932409289763,0.23136956989765167,2.272256374359131,0.0279565243714605
1993-08-31,2.520688338974291,-0.9503469298211292,-0.1,4.1769447,0.010143757,4.176806,-0.0047678947,11.500476201375326,5.81,3.04,0.2580952380952381,2.05,2.05,-0.050973512053612335,0.05314830462101039,-0.029969219817322923,0.0,0.002693116497312964,6.9,77.0,0.0013850417726617,0.28890395164489746,2.617969036102295,0.0068428519680736
1993-09-30,2.4914370046675494,-1.0159731341796878,-1.110223e-16,4.175749,-0.0029625893,4.1769447,0.010143757,11.928636420856822,5.68,3.02,0.24238095238095236,1.91,1.91,-0.004736200887711206,-0.03463246388397856,0.057012530784401605,0.005301387838125171,-0.0012064683528301146,6.8,77.3,0.0020739723991294,0.28907090425491333,2.1235592365264893,-0.0017656222340169
1993-10-31,2.5227020908905393,-1.0159731341796878,0.1,4.179465,0.00018882751,4.175749,-0.0029625893,12.931428409758068,5.36,2.95,0.26571428571428574,2.0,2.0,-0.04185349225647128,-0.06420774137405338,0.01811930682995566,-0.000861504584797057,0.005291488315735116,6.7,77.9,0.0013802624689578,0.2478877156972885,1.9028000831604004,-0.0001915465608766
1993-11-30,2.4369124016700505,-0.8813735870195379,0.2,4.1795044,0.007712364,4.179465,0.00018882751,11.875238100687662,5.33,3.02,0.3735,1.96,1.96,0.03647713522009077,0.024742039919850356,0.12769444732886015,0.0,0.007303652422303131,6.8,82.7,0.0041293933420112,0.28040093183517456,2.323782444000244,0.0112444419080173
1993-12-31,2.294348944858109,-0.8813735870195379,-0.2,4.1824718,0.001057148,4.1795044,0.007712364,14.083809534708658,5.72,3.1,0.384,1.91,1.91,-0.08874805638458039,0.026152897719188495,0.08921012957230978,0.003132317031639076,0.0045590055532489515,6.6,81.2,0.0027434859457509,0.294376403093338,1.7831765413284302,0.012791984171848
1994-01-31,2.327561079064223,-0.7326682560454053,0.2,4.1882963,0.006392479,4.1824718,0.001057148,11.356363556601785,5.77,3.06,0.321,1.94,1.94,-0.10178513606492912,0.025016823763623464,0.10837769928441965,-0.0008595496489332,0.00590527084702952,6.5,88.2,0.0020526863177421,0.22523315250873566,1.7174028158187866,0.0056477570267636
1994-02-28,2.310055416359211,-0.7326682560454053,-0.2,4.187897,0.005271435,4.1882963,0.006392479,11.290476163228353,5.75,2.98,0.3005263157894737,1.85,1.85,0.0403939262259998,0.009296595039918643,0.08344161421398333,0.40545937529728127,0.0028736794669281807,6.6,94.3,0.0,0.18448293209075928,1.8379966020584106,-0.0128749857934176
1994-03-31,2.299180254839205,-0.48121182505959725,0.3,4.1911917,-0.0029172897,4.187897,0.005271435,13.644210464075991,5.97,3.25,0.29526315789473684,1.77,1.77,-0.03485144574400456,-0.012929588672626835,-0.022708206910838413,0.0005158213996843131,0.0005827318302769058,6.6,93.2,0.002730377122857,0.15734776854515076,2.6492974758148193,-0.0111573282568055
1994-04-30,2.409439058118239,-0.29567304756341556,-0.1,4.1990075,-0.0015120506,4.1911917,-0.0029172897,15.223478317260742,6.48,3.5,0.3756521739130435,1.59,1.59,0.0014920536759470693,0.005796058208292543,-0.13970517770809998,0.00041246563371188927,0.010149890606631295,6.5,91.5,0.0027229424584565,0.3976801931858063,2.0049710273742676,-0.0053322740373635
1994-05-31,2.495024779953585,-0.19869011034923464,-0.1,4.2054615,-0.0075478554,4.1990075,-0.0015120506,16.471052671733656,6.97,3.68,0.4444444444444444,1.48,1.48,0.09706527215658545,-0.0180199254775113,-0.03149021792425444,-0.0005843765384438981,0.005896138042652765,6.4,92.6,0.0006795786873841,0.27801910042762756,2.175499677658081,-0.0052881027329565
1994-06-30,2.556750235883665,-0.19869011034923464,-0.1,4.2106323,0.0072426796,4.2054615,-0.0075478554,13.897142818995885,7.18,4.14,0.49399999999999994,1.51,1.51,0.060899391982676576,0.01096623616573833,-0.02408042562829671,-0.0051826388820961355,0.004590495958547436,6.1,92.8,0.0020359694850986,0.3477795720100403,2.364232301712036,0.0054150215451667
1994-07-31,2.5833361935700814,-0.19869011034923464,0.0,4.218093,0.005112171,4.2106323,0.0072426796,13.408636353232644,7.1,4.14,0.4986363636363636,1.52,1.52,0.03491469597542407,0.010976944145858702,-0.006502936987930141,-0.000910594658138475,0.006728449687136262,6.1,91.2,0.0027081939368791,0.56477952003479,2.7626564502716064,-0.0303512507960652
1994-08-31,2.512486996970173,-0.09983407889920064,0.1,4.220414,-0.006495476,4.218093,0.005112171,12.48449993133545,7.3,4.33,0.5245,1.49,1.49,0.048686922411978806,-0.0003890394664756158,-0.012500014055634168,-0.0036969900120480403,0.0013295056794984106,6.1,89.0,0.0033749610165259,0.18375343084335327,2.284783124923706,0.0056038646941507
1994-09-30,2.459125031854403,-0.09983407889920064,-0.1,4.230782,-0.0017127991,4.220414,-0.006495476,11.889130467953889,7.24,4.48,0.4436363636363636,1.55,1.55,-0.04098865498622617,-0.01339707965845971,0.06414246897920073,-0.0070388470978119955,0.006681857512926825,6.0,91.7,0.0040349752121793,0.19237619638442993,2.13395094871521,-0.0038084003377862
1994-10-31,2.4726723650841165,0.29567304756342927,0.4,4.2344246,0.010021687,4.230782,-0.0017127991,13.23333336058117,7.46,4.62,0.5085714285714286,1.5,1.5,-0.060878596052030165,0.029071664157883426,0.03429786482260866,-0.003397729944430772,0.0031405492615519393,5.9,91.5,0.0020113985996852,0.23000168800354004,2.3236935138702393,-0.0183370261364981
1994-11-30,2.4917810531767524,0.5688248987322535,-0.1,4.241823,0.008062363,4.2344246,0.010021687,15.245238031659808,7.74,4.95,0.675,1.4,1.4,0.03677841932218762,-0.004633015262330176,-0.04855454861491104,-0.0004679457268359499,0.00801293123785829,5.8,92.7,0.0006695681535724,0.30668842792510986,2.1631321907043457,-0.0161757379530564
1994-12-31,2.4364495414084915,0.5688248987322535,-0.3,4.2504816,0.0028128624,4.241823,0.008062363,16.38380949837821,7.96,5.29,0.592,1.3,1.3,0.04162412986801822,-0.01389915937720243,-0.019400918989051164,-0.001991215884860509,0.006812622956685388,5.6,91.6,0.0026737983844027,0.19561268389225006,1.9211959838867188,0.0279769921639001
1995-01-31,2.4810231497616027,0.5688248987322535,0.0,4.26168,0.0052170753,4.2504816,0.0028128624,14.177142824445452,7.81,5.6,0.7855,1.3,1.3,-0.0760774782335738,-0.013356578197678992,-0.1181338850108169,-0.007390355609886434,0.010166425922232492,5.5,95.1,0.0020006675562962,0.15591226518154144,2.097728729248047,0.0045968524231643
1995-02-28,2.5079438605115563,0.3900353197707218,-0.2,4.258207,-0.0068473816,4.26168,0.0052170753,12.274285679771786,7.78,5.71,0.6335,1.33,1.33,0.0381715212349345,-0.0019529194426004537,-0.09258178757771596,-0.0009217352909063337,0.001700536197938085,5.6,97.6,0.0026613455495141,0.18747931718826294,1.668933629989624,-0.0034099551670685
1995-03-31,2.507036511296103,0.5688248987322535,0.4,4.260187,0.008084774,4.258207,-0.0068473816,11.470000016061883,7.47,5.77,0.4921052631578947,1.53,1.53,0.03342487086143153,-0.005058340477403611,0.0709609573814376,-0.0008634200246615542,-0.0011286873050115886,5.4,95.1,0.0026542815848733,0.19181585311889648,1.5944693088531494,-0.0208016474399563
1995-04-30,2.5718173775902873,0.5688248987322535,-0.2,4.259563,-0.011940479,4.260187,0.008084774,12.166521735813307,7.2,5.73,0.5391304347826087,1.49,1.49,-0.006329155213824045,0.014444871329896358,0.04496322354154003,-0.0005562953243032354,0.0016603011582869698,5.4,90.3,0.0019860979716295,0.13410502672195435,1.7398362159729004,-0.0429703263142693
1995-05-31,2.5632790207281797,0.09983407889921461,-0.5,4.2640624,0.012854576,4.259563,-0.011940479,12.442631570916427,7.06,5.65,0.581111111111111,1.51,1.51,0.09215987438963502,0.023049587982953312,0.015541259038007738,-0.002252012946695192,-0.0017277257902161836,5.8,92.5,0.0039604012160969,0.21382488310337067,2.2009217739105225,-0.0159536982386265
1995-06-30,2.4920985735627066,-0.09983407889920064,0.3,4.2601323,0.00019073486,4.2640624,0.012854576,12.265909194946289,6.63,5.67,0.4547619047619048,1.66,1.66,-0.01607766157923196,-0.014969683728685013,0.04944135749697054,-0.01216520801748544,0.004898906985118856,5.6,89.8,0.0019743343037168,0.2834611237049103,1.991496205329895,0.0090795660751341
1995-07-31,2.428056568641468,-0.19869011034923464,0.1,4.265083,-0.013842583,4.2601323,0.00019073486,11.89681811766191,6.17,5.47,0.5336363636363637,1.74,1.74,-0.05823720348439565,0.006056075860726651,0.0381462821102847,-0.0005286364906309515,0.0033088514322034968,5.6,92.7,0.0019704439872993,0.19586828351020813,2.1323773860931396,-0.0042631998141606
1995-08-31,2.467423110268301,-0.19869011034923464,0.1,4.2639537,0.015337944,4.265083,-0.013842583,12.514000129699706,6.28,5.42,0.47000000000000003,1.72,1.72,-0.08800205568550545,-0.0034376285807500295,0.02099836844679004,-9.614575704164352e-05,-0.00418989274010606,5.7,94.4,0.0013114755978103,0.233963742852211,2.2772469520568848,0.0062461613232986
1995-09-30,2.477147472015025,-0.19869011034923464,0.0,4.2702355,0.0021414757,4.2639537,0.015337944,12.79826085463814,6.49,5.4,0.5018181818181818,1.73,1.73,0.015153529542090816,-0.006650238822714094,-0.037132839627439296,0.0011411344113128052,0.013169322992450994,5.7,96.2,0.0019639940846598,0.2190409153699875,2.3781585693359375,0.0408074391456274
1995-10-31,2.430236037441673,-0.09983407889920064,0.1,4.2703676,0.00630188,4.2702355,0.0021414757,12.057000017166137,6.2,5.28,0.585,1.71,1.71,0.03678681923186167,-0.0015911732388236288,0.03994071396741106,0.0010438977928224347,0.004025176187479218,5.6,88.9,0.0013071897286218,0.17797636985778809,1.4541047811508179,-0.006110022833095
1995-11-30,2.459983583405983,7.105427357600977e-15,0.0,4.270344,-0.0057911873,4.2703676,0.00630188,14.357272711667148,6.04,5.28,0.6614285714285715,1.7,1.7,-0.03588357879560844,0.00020882276244016396,0.03409309048217146,-0.0004318255491915224,-0.0017591074109057914,5.5,90.2,0.0026092643636133,0.1446712762117386,1.38241446018219,0.002336050663235
1995-12-31,2.515409174506477,7.105427357600977e-15,-0.1,4.2754836,0.0034880638,4.270344,-0.0057911873,12.469047546386719,5.93,5.36,0.5228571428571429,1.81,1.81,0.045501245282038916,0.005647747460594488,-0.030343158364967593,-0.0003960039652146641,0.0026320058946325275,5.6,88.2,0.0013020835172987,0.13072383403778076,1.550011157989502,0.0128038578811482
1996-01-31,2.501785589126426,7.105427357600977e-15,0.0,4.283274,0.0062770844,4.2754836,0.0034880638,11.74849991798401,5.71,5.14,0.6057894736842105,1.8,1.8,0.06121319632919331,0.005512792997423688,0.037364146210318694,0.000695902601724363,0.003464824423083712,5.6,91.0,0.0013003903002832,0.17111022770404816,1.412654161453247,0.0005361593870985
1996-02-29,2.5098614886811723,7.105427357600977e-15,0.0,4.2813363,-0.0007891655,4.283274,0.0062770844,13.473636237057773,5.65,5.0,0.5457142857142857,1.82,1.82,-0.004029321972140121,0.030527602833076983,0.07907964254303046,-0.00043188253466563964,-0.005740078791367509,5.6,89.3,0.0051847167341865,0.20899832248687744,1.4743882417678833,0.0251688971372434
1996-03-31,2.6200444684607964,-0.8813735870195379,-1.0,4.281046,0.0062441826,4.2813363,-0.0007891655,15.032999801635743,5.81,4.83,0.449,1.78,1.78,0.00813710098359044,0.013205697933508453,0.056632037103243604,0.0008755675256058026,0.014529159926465418,5.5,88.5,0.0019373593402267,0.39804163575172424,1.6478923559188843,-0.0115369502585682
1996-04-30,2.7146480754147446,-0.8813735870195379,1.0,4.286027,-0.0023612976,4.281046,0.0062441826,17.762380781627837,6.27,4.96,0.4319047619047619,1.78,1.78,0.09798111386465536,-0.021349925137736037,-0.037219881750427675,0.0015214230034024112,-0.0012250426290405514,5.5,93.7,0.0032206147000417,0.38923364877700806,1.7185032367706299,0.0029829731677954
1996-05-31,2.6091102532473065,-1.0159731341796878,-0.2,4.2900424,-0.002286911,4.286027,-0.0023612976,16.575238000778924,6.51,4.95,0.548,1.61,1.61,0.05147312182145658,-0.008516514101992279,0.0008392708142324068,-0.00044301032220195324,0.009901218260520928,5.6,92.7,0.0038510959020978,0.36347660422325134,1.7814347743988037,0.0043027899798673
1996-06-30,2.5688199191149272,-0.8813735870195379,0.4,4.2966685,-1.5735626e-05,4.2900424,-0.002286911,16.14636369185014,6.74,5.02,0.48,1.48,1.48,-0.08722173398051059,-0.002344607205715832,-0.0027290837794335943,-0.0005510434026207989,0.0074455836229239125,5.6,89.4,0.0019200005898243,0.30013543367385864,1.3213279247283936,0.0056113225568923
1996-07-31,2.608569979937427,-0.8088669356527773,-0.1,4.2981224,0.005094528,4.2966685,-1.5735626e-05,16.395000171661376,6.91,5.09,0.476,1.51,1.51,-0.03713473618381258,-0.017138865222055877,0.009649317632639764,-0.00040748820046543344,0.007593378241184112,5.3,92.4,0.0019163212507642,0.28210219740867615,1.312994122505188,0.0010057669763305
1996-08-31,2.636873922634315,-0.8088669356527773,-0.1,4.30124,0.0011930466,4.2981224,0.005094528,17.97863635149869,6.87,5.15,0.49318181818181817,1.5,1.5,0.05862560203848721,-0.004682996304516074,-0.01606152827753604,-0.00016783753366178544,0.00015374603570972312,5.5,94.7,0.0019126559863327,0.1941879838705063,1.604606032371521,-0.0131672583256721
1996-09-30,2.722112768870702,-0.8088669356527773,0.0,4.305388,-0.005522251,4.30124,0.0011930466,15.760454698042436,6.64,5.05,0.4809523809523809,1.48,1.48,0.0469864387335126,0.010067286188368385,0.0332517563892214,-0.0005276728550813736,0.0051052352845752935,5.1,95.3,0.0012730746467983,0.19202731549739838,1.6037836074829102,0.0036088227295953
1996-10-31,2.7561779341252,-0.8088669356527773,0.0,4.310387,0.0074191093,4.305388,-0.005522251,16.578000020980834,6.83,5.09,0.5285,1.5,1.5,0.09826884912940681,-0.0109282194409559,0.017939970188265875,-0.0005519558575457495,0.006239632118214544,5.2,94.7,0.0031756139738865,0.22505903244018555,2.0218417644500732,0.0134702667695361
1996-11-30,2.704051458533042,-0.48121182505959725,0.4,4.313238,0.0056996346,4.310387,0.0074191093,16.381739201753035,6.53,4.99,0.5595454545454546,1.54,1.54,0.06550884118439981,-0.0054173723518777805,0.07338110480689508,-0.000204060810829354,0.00029609405001806977,5.2,96.5,0.0031655613645611,0.11050082743167877,1.0725080966949463,-0.0058912212700272
1996-12-31,2.7699926463609374,-0.2956730475634159,-0.2,4.3177752,0.006966591,4.313238,0.0056996346,15.996999740600586,6.2,5.03,0.471578947368421,1.65,1.65,-0.05982265626471506,-0.008485793818348242,0.056348398698309765,0.00014404724774630395,0.009144785172068737,5.4,99.2,0.0031555721988096,0.1865861564874649,1.0855921506881714,0.0032052626578629
1997-01-31,2.759406228779201,-0.2956730475634159,-0.2,4.323128,0.008775234,4.3177752,0.006966591,19.260952449980238,6.3,4.91,0.643,1.54,1.54,0.043987352953211545,-0.02370064742620226,0.016403785460948228,-0.00033614252759539553,0.006386648092456149,5.4,96.9,0.0025173078113773,0.2230117917060852,1.5119444131851196,0.0084036825952127
1997-02-28,2.632415768673461,-0.09983407889920051,0.2,4.3263674,-0.00094747543,4.323128,0.008775234,19.473181551153008,6.58,5.03,0.5290476190476191,1.5,1.5,-0.010371087983883864,-0.03836904340661551,0.019181165142470036,-0.000600535695872928,0.0015838703738682014,5.3,97.4,0.0018838310123738,0.09804660826921463,0.9729240536689758,0.0351955573559079
1997-03-31,2.5752932864884586,0.19869011034924833,0.1,4.3319535,0.0055060387,4.3263674,-0.00094747543,20.139473563746403,6.42,5.01,0.5057894736842105,1.49,1.49,-0.12122076086594014,-0.02431392842181257,-0.004366576393724841,0.00024025755725576303,0.011867816799596476,5.2,99.7,0.0018802888648519,0.20562532544136047,1.050157904624939,0.0124946195148858
1997-04-30,2.5122549153226723,0.19869011034924833,-0.3,4.340009,-0.00019645691,4.3319535,0.0055060387,20.169999980926512,6.69,5.14,0.4826315789473684,1.4,1.4,-0.0859645979868704,0.01497758492898349,-0.03215954602624116,1.2011362749309029e-05,0.006326080160110159,5.2,100.0,0.0006259781112074,0.18980300426483154,1.1519078016281128,0.0040688971955757
1997-05-31,2.567015821421063,0.29567304756342927,0.1,4.345371,0.00792551,4.340009,-0.00019645691,19.662272626703437,6.89,5.16,0.6677272727272727,1.5,1.5,-0.08602399932512839,-0.02108425320788232,-0.04037630539337833,-0.00012012012026429986,0.0011715145153683437,5.1,101.4,0.0006255865077342,0.2731319069862366,1.2982195615768433,0.0235006247072124
1997-06-30,2.482093708411386,0.29567304756342927,-0.1,4.3475804,-0.009963512,4.345371,0.00792551,19.9247620900472,6.71,5.05,0.7695000000000001,1.51,1.51,0.08025067007377373,-0.001830571039000084,0.11803442082311477,-0.00028834717199055504,0.005524360977567255,4.9,103.2,0.0,0.1992357224225998,1.1006957292556763,-0.0305380726826323
1997-07-31,2.504558498844047,0.29567304756342927,0.0,4.356525,-0.011869431,4.3475804,-0.009963512,20.194285983131046,6.49,4.93,0.9104761904761905,1.5,1.5,-0.07887937139447976,-0.008998015719559938,0.04543726634893375,-0.00016824092139566815,0.004585436547763777,5.0,104.5,0.0018744147943507,0.1843758523464203,0.7511608600616455,0.0005725984782722
1997-08-31,2.5172349634679287,0.4812118250596098,0.2,4.3601427,0.0068826675,4.356525,-0.011869431,20.529090881347656,6.22,5.05,0.6931818181818182,1.54,1.54,0.04908807742471222,-0.050126307027138495,0.04941307503546888,-0.0035396136161467417,0.008505942659710719,4.9,107.1,0.001247660798155,0.18350493907928467,0.9073299765586853,0.0273226661273566
1997-09-30,2.507701115530038,0.6526665660823615,0.0,4.3645544,0.013448715,4.3601427,0.0068826675,23.084762028285436,6.3,5.14,0.585,1.44,1.44,0.007069646282430675,-0.0002777306339307728,0.033686970041925335,0.003263156354077257,0.00995494609358527,4.8,104.4,0.0024906613124517,0.13877806067466736,1.051243782043457,0.0014576619083666
1997-10-31,2.577492416239182,1.529660495090407,1.3,4.3695755,0.0054798126,4.3645544,0.013448715,23.812380836123513,6.21,4.95,0.7723809523809523,1.54,1.54,-0.007261796619381311,-0.0036794871684371344,-0.09816221168478734,-0.00042084253294971674,0.009117575456573768,4.9,106.0,0.0024844733276614,0.15430578589439392,0.860172688961029,-0.0077896996004005
1997-11-30,2.5236237713711507,1.4874828366412745,-1.6,4.376309,0.0077528954,4.3695755,0.0054798126,23.870869760927945,6.03,4.97,0.7931818181818181,1.6,1.6,0.07331251329528321,0.006330209963263833,-0.13657272083944072,-0.0001804153165472222,0.008827849981996039,4.7,105.6,0.0018593125901835,0.28928136825561523,1.0718635320663452,-0.0072647460748793
1997-12-31,2.426802540609684,1.529660495090407,0.2,4.374808,-0.002202034,4.376309,0.0077528954,32.034737034847865,5.88,5.14,0.6961111111111111,1.52,1.52,-0.0354041582648148,-0.059709289944746224,-0.19961654798547634,-0.00045719786635300963,0.007844288895028306,4.6,107.2,0.0012376239203497,0.42283299565315247,1.4865221977233887,0.0256913002824434
1998-01-31,2.3335811933630097,1.529660495090407,-0.1,4.374168,-0.0027947426,4.374808,-0.002202034,26.276363719593395,5.81,5.16,0.7495238095238095,1.53,1.53,-0.10970939307402716,-0.05818918316198296,0.0453908432465191,4.813593589236831e-05,0.00424944358291679,4.7,102.1,0.0006182380413308,0.1542905867099762,0.9454402327537537,0.0172678705953934
1998-02-28,2.293905559274323,1.529660495090407,0.0,4.37204,0.018118858,4.374168,-0.0027947426,23.866499996185304,5.54,5.04,0.6144999999999999,1.68,1.68,-0.12343893139036233,0.001246019820632327,-0.15577795742940026,0.0,0.004373784275946591,4.6,106.6,0.0012353306079919,0.24241308867931366,1.113872766494751,0.0062070389161315
1998-03-31,2.2269564970916957,1.570278543484981,0.1,4.37987,0.005493641,4.37204,0.018118858,19.99894724394146,5.57,5.09,0.5473684210526316,1.67,1.67,-0.07640851601871512,0.028607961953061256,0.1407919164527538,0.0,0.0016174896182681309,4.6,110.4,0.0,0.30539751052856445,1.838814377784729,-0.0122279716453919
1998-04-30,2.2533015889034087,1.570278543484981,-0.1,4.3767595,-0.0017495155,4.37987,0.005493641,20.158636353232644,5.65,5.03,0.6581818181818182,1.67,1.67,-0.07115424629318623,-0.005223879900973394,0.06089732998921704,-0.0036166404701885035,0.0003515910121256738,4.7,106.5,0.0,0.17229296267032623,1.2498539686203003,0.0168432064425623
1998-05-31,2.2125500281639945,1.6472311463710985,0.2,4.3760138,-0.0019898415,4.3767595,-0.0017495155,22.028571446736652,5.64,4.95,0.746,1.66,1.66,0.03179563671411856,0.040884167352639444,-0.026852157633280527,0.0036166404701885035,0.0034253831806134727,4.3,108.7,0.001233806448929,0.1768483817577362,1.0672954320907593,-0.0091713755160736
1998-06-30,2.127119586562295,1.8496036794731807,0.4,4.378444,-0.0078930855,4.3760138,-0.0019898415,20.873999786376952,5.65,5.0,0.6905263157894737,1.63,1.63,0.0600157242347632,-0.030262932791125685,-0.129114930866848,0.0,0.0065697125334116535,4.4,106.5,0.0024630554323978,0.7952063679695129,1.957215666770935,0.0172023922765811
1998-07-31,2.154949094187981,1.8496036794731807,-0.6,4.3764286,-0.0041503906,4.378444,-0.0078930855,21.662727269259367,5.5,4.98,0.7163636363636363,1.67,1.67,-0.16270902326160597,-0.022928873006205386,-0.15160714656983565,0.0,-0.006016655286145145,4.5,105.6,0.0012292564547298,0.5262264609336853,1.5843377113342285,0.0047248391270251
1998-08-31,2.1012341716706886,1.879863584396912,0.1,4.375389,-0.0020608902,4.3764286,-0.0041503906,19.929999871687457,5.46,4.96,0.7277272727272728,1.71,1.71,-0.010442225365108637,0.0018797319227843445,0.0006046907172780891,0.0,-0.003852986693513749,4.5,105.2,0.002453988961566,0.3266211152076721,1.147668719291687,0.0159675741869538
1998-09-30,2.2130684954874784,1.909274014016339,0.0,4.378804,-0.014672279,4.375389,-0.0020608902,31.58809498378209,5.34,4.9,0.7775000000000001,2.06,2.06,-0.013801020714641954,-0.030367337438168995,-0.11792405860191302,0.0,0.020491901058277584,4.5,104.4,0.0012247398958962,0.2639833390712738,2.2329885959625244,0.0008824871018724
1998-10-31,2.172447221137584,1.879863584396912,-0.2,4.3811545,0.001229763,4.378804,-0.014672279,38.204762231735955,4.81,4.61,0.888095238095238,2.57,2.57,0.11332541511205063,0.016995994451153074,0.03382342060058363,-0.0038582155408160013,-0.0005323279149607174,4.6,100.9,0.0006118079114054,0.1837109625339508,1.417198896408081,-0.0363695680897917
1998-11-30,2.058037999233275,1.879863584396912,0.1,4.384109,0.0017414093,4.3811545,0.001229763,36.608181953430176,4.53,3.96,1.3076190476190477,2.65,2.65,-0.049258661961154804,0.02376545830477017,0.18365532749327151,-2.416071709143708e-05,0.006812999094851335,4.5,97.4,0.0024434954124759,0.1529788374900818,1.226663589477539,-0.0355851633613539
1998-12-31,1.9258989494359247,1.8496036794731807,-0.1,4.385734,0.012701988,4.384109,0.0017414093,26.223000144958498,4.83,4.41,0.908421052631579,2.45,2.45,-0.1403421616202154,-0.006135092542214338,0.113329692153318,4.832085045647361e-05,-0.0007584271645324492,4.4,102.7,0.0012195123462612,0.27200716733932495,1.6170976161956787,0.019591772930303
1999-01-31,2.024370308496442,1.71905185120893,-0.3,4.384539,-0.0026159286,4.385734,0.012701988,25.479090777310457,4.65,4.39,0.8400000000000001,2.58,2.58,-0.11658131646074477,-0.008330536397668453,-0.014937660070412306,8.455587034150724e-05,0.004520149593450817,4.4,100.5,0.0018264845260347,0.33179548382759094,1.7790558338165283,-0.0230798320393246
1999-02-28,1.986784184896389,1.6837431439977468,0.3,4.3940253,0.0032148361,4.384539,-0.0026159286,28.03526316191021,4.72,4.34,0.6710526315789473,2.55,2.55,0.12339310787239599,-0.01589638836848195,-0.006071184509989891,-0.00013287672079798085,0.0043112451049784895,4.3,103.9,0.0018231545615146,0.2338293343782425,1.3240206241607666,0.0103389790030776
1999-03-31,2.185560264971225,1.3979983651114378,-0.6,4.388257,0.0048532486,4.3940253,0.0032148361,28.82263153477719,5.0,4.44,0.5568421052631579,2.24,2.24,-0.07886980636763141,0.0008704584383467662,-0.07094060331350782,0.00014495554721971615,0.006063079650347802,4.4,108.1,0.0,0.2279997318983078,1.2488939762115479,0.0201207780754675
1999-04-30,2.3468009601440882,1.3979983651114378,0.7,4.3962774,-0.004823208,4.388257,0.0048532486,25.309565419736117,5.23,4.44,0.5643478260869565,2.31,2.31,0.19725182767702298,-0.004779440101566834,0.12369822103787875,0.00012078024049921865,0.0022660526894453525,4.2,105.7,0.0006069802917769,0.4287277162075043,1.9307531118392944,0.0042659867601422
1999-05-31,2.369567913552973,-0.2956730475634153,-2.2,4.3968825,-0.0217762,4.3962774,-0.004823208,23.478571483067103,5.18,4.29,0.7110000000000001,2.22,2.22,0.20086070318859806,-0.011748701744050294,0.15544722185462945,-0.00012078024049921865,0.0022959860915063857,4.3,104.6,0.0066525797210275,0.4187085032463074,2.3571739196777344,-0.0004891016709089
1999-06-30,2.377424295152176,-0.2956730475634153,2.2,4.4061303,-0.0029492378,4.3968825,-0.0217762,26.204500198364258,5.54,4.5,0.5247368421052632,2.18,2.18,-0.004537188609445408,-0.022109439931407238,0.027193078052926367,-4.8316181098684297e-05,0.006302647258385363,4.2,106.8,0.0006025911601446,0.743427038192749,1.8464792966842651,0.0110155253473145
1999-07-31,2.48820055903959,-0.1986901103492341,0.1,4.4067507,-0.016116142,4.4061303,-0.0029492378,23.626363667574797,5.9,4.57,0.6122727272727273,2.18,2.18,0.04104471710109747,-0.05628635724138764,0.03417754140135898,1.2079264131603651e-05,-0.0007846779120086467,4.3,107.3,0.0,0.5265735983848572,1.6317658424377441,0.0051797430227544
1999-08-31,2.5434051233005452,-0.48121182505959653,-0.4,4.4136705,0.023226261,4.4067507,-0.016116142,21.049047470092773,5.79,4.55,0.758095238095238,2.19,2.19,0.18463985088167156,-0.020217546320197677,0.034407878629828303,-0.0001570418157261777,0.005769502318011099,4.3,106.0,0.0042080014002046,0.32539331912994385,1.2352309226989746,-0.0206910795521579
1999-09-30,2.655438680479387,-0.2956730475634153,0.5,4.417982,-0.0017185211,4.4136705,0.023226261,24.323636228388008,5.94,4.72,0.7342857142857143,2.23,2.23,0.05798444552559223,0.002379235476939634,-0.033466031915091676,-4.832552071709628e-05,0.004007243163624885,4.2,104.5,0.0023966458446,0.3371411859989166,1.2700074911117554,-0.0079580005745221
1999-10-31,2.600329398908504,-0.39003531977070816,-0.3,4.424452,0.0006389618,4.417982,-0.0017185211,24.541428611392067,5.92,4.68,0.8914285714285713,2.3,2.3,0.10880755028795397,0.03087908114707716,0.008810515062247504,9.664870619063848e-05,-0.004045261045452442,4.2,107.2,0.0041803584317579,0.3188936710357666,1.3955544233322144,-0.0153752669320725
1999-11-30,2.6965031884715467,7.549516567451036e-15,0.5,4.430224,0.007666588,4.424452,0.0006389618,24.021428516932897,6.11,4.86,1.3210000000000002,2.28,2.28,-0.02428198922306013,0.16014397281733572,-0.042919274274373365,0.0,0.012148883898799312,4.1,103.2,0.0017862463814637,0.37992170453071594,1.482270359992981,-5.145920992344344e-05
1999-12-31,2.737624340884687,7.549516567451036e-15,-0.4,4.4396253,-0.00027179718,4.430224,0.007666588,21.81809525262742,6.03,5.07,1.0325,1.99,1.99,0.11094885010735611,-0.05810543024107506,0.12197640277097932,0.00013287672079798085,0.004835676101424546,4.1,107.2,0.001783061393656,0.31067031621932983,1.1889114379882812,0.0128017442443946
2000-01-31,2.7759793055719992,0.19869011034924872,0.2,4.448897,-0.012270451,4.4396253,-0.00027179718,22.15909090909091,6.28,5.2,0.9326315789473684,1.73,1.73,0.03552574346173909,-0.03509253798125034,0.11588208225792584,7.247077015470893e-05,0.007683533835146861,4.0,105.4,0.0023724803536309,0.41286879777908325,1.8293263912200928,-0.0066298125583559
2000-02-29,2.848664295211935,0.09983407889921521,-0.3,4.4464464,0.015494823,4.448897,-0.012270451,23.201999855041503,6.66,5.32,0.7189473684210527,1.68,1.68,0.0014844655192884915,0.004406147525705784,-0.031476301454775424,-0.00021742806840441276,-0.0013689853853140477,4.0,112.0,0.0029577069772326,0.2667705714702606,1.1989688873291016,0.0245316834650459
2000-03-31,2.861030605781278,0.09983407889921521,0.1,4.4500885,0.009224415,4.4464464,0.015494823,23.595500183105468,6.52,5.55,0.5515,1.91,1.91,0.0850523203534106,0.0532153346604165,0.059255637563508046,0.00010871994357275483,0.0031184257109906355,4.1,111.3,0.0041261479111724,0.20940184593200684,1.2321325540542603,0.0119964994095038
2000-04-30,2.7121377980345267,0.09983407889921521,0.0,4.455104,0.0004954338,4.4500885,0.009224415,22.718260806539785,6.26,5.69,0.5021739130434782,2.3,2.3,-0.01048210425883589,-0.045961180790969,0.04632485795762342,1.2079264131603651e-05,0.00354941252967933,4.0,107.1,0.0058651194523982,0.2764623761177063,1.0100457668304443,-0.0133152552822819
2000-05-31,2.8220184237396713,0.09983407889921521,0.0,4.4649663,0.009771824,4.455104,0.0004954338,27.16421077125951,5.99,5.66,0.6499999999999999,2.34,2.34,-0.1884800832385345,-0.023672671299076242,-0.08853709995253745,0.00014493978984919664,0.005934581411047191,3.8,109.2,-0.0005849663811146,0.20688414573669434,1.0314223766326904,0.0377917323154202
2000-06-30,2.9169228352884624,0.19869011034924872,0.1,4.4699917,0.0076208115,4.4649663,0.009771824,26.373181863264605,6.44,5.79,0.959047619047619,2.52,2.52,0.19758971563204675,-0.016220078787037906,-0.08447976702852955,-0.0003140627668170026,0.0027040320534066353,4.0,110.7,0.0017538735860958,0.3068792223930359,1.392322301864624,-0.0014720929074432
2000-07-31,2.8471153758631433,0.19869011034924872,-0.1,4.470991,-0.0029597282,4.4699917,0.0076208115,21.539999961853027,6.1,5.69,1.1036363636363637,2.4,2.4,0.07156626965834167,0.03758554078465082,0.08413258976442961,0.00010872519717164408,0.00039045672638238216,4.0,106.4,0.0058241282859885,0.3349747955799103,1.2740495204925537,-0.0172997876814369
2000-08-31,2.8946731159227443,0.19869011034924872,0.0,4.474602,0.009077072,4.470991,-0.0029597282,19.89300012588501,6.05,5.96,0.775,2.27,2.27,-0.03807281969436671,-0.01459519668461784,0.07700158979632832,0.00012079191192038152,-0.0019527324535886237,4.0,108.3,0.0028993931590024,0.33508288860321045,0.9578033089637756,0.0212522359165836
2000-09-30,2.9712412535456956,0.29567304756342977,0.1,4.479441,0.012024403,4.474602,0.009077072,18.08869569197945,5.83,6.09,0.5990909090909091,2.51,2.51,0.05142931485860647,-0.025610146930153732,0.00478619670425573,-7.247339625582327e-05,-0.00272663339275514,4.1,107.3,0.0,0.186522975564003,0.820108950138092,0.0084442108829261
2000-10-31,2.9456186347833446,0.29567304756342977,-0.1,4.477215,0.00024032593,4.479441,0.012024403,19.6875,5.8,6.0,0.6775,2.54,2.54,0.09317234721427559,-0.002882424690204388,-0.06261239364249604,0.00014494154049904395,0.004604083024880801,3.9,106.8,0.0051978170736175,0.2797124683856964,1.104864239692688,0.0107805647160832
2000-11-30,2.9830226859490416,0.39003531977072237,0.1,4.480524,0.0062713623,4.477215,0.00024032593,25.200000069358133,5.74,6.11,0.67,2.56,2.56,-0.06815928053206788,-0.013537581670973964,-0.0689476778412228,-0.00027782307680501717,-0.003893384717707171,3.9,105.8,0.0017266191339873,0.18147821724414825,1.7102947235107422,0.0237056113550861
2000-12-31,2.7911721352442957,0.39003531977072237,-0.1,4.4841566,0.007912636,4.480524,0.0062713623,26.382857095627557,5.72,6.17,0.58,2.64,2.64,0.05012177717567212,-0.014888056938350047,-0.008304242291490738,2.4161592733218384e-05,0.00027960447484520756,3.9,107.6,0.001723643058165,0.16129480302333832,0.9510831832885742,-0.0011952811765407
2001-01-31,2.824059962069729,0.19869011034924872,-0.2,4.487725,-0.017967701,4.4841566,0.007912636,26.530499839782713,5.24,5.77,0.7684210526315789,2.88,2.88,-0.23791382968006802,0.02024405829143472,-0.005618392761567392,-3.624260802181922e-05,-0.0032683707203071677,3.9,98.4,0.002293578987099,0.1759856790304184,0.9818148016929626,-0.0330092537211008
2001-02-28,2.8227983330634396,-0.19869011034923395,-0.2,4.4741898,-0.0011949539,4.487725,-0.017967701,24.91857147216797,5.16,5.15,0.550952380952381,2.62,2.62,-0.001382660245446754,-0.02220078516222923,0.0341090201426848,8.456404221135472e-05,-0.004770869350923412,4.2,94.7,0.0057110377955149,0.2576051354408264,1.0246317386627197,0.0095914240162171
2001-03-31,2.7388046517672424,-0.19869011034923395,0.4,4.4824734,-0.006942749,4.4741898,-0.0011949539,23.411579132080078,5.1,4.88,0.46421052631578946,2.88,2.88,0.07076257035926847,-0.013728977773862283,0.006989642829219989,2.415984151271644e-05,-0.006534765134370346,4.2,90.6,0.0022753138371349,0.31276655197143555,1.1720848083496094,0.0146126125814891
2001-04-30,2.743323952730095,-0.7326682560454049,-0.6,4.473131,0.009589195,4.4824734,-0.006942749,28.496818369085137,4.89,4.42,0.5395454545454546,3.04,3.04,-0.11575147520103046,0.004419896698150794,-0.14864944013782377,-7.248127570225193e-05,-0.0020524117552422894,4.3,91.5,0.0005680204640086,0.25737208127975464,1.1910302639007568,0.0435093516072138
2001-05-31,2.782131315000374,-1.0159731341796872,0.2,4.468717,-0.013489246,4.473131,0.009589195,28.13399991989136,5.14,3.87,0.7510526315789473,2.73,2.73,0.046260212712504245,-0.009742011299343822,-0.04644801172212176,-3.624260802181922e-05,-0.003596380672338917,4.4,88.4,0.0017021280705309,0.4010493755340576,1.1368091106414795,-0.0163253248322359
2001-06-30,2.74288922355059,-1.0159731341796872,0.4,4.468513,-0.010138035,4.468717,-0.013489246,22.944090929898348,5.39,3.62,0.4847619047619047,2.65,2.65,0.09852153208899805,0.0445986378005907,0.05592926603955384,-4.832552071709628e-05,-0.004787344785630587,4.3,92.0,0.0050890695074716,0.3331435024738312,1.2756264209747314,0.0129083361176984
2001-07-31,2.7020192744169207,-0.7326682560454051,0.4,4.466077,-0.02319765,4.468513,-0.010138035,20.94047619047619,5.28,3.49,0.35,2.65,2.65,-0.016544769915813884,-0.007851272384410635,-0.02441398434809905,-3.624567317661587e-05,-0.005294243917338015,4.5,92.6,0.0022535220804433,0.28581637144088745,1.5124449729919434,0.0043186014286682
2001-08-31,2.739857616219795,-0.7326682560454051,-0.4,4.459097,0.028868675,4.466077,-0.02319765,22.31619053795224,5.24,3.51,0.23476190476190475,2.78,2.78,-0.12349815590324065,-0.010041738649872123,-0.054750268624205845,3.624567317661587e-05,-0.006424803271452895,4.6,92.4,-0.0016896652851272,0.31052976846694946,1.317399024963379,-0.0101962707592999
2001-09-30,2.6762954653251754,-0.48121182505959686,0.3,4.4645696,0.0025458336,4.459097,0.028868675,21.86173903423807,4.97,3.36,0.205,2.9,2.9,0.04241186573903111,0.01800315330148905,-0.0705285916229954,-1.2081745087488827e-05,-0.0011484395650906976,4.9,91.5,0.0,0.2181500941514969,1.3494141101837158,-0.0236644514045041
2001-10-31,2.526178993336358,-0.3900353197707083,-0.2,4.457724,-0.0068597794,4.4645696,0.0025458336,35.065333429972334,4.73,2.64,0.3464705882352941,3.42,3.42,-0.002358698546734761,0.0396950335147519,-0.16959722623009554,-1.2081891057835747e-05,-0.005077876004763837,5.0,81.8,0.0039381204201376,0.7703881859779358,13.229009628295898,0.0064038720479118
2001-11-30,2.4052942094735887,-0.2956730475634154,-5.551115e-17,4.454439,-0.0015153885,4.457724,-0.0068597794,32.721304603244945,4.57,2.16,0.2409090909090909,3.38,3.38,-0.22108541940133852,-0.0012710070910308957,0.029047405960721306,0.0,-0.0027452194543418074,5.3,82.7,-0.0028113597375467,0.6591466665267944,13.10019588470459,0.0124651556959607
2001-12-31,2.3884214093328517,7.327471962526006e-15,0.2,4.451744,0.0051584244,4.454439,-0.0015153885,26.63095238095238,4.65,1.87,0.23349999999999999,3.1,3.1,-0.08855656925937927,-0.024678481410630226,0.07052288211543001,4.832668842347232e-05,-0.006065460085318719,5.5,83.9,-0.000563221642599,0.360622376203537,7.890068531036377,0.0001987738604194
2002-01-31,2.4041680832284538,7.327471962526006e-15,-0.3,4.4525175,-0.0060048103,4.451744,0.0051584244,23.720000076293946,5.09,1.69,0.23526315789473684,2.85,2.85,-0.0049068550601978345,-0.0011231681766226131,0.054866382705203165,-7.249090846395134e-05,-0.0004275098074009165,5.7,88.8,-0.0005635390399918,0.38934099674224854,6.047550678253174,0.016931224579503
2002-02-28,2.4554508384973874,0.19869011034924872,0.2,4.4630637,-0.01092577,4.4525175,-0.0060048103,22.252857208251953,5.04,1.65,0.1680952380952381,2.85,2.85,0.03733467054858686,0.02031073120902871,-0.03587519909215686,-1.2082328989748703e-05,0.006633064841170544,5.7,93.0,0.0016896652851272,0.3410267233848572,4.232385158538818,0.0205398357687771
2002-03-31,2.615984053450956,-0.2956730475634154,-0.7,4.4603567,0.0010647774,4.4630637,-0.01092577,22.875789843107526,4.91,1.72,0.17789473684210527,2.98,2.98,0.04327365350715784,0.04850086591868408,-0.03964097286885604,0.0,0.00011522468260949381,5.7,90.7,0.001686815131479,0.3734973669052124,3.621983051300049,-0.0012788859650161
2002-04-30,2.6845374090744527,-0.19869011034923423,0.6,4.470051,-0.003042698,4.4603567,0.0010647774,18.98499994277954,5.28,1.79,0.20049999999999998,2.81,2.81,0.15592113066342694,-0.004885008696642323,0.032669075691064364,0.00010873570589264858,0.0072123326949231625,5.7,95.7,0.0028050509276082,0.28381118178367615,3.863307237625122,-0.0079511378380026
2002-05-31,2.711572310591811,-0.2956730475634154,-0.2,4.4770474,-0.008059502,4.470051,-0.003042698,19.900454607876863,5.21,1.71,0.25523809523809526,2.84,2.84,0.08227023570051628,0.028892313676809778,8.753939278349776e-05,-1.208116124162828e-05,0.004871002165678817,5.9,93.0,0.0044717793913937,0.16871166229248047,3.8404908180236816,-0.0259506280499701
2002-06-30,2.653900488596581,-0.09983407889920014,0.3,4.480834,0.008577824,4.4770474,-0.008059502,20.08772711320357,5.16,1.73,0.17857142857142858,2.98,2.98,-0.015005220885799808,0.03827613730627011,0.057058881738912604,-9.66545446510203e-05,0.0040096284673607485,5.8,96.9,0.0011148273172461,0.2767774760723114,4.089163780212402,-0.0305984772699954
2002-07-31,2.705825506080099,-0.19869011034923423,-0.3,4.4827886,-0.002298832,4.480834,0.008577824,25.270999908447266,4.93,1.7,0.1811111111111111,3.13,3.13,-0.051148574310533323,0.02104943450075414,-0.06525168960552286,7.249178429624692e-05,0.008215019236447851,5.8,92.4,0.0005569479397662,0.22518354654312134,3.673884868621826,-0.0331208643777252
2002-08-31,2.7551240799470524,-0.19869011034923423,0.1,4.4868236,0.0071816444,4.4827886,-0.002298832,34.049544941295274,4.65,1.68,0.16454545454545455,3.25,3.25,0.0664433369428643,-0.02487243447377807,-0.05088913320445343,-4.8327272297310486e-05,-0.00032197063949990223,5.8,88.1,0.0022246950221109,0.17732180655002594,2.954308032989502,0.0134248728708188
2002-09-30,2.7979151723327456,-0.09983407889920014,0.1,4.4902544,-0.0040569305,4.4868236,0.0071816444,33.742727366360754,4.26,1.62,0.16,3.32,3.32,0.03494614892632031,-0.009718623523381709,-0.02784241414252797,1.2082037031291293e-05,-0.0011111535235635017,5.7,87.6,0.0027739268827255,0.2581644654273987,3.130244016647339,-0.0062171970599438
2002-10-31,2.767678785333321,-0.09983407889920014,-0.1,4.4932194,0.008193493,4.4902544,-0.0040569305,37.6475004196167,3.87,1.63,0.176,3.76,3.76,0.06353206010965007,0.028219222346096196,-0.05684938312826837,7.248915686242086e-05,0.0008486486965990636,5.7,86.1,0.0016606701851404,0.5098593235015869,4.386018753051758,0.0059700224288432
2002-11-30,2.6723421359806343,-0.09983407889920014,0.0,4.494311,0.02069807,4.4932194,0.008193493,35.243043484895125,3.94,1.58,0.20454545454545456,3.82,3.82,-0.030622379368497654,-0.008117080905112317,-0.019859977987417565,-3.624392159640166e-05,-0.002084836336934792,5.7,80.6,0.0022099456508026,0.5941870808601379,4.156506538391113,-0.0033234736677698
2002-12-31,2.783937719418004,7.327471962526006e-15,0.1,4.497813,0.001888752,4.494311,0.02069807,28.174999713897705,4.05,1.23,0.22684210526315793,3.38,3.38,-0.12382457108457734,0.007897717371853297,0.049621204339075575,2.4162760354773383e-05,0.0055865759173183704,5.9,84.2,0.0016542600960258,0.3623828887939453,3.697484016418457,-0.0008190219010666
2003-01-31,2.8925599425767174,0.19869011034924872,0.1,4.4944043,-0.024254322,4.497813,0.001888752,28.21047628493536,4.03,1.19,0.2145,3.48,3.48,0.15215471614184262,0.03948346157558991,-0.011154545605265298,0.0003261401344341053,-0.005576627290919234,6.0,86.7,0.0016515280384732,0.48346298933029175,4.328754901885986,-0.0282425785034838
2003-02-28,2.972311999345892,0.4812118250596101,0.1,4.5055285,0.0058817863,4.4944043,-0.024254322,27.424285707019624,4.05,1.17,0.19714285714285712,3.16,3.16,0.0958133382604971,0.07244676975538678,-0.016847640035777545,-0.00038654813005489785,0.00848540572389922,5.8,82.4,0.0043907864174901,0.8186229467391968,4.968297004699707,-0.0196272745948959
2003-03-31,2.9038149177955064,0.4812118250596101,-0.3,4.505279,0.023600578,4.5055285,0.0058817863,32.218421032554225,3.9,1.17,0.17842105263157895,3.21,3.21,0.049650496255157606,0.00589807375688256,-0.03625586070257647,8.45701721510217e-05,0.0011874209279270076,5.9,79.9,0.0054615100255217,0.9446306228637695,5.824158191680908,-0.0094064091312917
2003-04-30,2.7356851913405116,0.568824898732254,0.1,4.5058036,0.0074043274,4.505279,0.023600578,30.634285699753534,3.81,1.13,0.15523809523809526,3.04,3.04,-0.06813944454647913,-0.052676861849554335,-0.027024341615749847,-1.2081015288600838e-05,-0.002631971347628159,5.9,77.6,0.0016326534238855,0.8065186738967896,9.004739761352539,-0.0081500799864659
2003-05-31,2.733422682277514,0.39003531977072226,-0.3,4.5028596,-0.0154829025,4.5058036,0.0074043274,23.991904758271716,3.96,1.13,0.16999999999999998,2.76,2.76,-0.1998232806096687,-0.03699971934032309,-0.03994323676568179,-3.624392159640166e-05,-0.005974715309085887,6.0,86.0,-0.0038136793702454,0.8890054821968079,6.5873847007751465,-0.017329740645513
2003-06-30,2.820051642587098,0.2956730475634296,0.1,4.50128,-0.0005412102,4.5028596,-0.0154829025,20.23952375139509,3.57,1.07,0.2185,2.85,2.85,0.03102823085820816,0.08047764638121979,0.05923582167468311,-3.6245235266019193e-05,-0.00027277943080949996,6.1,92.1,-0.0016388968432101,0.46542173624038696,4.000342845916748,-0.0355142012672029
2003-07-31,2.818081338404455,0.4812118250596101,0.3,4.505892,-0.01163578,4.50128,-0.0005412102,20.362380799793062,3.33,0.92,0.20571428571428574,2.81,2.81,0.06711957143935887,0.0018791216635660746,0.06180313897658607,9.66510414905919e-05,0.0012771147115513415,6.3,89.7,0.0010928962836445,0.4519841969013214,3.5495827198028564,0.0051891789446028
2003-08-31,2.8403613373215033,0.4812118250596101,-0.2,4.513267,0.009175777,4.505892,-0.01163578,19.16136360168457,3.98,0.9,0.20909090909090908,2.58,2.58,0.024851965271524445,-0.015075804492245659,0.02502763004370756,-2.4161884628171038e-05,0.005125135550598792,6.2,90.9,0.0032715405406156,0.38651493191719055,3.4111475944519043,0.0246293726626731
2003-09-30,2.7267823517221155,0.4812118250596101,0.0,4.511975,0.006611824,4.513267,0.009175777,19.27428572518485,4.45,0.95,0.1885,2.46,2.46,0.052879228167128645,0.024616177362588587,0.04053918147305069,-2.4162468438948537e-05,-0.002184157819974608,6.1,89.3,0.0043454712595014,0.4040403962135315,3.3566434383392334,-0.0005775008995207
2003-10-31,2.797492369295502,0.7326682560454165,0.3,4.5214176,0.008677483,4.511975,0.006611824,19.53238096691313,4.27,0.94,0.2061904761904762,2.57,2.57,-0.09747375500393218,0.051931696556041906,0.06172629172378308,-1.2081453157453126e-05,0.006426751702139022,6.1,87.7,0.0032467560988704,0.2971462309360504,2.8184759616851807,-0.0457252246146806
2003-11-30,2.821700584980429,0.7326682560454165,-0.3,4.530474,0.013726234,4.5214176,0.008677483,18.0234783006751,4.29,0.92,0.23681818181818182,2.36,2.36,0.08805222767661158,-6.597481084114065e-05,0.07447738254400882,-6.0409455306498216e-05,0.0012308567584176089,6.0,89.6,-0.0010810811863732,0.353194922208786,2.6449177265167236,-0.0103599207489715
2003-12-31,2.85252775462423,1.0784510589549015,0.5,4.5337734,0.0033521652,4.530474,0.013726234,17.401052575362357,4.3,0.93,0.23944444444444446,2.33,2.33,-0.029314001228874176,0.028590842254272886,0.014984828524719163,4.83278561858036e-05,0.006682592049196856,5.8,93.7,0.0005406866852455,0.28587764501571655,2.8708133697509766,-0.0209467447190538
2004-01-31,2.912082244267066,1.0784510589549015,-0.5,4.541109,0.017717361,4.5337734,0.0033521652,16.826363650235262,4.27,0.9,0.2723809523809524,2.34,2.34,0.036023337997648675,0.04278175639728321,0.02449781834466158,-3.624567317661587e-05,0.0002959460294098548,5.7,92.6,0.0026990569691651,0.4650866389274597,3.160040855407715,-0.0285890515833617
2004-02-29,2.923558896253373,1.1379820462933719,0.1,4.539492,-0.003042221,4.541109,0.017717361,16.100999975204466,4.15,0.88,0.2455,2.19,2.19,0.04826130419275598,0.01665606571538447,0.07155284071972012,1.2082037031291293e-05,0.001520626219034149,5.7,103.8,0.0043033955600533,0.3638966679573059,2.693431854248047,0.0086527007128447
2004-03-31,2.977937250195534,1.015973134179697,-0.3,4.552454,-0.0003414154,4.539492,-0.003042221,15.998421167072497,4.08,0.93,0.19842105263157894,2.21,2.21,-0.01359712303182814,-0.021767978215882167,0.018551688733348115,1.2081891057835747e-05,0.00601430610916065,5.6,94.4,0.0021447729401335,0.38830164074897766,2.816727876663208,0.0077676189196109
2004-04-30,2.9744290545509604,1.015973134179697,0.2,4.5522184,-0.0009903908,4.552454,-0.0003414154,17.687391198199727,3.83,0.94,0.17521739130434782,2.29,2.29,0.08613556240616749,0.004408881572596002,-0.042801353431704214,1.2081745087488827e-05,-0.004008755848768253,5.8,95.8,0.0021401827323677,0.3231433629989624,3.165661096572876,-0.010500661470834
2004-05-31,3.063520026687174,0.7326682560454167,-0.4,4.558726,-0.00043916702,4.5522184,-0.0009903908,15.6985715230306,4.35,0.94,0.20750000000000002,2.05,2.05,-0.0012923339594577143,-0.008413153521058092,-0.04274765137056846,1.208159912069462e-05,0.0037074991758068165,5.6,94.2,0.0016021365242773,0.4470139443874359,3.5463106632232666,0.0392996218567631
2004-06-30,3.002064748540911,0.6526665660823618,0.3,4.562057,-0.005098343,4.558726,-0.00043916702,17.704999876022338,4.72,1.02,0.22789473684210526,2.03,2.03,0.11188701622199382,-0.049514649131221056,-0.0665827051981811,-2.4163344208183446e-05,0.007197750706737338,5.6,90.2,0.0042598573469581,0.4165933132171631,2.880948305130005,-0.0123566126957399
2004-07-31,3.0688765723372784,0.5688248987322541,0.0,4.561293,0.02157402,4.562057,-0.005098343,15.35714290255592,4.73,1.27,0.23333333333333334,2.09,2.09,-0.06556138532924916,0.02214605190571639,0.04043380607214253,-3.624611109831477e-05,-0.007832838806188569,5.6,95.6,0.0037125473561845,0.4477344751358032,3.3609933853149414,-0.0043434520190297
2004-08-31,3.1676937961274967,0.5688248987322541,0.1,4.568147,0.0073919296,4.561293,0.02157402,15.502380916050502,4.5,1.33,0.2966666666666667,2.1,2.1,0.08281351830013728,0.014467704381216251,0.0053280958421702,3.624611109831477e-05,0.007443879683666665,5.5,96.7,0.0010582011569475,0.3076273500919342,3.175800085067749,0.0054360525794603
2004-09-30,3.1867531486139598,0.5688248987322541,0.0,4.568674,-0.01411581,4.568147,0.0073919296,16.684090744365346,4.28,1.48,0.25523809523809526,2.19,2.19,0.11183634469738513,0.006058112620070943,0.021933477306985694,-3.624611109831477e-05,0.0006709667193680602,5.4,95.9,0.0005286809533657,0.26446181535720825,3.450162649154663,-0.0116261668159189
2004-10-31,3.326686167436757,0.4812118250596102,-0.1,4.5727,0.008624554,4.568674,-0.01411581,14.08095241728283,4.13,1.65,0.2538095238095238,2.11,2.11,0.010535877858728337,0.011827114041924602,0.04932522994677058,0.0,0.0012701843581544026,5.4,94.2,0.0031662295580501,0.4247300624847412,3.508509635925293,-0.0185993899582594
2004-11-30,3.2299772513248723,0.7326682560454167,0.4,4.5771914,0.008363724,4.5727,0.008624554,14.973809560139975,4.1,1.76,0.323,2.09,2.09,0.14177949406218637,0.03679301435418747,0.000766317498694491,0.0,0.008495312737233363,5.5,91.7,0.0052548728383587,0.33203572034835815,2.9396610260009766,-0.0306883341841537
2004-12-31,3.1180837716883105,0.6526665660823622,-0.4,4.5786633,-0.0041661263,4.5771914,0.008363724,13.577142897106352,4.19,2.07,0.23399999999999999,1.95,1.95,-0.14378080084573064,0.04399439918310488,0.04440687178471592,-1.2082328989748703e-05,0.0024803554509942316,5.4,92.8,0.0047058910374122,0.36324337124824524,2.9749932289123535,-0.0334616333905826
2005-01-31,3.1964978591808477,0.6526665660823622,0.1,4.582198,-0.004459858,4.5786633,-0.0041661263,12.459545438939875,4.23,2.19,0.3135,1.86,1.86,-0.08488151900764862,0.006135336573597883,0.030155323356622077,0.0,0.007936241000935595,5.4,97.1,0.0,0.4096408486366272,2.5848655700683594,-0.0052634044733839
2005-02-28,3.216169463270458,0.19869011034924908,-0.5,4.5899363,0.0035600662,4.582198,-0.004459858,13.43799991607666,4.22,2.33,0.3305263157894737,1.75,1.75,0.11680740236631149,-0.04168439169258509,-0.035163017013465137,0.0,0.0035900791158702816,5.3,95.5,-0.0005217845148388,0.4525432884693146,2.455801486968994,0.0270684074031759
2005-03-31,3.3366703686003767,0.19869011034924908,0.5,4.5905347,0.004199505,4.5899363,0.0035600662,11.708947482861971,4.17,2.54,0.27789473684210525,1.59,1.59,0.021471308490186303,-0.001604947357655817,0.019542334829649732,0.0,0.007232846062771081,5.4,94.1,0.0041666726948461,0.6273525953292847,2.622012138366699,-0.0106462880725368
2005-04-30,3.309905961452748,0.19869011034924908,0.0,4.5928926,0.004046917,4.5905347,0.004199505,13.126363667574795,4.5,2.74,0.28714285714285714,1.64,1.64,0.15509980196060047,0.024499592151212113,-0.0101199309122606,0.0,-0.0013521797796176571,5.2,92.6,0.0036316512028626,0.5297520160675049,2.1218717098236084,0.0116424515795623
2005-05-31,3.247993223438928,0.19869011034924908,0.0,4.6001654,0.0042300224,4.5928926,0.004046917,14.459047589983259,4.34,2.78,0.3719047619047619,1.76,1.76,-0.023255740086346677,-0.010698957206566995,-0.008192501648112582,0.0,0.0021501954438223336,5.2,87.7,0.0031023809784818,0.36493128538131714,1.9423761367797852,0.0077177555500211
2005-06-30,3.368843418636852,0.19869011034924908,0.0,4.596403,0.0011792183,4.6001654,0.0042300224,13.967618987673806,4.14,2.84,0.4345,1.9,1.9,-0.06444841375955157,-0.017295574158115556,0.011920274796191066,0.0,0.0008997205268519437,5.1,86.9,-0.0005163955704734,0.41267943382263184,2.28169846534729,0.0266021580497977
2005-07-31,3.405123306308627,0.29567304756342977,0.1,4.6030793,-0.005308628,4.596403,0.0011792183,11.868636348030783,4.0,2.97,0.4531818181818182,1.87,1.87,0.11096987056959984,0.020607628727276506,0.012253888297015791,0.0,0.004487529157463754,5.0,96.0,0.0005163955704734,0.388472318649292,1.9303158521652222,0.008595633448893
2005-08-31,3.5004710776782306,0.4812118250596102,0.1,4.603971,-0.0017962456,4.6030793,-0.005308628,11.049000024795532,4.18,3.22,0.40049999999999997,1.67,1.67,0.05660447032430316,-0.014449415039034186,0.03285579704005315,-0.02086499289286392,-0.003171466288216962,5.0,96.5,0.0061760361005642,0.7235094904899597,3.4862778186798096,0.0030572243808206
2005-09-30,3.4959891660411455,0.5688248987322541,-0.1,4.6071672,-5.38826e-05,4.603971,-0.0017962456,12.951304394265879,4.26,3.44,0.35954545454545456,1.77,1.77,0.1064921844459592,0.031196545689636146,0.04495507508183749,-0.0007158108096874116,0.003253788346562203,4.9,89.1,0.0061381266887856,0.3948986828327179,2.485919713973999,-0.020540021828439
2005-10-31,3.444447365455972,0.5688248987322541,-0.1,4.608006,-0.0057382584,4.6071672,-5.38826e-05,12.628095263526554,4.2,3.42,0.49238095238095236,1.81,1.81,-0.0169486660109186,0.040538986879808725,0.0042060534071239886,-0.0009634507100328982,-0.0195638287695461,5.0,76.9,0.0136745610201733,0.4994596540927887,2.362940788269043,0.0061721766515532
2005-11-30,3.382000325640033,0.6526665660823618,0.1,4.613771,0.0008187294,4.608006,-0.0057382584,14.937618982224237,4.46,3.71,0.46399999999999997,1.83,1.83,-0.07199035422023492,0.029917582742480242,-0.036711129577479795,-0.0009272711077668028,0.012064329407210472,5.0,74.2,0.001507916847677,0.24705544114112854,2.013789176940918,0.0130094526872284
2005-12-31,3.4011973816621555,0.5688248987322541,-0.2,4.6243668,0.0077991486,4.613771,0.0008187294,12.147619111197335,4.54,3.88,0.4665,1.89,1.89,-0.05796563540263833,0.014300386108483387,0.007946070111040981,-0.0005072719395626812,0.01117751662149491,5.0,81.6,-0.0050352573656455,0.3903748095035553,1.7658361196517944,0.0105079531425236
2006-01-31,3.4925617615131275,0.6526665660823618,0.2,4.6309676,0.0026741028,4.6243668,0.0077991486,11.260000001816522,4.47,3.89,0.6060000000000001,1.82,1.82,0.028796488060371495,0.06778486772835546,0.02037908477555206,-0.0012631111359495684,0.005151693564231508,4.9,91.5,0.0,0.2132396697998047,2.129260778427124,-0.0041736665258547
2006-02-28,3.431006093434505,0.6526665660823618,-0.1,4.6297126,-0.00718832,4.6309676,0.0026741028,12.03600001335144,4.42,4.24,0.369,1.78,1.78,0.10238365270132999,0.07507007121048037,0.030144449474001078,-0.0011654579460658177,0.0015766002009156566,4.7,91.2,0.0060392735142436,0.6309633851051331,2.19144344329834,-0.0221552485166531
2006-03-31,3.4499001092727166,0.6526665660823618,0.0,4.6383758,-4.863739e-05,4.6297126,-0.00718832,12.47105262154027,4.57,4.43,0.3215789473684211,1.65,1.65,-0.04506193151030402,0.009288129774541964,0.003548966344993687,-0.0023971742225890047,0.0004215001803382634,4.8,86.7,0.0005016303089888,0.471232533454895,2.225618600845337,0.0068174921935826
2006-04-30,3.5474157656362264,0.9503469298211393,0.4,4.6415167,-0.0018153191,4.6383758,-4.863739e-05,11.693913003672725,4.72,4.51,0.4082608695652174,1.69,1.69,0.03034026884618246,0.003773087181875745,0.009438712984096043,-0.0030887670743910967,0.002252114659746063,4.7,88.9,0.0015033828940316,0.5279770493507385,2.1922523975372314,0.0053904361340642
2006-05-31,3.5622083026878215,0.9503469298211393,-0.4,4.6456046,0.000831604,4.6415167,-0.0018153191,11.847368441129985,4.99,4.6,0.4677777777777778,1.67,1.67,0.12402392651514216,0.09179668452414802,0.04977617584057903,-2.4948232418608995e-05,0.0030320784432706915,4.7,87.4,0.0049950153805227,0.538999080657959,2.043182611465454,-0.0400086171419209
2006-06-30,3.5600094160699065,0.8813735870195485,-0.1,4.6523504,-0.0062232018,4.6456046,0.000831604,14.454545411196621,5.11,4.72,0.46904761904761905,1.66,1.66,-0.006898827367874283,0.10076586726628456,-0.0035592141686855427,0.0006235191622381286,0.0002541145564114444,4.6,79.1,0.002985076843454,0.5686069130897522,2.0020949840545654,-0.0162713783908223
2006-07-31,3.602047280565492,1.0784510589549017,0.4,4.655618,-4.1484833e-05,4.6523504,-0.0062232018,16.91863627867265,5.11,4.79,0.5936363636363636,1.67,1.67,-0.01765421599629846,-0.12481081760306889,-0.04645843003104666,-0.00339664907791537,0.0031614092164247154,4.6,84.9,0.0024807752737627,0.5409652590751648,2.342168092727661,0.0102178069811911
2006-08-31,3.5791752033961752,1.1947632172871134,-0.1,4.6588645,0.014077663,4.655618,-4.1484833e-05,15.325999879837036,5.09,4.95,0.5505,1.68,1.68,0.07200423001381573,0.06110751047657814,0.04547012803796946,-0.0031697733154669727,-0.0005127465055316804,4.7,84.7,0.0054361389122599,0.7432346343994141,2.9761147499084473,0.003141057296907
2006-09-30,3.449799681844561,1.1947632172871134,-0.2,4.662782,-0.0038003922,4.6588645,0.014077663,13.351739137069039,4.88,4.96,0.46090909090909093,1.73,1.73,-0.006042723212132728,-0.0017641911765347018,0.04060299443746018,-0.0019092125275852467,0.004379138878333855,4.7,82.0,0.0044258739568556,0.47116532921791077,3.0335302352905273,-0.0042370394822013
2006-10-31,3.3728991350899205,1.3008204268406507,0.2,4.6665936,-0.004965782,4.662782,-0.0038003922,12.184499979019165,4.72,4.81,0.5780000000000001,1.72,1.72,-0.16714515134204344,-0.05592550298811183,0.012533743098819272,-0.006280841442459106,-0.0016629623569395235,4.5,85.4,-0.0049188490715961,0.49172863364219666,2.479890823364258,0.0088015071029925
2006-11-30,3.3806915368694708,1.3979983651114376,0.0,4.6691585,0.0045466423,4.6665936,-0.004965782,11.306363625959916,4.73,4.92,0.45571428571428574,1.64,1.64,-0.06933563932484788,-0.020957449912380355,0.035652643967937436,-0.0032314300256035544,-0.0011474759561265202,4.4,93.6,-0.0044477463982364,1.0864711999893188,2.5926477909088135,-0.005141858553161
2006-12-31,3.4190898563867784,1.4436354751788136,-0.1,4.6810064,-0.005899906,4.6691585,0.0045466423,10.817619051252093,4.6,4.94,0.42952380952380953,1.64,1.64,0.01635423830971483,0.06932035834460404,0.05240768143577945,-0.005664295176323719,-0.0004204326283367976,4.5,92.1,0.0004951720824131,0.42811599373817444,1.9614392518997192,-0.0152262525499722
2007-01-31,3.2892980925436603,1.3979983651114376,-0.2,4.687407,-0.0010704994,4.6810064,-0.005899906,10.964500045776367,4.56,4.85,0.5147368421052632,1.64,1.64,0.061235583406330285,0.003123367503705232,0.008481311692824178,-0.003823998623304181,0.010141747096689357,4.4,91.7,0.005430771185134,0.41284701228141785,2.0609843730926514,0.0146178539319947
2007-02-28,3.3678775043573994,1.3979983651114376,0.1,4.6932206,-0.0047488213,4.687407,-0.0010704994,11.042500066757203,4.76,4.98,0.38476190476190475,1.57,1.57,-0.15165303628350024,0.002180884114189041,0.05513976534769327,-0.004198908291098036,-0.0033888659943164257,4.6,96.9,0.0016579060562325,0.3582458198070526,2.368746042251587,0.0134017033146083
2007-03-31,3.384390923847974,1.350440740274976,-0.1,4.6953373,0.0042743683,4.6932206,-0.0047488213,11.155263097662674,4.72,5.03,0.33263157894736844,1.6,1.6,0.06968762408875051,0.05183460604203738,0.014331063928645804,-0.00391945010666106,0.009378469307674386,4.5,91.3,0.0038708491335395,0.5049505233764648,2.3036303520202637,-0.0137367258765417
2007-04-30,3.4361743686988286,1.350440740274976,0.1,4.7018595,-8.106232e-05,4.6953373,0.0042743683,15.162727269259365,4.56,4.94,0.40863636363636363,1.75,1.75,0.07519310796485179,-0.014928591028705362,-0.0577755440620038,-0.0023020922984846592,0.0017786154493029116,4.4,88.4,0.0051866474931996,0.41057074069976807,1.9545481204986572,-0.010665040239755
2007-05-31,3.4240454547349075,1.350440740274976,0.0,4.7032137,0.0028185844,4.7018595,-8.106232e-05,12.93299994468689,4.69,4.87,0.4921052631578947,1.68,1.68,0.08396921230447241,0.036688036793069756,0.055362922133280534,-0.0018403084469662545,0.006700319901752572,4.5,87.1,0.0029961694819986,0.3333119750022888,1.7691173553466797,-0.0203257323422532
2007-06-30,3.483152854078167,1.24898332790488,-0.2,4.712343,-0.007405281,4.7032137,0.0028185844,13.297727324745871,4.75,4.73,0.629047619047619,1.6,1.6,-0.004061188674490346,-0.017908248673735194,0.013287746429650582,-0.007473701180763737,0.0009559214748104949,4.4,88.3,0.0041244766569237,0.3244646191596985,1.9922128915786743,0.0006226918205856
2007-07-31,3.5760371559951634,1.0784510589549015,-0.1,4.7138333,-0.0053696632,4.712343,-0.007405281,14.947618938627697,5.1,4.61,0.7490476190476191,1.59,1.59,0.05546767230499405,-0.0176123436597182,0.024741900004267237,-0.005188826862458473,0.0005768477837078123,4.6,85.3,0.002314072179459,0.38356685638427734,2.1809420585632324,-0.0033788311693268
2007-08-31,3.5513025190386496,1.1379820462933719,0.4,4.7183022,0.008120537,4.7138333,-0.0053696632,17.273333277021134,5.0,4.82,0.5385714285714286,1.85,1.85,0.07957238444141979,0.014715944123063984,0.07469012053706159,-0.005268716086826775,-0.0012002567099926864,4.7,90.4,0.0017790124666809,0.37548959255218506,2.392127752304077,-0.0130607060460858
2007-09-30,3.6461570021260896,1.1379820462933719,-0.1,4.7225947,-0.008511066,4.7183022,0.008120537,25.026086724322774,4.67,4.2,1.295,2.05,2.05,-0.08358975931726853,4.6588833266802965e-05,-0.02467010082151333,-0.0034131080480483966,0.0019240393848489745,4.6,83.4,0.0003082332001183,0.2856508195400238,1.9360777139663696,-0.0031897419471693
2007-10-31,3.7185974337567096,1.015973134179697,-0.2,4.7232323,0.008975983,4.7225947,-0.008511066,22.19894740456029,4.52,3.89,1.5921052631578947,2.0,2.0,0.08674554275297375,0.06858973107484267,0.11611923694275816,-0.007101565851887592,0.002220126784417964,4.7,83.4,0.0042286002454385,0.5693193078041077,2.180305242538452,-0.0392801212928697
2007-11-30,3.803967962207191,1.015973134179697,0.2,4.7297955,0.009875298,4.7232323,0.008975983,19.115652084350586,4.53,3.9,1.240909090909091,1.99,1.99,0.06480531543521106,0.057198482405532936,0.1483763302601382,-0.0032885531942903334,-0.002824061214514728,4.7,80.9,0.003078494401099,0.5663777589797974,2.3484654426574707,-0.0236637170974356
2007-12-31,3.770054748122804,1.1379820462933719,0.2,4.7339406,-0.0036087036,4.7297955,0.009875298,25.582380930582683,4.15,3.27,1.69,2.47,2.47,0.11542455765286697,0.06619827914896259,-0.02758958385058108,-0.011203090269506832,0.005320711796714228,4.7,76.1,0.0078281640828734,0.45537614822387695,1.9533239603042603,0.005394077141565
2008-01-31,3.7798252074015197,1.1379820462933719,-0.2,4.736068,0.008248806,4.7339406,-0.0036087036,21.651000022888184,4.1,3.0,1.9968421052631578,2.52,2.52,-0.01622632371433408,-0.0037839034965001517,-0.00833785573195911,-0.012316567588692262,0.00034876070631284506,5.0,75.5,0.0028938234029487,0.4925629496574402,2.1452412605285645,0.0028933349332342
2008-02-29,3.8029029166430406,1.0784510589549015,-0.1,4.750815,0.0025310516,4.736068,0.008248806,25.816190719604492,3.74,2.75,1.1676190476190476,2.96,2.96,0.013667273293426874,0.10215881898667512,-0.09927828421426277,-0.015584300374774207,-0.0013243734009682484,5.0,78.4,0.0034417753671736,0.3518824279308319,1.8372621536254883,-0.0119741714655958
2008-03-31,3.90105645433899,0.8813735870195482,-0.2,4.7453694,0.0011949539,4.750815,0.0025310516,25.456000137329102,3.74,2.12,0.9644999999999999,3.22,3.22,0.030012252665754247,0.03610207877058258,-0.06312213109201181,-0.009836855991731008,-0.003929670898134674,4.9,70.8,0.002414908637454,0.28606846928596497,1.7704459428787231,-0.022190624801996
2008-04-30,3.9630404861050716,0.6526665660823617,0.0,4.7422295,0.0030255318,4.7453694,0.0011949539,27.103500080108642,3.51,1.26,1.5184210526315791,3.45,3.45,0.08714515898264175,0.048811952158973604,-0.058702520715501194,-0.014090224969157683,-0.003050488801082274,5.1,69.5,0.0035716418927451,0.343717098236084,1.6349786520004272,-0.0091656943287876
2008-05-31,4.064994063872682,0.8088669356527879,0.5,4.7465177,-0.0076613426,4.7422295,0.0030255318,21.562727321277965,3.68,1.29,1.5013636363636365,3.1,3.1,0.0511224450366754,-0.06255996277610354,0.08902840589948191,-0.0035716874886744243,-0.006472955790125745,5.0,62.6,0.002311706965508,0.29452750086784363,1.6309856176376343,0.0089090099560715
2008-06-30,4.1204587402721,0.8813735870195482,-0.1,4.737676,0.004280567,4.7465177,-0.0076613426,18.303333009992325,3.88,1.73,0.9480000000000001,3.0,3.0,0.11853136854793522,-0.02340228509985387,0.02691387035420334,-0.006749505051600435,-0.006076205184033512,5.4,59.8,0.0059000520681236,0.3968859612941742,1.6150206327438354,-0.0030301833454249
2008-07-31,4.109677338090002,0.8813735870195482,-0.1,4.740306,9.918213e-05,4.737676,0.004280567,22.11047617594401,4.1,1.86,0.909047619047619,3.05,3.05,0.07470747620323781,0.0009279302592384298,-0.0854803341949637,-0.011725536723057095,-0.0023354873224965544,5.6,56.4,0.010423718797166,0.37186846137046814,1.856080412864685,0.0030146673431366
2008-08-31,3.976350017620101,0.9503469298211393,0.1,4.7336216,0.009791374,4.740306,9.918213e-05,24.32136362249201,4.01,1.63,1.1668181818181818,3.22,3.22,0.002986721397600256,0.054991276362014396,-0.048832435527407014,-0.002963960148838929,-0.003580204065057657,5.8,61.2,0.0071160653935047,0.45245879888534546,2.0377159118652344,0.0108431915452591
2008-09-30,3.8600891558933683,0.8813735870195482,-0.2,4.7245812,-0.014628887,4.7336216,0.009791374,20.695714133126394,3.89,1.72,1.0825,3.29,3.29,-0.15868905059097305,-0.11339678925067354,-0.03202547669321909,-0.001990632975844342,-0.01582441580561067,6.1,63.0,-0.0014895846082954,0.3737195134162903,1.955353856086731,0.046342727770221
2008-10-31,3.5645454795055684,0.6526665660823617,-0.2,4.714395,-0.013556004,4.7245812,-0.014628887,30.238571348644438,3.69,1.13,2.0023809523809524,4.0,4.0,-0.15241061552051072,-0.010896733677562054,-0.09887752040533648,-0.005185430749319986,-0.04504760056956236,6.1,70.3,0.0008547262996732,0.38403958082199097,2.0341079235076904,0.0155447037433482
2008-11-30,3.2939008930205316,0.7326682560454165,0.4,4.698828,0.013561726,4.714395,-0.013556004,61.1773912181025,3.81,0.67,3.352727272727273,5.53,5.53,-0.3062822050220051,-0.028491092154036224,-0.2549786743779201,0.007176063725164328,0.009892320608246408,6.5,57.6,-0.008635616399558,0.34989064931869507,1.380818486213684,0.0834170217242507
2008-12-31,2.9654873259788794,0.8813735870195482,0.1,4.671416,-0.0022554398,4.698828,0.013561726,62.639473362972865,3.53,0.19,2.098888888888889,6.1,6.1,-0.3109355685932109,-0.058399362195705073,-0.10065799441797552,-0.0019613302345706796,-0.013288653060593347,6.8,55.3,-0.0178640940928183,0.3007163107395172,1.7603729963302612,0.0062944769578789
2009-01-31,2.9803599006514325,0.9503469298211393,-0.1,4.6387634,-0.0104289055,4.671416,-0.0022554398,52.405000166459516,2.42,0.03,1.7957142857142858,5.82,5.82,-0.2723614826512213,0.0700737783330947,0.07118684929034025,-0.00042497381188999483,-0.028604196853907915,7.3,60.1,-0.0082676050540815,0.2908385992050171,1.924009084701538,-0.0475464281496513
2009-02-28,2.912919774433242,0.8813735870195482,-0.2,4.610062,-0.013075829,4.6387634,-0.0104289055,44.68300018310547,2.52,0.13,1.083,5.38,5.38,0.0838201414008819,0.05088087839307853,-0.05502507076663932,0.0024447921295305264,-0.02525918032014296,7.8,61.2,0.0025275743322668,0.24879920482635498,1.7657831907272339,0.0410190432261723
2009-03-31,3.117035984723754,0.5688248987322538,-0.3,4.618485,0.006734371,4.610062,-0.013075829,45.57052592227333,2.87,0.3,0.9468421052631578,5.22,5.22,-0.002645403889880882,0.09365831053348384,-0.04654291757848483,4.386381747512047e-05,-0.006104174649481209,8.3,56.3,0.0036360422314452,0.31212395429611206,1.58318293094635,0.0279501878544952
2009-04-30,3.1530593122140997,0.4812118250596101,0.3,4.613539,-0.001844883,4.618485,0.006734371,44.7954548922452,2.82,0.21,1.0536363636363637,5.74,5.74,0.07159816305535083,-0.02005880008441796,-0.028636724632074007,-0.0009654487160484226,-0.015779695625957935,8.7,57.3,-0.0009877705412728,0.2463396042585373,1.637637972831726,-0.0224509301566389
2009-05-31,3.32402037706996,0.3900353197707221,0.0,4.615401,0.0031199455,4.613539,-0.001844883,38.063809349423366,2.93,0.16,0.9494999999999999,5.08,5.08,0.07533257420905448,-0.03756132596728534,0.16054727201016483,-0.0021830071156023756,-0.008325115063071209,9.0,65.1,0.0010065757521973,0.5855985879898071,1.995373010635376,-0.0208832877224667
2009-06-30,3.479422711916167,0.7326682560454165,0.5,4.621071,-0.0057587624,4.615401,0.0031199455,31.97799997329712,3.29,0.18,0.6405263157894737,4.29,4.29,0.1326897539813352,0.04228037787729999,0.1262074583055952,0.0014363396334171608,-0.010150910930024182,9.4,68.7,0.0014704123326474,0.3955696225166321,2.078538656234741,-0.0679548654396757
2009-07-31,3.396095734743211,1.0159731341796967,-1.110223e-16,4.630795,0.0022244453,4.621071,-0.0057587624,29.140454725785688,3.72,0.18,0.4436363636363636,3.64,3.64,0.18008741883318802,0.018167136525669036,0.07341260399575411,0.0003514423817108092,-0.003775936043751038,9.5,70.8,0.0082653598554411,0.40985146164894104,1.759729266166687,0.0202730966124571
2009-08-31,3.4959891200290767,1.0159731341796967,-0.4,4.6396046,0.012168884,4.630795,0.0022244453,26.16272735595703,3.56,0.18,0.3290909090909091,3.11,3.11,-0.06276765357873959,-0.012173151197171883,0.03013998214560054,0.0002488636459656579,0.011226962849123723,9.5,66.0,-0.0002980098551557,0.38972947001457214,1.9257221221923828,-0.0357456157150908
2009-09-30,3.4712865512852877,1.0159731341796967,0.0,4.64781,-0.007115841,4.6396046,0.012168884,25.33714285350981,3.59,0.17,0.2515,2.98,2.98,0.11804076343256842,0.016083353562486025,0.07987017829158738,-0.0002927871897242529,0.010907281117748191,9.6,65.7,0.0033428597908793,0.380121648311615,1.6925415992736816,0.0008589424084552
2009-10-31,3.555900179058963,1.0159731341796967,0.0,4.6590447,0.0061888695,4.64781,-0.007115841,24.926666713896253,3.4,0.12,0.17333333333333334,2.86,2.86,-0.0694137406936326,0.048536581752094854,0.021500495503133266,-0.0005418823954919105,0.008775750967465079,9.8,73.5,0.0019290254668362,0.6145908236503601,2.2041807174682617,-0.0202489988320371
2009-11-30,3.581929014530681,1.24898332790488,0.4,4.663889,0.0058312416,4.6590447,0.0061888695,24.252272865988992,3.39,0.07,0.20571428571428574,2.86,2.86,0.07300649522943736,0.045668433150667376,0.03496921352253146,2.9298448649184294e-05,0.0026918316470805337,10.0,70.6,0.0029974349985852,0.42671218514442444,2.1051135063171387,-0.0037520023711072
2009-12-31,3.531785982994759,1.3008204268406505,-0.3,4.6731606,0.0013332367,4.663889,0.0058312416,23.783499908447265,3.4,0.05,0.2168421052631579,2.99,2.99,0.052108612828035916,0.07733756848887019,0.02526935278143938,1.4648902431302346e-05,0.004328725221761864,9.9,67.4,0.0033429965449309,0.37357527017593384,1.7382686138153076,-0.0201559613254929
2010-01-31,3.582551878722567,0.9503469298211391,-0.7,4.6790433,-0.004078865,4.6731606,0.0013332367,21.239545475352894,3.59,0.05,0.20095238095238094,2.54,2.54,-0.02919291805628621,0.006798271796608191,-0.021450354017890305,-8.789663361552513e-05,0.00404986001487373,9.9,72.5,0.0005200411547976,0.36607933044433594,2.2085444927215576,0.0300815876592244
2010-02-28,3.560223181290698,0.8088669356527879,0.4,4.697462,0.0021886826,4.6790433,-0.004078865,20.643157758210833,3.73,0.06,0.18842105263157896,2.57,2.57,0.022719904248256206,-0.01488117018304358,-0.015715147426877962,0.00013184205341132404,0.010840638479048259,9.8,74.4,0.0006485218758465,0.3660024404525757,2.0555288791656494,0.0147154396163138
2010-03-31,3.621055162738231,0.7326682560454165,0.1,4.6961536,0.0067629814,4.697462,0.0021886826,22.540000012046413,3.69,0.11,0.14105263157894737,2.62,2.62,-0.03222359427558619,-0.020376818265190444,-0.05593803345613324,-0.00014649224349772005,0.0037459440910962982,9.8,73.6,-0.000952229876745,0.5097396969795227,1.8095757961273193,0.0024659384983891
2010-04-30,3.659932231906123,0.8813735870195482,0.3,4.710696,0.004703045,4.6961536,0.0067629814,17.767391287762187,3.73,0.15,0.11782608695652173,2.47,2.47,0.06655100109457734,0.016230350620342726,0.04090448587508355,0.0,0.006833361127325688,9.9,73.6,0.0003313132458968,0.37673091888427734,1.6630464792251587,0.0010729621878518
2010-05-31,3.5258379093073438,1.0159731341796967,-1.110223e-16,4.7152348,-0.0007863045,4.710696,0.004703045,17.42428566160656,3.85,0.16,0.15,2.38,2.38,0.07324275115604628,0.03125860979460615,0.02464385197307095,-0.00016116625799500461,0.003386556200029922,9.9,72.2,0.0002300140778759,0.5623576045036316,1.9718109369277954,0.0062082206318736
2010-06-30,3.5465001270629792,0.9503469298211391,-0.3,4.7236705,0.0018920898,4.7152348,-0.0007863045,31.929500007629393,3.42,0.16,0.29947368421052634,2.89,2.89,-0.11048731522404243,0.048219246550671,-0.0804158607937584,0.000849493284432512,0.013418531682922286,9.6,73.6,-0.0005199071645751,0.6482871770858765,2.033574342727661,0.0423715975175813
2010-07-31,3.558078642229409,0.8813735870195482,0.0,4.7217197,0.000934124,4.7236705,0.0018920898,29.91636371612549,3.2,0.12,0.4145454545454545,3.08,3.08,-0.015720835142258416,0.02254567160307719,0.007920998785259314,-0.0071995609247723635,0.0018475022092525606,9.4,76.0,-0.000418882877728,0.37151703238487244,2.119023084640503,-0.0042200428955023
2010-08-31,3.5624934195196363,0.8813735870195482,0.1,4.726373,0.0025687218,4.7217197,0.000934124,25.565237862723215,3.01,0.16,0.3519047619047619,2.91,2.91,0.01089655528339506,-0.03294269654783477,0.016148995412214262,-0.0011803763819784319,0.003789845743598974,9.4,67.8,0.0018675086613582,0.2180488109588623,1.6248153448104858,-0.0440218118183786
2010-09-30,3.5410273784044803,0.9503469298211391,0.1,4.730117,-0.0017819405,4.726373,0.0025687218,24.745908997275613,2.7,0.16,0.20666666666666667,3.01,3.01,0.01912716942839854,0.01896787820690271,0.03261647646733046,0.004918863559737696,0.00365793559629779,9.5,68.9,0.001460296727239,0.32666242122650146,1.7309353351593018,0.0172596557935493
2010-10-31,3.621437642448449,0.9503469298211391,-0.1,4.732421,0.0044355392,4.730117,-0.0017819405,22.51761899675642,2.65,0.15,0.13857142857142857,3.05,3.05,0.010342688064231886,0.04437537472049957,0.025679742672394923,-0.01724819383548515,0.00294342526586977,9.5,68.2,0.0016139463106572,0.3376002311706543,1.5473343133926392,-0.0430842987967654
2010-11-30,3.645890092892566,1.0159731341796967,0.1,4.7372,-0.0020213127,4.732421,0.0044355392,20.3733332497733,2.54,0.13,0.1555,3.15,3.15,0.060131860342785615,0.05439302608899421,0.0731353649255464,-0.00296380781574368,-0.002837691245095364,9.4,67.7,0.0034757987017952,0.2827645242214203,1.4335503578186035,-0.0192192031082765
2010-12-31,3.698485190258631,1.0159731341796967,-0.1,4.7429457,0.006228924,4.7372,-0.0020213127,20.095714387439546,2.76,0.14,0.144,3.03,3.03,0.031085120456827653,0.02054860255375157,0.021392962428883777,-0.0005548183112398242,0.0008691845526112019,9.8,71.6,0.0025306368592339,0.681317925453186,2.0334718227386475,0.0362782813182995
2011-01-31,3.699506059216371,1.4436354751788134,0.8,4.7546234,-0.0008330345,4.7429457,0.006228924,17.569545529105447,3.29,0.14,0.161,2.68,2.68,0.06987904503623898,0.014973985052265881,-0.03233165975415275,-0.010100334603543315,0.009737829134778053,9.3,74.5,0.0040085314388491,0.5287208557128906,2.1148834228515625,-0.0215400904997684
2011-02-28,3.698084449938265,1.4436354751788134,-0.8,4.7683964,0.008443832,4.7546234,-0.0008330345,17.31549987792969,3.39,0.15,0.14789473684210527,2.68,2.68,0.054028920764187305,-0.021878631897767065,0.03484138905412948,0.0002575425906357065,-0.0021083561409289686,9.1,74.2,0.0032377948808059,0.46701905131340027,1.5277677774429321,-0.0152026677045986
2011-03-31,3.831938451998062,1.4436354751788134,0.0,4.7667403,-0.011192322,4.7683964,0.008443832,17.4299999036287,3.58,0.13,0.17789473684210524,2.57,2.57,0.07187293729161404,0.01039809890719745,-0.028391749519542486,-0.004615509598026479,-0.0039787481289410565,9.0,77.5,0.0032093192514253,0.39840638637542725,1.802498698234558,-0.0128267904566268
2011-04-30,3.893952977780772,1.4436354751788134,0.0,4.763849,-0.01388216,4.7667403,-0.011192322,20.72347815140434,3.41,0.1,0.20869565217391303,2.58,2.58,0.10016768448037539,0.03472903823624929,-0.0037347511755658758,-0.0035062080494110415,0.010348991071804647,9.0,67.5,0.0051602113856565,0.5290300846099854,2.9379470348358154,-0.0097824243339763
2011-05-31,3.8083148953935044,1.4436354751788134,0.0,4.75884,-0.002398491,4.763849,-0.01388216,16.244000005722047,3.46,0.06,0.22111111111111112,2.58,2.58,0.07245980733856072,0.039693243391242916,0.03872118355094756,-0.008942943259579339,-0.00323549938184442,9.1,69.8,0.0046831160490556,0.2683459222316742,1.9177788496017456,-0.0343221126307309
2011-06-30,3.757296849185471,1.4874828366412745,0.1,4.768003,-0.008597851,4.75884,-0.002398491,16.911428587777273,3.17,0.04,0.22000000000000003,2.65,2.65,-0.06945004539198685,0.02117354369797475,-0.03652975000862568,-0.0017580930765612734,0.0012053529354325576,9.0,74.3,0.0031766637911196,0.207076296210289,2.2956907749176025,0.0194997859531458
2011-07-31,3.763983592929994,1.4874828366412745,-0.1,4.770604,0.010762215,4.768003,-0.008597851,19.15318202972412,3.0,0.04,0.2127272727272727,2.72,2.72,-0.01010282641694804,0.011032545152545481,-0.03598121176451663,-0.0023334708975719654,0.0030203149621863545,9.1,71.5,0.0,0.3636625409126282,1.7967090606689453,-0.0050416114629063
2011-08-31,3.642343432373135,1.4874828366412745,0.0,4.7736454,0.0058932304,4.770604,0.010762215,19.22749991416931,3.0,0.04,0.213,2.77,2.77,0.027213354101601084,0.027976332229376233,-0.0027829912251178257,-0.004263737611728491,0.004915055867338758,9.0,63.7,0.0026166105186637,0.2691740393638611,1.5707964897155762,-0.0119465368747651
2011-09-30,3.6317991754242147,1.3504407402749758,-0.3,4.775808,0.0057382584,4.7736454,0.0058932304,35.02913035517154,2.3,0.02,0.2686363636363636,3.25,3.25,-0.0594731689540815,0.11192547131958186,-0.09142512211861309,-0.00908401882634835,0.006728443816048646,9.0,55.8,0.003149497288911,0.29977142810821533,1.704949975013733,0.0080726815359657
2011-10-31,3.6404255068461535,1.3504407402749758,0.3,4.7751913,-0.008859634,4.775808,0.0057382584,36.52999977838425,1.98,0.01,0.3376190476190476,3.3,3.3,0.023441779511808036,0.00743670504644367,-0.06995624332946626,3.135828407740959e-05,-0.0008274225944706615,9.0,59.5,0.0021691934558836,0.28053978085517883,1.6370738744735718,0.0566656162422862
2011-11-30,3.7563495389453276,1.3979983651114376,0.1,4.775327,0.0067982674,4.7751913,-0.008859634,32.82904770260765,2.15,0.02,0.388,3.02,3.02,-0.029534957933480044,-0.06150424215099193,-0.032580293429775864,-0.0036598719844125327,0.006916436587234287,8.8,60.8,0.0006749796769751,0.3722563683986664,1.5346795320510864,-0.0326370659208921
2011-12-31,3.7700052275477294,1.3979983651114376,-0.1,4.771877,0.013243198,4.775327,0.0067982674,31.941904703776043,2.01,0.01,0.4605,3.24,3.24,0.011057717691737246,0.042626621689110245,0.02758267802610881,0.003424660881364172,-8.659124192433865e-05,8.6,63.7,0.0018461448804947,0.5906422138214111,1.7399039268493652,0.0263363146266399
2012-01-31,3.7840850903009327,1.3979983651114376,0.0,4.774193,0.0049419403,4.771877,0.013243198,25.047619047619047,1.98,0.01,0.545,3.27,3.27,-0.026507350147570108,-0.058632286386279375,-0.01482148800721994,-0.013038447116262342,0.0052922619015616235,8.5,69.9,0.0002376802419687,0.551498532295227,1.8332573175430298,0.0138188845642579
2012-02-29,3.801803409599163,1.3979983651114376,0.0,4.7819295,0.002585411,4.774193,0.0049419403,20.227999877929687,1.97,0.03,0.531,3.24,3.24,0.025765930199859177,0.008548876904793445,0.047412555180848415,0.002237758732236639,0.005946556615738174,8.3,75.0,0.0027204921572616,0.5609212517738342,1.7756315469741821,-0.0100386256191091
2012-03-31,3.837521274960608,1.3979983651114376,0.0,4.784034,0.0032291412,4.7819295,0.002585411,18.420499992370605,1.97,0.09,0.41150000000000003,3.1,3.1,0.07517025991298798,0.053424572580746954,0.08070561316956493,-0.0023013143513692658,0.003210503784291774,8.3,75.3,0.0021351650368677,0.8188916444778442,1.9082080125808716,-0.006653257725337
2012-04-30,3.8085596720050425,1.3504407402749758,-0.1,4.779044,-0.0025362968,4.784034,0.0032291412,16.16727287119085,2.17,0.08,0.3868181818181818,3.07,3.07,0.05000341526064833,-0.040271229792087304,-0.0054796615923180525,0.0006353744952056761,-0.0051911748236843636,8.2,76.2,0.0020912821313983,0.6241809725761414,1.910476565361023,0.0081877490113031
2012-05-31,3.7234162437410943,1.3008204268406505,0.0,4.772037,0.0041418076,4.779044,-0.0025362968,17.822999906539916,2.05,0.08,0.3857894736842105,3.2,3.2,-0.049210391593126346,-0.016089846828712062,-0.016662144066716067,-0.0029419971126558586,0.007167758505782551,8.2,76.4,0.0016594107660745,0.8006070852279663,1.9654715061187744,-0.0062820995071737
2012-06-30,3.585235737121928,1.3504407402749758,0.2,4.7780023,-0.009376049,4.772037,0.0041418076,21.001818136735395,1.8,0.09,0.38095238095238093,3.4,3.4,-0.07909845519604097,-0.03716026154804464,-0.052174976055122,0.014137528507740305,0.002306548336549419,8.2,79.3,-0.0020703217702822,0.4804913401603699,1.6257225275039673,0.045515495082566
2012-07-31,3.6497812235070453,1.3504407402749758,-0.1,4.774007,-0.0023884773,4.7780023,-0.009376049,21.130952290126256,1.62,0.09,0.3742105263157895,3.39,3.39,-0.14804754467968984,0.0060982684754202765,-0.035014322388208896,-0.002421118355316443,5.529183852992503e-05,8.2,73.2,-0.000826704797574,0.4788089692592621,1.488796591758728,-0.015166790787906
2012-08-31,3.7124429253250324,1.24898332790488,-0.2,4.775085,0.0025343895,4.774007,-0.0023884773,17.565238180614653,1.53,0.1,0.3576190476190476,3.27,3.27,0.07550427694214701,-0.0027998327117018107,0.02271443893889824,0.0012584554122709868,0.0020967842001429204,8.2,72.3,0.0002887682305008,0.4890446364879608,1.6981786489486694,0.0018505756335382
2012-09-30,3.7136127136452486,1.3008204268406505,0.3,4.7720966,-0.00029087067,4.775085,0.0025343895,15.689565119536027,1.68,0.1,0.32954545454545453,3.21,3.21,0.09951515162204583,0.022341684718775845,0.029033253918813173,-0.0019827850454008367,-0.00428827046970337,8.1,74.3,0.0057927177431231,0.3026905953884125,1.7376681566238403,-0.0134864337918543
2012-10-31,3.655014820242257,1.3008204268406505,-0.1,4.7686276,-0.0071163177,4.7720966,-0.00029087067,15.284736834074321,1.72,0.11,0.2789473684210526,3.07,3.07,-0.004353319969321312,0.06787548641971064,0.013968410885668803,-0.01006879291331142,-0.000733960055224081,7.8,78.3,0.0047599198634582,0.3664883077144623,1.5685700178146362,-0.0119925564984697
2012-11-30,3.6236675502409943,1.3008204268406505,0.0,4.773697,0.008169174,4.7686276,-0.0071163177,16.276190576099214,1.75,0.1,0.22476190476190475,2.73,2.73,-0.010266744402199102,0.0010139229084327184,0.05037376645980629,-0.007602656009361608,0.0034679632891858603,7.8,82.6,0.0026931647544001,0.3419399857521057,1.5631542205810547,0.0058948023413281
2012-12-31,3.6419699186782837,1.3008204268406505,0.0,4.7723413,0.006975651,4.773697,0.008169174,16.70190484183175,1.65,0.09,0.2165,2.95,2.95,-0.024028921220294208,-0.01438226519703889,0.01763397832397473,-0.001716986549527233,0.0036609386281414302,7.7,82.7,-0.0016807561740774,0.30514848232269287,1.5683213472366333,0.0022201835724624
2013-01-31,3.7104257910938063,1.3008204268406505,0.0,4.7755275,-0.0010967255,4.7723413,0.006975651,17.306999826431273,1.72,0.07,0.24105263157894738,2.85,2.85,0.003984662772073655,-0.02165301737883496,0.0346240406318401,0.0005780068558398632,0.0023667469005932418,7.9,72.9,-0.0001210889356464,0.30677229166030884,1.5649269819259644,0.0021038028607005
2013-02-28,3.7116418074799835,1.3008204268406505,0.0,4.779535,-0.008278847,4.7755275,-0.0010967255,13.505238124302455,1.91,0.07,0.22714285714285712,2.82,2.82,0.031164020510198398,-0.007694706098208215,0.04611549179354668,-0.001847583004061626,0.0002451126233573575,8.0,73.8,0.0019788297664797,0.34127187728881836,1.757733702659607,-0.0009846710376146
2013-03-31,3.6903550183116542,1.350440740274976,0.1,4.779364,-0.0027666092,4.779535,-0.008278847,14.07263163516396,1.98,0.1,0.19263157894736843,2.89,2.89,0.02699189421546233,-0.026841496510779272,-0.013397390096912432,0.00043408709754855224,0.004666005179331911,7.7,77.6,0.0054152378489549,0.4657588303089142,1.8393527269363403,0.0301395522045098
2013-04-30,3.68185735465749,1.4436354751788136,0.1,4.7820635,0.0027680397,4.779364,-0.0027666092,13.031500005722046,1.96,0.09,0.193,2.96,2.96,-0.06751515503246175,-0.021415089268050913,-0.028041348420966727,-0.0016891760035153691,0.004020487651326121,7.5,78.6,-0.0028158799739523,0.4113183319568634,1.6417275667190552,0.0080766599840611
2013-05-31,3.710663536867923,1.4436354751788136,-0.2,4.7858834,0.0051727295,4.7820635,0.0027680397,13.967272715135055,1.76,0.06,0.22,2.83,2.83,-0.0591074998923915,-0.06833618601803337,-0.01971690943875437,-0.007450238493080352,-0.0008633445250438854,7.6,76.4,-0.0020901621343405,0.6476489901542664,2.2199759483337402,-0.0104917864252538
2013-06-30,3.718779233061807,1.4874828366412745,0.1,4.7865953,-0.0016312599,4.7858834,0.0051727295,13.493636304681951,1.93,0.04,0.22952380952380955,2.79,2.79,0.003031684062041684,-0.05089516758355739,0.037895017483307925,-0.004992407939737431,0.0007806732341153477,7.5,84.5,0.0004140697507883,0.2741900682449341,1.7678042650222778,0.0237983945114281
2013-07-31,3.8053735529645882,1.4874828366412745,-0.1,4.782316,0.0011920929,4.7865953,-0.0016312599,17.271499919891358,2.3,0.05,0.22149999999999997,2.83,2.83,0.003512432161913992,-0.05127516789729114,-0.08493522739090942,0.0005541340168200293,0.0020727838311218605,7.5,84.1,0.0023775795219549,0.4147798717021942,1.8646067380905151,0.0025724026382478
2013-08-31,3.8209786096992895,1.5296604950904071,0.1,4.788007,0.006587982,4.782316,0.0011920929,13.97454565221613,2.58,0.04,0.2322727272727273,2.68,2.68,0.04756521953034021,-0.044006299996192766,0.010070023486019153,-0.0014674952494182492,-0.00310675204574995,7.3,85.1,0.0019555389871959,0.26704367995262146,1.4333962202072144,-0.0160872735187647
2013-09-30,3.817970897345784,1.570278543484981,0.0,4.7926583,-0.003080368,4.788007,0.006587982,14.209999908100475,2.74,0.04,0.21857142857142856,2.56,2.56,0.030541283517354856,0.05023393684313504,0.03494449214914752,-0.0014859935619806475,0.00576546223913077,7.2,82.1,0.002384445631371,0.27166634798049927,2.058542251586914,0.0088384603120212
2013-10-31,3.7618202602012323,1.570278543484981,-0.1,4.7957816,-0.006216049,4.7926583,-0.003080368,14.692000102996825,2.81,0.02,0.23700000000000002,2.75,2.75,0.0028360551410528956,-0.0023271136900042677,0.04117597476973778,0.00011438562675381014,0.005071694571082475,7.2,77.5,0.0003768736661315,0.36942970752716064,2.3628108501434326,-0.0239418777851376
2013-11-30,3.6912261218574978,1.570278543484981,0.0,4.7942734,0.003501892,4.7957816,-0.006216049,15.407826050468113,2.62,0.05,0.19409090909090912,2.65,2.65,-0.022840017225961518,-0.024029552024648737,0.006180284153254334,-0.004208188422822889,-0.0007890413557394282,7.2,73.2,0.0005350878634899,0.33997613191604614,1.5660603046417236,0.0024811733211826
2013-12-31,3.7279659552354403,1.570278543484981,0.0,4.799033,0.0038890839,4.7942734,0.003501892,12.923999977111816,2.72,0.07,0.17210526315789473,2.61,2.61,-0.011846226003978444,-0.031417004258882386,0.00872102890777171,-0.0003446436664811259,0.0023333600077277694,6.9,75.1,0.0018427904455773,0.4999053180217743,1.7572429180145264,0.0108929054779931
2014-01-31,3.6942287604832877,1.5296604950904071,-0.1,4.7977314,0.0049905777,4.799033,0.0038890839,14.192380905151367,2.9,0.07,0.1775,2.33,2.33,0.027132158531072648,-0.043531025380509014,0.002838694071144232,-0.006339609077119723,0.0020086317141130294,6.7,82.5,0.0026406794933659,0.35803496837615967,1.631973385810852,-0.0008388684039664
2014-02-28,3.756596465727069,1.4436354751788136,-0.1,4.806434,0.004280567,4.7977314,0.0049905777,14.240952400934129,2.86,0.04,0.19666666666666666,2.4,2.4,-0.02411490197708943,0.01845957691316169,-0.028013411970039925,0.0008751146050409719,-0.003563932744874876,6.6,81.2,0.0024212417175748,0.274941086769104,1.6967792510986328,0.0188900620245693
2014-03-31,3.754358099569604,1.4436354751788136,0.2,4.812135,0.006114483,4.806434,0.004280567,15.470000116448654,2.71,0.05,0.1831578947368421,2.35,2.35,0.007214162174134842,0.04349212277635495,-0.023906820894621816,0.014061425739483102,0.007528506037616012,6.7,81.6,0.0011001732077007,0.29448360204696655,1.4558274745941162,-0.0136896720000327
2014-04-30,3.7650161461801797,1.1379820462933719,-0.6,4.810627,-0.00736475,4.812135,0.006114483,14.836666742960611,2.72,0.05,0.18,2.26,2.26,-0.013121218232134524,0.027698818217404053,-0.00939773366851071,0.011584765356984716,0.009638605074811402,6.7,80.0,0.0020399731402491,0.606511652469635,2.701395273208618,0.0011438586100993
2014-05-31,3.7641920601856835,1.0784510589549015,0.5,4.8144875,-0.003308773,4.810627,-0.00736475,14.198095321655273,2.71,0.03,0.1985,2.16,2.16,0.002548696500857872,-0.028568708150357836,0.027713095805427912,0.00684544374874374,0.0009672024963487402,6.2,84.1,0.0018624501675628,0.4259178936481476,2.1098711490631104,-0.0075650807260689
2014-06-30,3.7975918330029184,1.0159731341796967,0.0,4.812151,0.0028691292,4.8144875,-0.003308773,12.475238028026762,2.56,0.03,0.194,2.22,2.22,0.01641913893756808,-0.00750624854877735,-0.0005983617602378644,-0.0019190487410640777,0.00382432097151586,6.3,81.9,0.0019011974817404,0.45531514286994934,1.802445888519287,0.0052629733212139
2014-07-31,3.775451783671495,1.0159731341796967,0.1,4.814018,0.004512787,4.812151,0.0028691292,11.541428565979004,2.6,0.04,0.19428571428571428,2.18,2.18,0.0203874865953253,-0.00750829123887975,0.024491955723323855,-0.006987587363838754,0.0034263137889523065,6.1,82.5,0.0013202602787965,0.22208121418952942,2.1296002864837646,-0.0097028418442102
2014-08-31,3.705128427982792,1.0159731341796967,0.0,4.8158655,0.0027809143,4.814018,0.004512787,12.296363613822244,2.54,0.03,0.20590909090909093,2.17,2.17,-0.04600900766056526,0.024320711877853007,0.026230089675667756,-0.004831434668684853,0.0022187855179991445,6.2,81.8,0.0011248524027509,0.5687612891197205,2.9183337688446045,0.0195404291868994
2014-09-30,3.669954421381224,1.0159731341796967,0.0,4.806136,0.0034675598,4.8158655,0.0027809143,13.497142927987236,2.42,0.03,0.20049999999999998,2.23,2.23,-0.049536749576871486,-0.011866341287523063,0.043325854979011424,-0.004985111852685575,-0.0018898378264742277,6.1,82.5,-0.0001600141489603,0.3972523510456085,2.797318458557129,0.0099405460397461
2014-10-31,3.570864744400852,1.0784510589549015,0.1,4.8161254,0.00980711,4.806136,0.0034675598,13.466666630336217,2.53,0.02,0.2119047619047619,2.29,2.29,-0.04547011234835807,-0.046285832335209776,-0.01913498848425732,-0.0008142659842458322,0.0028693197501494794,5.9,84.6,7.158844228705163e-05,0.44556841254234314,2.9062299728393555,0.0389604467625526
2014-11-30,3.4651481352074205,1.3008204268406505,0.3,4.809363,0.0119280815,4.8161254,0.00980711,18.01608711740245,2.3,0.02,0.21318181818181817,2.39,2.39,-0.10486932761247214,-0.011435481503996314,-0.043689476042368725,-0.00417946144857928,0.00011933608402614482,5.7,86.9,-0.0001979334907824,0.23572352528572083,1.7717283964157104,0.0096076509641269
2014-12-31,3.222711811760883,1.3008204268406505,-0.4,4.816605,-0.00268507,4.809363,0.0119280815,13.41315786462081,2.33,0.02,0.20944444444444443,2.52,2.52,-0.09580825146258487,-0.039340803145659464,0.020301672141577853,0.00497744860913274,0.006153151350189567,5.8,88.8,-0.0018844345845421,0.3742002844810486,1.7623627185821533,0.0183048260805325
2015-01-31,3.0014793791914607,1.3008204268406505,0.0,4.8188744,0.011389732,4.816605,-0.00268507,16.3118182962591,2.21,0.03,0.21523809523809523,2.51,2.51,-0.24245245229024892,0.0212891308056804,-0.01666356908483202,0.009994009078749366,-7.906777172816959e-05,5.6,93.6,-0.0030893766581243,0.25255823135375977,1.7766165733337402,0.0201234915088814
2015-02-28,3.0676866518874153,1.350440740274976,0.1,4.8244133,-0.0089941025,4.8188744,0.011389732,19.119499969482423,1.88,0.03,0.22600000000000003,2.61,2.61,-0.26634506577911754,0.040905281351822254,0.03461750726472168,0.007210508111292313,-0.007879228487476908,5.7,98.1,-0.0063906934924871,0.28898102045059204,2.1024417877197266,0.0522374768626185
2015-03-31,3.0088840430791928,1.350440740274976,-0.1,4.821708,-0.0011944771,4.8244133,-0.0089941025,15.904210492184287,1.98,0.02,0.24157894736842103,2.46,2.46,0.1959102081726174,-0.019106008108807693,0.018841775136468897,0.0031951461003159043,-0.006405903226315068,5.5,95.4,0.0025314368884981,0.3238460123538971,2.4174420833587646,0.000595625848585
2015-04-30,3.137680994535602,1.1379820462933719,-0.4,4.8213487,0.011284828,4.821708,-0.0011944771,14.812727277929133,2.04,0.03,0.24045454545454545,2.55,2.55,-0.03878406679992441,-0.040284616251249794,-0.01484906904122596,-0.011308617928673215,-0.0033518725083752088,5.4,93.0,0.0026903295965814,0.39955514669418335,2.496189832687378,0.026188328154622
2015-05-31,3.219209101252326,0.8813735870195485,0.0,4.820785,-0.004261017,4.8213487,0.011284828,13.494761875697545,1.94,0.02,0.2545,2.6,2.6,0.06308025115041005,0.01707674532997583,0.11769656539891393,0.00045158377646359327,-0.005470746111496005,5.4,95.9,0.0010419358923821,0.5016366839408875,2.4401650428771973,-0.0336952230567559
2015-06-30,3.225681781482666,1.015973134179697,0.6,4.81825,-0.0010762215,4.820785,-0.004261017,13.3385000705719,2.2,0.02,0.2636842105263158,2.72,2.72,0.07366987970921102,-0.00025025442663917374,0.012259174682977658,-0.000612913130689341,-0.0044228298448434344,5.6,90.7,0.0032923197040535,0.2950104773044586,1.6674505472183228,0.0201815408372869
2015-07-31,3.0626195889333463,0.8813735870195485,-0.4,4.8229804,0.0053544044,4.81825,-0.0010762215,14.33954551003196,2.36,0.02,0.26772727272727276,2.83,2.83,-0.041379321199805474,-0.014394420284631337,-0.024538980893689555,0.00032263268548948787,-0.0031500185136206227,5.3,96.1,0.0027640971717151,0.3204573094844818,1.9097522497177124,-0.0111503895783888
2015-08-31,2.8909331470760975,1.015973134179697,0.4,4.8208804,0.007080555,4.8229804,0.0053544044,14.35272723978216,2.32,0.03,0.25863636363636366,2.94,2.94,-0.08334986841557779,-0.046063879630762194,-0.0760085529490091,0.0015632935486713517,0.0064600821906077854,5.2,93.1,0.0015850629039944,0.727304220199585,2.4546518325805664,0.0231465169001978
2015-09-30,2.95228365248382,1.350440740274976,0.4,4.824234,-0.0035853386,4.8208804,0.007080555,19.42809536343529,2.17,0.07,0.248,3.15,3.15,-0.19555024141422983,-0.009242177048154332,-0.07501001088478532,0.026428355888196586,-0.00184021074428653,5.1,91.9,-4.2010893430699525e-06,0.44293656945228577,1.8612760305404663,-0.0030191210178784
2015-10-31,2.9674345956456727,1.350440740274976,-0.6,4.8232727,-0.0015816689,4.824234,-0.0035853386,24.3771428607759,2.17,0.02,0.31,3.29,3.29,0.023544814451530005,0.006099809344416229,-0.08435178625062711,-0.0032046274558390486,-0.002794967313555219,5.0,87.2,-0.0022501171352722,0.41760918498039246,2.2881503105163574,0.0050058255361724
2015-11-30,2.8809194000418694,1.3979983651114376,0.1,4.826543,-0.00044059753,4.8232727,-0.0015816689,16.789545449343596,2.07,0.02,0.3061904761904762,3.19,3.19,0.016799800743085846,0.03019467397910791,0.0593285118510245,-0.005933611652181536,-0.0048472353195281315,5.0,90.0,0.0009889928020463,0.27573901414871216,2.0396578311920166,-0.0029619373834366
2015-12-31,2.7499441264825824,1.24898332790488,-0.4,4.8227863,0.007727623,4.826543,-0.00044059753,16.209999990463256,2.26,0.12,0.24421052631578946,3.2,3.2,-0.08986599364240178,-0.06486694829368389,-0.006191734153228268,0.011065489925872418,-0.007384517731686024,5.1,91.3,0.0011939045033511,0.4885844886302948,3.168949842453003,0.0302687955131757
2016-01-31,2.5893122343323225,1.24898332790488,0.3,4.8203845,0.0028057098,4.8227863,0.007727623,18.02545473792336,2.24,0.23,0.30523809523809525,3.23,3.23,-0.15252377267746997,-0.009897499142494937,-0.026986241913673936,0.013912754240309688,-0.004916123240685799,5.0,92.6,-0.0010761322495165,0.4672437608242035,3.349400043487549,-0.0042943422267684
2016-02-29,2.546751177656473,1.1379820462933719,-0.2,4.831171,9.1552734e-05,4.8203845,0.0028057098,23.717894805105107,2.09,0.26,0.3636842105263158,3.48,3.48,-0.21348332227969458,0.020399575661474323,-0.10462971464207271,0.014924049306077602,0.005226534839914088,4.8,92.0,-0.0004585486804522,0.6952168941497803,2.507415533065796,0.0118911779606492
2016-03-31,2.758614908216214,0.7326682560454167,-0.4,4.8285375,-0.010102272,4.831171,9.1552734e-05,22.516999816894533,1.78,0.31,0.311,3.55,3.55,0.04714538546530589,0.08849643078288416,-0.03083132707267744,-0.0034583396367287023,-0.005198264319299817,4.9,91.7,-0.0013305601262363,0.49907034635543823,2.245816707611084,-0.0229562107059084
2016-04-30,2.836853088732133,0.568824898732254,0.4,4.830557,-0.001065731,4.8285375,-0.010102272,15.849090966311367,1.89,0.29,0.33714285714285713,3.12,3.12,0.17171740408871194,0.037343170096250766,0.0591220228498166,-0.01607665101109701,-0.007447561483016507,5.0,91.0,0.0031298930089276,0.511520504951477,2.448961019515991,-0.0381935839570291
2016-05-31,2.9708255969576647,0.2956730475634296,-0.1,4.832392,-0.009569168,4.830557,-0.001065731,14.300476255871,1.81,0.23,0.40476190476190477,2.86,2.86,0.08459028859392914,-0.0023156720165324884,0.03215773853373172,0.003993257020555641,0.0033764655587065207,5.1,89.0,0.0038233269232099,0.3625040650367737,2.012362241744995,-0.0196723374691174
2016-06-30,3.0108417471872033,0.2956730475634296,0.3,4.831893,-0.010027409,4.832392,-0.009569168,14.852857044764928,1.81,0.27,0.3685,2.84,2.84,0.11695182220880529,0.014933103748748344,-0.03837652355423771,0.016241087513623187,-0.002270369719856724,4.8,94.7,0.0023613057911546,0.44612371921539307,1.9210634231567383,0.0320820324501491
2016-07-31,2.9229231768887676,-0.09983407889920014,-0.4,4.8387933,0.008569241,4.831893,-0.010027409,17.774545496160332,1.64,0.27,0.38227272727272726,2.92,2.92,0.03168803422804789,0.012178210295872738,0.023147245823288642,0.009995773436096256,0.004712588491569747,4.9,93.5,0.0027721114340346,0.30207201838493347,1.7746731042861938,-0.0027945989310156
2016-08-31,2.922475992890176,7.327471962526006e-15,0.5,4.833914,0.009274006,4.8387933,0.008569241,13.158500051498413,1.5,0.3,0.40049999999999997,2.71,2.71,-0.07074616725474137,0.04613034968480623,0.04040909628401579,-0.0013250020759560943,0.001171402354962936,4.8,90.0,-0.0005038276433131,0.3781368136405945,2.4603447914123535,-0.0061057700458828
2016-09-30,2.930745645659936,-0.19869011034923423,-0.3,4.836863,-0.0068073273,4.833914,0.009274006,12.399565240611201,1.56,0.3,0.5154545454545455,2.61,2.61,0.0196303285617212,0.002622506480935094,0.05284931412919569,0.006083520455743452,-0.0015082196772331358,4.9,89.8,0.0018475140801852,0.28943559527397156,2.1500930786132812,0.0059909528920734
2016-10-31,3.025330329277876,-0.2956730475634154,0.1,4.835976,0.0040869713,4.836863,-0.0068073273,14.219523793175107,1.63,0.29,0.559047619047619,2.69,2.69,0.015684289706694,-0.01016965543954651,0.038029882449482244,-0.0013636944740775814,-0.0010556910872727698,5.0,91.2,0.0026197751847689,0.5847952961921692,2.6114134788513184,-0.0071045028640561
2016-11-30,2.937484026971243,7.327471962526006e-15,0.4,4.8428793,0.014536858,4.835976,0.0040869713,14.58523804800851,1.76,0.33,0.5525,2.61,2.61,0.06151695442804561,-0.04633014758902476,-0.005833801571409225,0.015622992958341797,0.0001559439981937416,4.9,87.2,0.0023399476837555,0.2650436758995056,1.997644066810608,0.028835538146902
2016-12-31,3.063961259740463,-0.48121182505959686,-0.8,4.843582,0.012452126,4.8428793,0.014536858,15.236190387180873,2.14,0.45,0.4615,2.45,2.45,-0.1016888367414106,-0.02251682019787804,-0.03420988451589402,0.016138358046680956,-0.004180408725706464,4.7,93.8,0.0011782533036424,0.4768986105918884,1.917850375175476,0.0282814857239799
2017-01-31,3.0699756394884217,-0.7326682560454051,0.2,4.8433127,-0.0064439774,4.843582,0.012452126,12.472380956013998,2.49,0.51,0.471,2.28,2.28,0.17535992202805462,-0.06763829902204588,-0.017359152363921382,0.008577659685801375,0.0068125945893555695,4.7,98.2,0.0025213409056821,0.5850464105606079,2.2972464561462402,0.0052812137325428
2017-02-28,3.087007962140917,-0.7326682560454051,0.3,4.850903,-0.011232376,4.8433127,-0.0064439774,11.608500003814697,2.43,0.51,0.5135,2.23,2.23,0.023510647854556144,0.029574908402620892,0.025970151976032696,-0.009580530305081991,-0.002632185863649106,4.7,98.5,0.0040349254236584,0.6432333588600159,2.5729334354400635,-0.0274633693724739
2017-03-31,3.0076784727927666,-0.9503469298211292,-0.3,4.854634,-0.0001244545,4.850903,-0.011232376,11.530526361967388,2.42,0.52,0.521578947368421,2.19,2.19,0.005351197598470581,0.0347065291630102,0.03914447664198484,-0.0014989124778548302,-0.004022819294649871,4.6,96.3,0.0015913904232975,0.7214450836181641,3.023460626602173,0.0120330098310033
2017-04-30,3.0407656958375324,-0.7326682560454049,0.6,4.8599334,-0.00997448,4.854634,-0.0001244545,11.897826111834982,2.48,0.74,0.3978260869565218,2.24,2.24,-0.061646638772884454,-0.002255011865609724,0.012746936526001562,0.0024291451030744593,0.006577241165916625,4.4,96.9,-0.0004673107988741,0.6296865940093994,2.1438183784484863,-0.003154866702034
2017-05-31,2.989456627142755,-1.0784510589548928,-0.8,4.861954,-0.0054192543,4.8599334,-0.00997448,13.136315847698011,2.3,0.8,0.36333333333333334,2.28,2.28,0.013836310861290446,0.028389209896409362,0.009652534350616193,0.0009874249342931574,0.010135936505023757,4.4,97.0,0.0012333918811604,1.0770200490951538,3.0787012577056885,-0.0025799480737775
2017-06-30,2.917923134135129,-1.3979983651114314,-0.1,4.863735,0.0072689056,4.861954,-0.0054192543,10.862272782759232,2.3,0.89,0.29285714285714287,2.23,2.23,-0.03861510136739188,-0.01658666235691708,0.03748383829614532,-0.011708333871035315,0.0011830347817092246,4.4,97.1,-0.000774277635636,0.6904955506324768,2.518277883529663,-0.0180485185896088
2017-07-31,2.948902711931699,-1.4874828366412673,0.4,4.8635206,0.0067873,4.863735,0.0072689056,10.513636328957297,2.19,0.98,0.28045454545454546,2.09,2.09,-0.08191872197261851,0.011347526303954858,0.02504359192070993,-0.004488899370100885,0.0020579802852100926,4.3,95.0,0.0006514164440556,0.5417956709861755,2.858617067337036,-0.0169548513521151
2017-08-31,2.9747059255049892,-1.5296604950903998,0.1,4.862419,0.0063533783,4.8635206,0.0067873,10.264499998092651,2.32,1.07,0.2395,2.06,2.06,0.04450838676429658,-0.018758309028101827,0.019089933636502465,-0.00819063623806171,-0.0023975598889283134,4.3,93.4,0.0003275963060049,0.90605628490448,2.6227943897247314,-0.0302765848481803
2017-09-30,3.0064478509674357,-1.248983327904872,0.7,4.8689065,-0.007519722,4.862419,0.0063533783,11.97565215566884,2.21,1.01,0.29772727272727273,2.14,2.14,0.06442000110033907,0.036672522222017,0.04480696523599903,-0.02031197769503601,-0.0041471676206601416,4.4,96.8,0.0038412391487883,1.2550736665725708,3.556932210922241,-0.0004682424077335
2017-10-31,3.0406582576127716,-1.3008204268406434,-0.7,4.8710957,0.0025968552,4.8689065,-0.007519722,10.437999963760376,2.2,1.03,0.294,2.0,2.0,0.08253568880654294,0.023896929017443114,0.00943282434514714,0.009741734331284668,0.001031641609603895,4.3,95.1,0.0050933965261075,1.2183551788330078,2.881110429763794,0.0039384704087659
2017-11-30,3.131150028584088,-1.0784510589548928,0.5,4.871788,0.001888752,4.8710957,0.0025968552,10.125454512509434,2.36,1.07,0.28619047619047616,1.91,1.91,0.023841762124575894,-0.02665199895390913,0.021394333164311163,-0.003085934362746068,0.012242951327366747,4.2,100.7,0.0007747520471248,0.6046587228775024,2.098043918609619,0.01843610138636
2017-12-31,3.1507304674532657,-1.248983327904872,-0.7,4.881066,0.008196831,4.871788,0.001888752,10.540476163228353,2.35,1.23,0.20333333333333337,1.88,1.88,0.08666683165594691,0.0018661601958367413,0.027518564286078018,-0.003594681331555938,0.002389626780567866,4.2,98.5,0.0026644546143197,0.753240168094635,2.1755597591400146,-0.0121743061529917
2018-01-31,3.242641081087227,-1.3979983651114314,0.0,4.8825274,-0.0033946037,4.881066,0.008196831,10.264500045776368,2.4,1.32,0.28578947368421054,1.77,1.77,0.026118761545017577,-0.01370610731052846,-0.002641931621361948,-0.015661418218354983,0.0019533298635989738,4.1,95.9,0.0021046728661735,0.7310609817504883,2.001279354095459,-0.0134006591775897
2018-02-28,3.216648674798842,-1.443635475178808,0.2,4.8863654,0.006043434,4.8825274,-0.0033946037,11.062381017775763,2.58,1.41,0.32,1.56,1.56,0.07052085325436686,0.05151866343031042,0.09013748072685956,-0.03474830457226785,-1.872595501151153e-05,4.0,95.7,0.0042443244618279,0.6854663491249084,2.203904628753662,-0.0303988320836934
2018-03-31,3.2248998311090324,-1.8184464592320657,-0.9,4.8898454,0.0019230843,4.8863654,0.006043434,22.464736637316253,2.86,1.57,0.30526315789473685,1.68,1.68,-0.05596577832837557,-0.00042824461686041815,-0.02821041955977499,0.006961596767659728,0.002421606629052775,4.1,99.7,0.0026886698861776,0.29294151067733765,1.5902538299560547,0.0191068504714575
2018-04-30,3.2773167477858727,-1.9928357649397401,0.4,4.8861866,-0.0025286674,4.8898454,0.0019230843,19.023809750874836,2.84,1.7,0.4766666666666667,1.85,1.85,0.01064724114694826,-0.004571841102654517,-0.002300425743207768,-0.008793288727378279,0.004886354634384027,4.0,101.4,0.0001923439115056,0.9457401633262634,2.749058246612549,-0.0026094259717348
2018-05-31,3.329362026283697,-1.9092740140163365,0.9,4.8915353,-0.0043153763,4.8861866,-0.0025286674,18.26761904216948,2.87,1.76,0.5915,1.79,1.79,0.0882300231818034,0.007595677673581491,-0.017041676260456384,0.009504161155718727,0.01095858190317145,4.0,98.8,0.0026010210660754,1.105688214302063,3.360255718231201,0.0156558160411961
2018-06-30,3.296610408075359,-1.9378792776644977,-0.4,4.8896213,-0.0031394958,4.8915353,-0.0043153763,14.124545487490566,2.98,1.86,0.4695238095238095,1.89,1.89,0.06534652837437971,-0.023736905020284915,0.010413699156110567,0.012101763595668835,-0.009045665423148996,3.8,98.0,0.0022554044437663,1.5211362838745117,3.3196067810058594,0.0185425623206541
2018-07-31,3.3401969168044845,-2.045028204867631,-0.3,4.8881273,0.008150578,4.8896213,-0.0031394958,13.678095318022228,2.91,1.9,0.4319047619047619,1.99,1.99,-0.03396384306886535,-0.01692870657123624,-0.020528524393716552,0.03186034101515278,0.007739323183955982,4.0,98.2,0.0009007393845479,1.168890118598938,2.622774839401245,0.0078754622037422
2018-08-31,3.2965078227527913,-2.1421119082369042,0.0,4.8909483,0.005411148,4.8881273,0.008150578,13.147619065784273,2.89,1.96,0.3823809523809524,1.83,1.83,-0.002027071303343675,-0.03482299078477613,-0.05442918293034005,0.027824072123235455,0.0016130706732431221,3.8,97.9,0.000780515817194,1.0246338844299316,2.685394763946533,-0.0021050554675916
2018-09-30,3.326481490343873,-2.2308141790009346,-4.440892e-16,4.8948035,0.0066313744,4.8909483,0.005411148,12.546956518422002,2.89,2.03,0.29090909090909095,1.92,1.92,-0.023516581579978713,-0.02951735558853219,-0.019560129046269026,0.003843393954948482,0.006442729109767065,3.8,96.2,0.0017857254132316,0.9629596471786499,2.8082590103149414,0.0052499215231858
2018-10-31,3.331815045390418,-2.2926357520424046,0.1,4.891315,0.00030612946,4.8948035,0.0066313744,12.910526325828151,3.0,2.13,0.22473684210526312,1.84,1.84,0.08409086190065285,-0.0027665531582474756,-0.02444693838616452,0.005548269452530397,0.0006505452749951957,3.7,100.1,0.0020601581183248,0.7727845311164856,1.8185635805130005,-0.0016189145943723
2018-11-30,3.115466825945108,-2.272441327386598,0.4,4.8964663,0.014173508,4.891315,0.00030612946,19.352173639380414,3.15,2.25,0.21500000000000002,2.03,2.03,0.02677913170444768,0.01408602365459366,-0.05840280237513085,0.015272987372987545,-0.0011033900564871857,3.8,98.6,0.002336847588066,1.038062334060669,2.389190912246704,0.0179086348447476
2018-12-31,2.975529808562834,-2.272441327386598,-0.1,4.8910046,0.0023269653,4.8964663,0.014173508,19.389047622680664,3.12,2.33,0.323,2.27,2.27,-0.22434066445159573,0.004318490808553399,0.014619501238643196,-0.002570086485943035,0.0007930645244380585,3.8,97.5,-0.0007044399795823,0.6654516458511353,1.9454922676086426,0.0032137379195997
2019-01-31,3.0128099287557673,-2.312438341272747,-0.2,4.892701,-0.003824234,4.8910046,0.0023269653,24.953157726087067,2.83,2.37,0.4244444444444444,2.45,2.45,-0.12111740411493521,0.02407999637525915,-0.00031800634829259877,-0.011611475741411414,0.0002450018435427026,3.9,98.3,0.0006846591120321,0.8167096972465515,2.234217405319214,-0.0026154813455887
2019-02-28,3.077489218877775,-2.312438341272747,0.2,4.8930774,-0.016554356,4.892701,-0.003824234,19.57238079252697,2.71,2.37,0.4,2.38,2.38,0.035066695303666684,0.03253438806002684,0.02323052031545103,-0.026483904018018478,-0.00666522303835837,4.0,91.2,-0.0008153120801193,0.9264768362045288,2.2481937408447266,-0.0138700517452896
2019-03-31,3.1304878521126516,-2.3880113222846475,-0.4,4.8942595,-0.0041885376,4.8930774,-0.016554356,15.234736844112998,2.68,2.39,0.29,2.22,2.22,0.07381079397501633,0.021686877310095554,0.061988735658335514,-0.0006872339106662739,-0.005479088490066175,3.8,93.8,0.0029967603671732,1.071664571762085,2.431309700012207,0.0069426185940466
2019-04-30,3.2208233825144883,-2.406059125298014,0.3,4.9001193,-0.0011873245,4.8942595,-0.0041885376,14.485238075256348,2.57,2.4,0.20333333333333337,2.26,2.26,0.0334864027941677,-0.014628432869876029,0.01762185139089567,0.002984542297770343,0.0003752804925412079,3.8,98.4,0.0037746599164281,0.771669328212738,1.8770334720611572,0.0099448568615363
2019-05-31,3.1713350415562016,-2.4752052194025667,-0.3,4.898536,-0.003376007,4.9001193,-0.0011873245,12.949047588166737,2.53,2.38,0.207,2.14,2.14,0.07420876554176026,-0.011589693706874904,0.03341258940122138,0.0034954928904473714,-0.005865977141161771,3.7,97.2,0.0037526294749232,0.5595845580101013,1.9384009838104248,0.0051101134034095
2019-06-30,3.0634635920666726,-2.5080878593376843,0.2,4.8994102,-0.0078115463,4.898536,-0.003376007,16.721818056973543,2.4,2.35,0.18047619047619048,2.37,2.37,0.0011840522111175034,-0.0017201058097580102,-0.05883803204799598,0.024639373971064416,0.0011530983463270417,3.6,100.0,0.0002468028273403,1.1733860969543457,2.7765839099884033,0.0023129982298115
2019-07-31,3.108825799067716,-2.5080878593376843,0.2,4.893174,0.0013165474,4.8994102,-0.0078115463,15.835999870300293,2.07,2.17,0.227,2.31,2.31,-0.10482245150051916,0.057032035034025874,-0.016333185957737584,-0.005476600191525183,0.00044427195055796176,3.6,98.2,-0.0003251656708549,1.2943308353424072,2.8691000938415527,-0.0206698010157087
2019-08-31,3.0627176220164394,-2.555493553174835,-0.3,4.8947306,-0.004377365,4.893174,0.0013165474,13.30590907010165,2.06,2.1,0.195,2.13,2.13,-0.004703776963578932,0.03885868398007908,0.026049235459611353,0.002662148892260019,-0.0048606038693659315,3.7,98.4,0.0023052171103783,0.7565702199935913,2.3758959770202637,0.0156993792675672
2019-09-30,3.099852703884786,-2.6007779200572014,0.0,4.89431,0.012533188,4.8947306,-0.004377365,18.979090907356955,1.63,1.95,0.21619047619047618,2.26,2.26,-0.07937272182347055,0.06010115196989929,-0.0905320093657398,0.038615386427453435,0.0068257248349024024,3.6,89.8,0.0009143518703291,1.2167065143585205,2.747544527053833,0.0062772784056353
2019-10-31,3.0434464785986752,-2.6007779200572014,0.3,4.8931565,-0.020151615,4.89431,0.012533188,15.558999872207641,1.7,1.89,0.2305,2.2,2.2,0.06213363621457191,0.0067552789445404215,0.020172278066860727,-0.0009229479049792655,-0.0033894417233817364,3.5,93.2,0.0015376632893948,0.7263386249542236,2.3340272903442383,0.0040261739220914
2019-11-30,3.096470449561753,-2.6007779200572014,0.0,4.8921447,0.023015022,4.8931565,-0.020151615,15.466521760691768,1.71,1.65,0.33,2.18,2.18,-0.05082913153768587,-0.010494574572298632,-0.002208842463872429,-0.015480796418201548,-0.008478362664281036,3.6,95.5,0.0028232930540426,0.6726645827293396,2.4678382873535156,-0.0167239695346737
2019-12-31,3.142833709489063,-2.61543304000393,-0.1,4.893615,0.010544777,4.8921447,0.023015022,12.523499965667725,1.81,1.54,0.3621052631578947,2.08,2.08,0.05694216964248078,-0.016199437064064348,0.019653971795273506,-0.001009332859860823,0.005006764315212742,3.6,96.8,0.0028114667260625,0.6029929518699646,1.7385563850402832,0.0109143140541689
