Period_dt,lwti,lpri,d2pri,llwip,dllgop,dl2lgop,vix,gs10,tb3ms,baa10y,brent,gold,bdi,cny_usd,indpro,gpr_chn_l1,gpr_usa_l1,gdelt_total_events_log,gdelt_goldstein_mean,gdelt_sentiment_signal,gdelt_conflict_share,gdelt_hostility_share,gdelt_topic_pca_1,gdelt_topic_pca_2,gdelt_topic_pca_3,gdelt_topic_pca_4,gdelt_topic_pca_5,gpr,ea_gpr,wui
1990-02-28,2.8490794560394908,-0.7326682560454053,-0.2,4.1354656,-0.00921154,-0.005792618,23.34727278622714,8.21,7.64,1.68,0.0687954087855349,0.0017571694576172,-0.0121459845434861,0.0,-0.0050706327669249,0.2335204184055328,1.9214224815368648,4.262679877041316,2.49,10.614072893832876,0.0285714285714285,0.0714285714285714,1.7841256845217408,-1.3842056500533346,1.1291423126341165,0.8893010722180833,0.3960912803009499,58.92372670371584,,0.12496
1990-03-31,2.764880238931396,-0.8088669356527773,0.1,4.1395245,0.0042176247,-0.00921154,23.262631767674492,8.47,7.74,1.68,-0.0700789296576851,0.0162050660765675,0.0267353346434306,0.0,0.0090406409731595,0.1696655750274658,1.915435075759888,4.465908118654584,0.7604651162790699,3.3961673367443,0.0348837209302325,0.1046511627906976,-5.32955841340072,0.9380837963756694,-2.598018956197513,0.2326776801818932,-0.2360168003553178,59.63557699585029,,0.12496
1990-04-30,2.6683266462620705,-0.8088669356527773,0.1,4.1437383,0.014660835,0.0042176247,20.06227259202437,8.59,7.9,1.58,-0.074704797874237,-0.0586682105019624,0.0196384173595616,0.0,0.0049692029917487,0.1126301065087318,1.6040080785751345,4.3694478524670215,1.5141025641025645,6.615792197132762,0.0384615384615384,0.1282051282051282,-0.9751909203352338,3.591135745573094,-0.4308950704502163,-0.8302555036684515,0.2995263270581493,50.71423041231948,,0.12496
1990-05-31,2.6480353855701897,-0.8088669356527773,0.0,4.1334424,-0.004463196,0.014660835,21.40349998474121,8.79,7.77,1.5,-0.1015270633537883,-0.049064969135971,0.0205391048505072,0.0,-0.0026232502058824,0.1515151560306549,1.961506962776184,4.110873864173311,1.695,6.967931199773763,0.0333333333333333,0.1333333333333333,0.2951487722281776,0.8851005231728057,0.4813970515787245,-0.8572693215293391,2.747375969162276,59.21856593728268,,0.12496
1990-06-30,2.5640014339353754,-0.8088669356527773,0.0,4.1446,-0.009224892,-0.004463196,18.09772725538774,8.76,7.74,1.71,-0.0157647699127041,-0.0139651666198075,-0.003839159020087,0.0,0.003036903319729,0.1666931211948394,2.1114461421966557,4.672828834461906,1.228301886792453,5.739644474027737,0.0377358490566037,0.1320754716981132,-1.501207202870415,2.4662200416016127,-0.6054794712555857,-2.3621836253559523,1.95764503944886,62.0784202926265,,0.12496
1990-07-31,2.6589994665888077,-0.8088669356527773,0.0,4.148148,-0.01363039,-0.009224892,16.822380837940035,8.48,7.73,1.79,-0.0793568403718913,-0.0463638997966242,0.0741831756262207,0.0,0.0033858350269504,0.1825650334358215,1.9874694347381592,4.624972813284271,1.502970297029703,6.951196762936162,0.0,0.1386138613861386,1.6023749780723422,0.2538773505417323,-7.837000338985617,3.22690071031612,0.3556391247253823,52.670893515128206,,0.12496
1990-08-31,3.027663800899006,-0.8088669356527773,0.0,4.1479983,0.0017271042,-0.01363039,18.39285727909633,8.47,7.62,1.77,0.1281006749992825,0.0285389930716766,0.0715583346759647,0.0,-0.0017488731555337,0.19013012945652,1.9984790086746216,4.477336814478207,1.9,8.506939947508593,0.0229885057471264,0.0804597701149425,3.5538437980847664,1.5574422386791114,1.2931790123434324,-1.5139898606824669,-1.3990366796554958,59.61621687728501,,0.0877
1990-09-30,3.235699546820326,-0.8088669356527773,0.0,4.153455,-0.060423374,0.0017271042,28.175217255302098,8.75,7.45,1.69,0.4589066779660906,0.08509475738329,-0.1039916981548856,0.0,0.0034867499970046,0.5787994265556335,6.412270545959473,3.8918202981106265,1.2395833333333333,4.824235577866297,0.0625,0.1458333333333333,0.502429743444507,-2.19687324518445,-3.566174624877684,0.4726008848453618,-8.313703829753582,187.9398581190895,,0.0877
1990-10-31,3.293167973677838,-0.8088669356527773,0.0,4.15546,0.04376316,-0.060423374,29.10736836885151,8.89,7.36,1.94,0.2504407705000959,-0.0138003593161109,-0.0436242155066279,0.0,7.625111401843299e-05,0.3279777467250824,4.952878952026367,3.688879454113936,1.023076923076923,3.774007441516565,0.0,0.0512820512820512,2.269256550676569,0.2067055668769747,-4.073048215354691,1.593746558690878,-0.4556235865912111,138.82184623106355,,0.0877
1990-11-30,3.184638932108805,-0.7326682560454053,0.1,4.1547875,0.005701065,0.04376316,29.625652479088824,8.72,7.17,2.13,0.0316885851554333,-0.0222849000806499,-0.0095700968751772,0.0,-0.0058596531436769,0.2657599449157715,3.599484205245972,3.828641396489095,2.1133333333333333,8.091195484580288,0.0,0.0,0.5760491262184445,0.2346153380489476,0.3327940508003907,1.166869873947944,1.3166640946796262,110.35476534900332,,0.16199
1990-12-31,3.014080057391301,-0.65266656608235,0.0,4.149968,0.013576508,0.005701065,24.88571439470564,8.39,7.06,2.27,-0.0856027067576712,0.0025968249408858,0.01246486963581,0.1006556609029365,-0.0127971437648062,0.4958877563476562,4.112239837646484,4.718498871295094,1.2432432432432432,5.866241839988495,0.018018018018018,0.027027027027027,2.182063135441531,-1.436071498463196,-0.4510750425958716,1.9534880334865052,0.5421026619135815,164.9151266103231,,0.16199
1991-01-31,2.9193545811678483,-0.65266656608235,-0.1,4.1478963,0.0034809113,0.013576508,23.363000106811523,8.08,6.74,2.35,-0.1566190837034171,-0.012600999760818,0.0337836705857306,0.0,-0.0073665965881337,0.2029273360967636,3.9765121936798096,4.477336814478207,1.3885057471264368,6.216807898723763,0.057471264367816,0.0804597701149425,-0.8983509139967517,-2.22110078186263,-0.9811555153625164,-0.5432145155784325,2.7071044060007634,156.04328393824133,,0.16199
1991-02-28,2.7229241959568555,-0.65266656608235,0.0,4.149921,-0.0040602684,0.0034809113,27.429091106761582,8.09,6.22,2.3,-0.1821045444740372,0.0175920602020394,-0.0020677944427678,0.0,-0.0032611910765636,0.2514294981956482,9.602984428405762,3.713572066704308,0.5425,2.014612846187087,0.05,0.1,-1.449859977195855,0.2894842621646083,0.1609744325488675,-2.9813110872644697,-0.8902127412390558,332.0253739365202,,0.11872
1991-03-31,2.690085646126911,-0.65266656608235,0.0,4.1428766,-0.0051369667,-0.0040602684,21.59842109680176,7.85,5.94,2.09,-0.1875615083546979,-0.0530178872839073,0.1041889627146819,0.0,-0.0074159360650281,0.3037070035934448,8.503796577453613,3.1354942159291497,0.5681818181818181,1.7815308045051983,0.0,0.0454545454545454,2.264677853993522,2.4532297076980587,-1.7132893568772871,-2.903988477978138,-2.6538984790071845,137.87871202598103,,0.11872
1991-04-30,2.735213086047495,-0.65266656608235,0.0,4.138894,0.0042204857,-0.0051369667,17.918499851226805,8.11,5.91,1.96,-0.0234872326778603,-0.001347690565244,0.0697188648732058,0.0,-0.0057710392662917,0.2415063381195068,3.819074869155884,4.836281906951478,2.3216,11.227912075178551,0.008,0.04,4.448661503298888,0.2153354529388814,0.8550528638074139,0.9822369755977324,-1.5138390047094574,73.74194784353048,,0.11872
1991-05-31,2.7513470068555343,-0.65266656608235,0.0,4.1461363,-0.0233531,0.0042204857,17.37272735075517,8.04,5.65,1.83,0.0050963847648035,-0.0137451590383292,0.0082945217511571,0.0129807872721905,0.0026351435941132,0.2490359842777252,2.4060089588165283,4.90527477843843,1.594776119402985,7.822815075763376,0.0,0.0895522388059701,1.1276343652868457,0.899815008290743,-0.2363687685765285,-2.154840937414575,-2.34055966277916,34.308642540720584,,0.08224
1991-06-30,2.6979503492674155,-0.5688248987322413,0.1,4.1506424,-0.0029945374,-0.0233531,16.932272737676445,8.07,5.46,1.77,0.0003554207626832,-0.0039981600237997,0.0120433088487832,0.0085237922906864,0.0093701506011978,0.2772677838802337,2.1132302284240723,5.402677381872279,2.053393665158372,11.093823510830957,0.0090497737556561,0.0633484162895927,-0.7787752226580285,1.0063007318839057,0.3351042369880931,-0.0902749921170276,-0.2860652476845911,38.53660364429299,,0.08224
1991-07-31,2.755370857292282,-0.5688248987322413,-0.1,4.1522126,0.0032577515,-0.0029945374,17.13499994277954,8.28,5.57,1.66,-0.0545892067093212,0.0270028981378507,-0.0298372027493751,0.0037320438913193,0.0080704132490545,0.2818019390106201,2.1353442668914795,5.262690188904886,1.7401041666666668,9.15762912558918,0.0052083333333333,0.0625,-0.3429487344824928,0.6574620220802466,-1.2074213015645583,0.7644198490383092,2.070383685363274,36.49405456925315,,0.08224
1991-08-31,2.764872351047766,-0.5688248987322413,0.0,4.153505,0.016630173,0.0032577515,17.294090964577414,8.27,5.58,1.6,0.0654818899308979,0.0026415777673216,0.0798793518097902,-0.0015844171262751,0.0027966918655684,0.2810149490833282,2.6572444438934326,4.941642422609304,1.6964028776978417,8.383016426268156,0.0071942446043165,0.0935251798561151,0.1042964474193415,3.01740782345653,-0.694601377552147,-0.5777897304293942,1.340168083516174,62.627480403679726,,0.10484
1991-09-30,2.769710496528017,-0.5688248987322413,0.0,4.153055,-0.0116353035,0.016630173,15.681363712657582,7.9,5.33,1.75,0.019187404290816,-0.0314390533993833,0.0168544575849196,0.0047828726944032,-1.1339677612909329e-05,0.2112361341714859,2.526709079742432,4.634728988229636,1.0235294117647058,4.743781435011509,0.0294117647058823,0.1470588235294117,0.872267566004084,1.4406206517031086,-3.4349655304892472,1.2787068876153864,0.0243393921434173,49.993267299389785,,0.10484
1991-10-31,2.82908891820611,-0.5688248987322413,0.0,4.15602,0.017308235,-0.0116353035,16.956499767303466,7.65,5.22,1.94,0.0362142193125096,-0.0214744795649108,-0.0129647468548981,0.0006867048645426,0.0079016589511224,0.2104260176420211,2.7077460289001465,4.867534450455582,1.2193798449612403,5.935373403540024,0.0387596899224806,0.1007751937984496,-0.8459839933559968,-1.7897076192419563,-0.947597481052868,2.506273540200832,-0.5530435136706686,61.63728955187954,,0.10484
1991-11-30,2.7913253699306564,-0.5688248987322413,0.0,4.1588306,-0.00073719025,0.017308235,16.36391299703847,7.53,4.99,2.02,0.0798486414836157,0.0281318468103197,0.0194904415418211,0.0008345465651318,-0.0005466018382946,0.2407792508602142,2.334829092025757,5.081404364984463,2.19625,11.160034336597128,0.0,0.03125,0.4935250456278636,1.5216827462769795,-1.199852426454408,3.211368223843492,1.404788950070892,41.52860583993797,,0.06208
1991-12-31,2.647754155303587,-0.5688248987322413,0.0,4.1591544,0.0040545464,-0.00073719025,17.77350010871887,7.42,4.56,2.06,-0.0506872516908223,0.0041176365108848,0.0406217513631244,0.003164940314829,-0.0015836157055426,0.3820476233959198,2.30000376701355,5.869296913133774,2.348441926345609,13.783702948974216,0.0,0.0339943342776204,2.8740338527556557,-1.4625707913910757,-0.3194435585080745,0.8281325171535686,1.3377048759428345,35.20614493307963,,0.06208
1992-01-31,2.6106650814746124,-0.4812118250595971,0.1,4.151137,0.006696701,0.0040545464,18.347619102114724,7.09,4.07,2.39,-0.1367334612094204,0.0043219349723928,-0.0059028927115498,0.006685538700762,-0.0048743843095229,0.2532747685909271,2.528790235519409,5.204006687076795,0.3685082872928177,1.91771959131504,0.0662983425414364,0.154696132596685,-1.5442111590831276,1.4031870341959307,-2.2083768545426725,-0.3735324263165951,0.7421942946336336,44.118419015149165,,0.06208
1992-02-29,2.6177538858718776,-0.4812118250595971,-0.1,4.1554,0.0018620491,0.006696701,17.68318167599765,7.03,3.8,1.9,-0.013524132210168,-0.0203307848819189,0.065038681038926,0.0038107847223627,-0.0052512640267554,0.3745461404323578,2.361933946609497,5.337538079701318,1.941545893719807,10.363075141217196,0.0096618357487922,0.0966183574879227,0.3562943942825564,0.6877557625230616,-2.696119516654066,1.2863760987146748,0.8499727296545848,47.22535413140846,,0.07314
1992-03-31,2.6099852118403235,-0.3900353197707086,0.1,4.162302,-0.013759613,0.0018620491,17.47736850537752,7.34,3.84,1.9,-0.0060820216173214,-0.0015246487791653,0.0656142947012572,0.0026297542457223,0.0070348895922904,0.2844725549221039,2.1098380088806152,4.624972813284271,1.598019801980198,7.39079813924833,0.0198019801980198,0.0891089108910891,0.7871591283340525,-0.5910907808331471,-0.5925613104515128,1.4771692691318052,-1.3570094386757872,41.05422239823872,,0.07314
1992-04-30,2.675631742441108,-0.3900353197707086,-0.1,4.1613917,-0.010804176,-0.013759613,17.520454623482443,7.54,4.04,1.7,-0.0236860117207315,-0.0274131021735346,0.0493575893573545,-0.0003283413320023,0.0084895220004987,0.3248175084590912,1.981751799583435,3.80666248977032,2.493181818181818,9.490701707450093,0.0,0.0,1.2085543636518583,-0.8132079206276045,-1.7477551232456978,1.2797577713341253,3.646552836102663,36.49836021407855,,0.07314
1992-05-31,2.707334125167566,-0.3900353197707086,0.0,4.163453,0.0060043335,-0.010804176,16.562856946672714,7.48,3.75,1.63,0.0705156650191005,-0.0167510066482403,0.0144535623088124,0.0077600774692381,0.0075614666667966,0.1472587287425995,1.9861048460006716,4.343805421853684,0.0302631578947368,0.1314572693455718,0.0263157894736842,0.1842105263157894,-4.159840772279905,0.0920723438809153,-2.667062355146244,0.0380737534520054,-1.4338302680515267,31.630067675132885,,0.12617
1992-06-30,2.770757996806049,-0.3900353197707086,0.0,4.1604896,-0.018938541,0.0060043335,15.076999950408936,7.39,3.63,1.77,0.0499724501436156,-0.0040836916456106,0.1285387533345812,-0.0034636936530139,0.0032856911647831,0.1970699727535247,1.825685977935791,5.272999558563747,1.154639175257732,6.08841186143443,0.0309278350515463,0.0824742268041237,-1.1311147109648845,0.7441297354159002,-1.917896546922,2.528324291702823,-0.3610477075296169,35.66094584082174,,0.12617
1992-07-31,2.739990162263676,-0.4812118250595971,-0.1,4.161874,0.0041017532,-0.018938541,15.203181873668324,7.26,3.66,1.86,0.0618850026408144,0.0105302941932006,0.0321547529126036,-0.0052820551564081,0.0005117224959834,0.1771342754364013,2.214178562164306,4.543294782270004,1.2741935483870968,5.789036899989198,0.021505376344086,0.1290322580645161,0.0423286776393325,0.4858719638430598,-2.668355532443332,3.5639638790258026,0.3776525341446867,46.972483697732656,,0.12617
1992-08-31,2.7188814819387828,-0.4812118250595971,0.1,4.166548,0.007815838,0.0041017532,13.601818214763297,6.84,3.21,1.97,-0.0445376990638184,0.0343494038020066,0.0039264219501653,-0.0077548902289557,0.0091649380729315,0.0946073830127716,1.73699152469635,4.07753744390572,2.889655172413793,11.782677165493078,0.0,0.0689655172413793,1.6540968601122403,2.672079472480001,2.118853730547858,1.326348091854835,-0.2659998015571689,52.65489826835369,,0.07359
1992-09-30,2.7422792839828904,-0.9503469298211292,-0.6,4.159983,-0.00022172928,0.007815838,14.42190474555606,6.59,3.13,2.06,-0.0249384419658151,-0.0277691820680034,-0.0480635611179796,-0.0025061284239229,-0.0056075545766312,0.1743645370006561,1.8211407661437988,4.174387269895637,1.7703125,7.389969963737119,0.03125,0.078125,2.5879815415268506,-1.467708330722555,1.2887683927201163,-1.366597832404201,-0.0713455837902917,54.22308540513471,,0.07359
1992-10-31,2.728217151487821,-0.9503469298211292,0.6,4.165362,0.004371166,-0.00022172928,13.696666581290108,6.42,2.91,2.29,0.0265914236119817,0.0068846587784907,-0.0051970919850674,0.0172129475047586,0.0032931151719015,0.2456625252962112,1.700445294380188,5.231108616854587,1.917741935483871,10.031916363613073,0.010752688172043,0.1075268817204301,1.1641276873708275,1.5283977784091085,-1.989909694542836,-0.7307917747878928,1.4897218085797033,33.94190420315111,,0.07359
1992-11-30,2.6613268650884407,-0.9503469298211292,0.0,4.167058,0.013216972,0.004371166,17.636818278919566,6.59,2.86,2.19,-0.0004037232307836,-0.0030443189021305,0.0441935367871586,0.0092785473505441,0.0067288906847986,0.1686280071735382,1.481773853302002,4.499809670330265,1.7000000000000002,7.649676439561452,0.0,0.0561797752808988,-0.457960514949346,-1.7465134785077143,0.3017503960575626,-2.7923342448392976,2.5611129879282397,29.53881280820816,,0.06778
1992-12-31,2.6128665066222427,-0.8813735870195377,0.1,4.1664395,-0.0047678947,0.013216972,14.424499940872192,6.87,3.13,2.0,-0.0530841872465441,-0.0275554673224984,0.0344983004048646,0.0298619471895345,0.0037850447982945,0.2565084099769592,2.0712099075317383,4.875197323201151,1.7476923076923077,8.520344860240781,0.0153846153846153,0.1,2.352201976264473,0.8684280181895631,-1.286127806065545,1.7226017301619585,-2.978775110655075,32.91313309420664,,0.06778
1993-01-31,2.592103713253128,-0.8813735870195377,-0.1,4.160696,0.0052895546,-0.0047678947,12.19136363809759,6.77,3.22,2.06,-0.0575608564973024,-0.0005971575479017,-0.1397894502078394,0.0055824775638559,0.0016874963663999,0.2014585584402084,1.990410566329956,5.1647859739235145,2.10632183908046,10.878701491051542,0.0114942528735632,0.0517241379310344,2.656305847528156,1.4071059784261306,0.0538055697590621,-0.8619970985451911,-0.4875959514443696,53.85784211844813,,0.06778
1993-02-28,2.640005267920583,-0.8813735870195377,0.0,4.1684146,-0.002711296,0.0052895546,12.408999967575074,6.6,3.0,2.11,-0.0424279088324053,-0.017504928547412,0.076620196172465,0.0040153745667164,0.0038325424872445,0.2228051871061325,2.8389692306518555,4.382026634673881,1.420253164556962,6.2235871950684745,0.0253164556962025,0.0632911392405063,0.1558435433270559,-0.2694154825967451,-1.6722720286091484,0.9092362169719608,-0.9049163134952716,84.45170385697493,,0.13982
1993-03-31,2.6531633320277312,-0.8813735870195377,0.0,4.1754866,0.005844116,-0.002711296,13.721578949376156,6.26,2.93,2.2,0.0602830196777253,0.0009114109271077,0.0372817258994153,-0.0060291242924326,0.0048043938793247,0.1580670624971389,1.9494937658309937,3.912023005428146,2.179591836734694,8.52661340774951,0.0408163265306122,0.0408163265306122,2.821579189369716,-1.3753920319759425,0.57454605254652,-0.1169651113484295,-5.262945774311323,35.55383384155905,,0.13982
1993-04-30,2.645888701165054,-0.8813735870195377,0.0,4.1746163,-0.011794567,0.005844116,13.606086855349334,5.98,2.95,2.18,0.0171219472250823,0.0023354929556065,0.0489837818651341,-0.0037082537989152,-0.0008739137323683,0.1936535984277725,2.164163827896118,4.454347296253507,2.034117647058824,9.06066644143802,0.0,0.1764705882352941,1.279508297815486,3.4608458924244334,-1.1944111974028542,-3.935950495829168,-0.1295036517062072,41.28082471390542,,0.13982
1993-05-31,2.6266967256709357,-0.8813735870195377,0.0,4.177452,-0.011739731,-0.011794567,12.840952419099354,5.97,2.87,2.12,-0.0059112946609363,0.0359141880755649,0.0580994760251663,-0.0044926611066249,0.002739405003636,0.2219294011592865,2.441223382949829,4.127134385045092,1.3557377049180328,5.595311699069329,0.0327868852459016,0.0327868852459016,0.8556135600769003,-3.2089050010487035,-0.75444803515719,-3.484286777451548,-3.2496333607968038,46.785794702597,,0.13706
1993-06-30,2.581392139820594,-0.8813735870195377,0.0,4.1803255,0.003124237,-0.011739731,13.6060001373291,6.04,2.96,2.1,-0.0089615733111574,0.0706029536335535,0.062938554956327,0.0062353379500748,-0.0037915803418799,0.2676182091236114,2.5114939212799072,5.556828061699537,1.519767441860465,8.445086368187551,0.0310077519379844,0.0891472868217054,-1.0541499686989892,0.2762153838564689,-3.460469952380908,-2.2260925144072754,1.6842795359955147,54.37788813845057,,0.13706
1993-07-31,2.514790143715252,-0.8813735870195377,0.0,4.176806,-0.0047678947,0.003124237,12.52409081025557,5.96,3.07,2.16,-0.0473070924439582,0.0127459205888085,0.0153973263593449,0.0056081890905688,0.0022526473495334,0.2313695698976516,2.272256374359131,4.356708826689592,1.5285714285714287,6.659540635082662,0.0,0.1298701298701298,-0.7674642556475113,-0.016751493688557,1.5371518363942005,1.409427961674581,-2.705207018752048,51.82169097426441,,0.13706
1993-08-31,2.520688338974291,-0.9503469298211292,-0.1,4.1769447,0.010143757,-0.0047678947,11.500476201375326,5.81,3.04,2.05,-0.0509735120536123,0.0531483046210103,-0.0299692198173229,0.0,0.0026931164973129,0.2889039516448974,2.617969036102295,4.990432586778736,0.7595890410958904,3.790677903244944,0.0136986301369863,0.136986301369863,-0.3381158064205745,0.8281289603818044,0.906913323375932,-1.745511345742787,-1.2494433050736202,58.85470012936468,,0.10559
1993-09-30,2.4914370046675494,-1.0159731341796878,-1.110223e-16,4.175749,-0.0029625893,0.010143757,11.928636420856822,5.68,3.02,1.91,-0.0047362008877112,-0.0346324638839785,0.0570125307844016,0.0053013878381251,-0.0012064683528301,0.2890709042549133,2.1235592365264893,5.313205979041787,-0.3198019801980198,1.6991737932975222,0.0049504950495049,0.2079207920792079,-3.825791759242993,2.970161897756826,-1.7215553236536414,-2.9657616967902807,-1.4201327911632051,48.62351786629755,,0.10559
1993-10-31,2.5227020908905398,-1.0159731341796878,0.1,4.179465,0.00018882751,-0.0029625893,12.931428409758068,5.36,2.95,2.0,-0.0418534922564712,-0.0642077413740533,0.0181193068299556,-0.000861504584797,0.0052914883157351,0.2478877156972885,1.9028000831604004,4.912654885736052,0.5503703703703704,2.7037796889643606,0.037037037037037,0.1185185185185185,-3.5518087385884094,-0.4037523734163314,-2.117999084854149,-1.0490354200816578,-0.706974323825854,38.15541910906951,,0.10559
1993-11-30,2.4369124016700505,-0.8813735870195379,0.2,4.1795044,0.007712364,0.00018882751,11.875238100687662,5.33,3.02,1.96,0.0364771352200907,0.0247420399198503,0.1276944473288601,0.0,0.0073036524223031,0.2804009318351745,2.323782444000244,5.062595033026967,1.856687898089172,9.39965893074752,0.0254777070063694,0.1019108280254777,1.999148121982333,0.3690273083526784,-1.3083987887349542,0.7515586136056543,1.2313807030138535,38.61344374737475,,0.15699
1993-12-31,2.294348944858109,-0.8813735870195379,-0.2,4.1824718,0.001057148,0.007712364,14.083809534708658,5.72,3.1,1.91,-0.0887480563845803,0.0261528977191884,0.0892101295723097,0.003132317031639,0.0045590055532489,0.294376403093338,1.7831765413284302,5.356586274672012,1.753080568720379,9.390527312801789,0.0047393364928909,0.1042654028436018,1.7852779689544611,1.0651147249718782,-1.9814793750926816,-1.2527749904889016,1.845604525056481,34.20673159561743,,0.15699
1994-01-31,2.327561079064223,-0.7326682560454053,0.2,4.1882963,0.006392479,0.001057148,11.356363556601783,5.77,3.06,1.94,-0.1017851360649291,0.0250168237636234,0.1083776992844196,-0.0008595496489332,0.0059052708470295,0.2252331525087356,1.7174028158187866,4.700480365792417,2.1743119266055047,10.220310520117456,0.0091743119266055,0.091743119266055,-1.2006973765993982,0.7973360758809915,0.7318893662392026,-0.3295094664583941,1.042628960831778,29.10719545210648,,0.15699
1994-02-28,2.310055416359211,-0.7326682560454053,-0.2,4.187897,0.005271435,0.006392479,11.290476163228352,5.75,2.98,1.85,0.0403939262259998,0.0092965950399186,0.0834416142139833,0.4054593752972812,0.0028736794669281,0.1844829320907592,1.8379966020584104,5.978885764901122,1.7637055837563451,10.544994208197435,0.0228426395939086,0.0786802030456852,1.5224354965070988,0.7744264369999455,-0.8602898884028215,0.403947319849997,0.5379854428258102,45.02851880550678,,0.1188
1994-03-31,2.299180254839205,-0.4812118250595972,0.3,4.1911917,-0.0029172897,0.005271435,13.644210464075991,5.97,3.25,1.77,-0.0348514457440045,-0.0129295886726268,-0.0227082069108384,0.0005158213996843,0.0005827318302769,0.1573477685451507,2.64929747581482,5.342334251964811,1.461057692307692,7.805458553712046,0.0,0.1153846153846153,0.469286468743475,2.097349623986845,-2.256343050980964,1.792798212972838,-1.3379454855351087,57.068131892202544,,0.1188
1994-04-30,2.409439058118239,-0.2956730475634155,-0.1,4.1990075,-0.0015120506,-0.0029172897,15.223478317260742,6.48,3.5,1.59,0.001492053675947,0.0057960582082925,-0.1397051777080999,0.0004124656337118,0.0101498906066312,0.3976801931858063,2.004971027374268,6.206575926724928,1.650909090909091,10.2464926208477,0.0,0.0565656565656565,0.8847289650102921,0.7325987509117874,-1.3200702564762892,-1.4377486546175495,0.98844625808472,33.63472914899956,,0.1188
1994-05-31,2.495024779953585,-0.1986901103492346,-0.1,4.2054615,-0.0075478554,-0.0015120506,16.471052671733656,6.97,3.68,1.48,0.0970652721565854,-0.0180199254775113,-0.0314902179242544,-0.0005843765384438,0.0058961380426527,0.2780191004276275,2.175499677658081,5.298317366548036,1.821105527638191,9.648795043402052,0.0251256281407035,0.0804020100502512,-0.8104235475362502,-0.521134540886979,-0.391351402310458,-1.161199252087551,0.5670276191588319,49.50765473429677,,0.09656
1994-06-30,2.556750235883665,-0.1986901103492346,-0.1,4.2106323,0.0072426796,-0.0075478554,13.897142818995883,7.18,4.14,1.51,0.0608993919826765,0.0109662361657383,-0.0240804256282967,-0.0051826388820961,0.0045904959585474,0.3477795720100403,2.364232301712036,5.225746673713202,2.308648648648649,12.064412996448157,0.0162162162162162,0.0756756756756756,1.2344548119139456,1.4913020736881668,-2.0755056282465136,2.5680333980049883,3.794427181364585,35.03603305148452,,0.09656
1994-07-31,2.5833361935700814,-0.1986901103492346,0.0,4.218093,0.005112171,0.0072426796,13.408636353232644,7.1,4.14,1.52,0.034914695975424,0.0109769441458587,-0.0065029369879301,-0.0009105946581384,0.0067284496871362,0.56477952003479,2.7626564502716064,5.3230099791384085,1.822549019607843,9.701446618841471,0.0,0.0539215686274509,-0.8180407952864204,-0.8387096347636942,0.0070740274607857,0.5062658667278257,-1.210987476576356,43.62322480999162,,0.09656
1994-08-31,2.512486996970173,-0.0998340788992006,0.1,4.220414,-0.006495476,0.005112171,12.48449993133545,7.3,4.33,1.49,0.0486869224119788,-0.0003890394664756,-0.0125000140556341,-0.003696990012048,0.0013295056794984,0.1837534308433532,2.284783124923706,5.159055299214529,1.5976878612716765,8.24256002718437,0.0,0.1040462427745664,0.3464487678660543,1.0301181163683926,0.7081171222151746,-0.3732574028474693,0.6428620204813134,41.40938887489533,,0.09446
1994-09-30,2.459125031854403,-0.0998340788992006,-0.1,4.230782,-0.0017127991,-0.006495476,11.889130467953889,7.24,4.48,1.55,-0.0409886549862261,-0.0133970796584597,0.0641424689792007,-0.0070388470978119,0.0066818575129268,0.1923761963844299,2.13395094871521,5.236441962829949,3.1727272727272724,16.61380222752411,0.0053475935828877,0.0427807486631016,4.153936066383793,-1.1618779790096885,-0.2356745228007357,2.594152497740825,2.802326064338829,38.13565346931392,,0.09446
1994-10-31,2.4726723650841165,0.2956730475634292,0.4,4.2344246,0.010021687,-0.0017127991,13.23333336058117,7.46,4.62,1.5,-0.0608785960520301,0.0290716641578834,0.0342978648226086,-0.0033977299444307,0.0031405492615519,0.23000168800354,2.3236935138702397,5.594711379601839,1.8436567164179103,10.314727211422644,0.0223880597014925,0.0970149253731343,-0.4446316443089617,-0.0999776017262161,0.8017218022769066,0.6885217237058029,1.2889573267241408,49.95757895686962,,0.09446
1994-11-30,2.4917810531767524,0.5688248987322535,-0.1,4.241823,0.008062363,0.010021687,15.245238031659808,7.74,4.95,1.4,0.0367784193221876,-0.0046330152623301,-0.048554548614911,-0.0004679457268359,0.0080129312378582,0.3066884279251098,2.1631321907043457,5.749392985908253,2.108945686900958,12.125157539929832,0.0031948881789137,0.0958466453674121,2.0362103646080847,-1.1927712376502464,-2.081363180621439,0.7117009325631366,2.586569052076707,53.0410093740832,,0.12937
1994-12-31,2.4364495414084915,0.5688248987322535,-0.3,4.2504816,0.0028128624,0.008062363,16.38380949837821,7.96,5.29,1.3,0.0416241298680182,-0.0138991593772024,-0.0194009189890511,-0.0019912158848605,0.0068126229566853,0.19561268389225,1.9211959838867188,5.3471075307174685,2.4095693779904304,12.884226566838835,0.0,0.0287081339712918,2.602301363401938,-1.0880846588602626,-0.8237305531304782,1.023734981865439,1.902804133338147,37.782550262091895,,0.12937
1995-01-31,2.4810231497616027,0.5688248987322535,0.0,4.26168,0.0052170753,0.0028128624,14.177142824445452,7.81,5.6,1.3,-0.0760774782335738,-0.0133565781976789,-0.1181338850108169,-0.0073903556098864,0.0101664259222324,0.1559122651815414,2.097728729248047,5.262690188904886,1.234375,6.496133201929468,0.0208333333333333,0.15625,-0.8016251107847058,2.549125703254464,-1.4192617847892242,-1.765615940892057,0.1972110738131742,42.69173084889926,,0.12937
1995-02-28,2.5079438605115563,0.3900353197707218,-0.2,4.258207,-0.0068473816,0.0052170753,12.274285679771786,7.78,5.71,1.33,0.0381715212349345,-0.0019529194426004,-0.0925817875777159,-0.0009217352909063,0.001700536197938,0.1874793171882629,1.668933629989624,5.700443573390687,0.9164429530201345,5.224131341922809,0.0402684563758389,0.174496644295302,-1.4428799497755835,2.1688499117619617,-2.038197205315121,-1.7243315934712722,-0.0018532682162014,31.74523723158731,,0.08478
1995-03-31,2.507036511296103,0.5688248987322535,0.4,4.260187,0.008084774,-0.0068473816,11.470000016061883,7.47,5.77,1.53,0.0334248708614315,-0.0050583404774036,0.0709609573814376,-0.0008634200246615,-0.0011286873050115,0.1918158531188964,1.5944693088531494,6.159095388491933,1.2277542372881356,7.561855461082786,0.0275423728813559,0.1461864406779661,0.1573351811791319,0.928504170549792,-0.2687767465562158,-1.6632476244765209,1.0669720633487694,30.535430072064724,,0.08478
1995-04-30,2.5718173775902877,0.5688248987322535,-0.2,4.259563,-0.011940479,0.008084774,12.166521735813308,7.2,5.73,1.49,-0.006329155213824,0.0144448713298963,0.04496322354154,-0.0005562953243032,0.0016603011582869,0.1341050267219543,1.7398362159729004,5.713732805509369,2.825165562913908,16.14224115781654,0.009933774834437,0.0231788079470198,2.033370809721881,-0.4586794256623948,-0.1716910912916998,0.5632276649577446,1.0987272225864624,28.11414729000133,,0.08478
1995-05-31,2.56327902072818,0.0998340788992146,-0.5,4.2640624,0.012854576,-0.011940479,12.442631570916427,7.06,5.65,1.51,0.092159874389635,0.0230495879829533,0.0155412590380077,-0.0022520129466951,-0.0017277257902161,0.2138248831033706,2.2009217739105225,5.3612921657094255,0.9028301886792454,4.840336417532001,0.0094339622641509,0.080188679245283,-0.4086314568357684,-0.7959555677081961,-0.5116983494046299,-1.2965766902705258,-0.5850117220822593,41.68649131601436,,0.1101
1995-06-30,2.4920985735627066,-0.0998340788992006,0.3,4.2601323,0.00019073486,0.012854576,12.265909194946287,6.63,5.67,1.66,-0.0160776615792319,-0.014969683728685,0.0494413574969705,-0.0121652080174854,0.0048989069851188,0.2834611237049103,1.991496205329895,5.793013608384144,1.1363914373088686,6.583131060781493,0.036697247706422,0.1681957186544342,-0.8522448809765006,1.5928711092646473,-1.6916935832779163,-0.0213854629790335,1.0111830661072658,43.73002516669878,,0.1101
1995-07-31,2.428056568641468,-0.1986901103492346,0.1,4.265083,-0.013842583,0.00019073486,11.89681811766191,6.17,5.47,1.74,-0.0582372034843956,0.0060560758607266,0.0381462821102847,-0.0005286364906309,0.0033088514322034,0.1958682835102081,2.13237738609314,6.591673732008658,0.5861263736263737,3.86355382067046,0.0302197802197802,0.1785714285714285,-0.5273369674670879,1.801862480269849,-0.9693300583918282,-1.8034105587918223,-0.88342636859574,44.51605414483972,,0.1101
1995-08-31,2.467423110268301,-0.1986901103492346,0.1,4.2639537,0.015337944,-0.013842583,12.514000129699706,6.28,5.42,1.72,-0.0880020556855054,-0.00343762858075,0.02099836844679,-9.614575704164352e-05,-0.004189892740106,0.233963742852211,2.2772469520568848,6.795705775173514,0.9733482642777156,6.614588420807188,0.0324748040313549,0.1231802911534154,-0.3199791018399667,-0.0363228693813396,-1.6661088182180397,1.1281849648203135,-1.751880325845375,43.07132067120918,,0.09927
1995-09-30,2.477147472015025,-0.1986901103492346,0.0,4.2702355,0.0021414757,0.015337944,12.79826085463814,6.49,5.4,1.73,0.0151535295420908,-0.006650238822714,-0.0371328396274392,0.0011411344113128,0.0131693229924509,0.2190409153699875,2.378158569335937,6.914730892718563,1.292644135188867,8.938286334881928,0.0089463220675944,0.1153081510934393,1.0539534674510391,0.8510249688430113,-0.8386859402176917,1.8682768425372904,-1.668018111147136,43.71812032269533,,0.09927
1995-10-31,2.430236037441673,-0.0998340788992006,0.1,4.2703676,0.00630188,0.0021414757,12.057000017166136,6.2,5.28,1.71,0.0367868192318616,-0.0015911732388236,0.039940713967411,0.0010438977928224,0.0040251761874792,0.177976369857788,1.454104781150818,6.3578422665081,1.4409722222222223,9.161474099308547,0.0225694444444444,0.0885416666666666,1.8961437868763849,0.5407799423729107,-1.4722549411080663,-0.1729366840437662,-0.3632220514282575,32.50264775477972,,0.09927
1995-11-30,2.459983583405983,7.105427357600977e-15,0.0,4.270344,-0.0057911873,0.00630188,14.357272711667148,6.04,5.28,1.7,-0.0358835787956084,0.0002088227624401,0.0340930904821714,-0.0004318255491915,-0.0017591074109057,0.1446712762117386,1.38241446018219,5.805134968916488,1.689425981873112,9.807345844767676,0.0120845921450151,0.0725075528700906,1.5911975125983813,-0.1643498639509708,0.5252016072664767,-1.0226197334822222,0.6300493613332534,31.32046231103457,,0.08001
1995-12-31,2.515409174506477,7.105427357600977e-15,-0.1,4.2754836,0.0034880638,-0.0057911873,12.46904754638672,5.93,5.36,1.81,0.0455012452820389,0.0056477474605944,-0.0303431583649675,-0.0003960039652146,0.0026320058946325,0.1307238340377807,1.550011157989502,5.755742213586912,1.66984126984127,9.611175886814973,0.0126984126984126,0.1142857142857142,2.1580308295978683,0.7162406411169961,-2.444110665511104,0.409332468866554,-0.2055663523744396,28.9869576875416,,0.08001
1996-01-31,2.501785589126426,7.105427357600977e-15,0.0,4.283274,0.0062770844,0.0034880638,11.74849991798401,5.71,5.14,1.8,0.0612131963291933,0.0055127929974236,0.0373641462103186,0.0006959026017243,0.0034648244230837,0.1711102277040481,1.412654161453247,5.552959584921617,0.6610894941634241,3.6710032431057695,0.0,0.1245136186770428,-1.10637628547401,1.3245743766269436,-3.36764284455782,0.54938826809018,0.1413698753836221,26.9721368008252,,0.08001
1996-02-29,2.5098614886811723,7.105427357600977e-15,0.0,4.2813363,-0.0007891655,0.0062770844,13.473636237057772,5.65,5.0,1.82,-0.0040293219721401,0.0305276028330769,0.0790796425430304,-0.0004318825346656,-0.0057400787913675,0.2089983224868774,1.4743882417678833,5.958424693029782,0.277461139896373,1.6532313073147398,0.038860103626943,0.2279792746113989,-1.5539822523109803,1.0702528146332058,-1.4915303057497906,-1.1308884797127974,-0.2204668553757791,39.61108192788544,,0.11782
1996-03-31,2.6200444684607964,-0.8813735870195379,-1.0,4.281046,0.0062441826,-0.0007891655,15.032999801635745,5.81,4.83,1.78,0.0081371009835904,0.0132056979335084,0.0566320371032436,0.0008755675256058,0.0145291599264654,0.3980416357517242,1.6478923559188845,6.20455776256869,0.4228744939271254,2.6237492238878524,0.0141700404858299,0.1700404858299595,-0.5660955889716166,1.871487837877268,-1.42453996782395,-3.891683032250428,0.4700659415553641,37.60673121025772,,0.11782
1996-04-30,2.7146480754147446,-0.8813735870195379,1.0,4.286027,-0.0023612976,0.0062441826,17.762380781627837,6.27,4.96,1.78,0.0979811138646553,-0.021349925137736,-0.0372198817504276,0.0015214230034024,-0.0012250426290405,0.389233648777008,1.71850323677063,6.82001636467413,-0.0156284153005464,0.10658604810365,0.0295081967213114,0.1759562841530054,-2.554111853248599,1.4547651754604989,-1.820241976434355,-2.9534094519532865,1.7789535055933414,52.79697081549155,,0.11782
1996-05-31,2.6091102532473065,-1.0159731341796878,-0.2,4.2900424,-0.002286911,-0.0023612976,16.575238000778924,6.51,4.95,1.61,0.0514731218214565,-0.0085165141019922,0.0008392708142324,-0.0004430103222019,0.0099012182605209,0.3634766042232513,1.7814347743988037,6.156978985585555,2.077494692144373,12.791091162198438,0.0169851380042462,0.0997876857749469,-1.0505698641493486,-1.862781743423501,1.672636329959354,-1.746925813835591,1.6627133483634595,44.93639870856679,,0.10781
1996-06-30,2.5688199191149272,-0.8813735870195379,0.4,4.2966685,-1.5735626e-05,-0.002286911,16.14636369185014,6.74,5.02,1.48,-0.0872217339805105,-0.0023446072057158,-0.0027290837794335,-0.0005510434026207,0.0074455836229239,0.3001354336738586,1.3213279247283936,6.533788837933344,0.7580786026200873,4.953125512075233,0.0407569141193595,0.2110625909752547,-1.8101513113088357,2.193311552831013,-1.5001173562411934,-1.7845615246990538,0.2765811260811771,28.512149757424783,,0.10781
1996-07-31,2.608569979937427,-0.8088669356527773,-0.1,4.2981224,0.005094528,-1.5735626e-05,16.395000171661376,6.91,5.09,1.51,-0.0371347361838125,-0.0171388652220558,0.0096493176326397,-0.0004074882004654,0.0075933782411841,0.2821021974086761,1.312994122505188,6.267200548541362,0.9055133079847908,5.675033500513784,0.0209125475285171,0.1787072243346007,-0.2517495822068454,1.0945248299453576,-1.1959172878280573,-0.9429290008878048,-0.609512457840578,30.90101241248163,,0.10781
1996-08-31,2.636873922634315,-0.8088669356527773,-0.1,4.30124,0.0011930466,0.005094528,17.97863635149869,6.87,5.15,1.5,0.0586256020384872,-0.004682996304516,-0.016061528277536,-0.0001678375336617,0.0001537460357097,0.1941879838705063,1.604606032371521,6.261491684321042,2.7994263862332693,17.52858503826852,0.0076481835564053,0.0305927342256214,3.585381997799748,-0.8112696811464466,0.1818078405652489,0.3976139040448664,1.290368458657287,49.85809482757914,,0.11799
1996-09-30,2.722112768870702,-0.8088669356527773,0.0,4.305388,-0.005522251,0.0011930466,15.760454698042436,6.64,5.05,1.48,0.0469864387335126,0.0100672861883683,0.0332517563892214,-0.0005276728550813,0.0051052352845752,0.1920273154973983,1.6037836074829102,6.182084906716632,1.6904761904761905,10.450667342306687,0.0165631469979296,0.082815734989648,0.5506620499898347,-0.5050957686020535,-0.5299009633474852,1.5555002265207298,0.6620009014986423,40.14048082790948,,0.11799
1996-10-31,2.7561779341252,-0.8088669356527773,0.0,4.310387,0.0074191093,-0.005522251,16.578000020980834,6.83,5.09,1.5,0.0982688491294068,-0.0109282194409559,0.0179399701882658,-0.0005519558575457,0.0062396321182145,0.2250590324401855,2.021841764450073,6.220590170099739,2.213147410358565,13.767083025858184,0.0079681274900398,0.0677290836653386,1.0882325982619685,-0.6882749237481849,-0.9814293849338472,-0.44781207227643,0.8595339096196992,58.797266325800216,,0.11799
1996-11-30,2.704051458533042,-0.4812118250595972,0.4,4.313238,0.0056996346,0.0074191093,16.381739201753035,6.53,4.99,1.54,0.0655088411843998,-0.0054173723518777,0.073381104806895,-0.0002040608108293,0.000296094050018,0.1105008274316787,1.0725080966949463,6.566672429803241,1.447605633802817,9.505952004720804,0.0126760563380281,0.0943661971830985,0.6309089502168315,0.0727180241256675,-0.3739014446087631,-0.3754028937635079,-0.5175017930209501,30.04643462347208,,0.09862
1996-12-31,2.769992646360937,-0.2956730475634159,-0.2,4.3177752,0.006966591,0.0056996346,15.996999740600586,6.2,5.03,1.65,-0.059822656264715,-0.0084857938183482,0.0563483986983097,0.0001440472477463,0.0091447851720687,0.1865861564874649,1.0855921506881714,6.954638864880987,2.282425978987584,15.873448419681086,0.0191021967526265,0.0487106017191977,1.984288173180289,-1.8049586453298936,-0.5149719903307952,-0.3984055986892884,2.281889330676374,35.6896758572075,,0.09862
1997-01-31,2.759406228779201,-0.2956730475634159,-0.2,4.323128,0.008775234,0.006966591,19.26095244998024,6.3,4.91,1.54,0.0439873529532115,-0.0237006474262022,0.0164037854609482,-0.0003361425275953,0.0063866480924561,0.2230117917060852,1.5119444131851196,6.597145701886651,1.2120218579234974,7.995884790592674,0.0300546448087431,0.1051912568306011,0.7902905835455211,-0.7064772958387338,0.0228506248484796,0.4432882907717315,-1.2550493870388928,37.4543800688198,,0.09862
1997-02-28,2.632415768673461,-0.0998340788992005,0.2,4.3263674,-0.00094747543,0.008775234,19.473181551153008,6.58,5.03,1.5,-0.0103710879838838,-0.0383690434066155,0.01918116514247,-0.0006005356958729,0.0015838703738682,0.0980466082692146,0.9729240536689758,6.498282149476434,1.5211161387631975,9.884641851805403,0.0407239819004524,0.1085972850678733,-0.6464397543175735,-0.2960222156702439,0.0738346686984336,0.1424102750629857,0.0901815456987362,23.74402800730554,,0.08467
1997-03-31,2.5752932864884586,0.1986901103492483,0.1,4.3319535,0.0055060387,-0.00094747543,20.139473563746403,6.42,5.01,1.49,-0.1212207608659401,-0.0243139284218125,-0.0043665763937248,0.0002402575572557,0.0118678167995964,0.2056253254413604,1.050157904624939,6.598509028614515,2.057298772169168,13.575104522715812,0.0068212824010914,0.0600272851296043,1.088490593729105,-0.9941445966414209,-0.3763619321802907,0.0951622504524906,0.2041992861752602,29.412195790948086,,0.08467
1997-04-30,2.5122549153226723,0.1986901103492483,-0.3,4.340009,-0.00019645691,0.0055060387,20.169999980926512,6.69,5.14,1.4,-0.0859645979868704,0.0149775849289834,-0.0321595460262411,1.2011362749309027e-05,0.0063260801601101,0.1898030042648315,1.1519078016281128,6.9782137426306985,2.0171641791044777,14.076202795769236,0.0223880597014925,0.0652985074626865,1.3309174909566623,-0.5316958265658468,0.7750482147288866,0.1119388790714657,-0.1321175376176248,37.52116102353524,,0.08467
1997-05-31,2.567015821421063,0.2956730475634292,0.1,4.345371,0.00792551,-0.00019645691,19.66227262670344,6.89,5.16,1.5,-0.0860239993251283,-0.0210842532078823,-0.0403763053933783,-0.0001201201202642,0.0011715145153683,0.2731319069862366,1.2982195615768433,6.75110146893676,2.295901639344262,15.499864929911364,0.009367681498829,0.063231850117096,1.2575201553242508,-0.7542737066041973,-0.6317219045330653,-0.7515099868213162,1.5148699280288411,29.16702055201421,,0.08311
1997-06-30,2.482093708411386,0.2956730475634292,-0.1,4.3475804,-0.009963512,0.00792551,19.9247620900472,6.71,5.05,1.51,0.0802506700737737,-0.001830571039,0.1180344208231147,-0.0002883471719905,0.0055243609775672,0.1992357224225998,1.1006957292556765,6.240275845170769,1.8458984375,11.518915432169717,0.017578125,0.107421875,0.3830086535870694,-0.298703871677777,-0.8142450568211507,-0.4140676287972666,0.4478678938355907,30.95967961938323,,0.08311
1997-07-31,2.504558498844047,0.2956730475634292,0.0,4.356525,-0.011869431,-0.009963512,20.19428598313105,6.49,4.93,1.5,-0.0788793713944797,-0.0089980157195599,0.0454372663489337,-0.0001682409213956,0.0045854365477637,0.1843758523464203,0.7511608600616455,6.535241271013659,1.654941860465116,10.815444347639756,0.0203488372093023,0.0813953488372093,1.7436659339586238,-0.502971391707414,-0.1573361721133087,-1.5528896422060252,0.0707366220406687,28.89990280685397,,0.08311
1997-08-31,2.5172349634679287,0.4812118250596098,0.2,4.3601427,0.0068826675,-0.011869431,20.529090881347656,6.22,5.05,1.54,0.0490880774247122,-0.0501263070271384,0.0494130750354688,-0.0035396136161467,0.0085059426597107,0.1835049390792846,0.9073299765586852,6.206575926724928,2.0244444444444443,12.564868153880909,0.004040404040404,0.0585858585858585,1.378422194324497,-0.4141761148870618,0.4395296724065944,-0.2948686201274559,0.1551384040122438,27.86493002190059,,0.11004
1997-09-30,2.507701115530038,0.6526665660823615,0.0,4.3645544,0.013448715,0.0068826675,23.08476202828544,6.3,5.14,1.44,0.0070696462824306,-0.0002777306339307,0.0336869700419253,0.0032631563540772,0.0099549460935852,0.1387780606746673,1.051243782043457,6.767343125265392,2.706336405529954,18.314707068618585,0.0241935483870967,0.0633640552995391,3.0540716346617405,0.1414758371159853,1.5737813676639678,-0.8564680363669833,-0.1383881561519651,30.12895208792144,,0.11004
1997-10-31,2.577492416239182,1.529660495090407,1.3,4.3695755,0.0054798126,0.013448715,23.812380836123516,6.21,4.95,1.54,-0.0072617966193813,-0.0036794871684371,-0.0981622116847873,-0.0004208425329497,0.0091175754565737,0.1543057858943939,0.860172688961029,6.55250788703459,2.0844285714285715,13.65823465424596,0.0071428571428571,0.0728571428571428,2.749178479674683,0.3569402184939301,-0.0646818438439847,-0.6798390554684497,-0.7885567114144538,25.523245168534324,,0.11004
1997-11-30,2.5236237713711507,1.4874828366412745,-1.6,4.376309,0.0077528954,0.0054798126,23.870869760927945,6.03,4.97,1.6,0.0733125132952832,0.0063302099632638,-0.1365727208394407,-0.0001804153165472,0.008827849981996,0.2892813682556152,1.0718635320663452,7.596894438144544,2.3043194374686085,17.505671518213635,0.0306378704168759,0.0617780010045203,2.7444160667986197,-0.8176821682876191,0.1498646102150558,0.5775395282363021,0.7845757752942661,26.93405494135943,,0.08719
1997-12-31,2.426802540609684,1.529660495090407,0.2,4.374808,-0.002202034,0.0077528954,32.034737034847865,5.88,5.14,1.52,-0.0354041582648148,-0.0597092899447462,-0.1996165479854763,-0.000457197866353,0.0078442888950283,0.4228329956531524,1.486522197723389,7.304515946460155,2.869650067294751,20.961404677314967,0.0074024226110363,0.0323014804845222,3.306035447623504,-0.0689562553686271,-0.1323155826395383,0.2865884884942958,1.021792574671685,73.09467262273853,,0.08719
1998-01-31,2.3335811933630097,1.529660495090407,-0.1,4.374168,-0.0027947426,-0.002202034,26.276363719593395,5.81,5.16,1.53,-0.1097093930740271,-0.0581891831619829,0.0453908432465191,4.813593589236831e-05,0.0042494435829167,0.1542905867099762,0.9454402327537536,6.693323668269949,3.4452853598014888,23.060410042703253,0.0074441687344913,0.032258064516129,3.83227579819336,-0.1405492435881187,0.122142843050241,0.2007012306440761,1.0445775007021043,34.40233991840381,,0.08719
1998-02-28,2.293905559274323,1.529660495090407,0.0,4.37204,0.018118858,-0.0027947426,23.866499996185304,5.54,5.04,1.68,-0.1234389313903623,0.0012460198206323,-0.1557779574294002,0.0,0.0043737842759465,0.2424130886793136,1.113872766494751,6.198478716492308,2.875152749490835,17.82157312438328,0.0040733197556008,0.0407331975560081,3.300852263484355,-0.7167723676568909,-0.063917132002217,-0.2801782164643535,1.5115801095088928,54.34750141684946,1.1302313063224454,0.06869
1998-03-31,2.226956497091696,1.570278543484981,0.1,4.37987,0.005493641,0.018118858,19.99894724394146,5.57,5.09,1.67,-0.0764085160187151,0.0286079619530612,0.1407919164527538,0.0,0.0016174896182681,0.3053975105285644,1.838814377784729,6.891625897052253,2.402848423194304,16.559532419977035,0.0081383519837232,0.0376398779247202,3.16937882787763,0.4459135911754544,0.150396475495949,-0.3602368266678613,-0.7117194829717091,154.6564240542353,1.3895446422966498,0.06869
1998-04-30,2.2533015889034087,1.570278543484981,-0.1,4.3767595,-0.0017495155,0.005493641,20.158636353232644,5.65,5.03,1.67,-0.0711542462931862,-0.0052238799009733,0.060897329989217,-0.0036166404701885,0.0003515910121256,0.1722929626703262,1.2498539686203003,7.050122520269059,2.22265625,15.669998882941776,0.0182291666666666,0.0581597222222222,2.6601399365810168,-0.1799750653501352,0.0086445634061619,-0.1333493498422429,0.1543459610269433,43.17331595955115,1.1519041416476952,0.06869
1998-05-31,2.2125500281639945,1.6472311463710985,0.2,4.3760138,-0.0019898415,-0.0017495155,22.02857144673665,5.64,4.95,1.66,0.0317956367141185,0.0408841673526394,-0.0268521576332805,0.0036166404701885,0.0034253831806134,0.1768483817577362,1.0672954320907593,6.877296071497429,2.1143446852425183,14.54097439760984,0.0185758513931888,0.0794633642930856,0.9171556845723018,0.1768265361303634,-0.9155028139157476,0.4124503742748033,0.6237480225221849,32.70029260288807,0.9997213912094244,0.13808
1998-06-30,2.127119586562295,1.8496036794731807,0.4,4.378444,-0.0078930855,-0.0019898415,20.873999786376952,5.65,5.0,1.63,0.0600157242347632,-0.0302629327911256,-0.129114930866848,0.0,0.0065697125334116,0.7952063679695129,1.957215666770935,6.668228248417403,2.5575063613231555,17.05403616408227,0.005089058524173,0.0585241730279898,1.7491050206114227,-0.135027617052508,0.407691903652506,-0.2317646847121139,1.384780507866169,61.35071096086895,1.224290236933042,0.13808
1998-07-31,2.154949094187981,1.8496036794731807,-0.6,4.3764286,-0.0041503906,-0.0078930855,21.662727269259367,5.5,4.98,1.67,-0.1627090232616059,-0.0229288730062053,-0.1516071465698356,0.0,-0.0060166552861451,0.5262264609336853,1.5843377113342283,7.741533589281828,2.419774011299435,18.7327617869458,0.0104302477183833,0.0430247718383311,2.288539434163863,-0.8100472706867022,-0.848888312616748,0.3839914849440787,2.252718048340084,52.45865255129252,1.3492459884055843,0.13808
1998-08-31,2.1012341716706886,1.879863584396912,0.1,4.375389,-0.0020608902,-0.0041503906,19.929999871687457,5.46,4.96,1.71,-0.0104422253651086,0.0018797319227843,0.000604690717278,0.0,-0.0038529866935137,0.3266211152076721,1.147668719291687,6.958448393297656,2.5579448144624166,17.799326984340073,0.0038058991436726,0.0380589914367269,2.714492924179817,-0.4085540175482283,0.1657495246177561,-0.525783176578049,0.5328674097595314,33.63372492268562,1.0338335291865486,0.09724
1998-09-30,2.2130684954874784,1.909274014016339,0.0,4.378804,-0.014672279,-0.0020608902,31.58809498378209,5.34,4.9,2.06,-0.0138010207146419,-0.0303673374381689,-0.117924058601913,0.0,0.0204919010582775,0.2639833390712738,2.2329885959625244,5.940171252720432,2.484168865435356,14.756388481362231,0.0184696569920844,0.050131926121372,2.384284410501174,-0.6192757519952751,1.6740998526765944,-1.3223921476089011,-0.265031311119457,75.5845893755589,1.4441406148388156,0.09724
1998-10-31,2.172447221137584,1.879863584396912,-0.2,4.3811545,0.001229763,-0.014672279,38.20476223173596,4.81,4.61,2.57,0.1133254151120506,0.016995994451153,0.0338234206005836,-0.003858215540816,-0.0005323279149607,0.1837109625339508,1.417198896408081,6.272877006546167,1.9209829867674857,12.050090007660142,0.0170132325141776,0.1172022684310018,1.506329865433346,0.9276911274942652,0.7009732049402174,-1.9120179950388407,-0.3101708941884316,61.37923034601872,1.004010160417756,0.09724
1998-11-30,2.058037999233275,1.879863584396912,0.1,4.384109,0.0017414093,0.001229763,36.608181953430176,4.53,3.96,2.65,-0.0492586619611548,0.0237654583047701,0.1836553274932715,-2.416071709143708e-05,0.0068129990948513,0.1529788374900818,1.226663589477539,6.182084906716632,2.780538302277433,17.189523871056807,0.0020703933747412,0.0434782608695652,3.3065296238823496,-0.2437477571079359,0.6335543667525462,0.0070896906479019,-0.0782432785212789,72.33920210489583,1.0173125676324009,0.1425
1998-12-31,1.9258989494359249,1.8496036794731807,-0.1,4.385734,0.012701988,0.0017414093,26.223000144958498,4.83,4.41,2.45,-0.1403421616202154,-0.0061350925422143,0.113329692153318,4.832085045647361e-05,-0.0007584271645324,0.2720071673393249,1.6170976161956787,6.508769136971682,1.825820895522388,11.883846694414116,0.0074626865671641,0.0985074626865671,2.06825005914409,0.4417875942855564,-0.3860661839717868,-1.2457387862883116,-0.345433092309825,81.031915905258,1.121221214314666,0.1425
1999-01-31,2.024370308496442,1.71905185120893,-0.3,4.384539,-0.0026159286,0.012701988,25.479090777310457,4.65,4.39,2.58,-0.1165813164607447,-0.0083305363976684,-0.0149376600704123,8.455587034150724e-05,0.0045201495934508,0.3317954838275909,1.7790558338165283,6.393590753950631,1.1105527638190955,7.100419882528088,0.016750418760469,0.117252931323283,-0.8281941921603833,0.024576271653774,-1.3885663315099814,-0.4028416926813422,-0.4309713749007349,85.06148162245142,1.2680380304230692,0.1425
1999-02-28,1.986784184896389,1.6837431439977468,0.3,4.3940253,0.0032148361,-0.0026159286,28.03526316191021,4.72,4.34,2.55,0.1233931078723959,-0.0158963883684819,-0.0060711845099898,-0.0001328767207979,0.0043112451049784,0.2338293343782425,1.3240206241607666,6.663132695990803,2.044757033248082,13.624487443592448,0.0179028132992327,0.0767263427109974,1.2777294967615611,-0.1736862107613119,-0.1323498383202896,-0.8415838988915053,-0.3835343992159079,45.52457022967715,1.3013698251780637,0.09511
1999-03-31,2.185560264971225,1.3979983651114378,-0.6,4.388257,0.0048532486,0.0032148361,28.82263153477719,5.0,4.44,2.24,-0.0788698063676314,0.0008704584383467,-0.0709406033135078,0.0001449555472197,0.0060630796503478,0.2279997318983078,1.248893976211548,6.214608098422191,1.9116232464929857,11.87998930878743,0.0040080160320641,0.0841683366733467,2.1374184924198927,0.4767464172839383,-1.1312780615195877,-0.1615602029459261,1.1201511696306257,48.43132885151045,1.176435402195906,0.09511
1999-04-30,2.346800960144088,1.3979983651114378,0.7,4.3962774,-0.004823208,0.0048532486,25.30956541973612,5.23,4.44,2.31,0.1972518276770229,-0.0047794401015668,0.1236982210378787,0.0001207802404992,0.0022660526894453,0.4287277162075043,1.9307531118392944,7.026426808699636,1.622311111111111,11.399050283162405,0.0088888888888888,0.0693333333333333,-0.1168837188078009,-0.7650287032444358,-0.6232178524805126,0.7388630027798616,0.6408100268216665,63.581089818232016,1.4539790576642873,0.09511
1999-05-31,2.369567913552973,-0.2956730475634153,-2.2,4.3968825,-0.0217762,-0.004823208,23.478571483067103,5.18,4.29,2.22,0.200860703188598,-0.0117487017440502,0.1554472218546294,-0.0001207802404992,0.0022959860915063,0.4187085032463074,2.3571739196777344,7.6128310304073565,2.139990113692536,16.291383142283504,0.0084033613445378,0.0499258526940187,2.0473745639671086,-0.392323808436861,-0.5194781518030731,0.2453894240145618,0.5211591404669462,64.45479499763633,2.434858332050344,0.11075
1999-06-30,2.377424295152176,-0.2956730475634153,2.2,4.4061303,-0.0029492378,-0.0217762,26.204500198364254,5.54,4.5,2.18,-0.0045371886094454,-0.0221094399314072,0.0271930780529263,-4.8316181098684297e-05,0.0063026472583853,0.743427038192749,1.8464792966842647,7.520234556474628,0.0740780911062906,0.5570846206152024,0.0580260303687635,0.1832971800433839,-2.639278544914855,0.5527396414308003,-2.3685972600201053,0.613214425332056,-0.7730890898135473,50.48517814238793,1.7512657533672995,0.11075
1999-07-31,2.48820055903959,-0.1986901103492341,0.1,4.4067507,-0.016116142,-0.0029492378,23.6263636675748,5.9,4.57,2.18,0.0410447171010974,-0.0562863572413876,0.0341775414013589,1.2079264131603653e-05,-0.0007846779120086,0.5265735983848572,1.631765842437744,6.82001636467413,0.8585792349726776,5.8555244328830565,0.0568306010928961,0.107103825136612,-1.1565717161334526,-0.6689443834003466,-0.7956468004790151,0.4628200300083139,0.7966150714734066,39.43267327372312,1.3863007625960642,0.11075
1999-08-31,2.543405123300545,-0.4812118250595965,-0.4,4.4136705,0.023226261,-0.016116142,21.049047470092773,5.79,4.55,2.19,0.1846398508816715,-0.0202175463201976,0.0344078786298283,-0.0001570418157261,0.005769502318011,0.3253933191299438,1.2352309226989746,7.271008538280992,1.6994432846207377,12.356666632801678,0.0201809324982602,0.0939457202505219,0.5156359242416054,-0.465609578927956,-0.4204237989257722,-0.3375820354201034,1.603734718218709,49.80799569182463,1.187833366938535,0.13018
1999-09-30,2.655438680479387,-0.2956730475634153,0.5,4.417982,-0.0017185211,0.023226261,24.323636228388008,5.94,4.72,2.23,0.0579844455255922,0.0023792354769396,-0.0334660319150916,-4.832552071709628e-05,0.0040072431636248,0.3371411859989166,1.2700074911117554,6.90875477931522,1.5937,11.010482491794669,0.022,0.126,-1.1363617304978886,-0.4118763361735309,-0.7082423169020028,0.4731906192172882,1.0314915886068576,44.50495183510972,1.2783773584493026,0.13018
1999-10-31,2.600329398908504,-0.3900353197707081,-0.3,4.424452,0.0006389618,-0.0017185211,24.541428611392067,5.92,4.68,2.3,0.1088075502879539,0.0308790811470771,0.0088105150622475,9.664870619063848e-05,-0.0040452610454524,0.3188936710357666,1.3955544233322144,6.884486652042782,2.290573770491803,15.769424548470123,0.0153688524590163,0.0768442622950819,1.7546515976916948,-0.2323495503829921,-0.0421409755221512,-0.506235595245254,0.8469848430673812,60.617956419774,1.1348667742650569,0.13018
1999-11-30,2.6965031884715467,7.549516567451036e-15,0.5,4.430224,0.007666588,0.0006389618,24.021428516932897,6.11,4.86,2.28,-0.0242819892230601,0.1601439728173357,-0.0429192742743733,0.0,0.0121488838987993,0.3799217045307159,1.482270359992981,6.733401891837359,2.079499404052444,14.002105221321386,0.0202622169249106,0.100119189511323,0.6131940539222278,-0.0420272824113938,0.0528996433467373,-0.3048443485769875,0.4521136317026138,42.218420233853685,1.24634274202042,0.05778
1999-12-31,2.737624340884687,7.549516567451036e-15,-0.4,4.4396253,-0.00027179718,0.007666588,21.81809525262742,6.03,5.07,1.99,0.1109488501073561,-0.058105430241075,0.1219764027709793,0.0001328767207979,0.0048356761014245,0.3106703162193298,1.1889114379882812,7.301822342137932,3.19689608636977,23.343167268948104,0.0128205128205128,0.0445344129554655,3.28101743288467,-1.3653559021146824,-0.0236527312921259,1.3384908285016095,2.5922182301759435,35.79381963514025,1.245343509417184,0.05778
2000-01-31,2.7759793055719992,0.1986901103492487,0.2,4.448897,-0.012270451,-0.00027179718,22.15909090909091,6.28,5.2,1.73,0.035525743461739,-0.0350925379812503,0.1158820822579258,7.247077015470893e-05,0.0076835338351468,0.4128687977790832,1.8293263912200928,6.851184927493743,1.855508474576271,12.712431693853857,0.0158898305084745,0.0614406779661017,0.3928866106737145,-0.6227683175944566,-1.1051141766943366,1.2066161805893911,0.9861803408490808,62.04187748283568,1.3517730004509447,0.05778
2000-02-29,2.848664295211935,0.0998340788992152,-0.3,4.4464464,0.015494823,-0.012270451,23.201999855041503,6.66,5.32,1.68,0.0014844655192884,0.0044061475257057,-0.0314763014547754,-0.0002174280684044,-0.001368985385314,0.2667705714702606,1.1989688873291016,6.794586580876499,1.860313901345292,12.640063870298729,0.0033632286995515,0.0762331838565022,0.6247487371584274,-0.7267002708440218,-0.8533261976951142,0.0751793529200079,1.329140271599837,40.57139164497867,1.0651285484633646,0.07863
2000-03-31,2.861030605781278,0.0998340788992152,0.1,4.4500885,0.009224415,0.015494823,23.595500183105468,6.52,5.55,1.91,0.0850523203534106,0.0532153346604165,0.059255637563508,0.0001087199435727,0.0031184257109906,0.2094018459320068,1.2321325540542605,6.654152520183219,1.208,8.038216244381328,0.0141935483870967,0.1083870967741935,-1.2472037186452611,-0.060424145973805,-1.0826403356821934,0.3978891875764609,0.0022574664339726,34.39467622049372,1.0395101063174796,0.07863
2000-04-30,2.7121377980345267,0.0998340788992152,0.0,4.455104,0.0004954338,0.009224415,22.718260806539785,6.26,5.69,2.3,-0.0104821042588358,-0.045961180790969,0.0463248579576234,1.2079264131603653e-05,0.0035494125296793,0.2764623761177063,1.0100457668304443,6.625392368007956,1.350066401062417,8.944719629902906,0.0345285524568393,0.1088977423638778,-1.749631361031753,-1.5189221454453297,0.3296140358331075,-2.190069126315557,2.0963238740783185,54.096563286030594,1.0333660143785028,0.07863
2000-05-31,2.8220184237396717,0.0998340788992152,0.0,4.4649663,0.009771824,0.0004954338,27.16421077125951,5.99,5.66,2.34,-0.1884800832385345,-0.0236726712990762,-0.0885370999525374,0.0001449397898491,0.0059345814110471,0.2068841457366943,1.0314223766326904,6.695798917058491,1.3731435643564356,9.194293191183656,0.0185643564356435,0.1150990099009901,-1.0583980408795888,-0.5551524602410299,-1.0005567041973378,0.2454431693362102,0.2788776257125726,35.759766194766776,1.0047221963330562,0.05832
2000-06-30,2.9169228352884624,0.1986901103492487,0.1,4.4699917,0.0076208115,0.009771824,26.373181863264605,6.44,5.79,2.52,0.1975897156320467,-0.0162200787870379,-0.0844797670285295,-0.000314062766817,0.0027040320534066,0.3068792223930359,1.392322301864624,6.483107351457199,1.5267993874425727,9.89840433292929,0.0214395099540581,0.1010719754977029,-0.2827155605093828,-0.1999507971794794,-0.7053448350515741,0.0300210077336814,2.6561632174584315,34.145592654043504,1.196239337904394,0.05832
2000-07-31,2.847115375863144,0.1986901103492487,-0.1,4.470991,-0.0029597282,0.0076208115,21.539999961853027,6.1,5.69,2.4,0.0715662696583416,0.0375855407846508,0.0841325897644296,0.0001087251971716,0.0003904567263823,0.3349747955799103,1.2740495204925537,6.3473892096560105,1.0814035087719298,6.8640889628630966,0.0473684210526315,0.1122807017543859,-0.5394499678764163,-1.6232231032311168,-0.0383351616569342,-0.2831514615011916,-0.0629256009821327,43.98706580607019,1.0373126700810629,0.05832
2000-08-31,2.8946731159227443,0.1986901103492487,0.0,4.474602,0.009077072,-0.0029597282,19.89300012588501,6.05,5.96,2.27,-0.0380728196943667,-0.0145951966846178,0.0770015897963283,0.0001207919119203,-0.0019527324535886,0.3350828886032104,0.9578033089637756,6.467698726104354,0.8688958009331259,5.619756264812601,0.0435458786936236,0.1088646967340591,-1.3945221774067702,-1.1938132466191802,-0.3556512046935627,-2.4186318230377197,-1.0703520425276194,32.06197092931246,1.130831847478302,0.0557
2000-09-30,2.971241253545696,0.2956730475634297,0.1,4.479441,0.012024403,0.009077072,18.08869569197945,5.83,6.09,2.51,0.0514293148586064,-0.0256101469301537,0.0047861967042557,-7.247339625582327e-05,-0.0027266333927551,0.186522975564003,0.820108950138092,6.2766434893416445,1.411487758945386,8.859405452469986,0.0150659133709981,0.1299435028248587,-0.275297359669387,0.4652803025912422,0.155084848099833,0.4435782381590288,-1.6120604502297506,27.21366695240321,1.218967539529599,0.0557
2000-10-31,2.9456186347833446,0.2956730475634297,-0.1,4.477215,0.00024032593,0.012024403,19.6875,5.8,6.0,2.54,0.0931723472142755,-0.0028824246902043,-0.062612393642496,0.000144941540499,0.0046040830248808,0.2797124683856964,1.104864239692688,6.568077911411976,1.4683544303797469,9.64426630030113,0.0436005625879043,0.1026722925457102,-0.1612113045341802,-0.6572630848693285,-0.9662896411833706,-0.2581868707391052,1.6474985050490294,35.39438865670312,1.0667721329313,0.0557
2000-11-30,2.9830226859490416,0.3900353197707223,0.1,4.480524,0.0062713623,0.00024032593,25.200000069358133,5.74,6.11,2.56,-0.0681592805320678,-0.0135375816709739,-0.0689476778412228,-0.000277823076805,-0.0038933847177071,0.1814782172441482,1.7102947235107422,5.863631175598097,2.531339031339032,14.842838460167837,0.0142450142450142,0.0484330484330484,2.5939428472297137,-0.5876479178262614,-0.2948079359476304,0.2671134493832027,1.0514833660178504,55.48228460526901,1.2589230303934933,0.13817
2000-12-31,2.791172135244296,0.3900353197707223,-0.1,4.4841566,0.007912636,0.0062713623,26.38285709562756,5.72,6.17,2.64,0.0501217771756721,-0.01488805693835,-0.0083042422914907,2.4161592733218384e-05,0.0002796044748452,0.1612948030233383,0.9510831832885742,5.991464547107982,2.225062656641604,13.331384022362071,0.012531328320802,0.0802005012531328,0.617205330306019,-0.2304387756487375,0.7039007413829212,-0.0663118660384962,1.0351127313124633,27.436638998630485,1.0127572009501056,0.13817
2001-01-31,2.824059962069729,0.1986901103492487,-0.2,4.487725,-0.017967701,0.007912636,26.530499839782717,5.24,5.77,2.88,-0.237913829680068,0.0202440582914347,-0.0056183927615673,-3.624260802181922e-05,-0.0032683707203071,0.1759856790304184,0.9818148016929626,5.905361848054571,1.3576502732240436,8.017416126498132,0.0273224043715847,0.1120218579234972,-0.5062853647227001,-0.4421706819682233,0.2646591205002651,-0.298626832400751,0.9296446754226536,31.505770982126563,0.978061161708971,0.13817
2001-02-28,2.82279833306344,-0.1986901103492339,-0.2,4.4741898,-0.0011949539,-0.017967701,24.91857147216797,5.16,5.15,2.62,-0.0013826602454467,-0.0222007851622292,0.0341090201426848,8.456404221135472e-05,-0.0047708693509234,0.2576051354408264,1.0246317386627195,5.934894195619588,1.2352785145888594,7.331247286207009,0.0318302387267904,0.1061007957559681,0.0418580253637845,-0.3855128237660613,-1.3334673121443013,-1.441960376001127,-0.3321966670195005,35.447234605943024,1.105470577022525,0.11881
2001-03-31,2.7388046517672424,-0.1986901103492339,0.4,4.4824734,-0.006942749,-0.0011949539,23.41157913208008,5.1,4.88,2.88,0.0707625703592684,-0.0137289777738622,0.0069896428292199,2.415984151271644e-05,-0.0065347651343703,0.3127665519714355,1.1720848083496094,6.248042874508429,0.9180232558139536,5.735848662121402,0.0116279069767441,0.0930232558139534,-1.264312315618949,-0.4347103453443389,-1.9165157095822816,-0.2617175580216605,-0.0827764785325578,56.17806313669481,1.2165814339226704,0.11881
2001-04-30,2.743323952730095,-0.7326682560454049,-0.6,4.473131,0.009589195,-0.006942749,28.496818369085137,4.89,4.42,3.04,-0.1157514752010304,0.0044198966981507,-0.1486494401378237,-7.248127570225193e-05,-0.0020524117552422,0.2573720812797546,1.1910302639007568,6.927557906278317,1.2809617271835132,8.873936540790075,0.0215897939156035,0.0932286555446516,0.5496174943609153,-0.0464429774786994,-0.8337305456508066,-0.1207084080837285,0.2855251837931919,39.56030547917154,1.2535229412252835,0.11881
2001-05-31,2.782131315000374,-1.0159731341796872,0.2,4.468717,-0.013489246,0.009589195,28.13399991989136,5.14,3.87,2.73,0.0462602127125042,-0.0097420112993438,-0.0464480117221217,-3.624260802181922e-05,-0.0035963806723389,0.4010493755340576,1.1368091106414795,8.435983135990694,1.0760902581904968,9.077879270898904,0.0184421783467129,0.1052288999783033,-2.557937341029364,0.1363836465577063,-2.450379002030452,0.7329497130964086,1.6691644109139712,45.28362367749711,1.282643548959049,0.22325
2001-06-30,2.74288922355059,-1.0159731341796872,0.4,4.468513,-0.010138035,-0.013489246,22.944090929898348,5.39,3.62,2.65,0.098521532088998,0.0445986378005907,0.0559292660395538,-4.832552071709628e-05,-0.0047873447856305,0.3331435024738312,1.2756264209747314,7.316548177182976,0.680718085106383,4.9805066647605925,0.0259308510638297,0.1223404255319148,-1.0854545595291298,0.0501659801428883,-2.061377554217426,1.056679410239171,0.0094308284762239,35.83905336879974,1.1481035085873512,0.22325
2001-07-31,2.7020192744169207,-0.7326682560454051,0.4,4.466077,-0.02319765,-0.010138035,20.94047619047619,5.28,3.49,2.65,-0.0165447699158138,-0.0078512723844106,-0.024413984348099,-3.624567317661587e-05,-0.005294243917338,0.2858163714408874,1.5124449729919434,6.625392368007956,2.196547144754316,14.552986688824912,0.0146082337317397,0.0650730411686587,1.1618298497883988,-0.908823245775948,-0.3865636573928839,0.5410111490760531,-0.0450250183122683,47.49133660708418,1.1063024279623157,0.22325
2001-08-31,2.739857616219795,-0.7326682560454051,-0.4,4.459097,0.028868675,-0.02319765,22.31619053795224,5.24,3.51,2.78,-0.1234981559032406,-0.0100417386498721,-0.0547502686242058,3.624567317661587e-05,-0.0064248032714528,0.3105297684669494,1.317399024963379,7.055312843339752,1.007944732297064,7.111365415152124,0.0164075993091537,0.1718480138169257,-0.4467616317773356,0.6843201794942982,-1.0408831700150254,2.166507408910252,-1.15199472476576,35.40467773647633,1.0443429485375246,0.13179
2001-09-30,2.676295465325176,-0.4812118250595968,0.3,4.4645696,0.0025458336,0.028868675,21.86173903423807,4.97,3.36,2.9,0.0424118657390311,0.018003153301489,-0.0705285916229954,-1.2081745087488828e-05,-0.0011484395650906,0.2181500941514969,1.3494141101837158,6.450470422144176,1.5669303797468357,10.107438068116103,0.0158227848101265,0.1281645569620253,0.2082628368431765,0.7017741923008487,-1.171854575467298,0.1878651650116719,0.4112778264966019,33.34419500943439,1.3100292353069176,0.13179
2001-10-31,2.526178993336358,-0.3900353197707083,-0.2,4.457724,-0.0068597794,0.0025458336,35.065333429972334,4.73,2.64,3.42,-0.0023586985467347,0.0396950335147519,-0.1695972262300955,-1.2081891057835747e-05,-0.0050778760047638,0.7703881859779358,13.229009628295898,6.950814768442584,1.3693192713326945,9.51788461389233,0.0632790028763183,0.149568552253116,-0.2641205894969969,-0.8065103836645101,0.8820053538841993,-0.3726925031350466,0.2434556512315012,307.6768840432676,2.5783831428211594,0.13179
2001-11-30,2.4052942094735887,-0.2956730475634154,-5.5511150000000004e-17,4.454439,-0.0015153885,-0.0068597794,32.721304603244945,4.57,2.16,3.38,-0.2210854194013385,-0.0012710070910308,0.0290474059607213,0.0,-0.0027452194543418,0.6591466665267944,13.10019588470459,6.697034247666484,1.2908529048207664,8.644886112284437,0.042027194066749,0.1149567367119901,0.7079647579000437,-0.5085815585398895,-0.2546942742254975,0.7567461402495597,0.8103576486510038,357.80326028252205,2.6690684179255,0.25156
2001-12-31,2.388421409332852,7.327471962526006e-15,0.2,4.451744,0.0051584244,-0.0015153885,26.63095238095238,4.65,1.87,3.1,-0.0885565692593792,-0.0246784814106302,0.07052288211543,4.832668842347232e-05,-0.0060654600853187,0.360622376203537,7.890068531036377,5.869296913133774,1.825779036827196,10.716039264914215,0.0254957507082152,0.093484419263456,0.8513796357617457,-1.158133523684864,1.1072270987978043,0.8651069152074219,0.0068343925957257,195.3940685043665,1.9469928990715035,0.25156
2002-01-31,2.4041680832284538,7.327471962526006e-15,-0.3,4.4525175,-0.0060048103,0.0051584244,23.720000076293942,5.09,1.69,2.85,-0.0049068550601978,-0.0011231681766226,0.0548663827052031,-7.249090846395134e-05,-0.0004275098074009,0.3893409967422485,6.047550678253174,6.159095388491933,1.4944915254237288,9.204715862377562,0.0169491525423728,0.0953389830508474,-0.2922525724380638,-1.2191641962558075,0.8872502829610668,-0.9551328204399828,0.7570389407469859,163.48624779216945,1.659098501352888,0.25156
2002-02-28,2.4554508384973874,0.1986901103492487,0.2,4.4630637,-0.01092577,-0.0060048103,22.252857208251957,5.04,1.65,2.85,0.0373346705485868,0.0203107312090287,-0.0358751990921568,-1.2082328989748705e-05,0.0066330648411705,0.3410267233848572,4.232385158538818,6.317164686747284,1.3638336347197106,8.61556167584955,0.0397830018083182,0.1301989150090416,-0.9781132363889934,-0.5443164984668974,-0.1831159649324803,1.51655035027634,1.3112371512850665,123.42986643910812,1.231601817158612,0.23448
2002-03-31,2.615984053450956,-0.2956730475634154,-0.7,4.4603567,0.0010647774,-0.01092577,22.87578984310753,4.91,1.72,2.98,0.0432736535071578,0.048500865918684,-0.039640972868856,0.0,0.0001152246826094,0.3734973669052124,3.621983051300049,6.88653164253051,2.0388548057259714,14.040638134157298,0.0112474437627811,0.0725971370143149,1.6918528499643286,-0.5354580226603592,-0.7183569965374326,0.4334275094631455,1.2481449209982391,112.15319637414204,1.233565702088476,0.23448
2002-04-30,2.6845374090744527,-0.1986901103492342,0.6,4.470051,-0.003042698,0.0010647774,18.98499994277954,5.28,1.79,2.81,0.1559211306634269,-0.0048850086966423,0.0326690756910643,0.0001087357058926,0.0072123326949231,0.2838111817836761,3.863307237625122,6.068425588244111,0.2781902552204176,1.688176863179742,0.0394431554524361,0.1554524361948956,-1.4500339973032426,1.303572117494832,-2.117367364646952,-0.2756865625971294,0.9596166372188488,129.9303400623677,1.3779217169757587,0.23448
2002-05-31,2.711572310591811,-0.2956730475634154,-0.2,4.4770474,-0.008059502,-0.003042698,19.900454607876863,5.21,1.71,2.84,0.0822702357005162,0.0288923136768097,8.753939278349776e-05,-1.208116124162828e-05,0.0048710021656788,0.1687116622924804,3.8404908180236816,6.194405391104672,1.8398773006134967,11.396945869891356,0.0081799591002045,0.0552147239263803,2.383740653612945,0.1340170339462948,0.3872272446613191,-0.2610367332841929,-1.2225485090708534,123.92932936972268,1.5167704020999326,0.22597
2002-06-30,2.653900488596581,-0.0998340788992001,0.3,4.480834,0.008577824,-0.008059502,20.08772711320357,5.16,1.73,2.98,-0.0150052208857998,0.0382761373062701,0.0570588817389126,-9.66545446510203e-05,0.0040096284673607,0.2767774760723114,4.089163780212402,5.963579343618446,1.5693298969072165,9.35882335651874,0.0128865979381443,0.0850515463917525,2.273377002911444,0.7050197098532915,0.4162285015381762,-0.906156568240884,-0.4021004788416484,155.46328379048907,1.4201353876444476,0.22597
2002-07-31,2.705825506080099,-0.1986901103492342,-0.3,4.4827886,-0.002298832,0.008577824,25.270999908447266,4.93,1.7,3.13,-0.0511485743105333,0.0210494345007541,-0.0652516896055228,7.249178429624692e-05,0.0082150192364478,0.2251835465431213,3.673884868621826,5.424950017481403,1.930088495575221,10.470633617811451,0.0221238938053097,0.0884955752212389,1.1214472847196293,-0.1481751528846965,0.001343602617465,0.2349673539960352,-0.0299290567792705,177.94495333310735,1.2008715379218908,0.22597
2002-08-31,2.7551240799470524,-0.1986901103492342,0.1,4.4868236,0.0071816444,-0.002298832,34.049544941295274,4.65,1.68,3.25,0.0664433369428643,-0.024872434473778,-0.0508891332044534,-4.8327272297310486e-05,-0.0003219706394999,0.1773218065500259,2.954308032989502,6.190315405853148,1.4535934291581107,8.99820179836436,0.0266940451745379,0.108829568788501,-1.1543657210241018,-0.7271332515003841,1.503203823589015,-1.0522832250020395,0.7799273941504783,110.26569492260548,1.2705079210509582,0.17938
2002-09-30,2.7979151723327456,-0.0998340788992001,0.1,4.4902544,-0.0040569305,0.0071816444,33.742727366360754,4.26,1.62,3.32,0.0349461489263203,-0.0097186235233817,-0.0278424141425279,1.2082037031291293e-05,-0.0011111535235635,0.2581644654273987,3.130244016647339,6.230481447578482,1.5216962524654831,9.480900269835894,0.0177514792899408,0.0690335305719921,0.6603318674173762,-1.7387821239575134,-0.4511852418133606,-1.8424345642999225,1.3085775989701978,139.539295870904,1.5204518058404466,0.17938
2002-10-31,2.767678785333321,-0.0998340788992001,-0.1,4.4932194,0.008193493,-0.0040569305,37.6475004196167,3.87,1.63,3.76,0.06353206010965,0.0282192223460961,-0.0568493831282683,7.248915686242086e-05,0.000848648696599,0.5098593235015869,4.386018753051758,6.0112671744041615,1.406142506142506,8.452698289708847,0.054054054054054,0.1179361179361179,0.4481424975572627,-0.9789716679406614,-0.6500874566752484,1.525463586402632,1.281690238693196,315.3179970345795,1.8502366760995843,0.17938
2002-11-30,2.6723421359806343,-0.0998340788992001,0.0,4.494311,0.02069807,0.008193493,35.243043484895125,3.94,1.58,3.82,-0.0306223793684976,-0.0081170809051123,-0.0198599779874175,-3.624392159640166e-05,-0.0020848363369347,0.5941870808601379,4.156506538391113,6.499787040655854,1.730421686746988,11.247372454387916,0.0150602409638554,0.0421686746987951,2.877568289274953,-0.8615734239696508,-0.3798636521854795,-0.1006696540117542,-0.3607930969669846,268.5235437864956,1.496576365012455,0.14136
2002-12-31,2.783937719418004,7.327471962526006e-15,0.1,4.497813,0.001888752,0.02069807,28.174999713897705,4.05,1.23,3.38,-0.1238245710845773,0.0078977173718532,0.0496212043390755,2.4162760354773383e-05,0.0055865759173183,0.3623828887939453,3.697484016418457,5.996452088619021,1.4394014962593518,8.631302108605734,0.0099750623441396,0.0673316708229426,1.0393118960634744,0.6067190781295305,-1.538776775071348,0.7315521110878767,0.7152887123871451,214.31068713931555,1.4368625844826868,0.14136
2003-01-31,2.892559942576717,0.1986901103492487,0.1,4.4944043,-0.024254322,0.001888752,28.21047628493536,4.03,1.19,3.48,0.1521547161418426,0.0394834615755899,-0.0111545456052652,0.0003261401344341,-0.0055766272909192,0.4834629893302917,4.328754901885986,6.659293919683638,2.0400513478819,13.585301536792343,0.0051347881899871,0.0526315789473684,0.8403963676957261,-0.2573080719856692,-0.2734447584145426,0.1265049974364063,0.0264131446786216,213.2282173709163,1.557271843246328,0.14136
2003-02-28,2.972311999345892,0.4812118250596101,0.1,4.5055285,0.0058817863,-0.024254322,27.424285707019624,4.05,1.17,3.16,0.0958133382604971,0.0724467697553867,-0.0168476400357775,-0.0003865481300548,0.0084854057238992,0.8186229467391968,4.968297004699707,6.726233402358747,1.7038415366146458,11.460435855903684,0.0084033613445378,0.0840336134453781,0.390039044542568,-0.7813403367803196,0.6049945470643412,-0.0047903304473933,-0.596449211100626,328.5568827262321,2.2369146693778115,0.27833
2003-03-31,2.9038149177955064,0.4812118250596101,-0.3,4.505279,0.023600578,0.0058817863,32.218421032554225,3.9,1.17,3.21,0.0496504962551576,0.0058980737568825,-0.0362558607025764,8.45701721510217e-05,0.001187420927927,0.9446306228637696,5.824158191680908,6.492239835020471,1.1541729893778452,7.493167858143505,0.0166919575113808,0.0667678300455235,0.055552390343563,-0.2226444432336622,-2.26099950976589,0.495711726764542,1.1530999594493188,520.048014165973,2.69677814737445,0.27833
2003-04-30,2.735685191340512,0.568824898732254,0.1,4.5058036,0.0074043274,0.023600578,30.634285699753534,3.81,1.13,3.04,-0.0681394445464791,-0.0526768618495543,-0.0270243416157498,-1.2081015288600838e-05,-0.0026319713476281,0.8065186738967896,9.004739761352539,6.419994928147142,0.8566068515497554,5.499411642365521,0.0342577487765089,0.099510603588907,-0.5294051877997092,-1.2524547488088518,-1.2878638829941056,-1.516919442239418,-0.5466861539257674,545.2631586245295,3.6199273837868295,0.27833
2003-05-31,2.733422682277514,0.3900353197707222,-0.3,4.5028596,-0.0154829025,0.0074043274,23.99190475827172,3.96,1.13,2.76,-0.1998232806096687,-0.036999719340323,-0.0399432367656817,-3.624392159640166e-05,-0.0059747153090858,0.8890054821968079,6.5873847007751465,7.268223021159565,2.748918353105373,19.979751657328517,0.0132588974180041,0.0509420795533845,2.4509892449604367,0.2312895827697538,0.5089569442981947,-1.4346001072937369,-1.3549254444780692,257.414184528694,2.550402920530339,0.25719
2003-06-30,2.820051642587098,0.2956730475634296,0.1,4.50128,-0.0005412102,-0.0154829025,20.23952375139509,3.57,1.07,2.85,0.0310282308582081,0.0804776463812197,0.0592358216746831,-3.6245235266019193e-05,-0.0002727794308094,0.4654217362403869,4.000342845916748,6.331501849893691,2.033511586452762,12.875182371405918,0.0213903743315508,0.089126559714795,0.3963093652870181,-0.1860196472325214,0.2676865584231649,0.5152970031043437,-0.3792250963793456,142.26643569548418,1.544539828194359,0.25719
2003-07-31,2.818081338404455,0.4812118250596101,0.3,4.505892,-0.01163578,-0.0005412102,20.362380799793065,3.33,0.92,2.81,0.0671195714393588,0.001879121663566,0.061803138976586,9.66510414905919e-05,0.0012771147115513,0.4519841969013214,3.5495827198028564,6.650279048587422,2.774352331606218,18.450217184280497,0.0155440414507772,0.0518134715025906,2.541229248708097,0.3968463303154131,0.0969278755591074,-0.7330318905315575,-1.760345670808632,104.47336355588888,1.4187068962405156,0.25719
2003-08-31,2.8403613373215038,0.4812118250596101,-0.2,4.513267,0.009175777,-0.01163578,19.16136360168457,3.98,0.9,2.58,0.0248519652715244,-0.0150758044922456,0.0250276300437075,-2.416188462817104e-05,0.0051251355505987,0.3865149319171905,3.4111475944519043,6.859614903654202,2.9971638655462187,20.55938992079468,0.0010504201680672,0.0693277310924369,3.2070482849494204,0.7806400067816236,0.462274737043253,-0.9101031424983902,-1.61622604448,85.80819115979126,1.3844606470664045,0.34455
2003-09-30,2.7267823517221155,0.4812118250596101,0.0,4.511975,0.006611824,0.009175777,19.27428572518485,4.45,0.95,2.46,0.0528792281671286,0.0246161773625885,0.0405391814730506,-2.4162468438948537e-05,-0.0021841578199746,0.4040403962135315,3.3566434383392334,7.083387847625295,3.02913518052057,21.456539326513663,0.0067170445004198,0.0671704450041981,4.087033125019568,1.0280401202720029,0.4859473978961942,-1.2074610428147667,-1.694110521145973,96.15479637681116,1.5878256818627072,0.34455
2003-10-31,2.797492369295502,0.7326682560454165,0.3,4.5214176,0.008677483,0.006611824,19.53238096691313,4.27,0.94,2.57,-0.0974737550039321,0.0519316965560419,0.061726291723783,-1.2081453157453126e-05,0.006426751702139,0.2971462309360504,2.8184759616851807,6.710523109452428,2.406951219512196,16.151901781861294,0.0268292682926829,0.0609756097560975,1.9139541780227904,-0.3908551409569835,0.3771615786425976,-0.9879439317903572,-0.9054328453779816,88.97536144904002,1.2838270529364866,0.34455
2003-11-30,2.821700584980429,0.7326682560454165,-0.3,4.530474,0.013726234,0.008677483,18.0234783006751,4.29,0.92,2.36,0.0880522276766115,-6.597481084114065e-05,0.0744773825440088,-6.0409455306498216e-05,0.0012308567584176,0.353194922208786,2.644917726516724,7.098375638590786,2.256741108354012,16.019196106146488,0.0090984284532671,0.0744416873449131,2.676527998703174,0.5453748057271006,0.012102614705744,-0.4775425113390751,-0.7221787702581028,74.79797431611802,1.26830315504972,0.23886
2003-12-31,2.85252775462423,1.0784510589549017,0.5,4.5337734,0.0033521652,0.013726234,17.401052575362357,4.3,0.93,2.33,-0.0293140012288741,0.0285908422542728,0.0149848285247191,4.83278561858036e-05,0.0066825920491968,0.2858776450157165,2.870813369750977,6.975413927455952,2.7072965388213284,18.884513982647587,0.0112254443405051,0.0739008419083255,2.7194229073020235,0.7141452310430689,0.648614324741163,-1.0299567247341084,-1.6416141369650046,77.1474803514895,1.4498964486831436,0.23886
2004-01-31,2.912082244267066,1.0784510589549017,-0.5,4.541109,0.017717361,0.0033521652,16.826363650235262,4.27,0.9,2.34,0.0360233379976486,0.0427817563972832,0.0244978183446615,-3.624567317661587e-05,0.0002959460294098,0.4650866389274597,3.160040855407715,6.932447891572509,2.0908203125,14.4945028670476,0.025390625,0.0859375,1.0588827188784062,0.0023984572923236,0.5910952012707401,-1.8629208176519525,0.4859674610093552,120.2337670972092,1.3728096032725052,0.23886
2004-02-29,2.923558896253373,1.137982046293372,0.1,4.539492,-0.003042221,0.017717361,16.100999975204466,4.15,0.88,2.19,0.0482613041927559,0.0166560657153844,0.0715528407197201,1.2082037031291293e-05,0.0015206262190341,0.3638966679573059,2.693431854248047,6.579251212010101,1.849652294853964,12.169327102715208,0.0027816411682892,0.1404728789986092,1.5445386575642754,1.5507365746864297,-0.5421481740718916,-1.9429351898852525,-0.5996640708729847,92.57396158065067,1.2522645983251337,0.12058
2004-03-31,2.977937250195534,1.015973134179697,-0.3,4.552454,-0.0003414154,-0.003042221,15.998421167072497,4.08,0.93,2.21,-0.0135971230318281,-0.0217679782158821,0.0185516887333481,1.2081891057835747e-05,0.0060143061091606,0.3883016407489776,2.816727876663208,7.173958319756794,2.618941717791411,18.788178725307844,0.0,0.080521472392638,3.5254742500721497,1.3464603991477024,0.1122480476337569,-1.174309858134221,-2.1086176899282125,82.68331862560942,1.3027951723586926,0.12058
2004-04-30,2.9744290545509604,1.015973134179697,0.2,4.5522184,-0.0009903908,-0.0003414154,17.687391198199727,3.83,0.94,2.29,0.0861355624061674,0.004408881572596,-0.0428013534317042,1.2081745087488828e-05,-0.0040087558487682,0.3231433629989624,3.165661096572876,6.693323668269949,1.436104218362283,9.612310354866583,0.0223325062034739,0.1153846153846153,-1.0575906024905448,1.356851944018158,-2.012653441782671,-0.307041173274804,-0.3050498676521807,129.54968029787508,1.5528435238906022,0.12058
2004-05-31,3.063520026687174,0.7326682560454167,-0.4,4.558726,-0.00043916702,-0.0009903908,15.6985715230306,4.35,0.94,2.05,-0.0012923339594577,-0.008413153521058,-0.0427476513705684,1.208159912069462e-05,0.0037074991758068,0.4470139443874359,3.5463106632232666,7.1049654482698426,1.7829087921117504,12.667505365370506,0.0106820049301561,0.0640920295809367,0.5124004002588248,-0.4184067733571884,-0.3183357975827174,-1.1395077170532522,0.4839921945669889,154.7734705116788,1.5869934269157069,0.16122
2004-06-30,3.002064748540911,0.6526665660823618,0.3,4.562057,-0.005098343,-0.00043916702,17.704999876022338,4.72,1.02,2.03,0.1118870162219938,-0.049514649131221,-0.0665827051981811,-2.416334420818345e-05,0.0071977507067373,0.4165933132171631,2.880948305130005,6.523562306149512,1.6505882352941177,10.767715194738548,0.0191176470588235,0.0867647058823529,-0.1962023021163913,-0.416935662341062,-0.6901161532810022,-0.7289242917921899,-0.1514698861678172,101.5494260313323,1.40123164636754,0.16122
2004-07-31,3.0688765723372784,0.5688248987322541,0.0,4.561293,0.02157402,-0.005098343,15.35714290255592,4.73,1.27,2.09,-0.0655613853292491,0.0221460519057163,0.0404338060721425,-3.624611109831477e-05,-0.0078328388061885,0.4477344751358032,3.3609933853149414,6.778784897685177,2.121640091116173,14.382141807981716,0.0091116173120728,0.0911161731207289,1.9956588573566607,0.6606133067793052,-0.1837401402918524,-0.7722217749818007,-1.024756783963335,101.57394767423564,1.331495585212816,0.16122
2004-08-31,3.1676937961274967,0.5688248987322541,0.1,4.568147,0.0073919296,0.02157402,15.502380916050502,4.5,1.33,2.1,0.0828135183001372,0.0144677043812162,0.0053280958421702,3.624611109831477e-05,0.0074438796836666,0.3076273500919342,3.175800085067749,6.075346031088684,1.3672811059907837,8.306705840663653,0.0552995391705069,0.1566820276497695,0.4882030177025452,1.2372842823603722,-0.5354557815092938,-0.0592321484212131,-1.7226565362697537,108.01539019099788,1.1665110089742576,0.09975
2004-09-30,3.18675314861396,0.5688248987322541,0.0,4.568674,-0.01411581,0.0073919296,16.684090744365346,4.28,1.48,2.19,0.1118363446973851,0.0060581126200709,0.0219334773069856,-3.624611109831477e-05,0.000670966719368,0.2644618153572082,3.450162649154663,5.720311776607412,0.6845394736842105,3.915779212868429,0.0131578947368421,0.194078947368421,-0.2251028378894767,2.366583195109304,-2.4408280325505136,1.790332498444752,-2.5973932501429813,143.30411404163155,1.5936547297458452,0.09975
2004-10-31,3.326686167436757,0.4812118250596102,-0.1,4.5727,0.008624554,-0.01411581,14.08095241728283,4.13,1.65,2.11,0.0105358778587283,0.0118271140419246,0.0493252299467705,0.0,0.0012701843581544,0.4247300624847412,3.508509635925293,6.192362489474872,2.238934426229508,13.864293557377552,0.0061475409836065,0.0799180327868852,3.211519809984117,0.5927672589489187,-1.216456797151468,-0.4367257608665721,-0.3440199297054385,115.6441851186843,1.5540109531722544,0.09975
2004-11-30,3.2299772513248723,0.7326682560454167,0.4,4.5771914,0.008363724,0.008624554,14.973809560139976,4.1,1.76,2.09,0.1417794940621863,0.0367930143541874,0.0007663174986944,0.0,0.0084953127372333,0.3320357203483581,2.939661026000977,6.045005314036012,2.817339667458432,17.030833261230672,0.007125890736342,0.0332541567695962,2.357007184173255,0.0683251598727877,0.0169526895674408,-0.9415991505888656,-0.9278833682417786,91.98978630619806,1.3920785322943212,0.14398
2004-12-31,3.1180837716883105,0.6526665660823622,-0.4,4.5786633,-0.0041661263,0.008363724,13.577142897106352,4.19,2.07,1.95,-0.1437808008457306,0.0439943991831048,0.0444068717847159,-1.2082328989748705e-05,0.0024803554509942,0.3632433712482452,2.974993228912353,5.6937321388027,2.51722972972973,14.332431812911796,0.0337837837837837,0.0506756756756756,2.0088398298575654,-1.006658092983171,0.2899654276613103,-0.1664392372755008,-0.4785796095440446,81.05767944365797,1.5380601620186662,0.14398
2005-01-31,3.196497859180848,0.6526665660823622,0.1,4.582198,-0.004459858,-0.0041661263,12.459545438939877,4.23,2.19,1.86,-0.0848815190076486,0.0061353365735978,0.030155323356622,0.0,0.0079362410009355,0.4096408486366272,2.58486557006836,5.855071922202427,1.268390804597701,7.426519386379744,0.0086206896551724,0.1264367816091954,0.8344640685993208,1.6892511668925771,-2.379662300137937,0.0283923089819805,0.2757360099235212,74.73824155816851,1.2112774161930686,0.14398
2005-02-28,3.216169463270458,0.198690110349249,-0.5,4.5899363,0.0035600662,-0.004459858,13.43799991607666,4.22,2.33,1.75,0.1168074023663114,-0.041684391692585,-0.0351630170134651,0.0,0.0035900791158702,0.4525432884693146,2.455801486968994,5.575949103146316,1.5771863117870724,8.794310600703772,0.0076045627376425,0.0874524714828897,0.9126546399082488,-0.3388300502410574,-0.5867360428054511,1.0963459206484911,-1.4142723496985543,63.23379031186816,1.275233139790002,0.13203
2005-03-31,3.3366703686003767,0.198690110349249,0.5,4.5905347,0.004199505,0.0035600662,11.708947482861973,4.17,2.54,1.59,0.0214713084901863,-0.0016049473576558,0.0195423348296497,0.0,0.007232846062771,0.6273525953292847,2.622012138366699,6.171700597410915,1.9585774058577408,12.08775334580774,0.00418410041841,0.0753138075313807,-0.0081599085487096,-0.9870218069477474,-0.4370453750607528,-1.902921049172841,-1.1115575112849636,74.63263628316174,1.3742979815359462,0.13203
2005-04-30,3.309905961452748,0.198690110349249,0.0,4.5928926,0.004046917,0.004199505,13.126363667574797,4.5,2.74,1.64,0.1550998019606004,0.0244995921512121,-0.0101199309122606,0.0,-0.0013521797796176,0.5297520160675049,2.1218717098236084,6.329720905522696,1.3607142857142858,8.612941660729097,0.0196428571428571,0.0857142857142857,-0.2279517656701702,-0.0084975868903765,-0.7884513052229464,-2.4416245364443485,-0.8802864511157614,60.89470131969171,1.2445748363533695,0.13203
2005-05-31,3.247993223438928,0.198690110349249,0.0,4.6001654,0.0042300224,0.004046917,14.45904758998326,4.34,2.78,1.76,-0.0232557400863466,-0.0106989572065669,-0.0081925016481125,0.0,0.0021501954438223,0.3649312853813171,1.9423761367797847,5.733341276897746,1.3194805194805197,7.565032126400144,0.0,0.0876623376623376,-0.1366667143442702,0.2529614675782477,-2.733014927987696,0.558883607122312,-0.4695327290081931,57.59911407346138,1.129814473068785,0.11538
2005-06-30,3.368843418636852,0.198690110349249,0.0,4.596403,0.0011792183,0.0042300224,13.967618987673806,4.14,2.84,1.9,-0.0644484137595515,-0.0172955741581155,0.011920274796191,0.0,0.0008997205268519,0.4126794338226318,2.28169846534729,6.419994928147142,1.2484502446982055,8.015044239006539,0.0097879282218597,0.1419249592169657,0.6556074736750976,1.858786805225377,-1.4757101366044565,-2.3628432694600763,-0.5979539341251164,49.65717551873456,1.304082639466316,0.11538
2005-07-31,3.405123306308627,0.2956730475634297,0.1,4.6030793,-0.005308628,0.0011792183,11.868636348030783,4.0,2.97,1.87,0.1109698705695998,0.0206076287272765,0.0122538882970157,0.0,0.0044875291574637,0.388472318649292,1.9303158521652224,6.063785208687608,1.8662004662004663,11.316238783392306,0.0209790209790209,0.0979020979020979,0.1793757666473434,1.3009510188778792,-0.9608047657725076,-1.0189814607957748,-0.2795590756162171,54.62506538242785,1.039411962930949,0.11538
2005-08-31,3.50047107767823,0.4812118250596102,0.1,4.603971,-0.0017962456,-0.005308628,11.049000024795532,4.18,3.22,1.67,0.0566044703243031,-0.0144494150390341,0.0328557970400531,-0.0208649928928639,-0.0031714662882169,0.7235094904899597,3.4862778186798096,6.480044561926653,2.1683563748079875,14.05104593489349,0.0184331797235023,0.0691244239631336,1.839857414133877,-0.0226092507799319,0.096041742014908,-1.873500041185232,-1.0462130486371208,129.0958711736232,1.353870147381077,0.11867
2005-09-30,3.495989166041145,0.5688248987322541,-0.1,4.6071672,-5.38826e-05,-0.0017962456,12.95130439426588,4.26,3.44,1.77,0.1064921844459592,0.0311965456896361,0.0449550750818374,-0.0007158108096874,0.0032537883465622,0.3948986828327179,2.485919713973999,6.4457198193855785,2.655325914149444,17.1154868717612,0.0031796502384737,0.0922098569157392,1.7558008397019678,-0.3443433157050871,1.141784579941938,-0.7342209505334257,0.1224807486072535,73.22134839477239,1.4649063214545472,0.11867
2005-10-31,3.444447365455972,0.5688248987322541,-0.1,4.608006,-0.0057382584,-5.38826e-05,12.628095263526554,4.2,3.42,1.81,-0.0169486660109186,0.0405389868798087,0.0042060534071239,-0.0009634507100328,-0.0195638287695461,0.4994596540927887,2.362940788269043,6.513230110912307,2.491233283803864,16.22597563737827,0.0237741456166419,0.075780089153046,1.3467423901712057,0.2463950561481124,0.7110455309742664,0.1295115122655472,0.5667573428529812,61.90704194935046,1.1411767629605658,0.11867
2005-11-30,3.382000325640033,0.6526665660823618,0.1,4.613771,0.0008187294,-0.0057382584,14.937618982224237,4.46,3.71,1.83,-0.0719903542202349,0.0299175827424802,-0.0367111295774797,-0.0009272711077668,0.0120643294072104,0.2470554411411285,2.013789176940918,6.137727054086234,2.283116883116883,14.01314826114753,0.0173160173160173,0.0584415584415584,1.3451145700036504,-0.6525057109138838,-0.3979973882473438,0.6796183573607842,1.3095191252912628,66.18145692581116,1.1597090249268864,0.20194
2005-12-31,3.4011973816621555,0.5688248987322541,-0.2,4.6243668,0.0077991486,0.0008187294,12.147619111197336,4.54,3.88,1.89,-0.0579656354026383,0.0143003861084833,0.0079460701110409,-0.0005072719395626,0.0111775166214949,0.3903748095035553,1.7658361196517944,6.517671272912275,2.6600591715976334,17.337391246968718,0.0103550295857988,0.0488165680473372,1.895953152257876,-1.2034286578801108,0.4518986025104987,-0.4736776580602828,1.125910863390089,61.24225556216155,1.100650055126423,0.20194
2006-01-31,3.4925617615131275,0.6526665660823618,0.2,4.6309676,0.0026741028,0.0077991486,11.260000001816522,4.47,3.89,1.82,0.0287964880603714,0.0677848677283554,0.020379084775552,-0.0012631111359495,0.0051516935642315,0.2132396697998047,2.129260778427124,5.673323267171493,1.6048275862068966,9.104705684626252,0.0275862068965517,0.1310344827586207,0.3177600820005237,0.449286779905217,-1.6418083791929456,0.9937887824788358,-1.8359384904454576,59.12544097888331,1.066403231776762,0.20194
2006-02-28,3.431006093434505,0.6526665660823618,-0.1,4.6297126,-0.00718832,0.0026741028,12.03600001335144,4.42,4.24,1.78,0.1023836527013299,0.0750700712104803,0.030144449474001,-0.0011654579460658,0.0015766002009156,0.6309633851051331,2.19144344329834,6.51025834052315,2.243666169895678,14.606846395912967,0.0253353204172876,0.0700447093889716,3.2129671207700743,0.1660420779625387,-0.90508498924623,-0.6628208944551021,-0.1365622119627168,70.10053180541541,1.3760683899282256,0.12166
2006-03-31,3.4499001092727166,0.6526665660823618,0.0,4.6383758,-4.863739e-05,-0.00718832,12.47105262154027,4.57,4.43,1.65,-0.045061931510304,0.0092881297745419,0.0035489663449936,-0.002397174222589,0.0004215001803382,0.471232533454895,2.225618600845337,6.376726947898627,2.062691652470188,13.153221445512196,0.0136286201022146,0.0766609880749574,0.1592673005523964,-1.3675135435707078,0.9249052840213938,0.1545749815167148,0.7742224843298601,73.61886772300946,1.123504174253969,0.12166
2006-04-30,3.5474157656362264,0.9503469298211392,0.4,4.6415167,-0.0018153191,-4.863739e-05,11.693913003672725,4.72,4.51,1.69,0.0303402688461824,0.0037730871818757,0.009438712984096,-0.003088767074391,0.002252114659746,0.5279770493507385,2.1922523975372314,7.24850407237061,1.782918149466192,12.923489467109166,0.0085409252669039,0.0540925266903914,0.8263883544256416,-0.5293763453666727,-0.1558015052181311,-0.3544532523675846,-0.5276199253926405,64.70400619216649,0.993571769284194,0.12166
2006-05-31,3.562208302687821,0.9503469298211392,-0.4,4.6456046,0.000831604,-0.0018153191,11.847368441129984,4.99,4.6,1.67,0.1240239265151421,0.091796684524148,0.049776175840579,-2.4948232418608995e-05,0.0030320784432706,0.538999080657959,2.043182611465454,7.337587743538596,2.2163411458333333,16.262597627166954,0.0110677083333333,0.0501302083333333,2.8948936336904247,-0.2017788142870381,0.2068527862566875,-0.3057605472211201,0.265370790730998,76.17936297116485,1.2213108984998438,0.11553
2006-06-30,3.5600094160699065,0.8813735870195485,-0.1,4.6523504,-0.0062232018,0.000831604,14.45454541119662,5.11,4.72,1.66,-0.0068988273678742,0.1007658672662845,-0.0035592141686855,0.0006235191622381,0.0002541145564114,0.5686069130897522,2.002094984054565,6.926577033222725,2.1539292730844792,14.919357034133071,0.0166994106090373,0.0579567779960707,1.5315375109393472,-1.0741941736325054,0.010676685759202,0.9103083611979166,0.6384769727868248,74.56664809900333,0.9558603143271036,0.11553
2006-07-31,3.602047280565492,1.0784510589549017,0.4,4.655618,-4.1484833e-05,-0.0062232018,16.91863627867265,5.11,4.79,1.67,-0.0176542159962984,-0.1248108176030688,-0.0464584300310466,-0.0033966490779153,0.0031614092164247,0.5409652590751648,2.342168092727661,7.108244139731541,2.661261261261261,18.91689476465493,0.0286650286650286,0.0638820638820638,1.4216279079138106,-0.9454436585969171,1.2717166767859298,-0.3480869158982028,0.1941472744783046,85.28249213816838,1.019970180461071,0.11553
2006-08-31,3.5791752033961752,1.1947632172871134,-0.1,4.6588645,0.014077663,-4.1484833e-05,15.325999879837036,5.09,4.95,1.68,0.0720042300138157,0.0611075104765781,0.0454701280379694,-0.0031697733154669,-0.0005127465055316,0.7432346343994141,2.9761147499084477,7.045776576879511,2.5485614646904966,17.95659467265404,0.006974716652136,0.029642545771578,2.785930191898065,-1.1074496908421845,0.7077435776656801,-0.7707360746766628,0.4525359561043783,139.34464087050992,1.56522626184448,0.08235
2006-09-30,3.449799681844561,1.1947632172871134,-0.2,4.662782,-0.0038003922,0.014077663,13.35173913706904,4.88,4.96,1.73,-0.0060427232121327,-0.0017641911765347,0.0406029944374601,-0.0019092125275852,0.0043791388783338,0.4711653292179107,3.033530235290528,6.942156705699469,2.156382978723404,14.969948555800874,0.006769825918762,0.086073500967118,0.2986429056952314,-0.6676359164384228,-0.0683442889864216,0.7554516081754192,-0.4580056596126295,170.49305514263537,1.8318595336638288,0.08235
2006-10-31,3.3728991350899205,1.3008204268406507,0.2,4.6665936,-0.004965782,-0.0038003922,12.184499979019163,4.72,4.81,1.72,-0.1671451513420434,-0.0559255029881118,0.0125337430988192,-0.0062808414424591,-0.0016629623569395,0.4917286336421966,2.479890823364258,7.327123292259293,1.864868421052632,13.66412084489355,0.0177631578947368,0.0605263157894736,1.466405758886892,0.0982376914803683,-0.001966237519826,-0.5053145464258387,-0.2366551285248075,93.87856687293278,1.1769543016251316,0.08235
2006-11-30,3.3806915368694708,1.3979983651114376,0.0,4.6691585,0.0045466423,-0.004965782,11.306363625959916,4.73,4.92,1.64,-0.0693356393248478,-0.0209574499123803,0.0356526439679374,-0.0032314300256035,-0.0011474759561265,1.0864711999893188,2.592647790908813,7.095064377287131,2.3932780082987555,16.980461541625196,0.0049792531120331,0.0406639004149377,2.455185419151366,-0.1908973078721335,-0.298880828650846,-0.628212213102433,-0.4502872666922251,88.16472985353965,1.2566814512056523,0.11855
2006-12-31,3.4190898563867784,1.4436354751788136,-0.1,4.6810064,-0.005899906,0.0045466423,10.817619051252093,4.6,4.94,1.64,0.0163542383097148,0.069320358344604,0.0524076814357794,-0.0056642951763237,-0.0004204326283367,0.4281159937381744,1.9614392518997192,7.456454555176209,2.5778034682080926,19.22127441286926,0.0109826589595375,0.0618497109826589,2.287892726953356,-0.3020236667746032,1.039531235253149,0.6071114946762373,-0.20611635205255,69.26984270829671,1.1785530736315877,0.11855
2007-01-31,3.2892980925436603,1.3979983651114376,-0.2,4.687407,-0.0010704994,-0.005899906,10.964500045776369,4.56,4.85,1.64,0.0612355834063302,0.0031233675037052,0.0084813116928241,-0.0038239986233041,0.0101417470966893,0.4128470122814178,2.060984373092652,7.454719949364001,2.8020845396641576,20.88875551763884,0.0063694267515923,0.0503763752171395,1.5310548417975178,-0.2430182907872549,0.741200341315065,-0.3826093342054561,-0.5301559803972008,70.30007052291599,1.0579530864600095,0.11855
2007-02-28,3.3678775043573994,1.3979983651114376,0.1,4.6932206,-0.0047488213,-0.0010704994,11.042500066757205,4.76,4.98,1.57,-0.1516530362835002,0.002180884114189,0.0551397653476932,-0.004198908291098,-0.0033888659943164,0.3582458198070526,2.368746042251587,7.515889085215125,2.4109477124183005,18.12041559678908,0.0217864923747276,0.0920479302832244,1.0569845225066392,0.0301766799673016,0.5436157287846852,-1.0761995653725491,-1.1971793559817192,84.19908317223035,1.074525862402309,0.09051
2007-03-31,3.384390923847974,1.350440740274976,-0.1,4.6953373,0.0042743683,-0.0047488213,11.155263097662674,4.72,5.03,1.6,0.0696876240887505,0.0518346060420373,0.0143310639286458,-0.003919450106661,0.0093784693076743,0.5049505233764648,2.303630352020264,7.1929342212158,2.169074492099323,15.6020101425875,0.0218209179834462,0.0782543265613243,1.1430844858254965,-0.3851760088879912,0.767674321219208,-0.0881345184479288,-0.6428297607252104,83.89528380783818,1.178271247452925,0.09051
2007-04-30,3.4361743686988286,1.350440740274976,0.1,4.7018595,-8.106232e-05,0.0042743683,15.162727269259364,4.56,4.94,1.75,0.0751931079648517,-0.0149285910287053,-0.0577755440620038,-0.0023020922984846,0.0017786154493029,0.410570740699768,1.9545481204986568,7.787382026484701,1.8474055624740555,14.38645287283832,0.0153590701535907,0.0726442507264425,1.0969055355812514,-0.9197487419746052,0.4713768327519718,-1.0792215203188995,-1.0070091435721402,65.70258853064654,1.104923131466133,0.09051
2007-05-31,3.4240454547349075,1.350440740274976,0.0,4.7032137,0.0028185844,-8.106232e-05,12.93299994468689,4.69,4.87,1.68,0.0839692123044724,0.0366880367930697,0.0553629221332805,-0.0018403084469662,0.0067003199017525,0.3333119750022888,1.7691173553466797,7.72356247227797,1.6922566371681416,13.070249856295176,0.031858407079646,0.0778761061946902,-0.6245390279093249,-0.6428564011966523,0.3538371564924709,-0.4620729231373743,-0.5727986523248241,67.73662163906795,1.074292330664895,0.13358
2007-06-30,3.483152854078167,1.24898332790488,-0.2,4.712343,-0.007405281,0.0028185844,13.297727324745871,4.75,4.73,1.6,-0.0040611886744903,-0.0179082486737351,0.0132877464296505,-0.0074737011807637,0.0009559214748104,0.3244646191596985,1.9922128915786743,7.820037989458753,2.2825632784250702,17.849731550627567,0.0148654077942948,0.0658899156287665,0.1567412437011019,-0.7639341830345394,0.9191061785772202,-0.0616402166595454,-0.3464322768227325,95.38646027204814,1.0178629639009222,0.13358
2007-07-31,3.576037155995164,1.0784510589549017,-0.1,4.7138333,-0.0053696632,-0.007405281,14.947618938627697,5.1,4.61,1.59,0.055467672304994,-0.0176123436597182,0.0247419000042672,-0.0051888268624584,0.0005768477837078,0.3835668563842773,2.1809420585632324,7.706612913964197,1.71975697569757,13.253501317790905,0.0229522952295229,0.0652565256525652,-0.5139453529327944,0.0465788050783822,0.0444552418087203,0.0225316608017462,-0.2653697488683533,72.69730184862063,0.9665731069574564,0.13358
2007-08-31,3.5513025190386496,1.137982046293372,0.4,4.7183022,0.008120537,-0.0053696632,17.273333277021134,5.0,4.82,1.85,0.0795723844414197,0.0147159441230639,0.0746901205370615,-0.0052687160868267,-0.0012002567099926,0.375489592552185,2.392127752304077,7.493317248862145,1.8905292479108635,14.166335422848851,0.0362116991643454,0.1025069637883008,0.2412503790490265,0.146508208559415,0.9194847472170138,0.4898746230442489,-1.2800497352558198,115.63776136602104,1.157231907083109,0.1846
2007-09-30,3.6461570021260896,1.137982046293372,-0.1,4.7225947,-0.008511066,0.008120537,25.026086724322774,4.67,4.2,2.05,-0.0835897593172685,4.6588833266802965e-05,-0.0246701008215133,-0.0034131080480483,0.0019240393848489,0.2856508195400238,1.9360777139663696,7.189922170745808,1.475924528301887,10.611782488385286,0.0430188679245283,0.0928301886792452,-0.7332013879993704,0.252560629951126,0.7303457527381392,1.0803488229501854,-0.3126660871258744,62.68108062549447,1.0366920846793053,0.1846
2007-10-31,3.7185974337567096,1.015973134179697,-0.2,4.7232323,0.008975983,-0.008511066,22.19894740456029,4.52,3.89,2.0,0.0867455427529737,0.0685897310748426,0.1161192369427581,-0.0071015658518875,0.0022201267844179,0.5693193078041077,2.180305242538452,7.8713112033234065,2.3354198473282444,18.38281640873865,0.0225190839694656,0.065648854961832,0.7440701141565217,-0.2161821891189017,-0.1340432190300428,0.6438501325712205,0.7804096292567402,52.718842061558334,1.263903212949477,0.1846
2007-11-30,3.803967962207191,1.015973134179697,0.2,4.7297955,0.009875298,0.008975983,19.115652084350582,4.53,3.9,1.99,0.064805315435211,0.0571984824055329,0.1483763302601382,-0.0032885531942903,-0.0028240612145147,0.5663777589797974,2.3484654426574707,7.988882253309227,1.533695283338989,12.252511031050917,0.0441126569392602,0.1075670173057346,0.0629141951468337,-0.3831445071636398,-0.3482321175818891,-0.1972445718984271,0.5089176963344896,105.1182608617894,1.178144250255854,0.21868
2007-12-31,3.770054748122804,1.137982046293372,0.2,4.7339406,-0.0036087036,0.009875298,25.582380930582683,4.15,3.27,2.47,0.1154245576528669,0.0661982791489625,-0.027589583850581,-0.0112030902695068,0.0053207117967142,0.4553761482238769,1.9533239603042605,7.762170607138205,1.931843337590464,14.995297572640467,0.0195828011919965,0.0659855257556406,0.2784144403910949,-0.995755533627774,0.1304054600818357,0.296451041828545,0.1457679657880746,82.46328847753242,0.944697103119702,0.21868
2008-01-31,3.77982520740152,1.137982046293372,-0.2,4.736068,0.008248806,-0.0036087036,21.651000022888184,4.1,3.0,2.52,-0.016226323714334,-0.0037839034965001,-0.0083378557319591,-0.0123165675886922,0.0003487607063128,0.4925629496574402,2.1452412605285645,7.756195343948118,2.1956745182012845,17.03008047489833,0.0167023554603854,0.0552462526766595,0.9964665913189228,-0.4262041278805381,0.2618678848525888,0.3157594823273025,-0.0848864416155034,82.53792780423483,0.96966394836686,0.21868
2008-02-29,3.8029029166430406,1.0784510589549017,-0.1,4.750815,0.0025310516,0.008248806,25.81619071960449,3.74,2.75,2.96,0.0136672732934268,0.1021588189866751,-0.0992782842142627,-0.0155843003747742,-0.0013243734009682,0.3518824279308319,1.8372621536254885,7.765993079407675,2.3276505513146737,18.076518072789217,0.0220525869380831,0.0525869380831212,1.4680539607683076,-0.7390082276175792,0.7679435838274717,-0.1190810542966733,-0.0183205024573939,69.30016832847306,0.9490833590569654,0.13844
2008-03-31,3.90105645433899,0.8813735870195482,-0.2,4.7453694,0.0011949539,0.0025310516,25.456000137329102,3.74,2.12,3.22,0.0300122526657542,0.0361020787705825,-0.0631221310920118,-0.009836855991731,-0.0039296708981346,0.2860684692859649,1.7704459428787231,8.017307507688582,1.1853232189973617,9.503100742705143,0.0491424802110817,0.1213720316622691,-2.391491321734191,-0.0888525401101888,0.9677322885027572,3.255907480083549,-0.5566636368918583,69.93850083940039,1.007512480550302,0.13844
2008-04-30,3.963040486105072,0.6526665660823617,0.0,4.7422295,0.0030255318,0.0011949539,27.10350008010864,3.51,1.26,3.45,0.0871451589826417,0.0488119521589736,-0.0587025207155011,-0.0140902249691576,-0.0030504888010822,0.343717098236084,1.6349786520004272,7.893572073504902,1.837737961926092,14.506317054679617,0.0194102276969018,0.0757745427398283,-0.8089781823856759,-1.2987019745667443,0.4520250818851133,-0.4566840913802405,-0.9109444174974504,66.76914995324769,1.0068115913808342,0.13844
2008-05-31,4.064994063872682,0.8088669356527879,0.5,4.7465177,-0.0076613426,0.0030255318,21.562727321277965,3.68,1.29,3.1,0.0511224450366754,-0.0625599627761035,0.0890284058994819,-0.0035716874886744,-0.0064729557901257,0.2945275008678436,1.6309856176376345,8.203851372183879,1.456896551724138,11.95216277499203,0.0188834154351395,0.1105637657361795,0.3086519342383758,-0.5931651855945232,-1.0715266719737746,-0.3117065057139253,-1.2682061920903718,53.90941681350744,0.8613529851062414,0.13177
2008-06-30,4.1204587402721,0.8813735870195482,-0.1,4.737676,0.004280567,-0.0076613426,18.303333009992325,3.88,1.73,3.0,0.1185313685479352,-0.0234022850998538,0.0269138703542033,-0.0067495050516004,-0.0060762051840335,0.3968859612941742,1.6150206327438354,7.855157005881344,2.230721489526765,17.522667536626233,0.0178432893716058,0.0725368502715283,-0.5973567013124692,-1.0154234120844887,2.2297974883593783,1.5812560363240613,-1.0822912693214957,47.05473263532787,0.9251983636330842,0.13177
2008-07-31,4.109677338090002,0.8813735870195482,-0.1,4.740306,9.918213e-05,0.004280567,22.11047617594401,4.1,1.86,3.05,0.0747074762032378,0.0009279302592384,-0.0854803341949637,-0.011725536723057,-0.0023354873224965,0.3718684613704681,1.856080412864685,7.785305182539862,2.3344009983361063,18.17402419047232,0.0370216306156406,0.0723793677204659,-0.1842218387941483,-1.2009742020242584,1.0473737676995825,1.016804868089266,-0.0709808107451411,70.63813437244812,1.022221261950298,0.13177
2008-08-31,3.976350017620101,0.9503469298211392,0.1,4.7336216,0.009791374,9.918213e-05,24.32136362249201,4.01,1.63,3.22,0.0029867213976002,0.0549912763620143,-0.048832435527407,-0.0029639601488389,-0.0035802040650576,0.4524587988853454,2.0377159118652344,7.644440761556566,1.8015325670498084,13.771708988827193,0.043103448275862,0.0723180076628352,0.8557010642880473,-0.175684384718594,0.4265615342623161,0.4075246282684113,-1.7106486985369795,73.61768322337248,1.0059284201904228,0.18019
2008-09-30,3.860089155893368,0.8813735870195482,-0.2,4.7245812,-0.014628887,0.009791374,20.695714133126398,3.89,1.72,3.29,-0.158689050590973,-0.1133967892506735,-0.032025476693219,-0.0019906329758443,-0.0158244158056106,0.3737195134162903,1.955353856086731,7.447751280047908,1.356268221574344,10.10114838331862,0.039067055393586,0.1049562682215743,-0.5308571191286521,-0.1282808559485708,0.3621879761112994,1.1469940831241356,-1.2279442033725512,98.35270574709185,1.239152684937902,0.18019
2008-10-31,3.5645454795055684,0.6526665660823617,-0.2,4.714395,-0.013556004,-0.014628887,30.23857134864444,3.69,1.13,4.0,-0.1524106155205107,-0.010896733677562,-0.0988775204053364,-0.0051854307493199,-0.0450476005695623,0.3840395808219909,2.0341079235076904,7.349873704738337,2.34411575562701,17.228954753145796,0.0212218649517684,0.072668810289389,0.5737317933451975,-0.6489427921617665,1.5390865357464485,0.4263614653503324,-0.9406579509898466,67.27860943343649,1.020683394097856,0.18019
2008-11-30,3.293900893020532,0.7326682560454165,0.4,4.698828,0.013561726,-0.013556004,61.1773912181025,3.81,0.67,5.53,-0.3062822050220051,-0.0284910921540362,-0.2549786743779201,0.0071760637251643,0.0098923206082464,0.349890649318695,1.380818486213684,7.516433302915632,1.3860642351660315,10.418259377182244,0.0321175830157866,0.1007076755579749,-1.326563604478032,0.1246813225035418,0.1821811639965476,-0.3110626841887268,-1.283258425731974,57.42585334138504,0.7872233235097115,0.14048
2008-12-31,2.9654873259788794,0.8813735870195482,0.1,4.671416,-0.0022554398,0.013561726,62.63947336297287,3.53,0.19,6.1,-0.3109355685932109,-0.058399362195705,-0.1006579944179755,-0.0019613302345706,-0.0132886530605933,0.3007163107395172,1.7603729963302612,7.635786861395585,2.499855072463768,19.088360517711948,0.0130434782608695,0.066183574879227,0.1192640285590489,-0.6993184774155969,1.485228089292407,0.8036569467503349,0.165092801667487,56.32131718229799,0.9411444534579384,0.14048
2009-01-31,2.9803599006514325,0.9503469298211392,-0.1,4.6387634,-0.0104289055,-0.0022554398,52.40500016645952,2.42,0.03,5.82,-0.2723614826512213,0.0700737783330947,0.0711868492903402,-0.0004249738118899,-0.0286041968539079,0.2908385992050171,1.924009084701538,7.718240951959316,2.4625,19.00616834419981,0.018238434163701,0.0747330960854092,0.3315384460309221,-0.7834546674956174,1.549798588015032,0.7484553251633573,0.2856877266694341,74.35746879188454,1.0415964893468952,0.14048
2009-02-28,2.912919774433242,0.8813735870195482,-0.2,4.610062,-0.013075829,-0.0104289055,44.68300018310547,2.52,0.13,5.38,0.0838201414008819,0.0508808783930785,-0.0550250707666393,0.0024447921295305,-0.0252591803201429,0.2487992048263549,1.765783190727234,7.9211727215870145,1.7346768336964415,13.740674815845187,0.0301379811183732,0.0784313725490196,-1.0223393403643946,-0.996070927327207,1.5107952952843646,-0.1378188919570946,0.4549840245229175,74.14281255748698,1.338748259454106,0.13245
2009-03-31,3.117035984723754,0.5688248987322538,-0.3,4.618485,0.006734371,-0.013075829,45.57052592227333,2.87,0.3,5.22,-0.0026454038898808,0.0936583105334838,-0.0465429175784848,4.386381747512047e-05,-0.0061041746494812,0.312123954296112,1.58318293094635,8.23217423638394,2.284490555998936,18.806324298356863,0.0079808459696727,0.0633147113594041,1.1797292628735316,0.0227840614725656,0.624956228750954,-0.3282155535516526,-0.4889144825627495,44.44972909254745,0.9458642660453516,0.13245
2009-04-30,3.1530593122141,0.4812118250596101,0.3,4.613539,-0.001844883,0.006734371,44.7954548922452,2.82,0.21,5.74,0.0715981630553508,-0.0200588000844179,-0.028636724632074,-0.0009654487160484,-0.0157796956259579,0.2463396042585373,1.637637972831726,8.395251520610994,1.4133107344632767,11.865099092598664,0.0264406779661016,0.0998870056497175,-1.3714034386827887,-0.4600049382207097,-0.8949584642605228,1.4433990839541782,-0.922967901704282,57.46741040107933,0.8563987097858088,0.13245
2009-05-31,3.32402037706996,0.3900353197707221,0.0,4.615401,0.0031199455,-0.001844883,38.063809349423366,2.93,0.16,5.08,0.0753325742090544,-0.0375613259672853,0.1605472720101648,-0.0021830071156023,-0.0083251150630712,0.5855985879898071,1.995373010635376,8.274357006756292,1.95855649069115,16.20579562187833,0.023463402193318,0.088752869166029,0.3764000028364001,-0.0046671719234737,0.5587814318963827,0.3500832197706782,-0.4396355784665471,63.68460140863226,1.0713805934594625,0.21794
2009-06-30,3.479422711916167,0.7326682560454165,0.5,4.621071,-0.0057587624,0.0031199455,31.97799997329712,3.29,0.18,4.29,0.1326897539813352,0.0422803778772999,0.1262074583055952,0.0014363396334171,-0.0101509109300241,0.3955696225166321,2.078538656234741,8.365905077202456,2.2549918547824066,18.86504780697432,0.01629043518734,0.0709797533162671,0.7036725872031185,-0.4305434447507724,1.0330911247229355,0.4703138829571386,-0.4757801371245393,62.05961464872408,1.1025683963575494,0.21794
2009-07-31,3.396095734743211,1.0159731341796967,-1.110223e-16,4.630795,0.0022244453,-0.0057587624,29.140454725785688,3.72,0.18,3.64,0.180087418833188,0.018167136525669,0.0734126039957541,0.0003514423817108,-0.003775936043751,0.409851461648941,1.759729266166687,8.46695197497949,1.7968657972233906,15.213976410573684,0.0252419015565839,0.0973916701724863,-0.1089204919267497,-0.1654803238706031,0.8589029120095455,-0.6475004385048978,-0.945820622191012,42.76364924182331,0.95390176110951,0.21794
2009-08-31,3.4959891200290767,1.0159731341796967,-0.4,4.6396046,0.012168884,0.0022244453,26.16272735595703,3.56,0.18,3.11,-0.0627676535787395,-0.0121731511971718,0.0301399821456005,0.0002488636459656,0.0112269628491237,0.3897294700145721,1.9257221221923828,8.446985296372741,2.174377682403433,18.36693631202284,0.0208154506437768,0.0682403433476394,0.7001119406407851,-0.6603164220029544,0.2967843867078885,0.6575050548877922,0.460322076552082,63.11038632514268,0.9930820695745328,0.18972
2009-09-30,3.471286551285288,1.0159731341796967,0.0,4.64781,-0.007115841,0.012168884,25.33714285350981,3.59,0.17,2.98,0.1180407634325684,0.016083353562486,0.0798701782915873,-0.0002927871897242,0.0109072811177481,0.380121648311615,1.6925415992736816,8.16961956172385,1.8491079014443497,15.106508083377896,0.0331350892098555,0.0996884735202492,-0.923610877094147,-1.0839436739505597,1.9709155603339537,-0.5884563863636247,0.2826997720289121,53.50026639830588,1.0109278269535291,0.18972
2009-10-31,3.555900179058963,1.0159731341796967,0.0,4.6590447,0.0061888695,-0.007115841,24.926666713896253,3.4,0.12,2.86,-0.0694137406936326,0.0485365817520948,0.0215004955031332,-0.0005418823954919,0.008775750967465,0.6145908236503601,2.2041807174682617,8.907883013942248,2.5126674786845307,22.382547953059028,0.0201651102990932,0.0506157802138313,1.6800852463463003,-0.2200902457062202,0.9377826085629024,0.4449724465353801,0.0523930095804744,63.67938000829624,0.9784715336251948,0.18972
2009-11-30,3.581929014530681,1.24898332790488,0.4,4.663889,0.0058312416,0.0061888695,24.252272865988992,3.39,0.07,2.86,0.0730064952294373,0.0456684331506673,0.0349692135225314,2.929844864918429e-05,0.0026918316470805,0.4267121851444244,2.1051135063171387,8.70930004894499,2.484747441399802,21.640411012999238,0.0163420270716408,0.0627269725982172,1.566536547055025,-0.1534787442345797,0.7621527343742077,0.9078172434476786,-0.2390067476507513,60.82828543269181,0.9772581483490056,0.14507
2009-12-31,3.531785982994759,1.3008204268406505,-0.3,4.6731606,0.0013332367,0.0058312416,23.783499908447265,3.4,0.05,2.99,0.0521086128280359,0.0773375684888701,0.0252693527814393,1.4648902431302346e-05,0.0043287252217618,0.3735752701759338,1.7382686138153076,8.666130304190608,1.9791795932437093,17.15182825044495,0.0268872802481902,0.0644605308514305,0.7485667373555217,-1.0093830287857302,0.3180751107867036,0.9185493668370804,0.0296643793145295,57.461111722369786,0.8922113494409308,0.14507
2010-01-31,3.582551878722567,0.9503469298211392,-0.7,4.6790433,-0.004078865,0.0013332367,21.23954547535289,3.59,0.05,2.54,-0.0291929180562862,0.0067982717966081,-0.0214503540178903,-8.789663361552513e-05,0.0040498600148737,0.3660793304443359,2.2085444927215576,8.601166625192416,2.4527312856354606,21.09635047457301,0.0244620194960456,0.068236159646864,0.1139701011155692,-1.082374889760444,0.931467883560068,1.3454252800768551,0.2284288410026008,86.20785476424857,0.8915032599626196,0.14507
2010-02-28,3.560223181290698,0.8088669356527879,0.4,4.697462,0.0021886826,-0.004078865,20.643157758210837,3.73,0.06,2.57,0.0227199042482562,-0.0148811701830435,-0.0157151474268779,0.0001318420534113,0.0108406384790482,0.3660024404525757,2.0555288791656494,8.7879833961978,1.1101769911504424,9.75621696507092,0.0305157155935306,0.1425083918217882,-2.217834231814308,0.6988919117037843,0.0513892307352529,0.9191307865384076,-0.6425093611228953,97.52235642925142,1.0,0.18952
2010-03-31,3.621055162738231,0.7326682560454165,0.1,4.6961536,0.0067629814,0.0021886826,22.540000012046413,3.69,0.11,2.62,-0.0322235942755861,-0.0203768182651904,-0.0559380334561332,-0.0001464922434977,0.0037459440910962,0.5097396969795227,1.8095757961273196,9.019542996701183,1.149927378358751,10.371819432190623,0.0313483418058581,0.1164366981360445,-0.4128324299689309,0.3202348437391847,-0.6055653155435857,-0.8353872014628013,-0.1324506499799269,59.49038490562843,1.1124871245765378,0.18952
2010-04-30,3.659932231906123,0.8813735870195482,0.3,4.710696,0.004703045,0.0067629814,17.767391287762187,3.73,0.15,2.47,0.0665510010945773,0.0162303506203427,0.0409044858750835,0.0,0.0068333611273256,0.3767309188842773,1.6630464792251587,7.429520842786462,1.4922802850356294,11.08692748095153,0.0237529691211401,0.1033254156769596,-0.99379713967291,0.5446690953766512,-0.259941046863606,0.6738717272294277,-0.0939553976671129,44.62130882123805,0.819617065251449,0.18952
2010-05-31,3.525837909307344,1.0159731341796967,-1.110223e-16,4.7152348,-0.0007863045,0.004703045,17.42428566160656,3.85,0.16,2.38,0.0732427511560462,0.0312586097946061,0.0246438519730709,-0.000161166257995,0.0033865562000299,0.5623576045036316,1.9718109369277956,7.997326822998097,2.292092866756393,18.330615764113507,0.0218707940780619,0.0609017496635262,0.9362180170481508,-0.4506974993301184,0.6890152022611902,0.3337032783281018,-0.0467419876332704,55.61170742199476,0.9973809594800698,0.19712
2010-06-30,3.5465001270629792,0.9503469298211392,-0.3,4.7236705,0.0018920898,-0.0007863045,31.929500007629397,3.42,0.16,2.89,-0.1104873152240424,0.048219246550671,-0.0804158607937584,0.0008494932844325,0.0134185316829222,0.6482871770858765,2.033574342727661,8.156797046675651,2.4588640275387266,20.05645483800488,0.0200803212851405,0.0562248995983935,1.420225879173689,-0.7175036410646831,0.4839165354554725,-0.2698384425433703,0.0818528677479742,64.00690175738188,0.8966614725024467,0.19712
2010-07-31,3.558078642229409,0.8813735870195482,0.0,4.7217197,0.000934124,0.0018920898,29.91636371612549,3.2,0.12,3.08,-0.0157208351422584,0.0225456716030771,0.0079209987852593,-0.0071995609247723,0.0018475022092525,0.3715170323848724,2.119023084640503,7.510977752014095,1.8181171319102352,13.655837328333453,0.0426929392446633,0.087575259989053,-1.251764362996945,-1.814691809791698,1.0842167490717354,-0.2549815264273761,0.2773949253569707,54.6336167655012,1.060788896975004,0.19712
2010-08-31,3.5624934195196363,0.8813735870195482,0.1,4.726373,0.0025687218,0.000934124,25.56523786272321,3.01,0.16,2.91,0.010896555283395,-0.0329426965478347,0.0161489954122142,-0.0011803763819784,0.0037898457435989,0.2180488109588623,1.6248153448104858,7.81237820598861,1.3345344129554657,10.425887562915085,0.025910931174089,0.1263157894736842,-2.9130702609647625,-1.735965217797971,1.4254772995902405,-0.3914958976135667,0.1145435373523655,56.55792653904427,0.893430409194683,0.21449
2010-09-30,3.5410273784044803,0.9503469298211392,0.1,4.730117,-0.0017819405,0.0025687218,24.745908997275613,2.7,0.16,3.01,0.0191271694283985,0.0189678782069027,0.0326164764673304,0.0049188635597376,0.0036579355962977,0.3266624212265014,1.7309353351593018,8.594709633844065,1.6492595335061089,14.174906801334124,0.0355423917067752,0.1195853387634209,-1.23834192955931,-0.3900229141070284,1.692602987589419,0.1257481339543532,-0.2649920531509702,43.87535055982433,0.9783905268144548,0.21449
2010-10-31,3.621437642448449,0.9503469298211392,-0.1,4.732421,0.0044355392,-0.0017819405,22.51761899675642,2.65,0.15,3.05,0.0103426880642318,0.0443753747204995,0.0256797426723949,-0.0172481938354851,0.0029434252658697,0.3376002311706543,1.5473343133926392,8.83869681234353,1.90854242204496,16.86902782195119,0.0211747643219724,0.0749818709209572,-0.0802682344262896,-0.6637330835269446,0.6718462272014771,-0.3025010449858973,0.5798092956758463,63.947083368197546,0.860272872838405,0.21449
2010-11-30,3.645890092892566,1.0159731341796967,0.1,4.7372,-0.0020213127,0.0044355392,20.3733332497733,2.54,0.13,3.15,0.0601318603427856,0.0543930260889942,0.0731353649255464,-0.0029638078157436,-0.0028376912450953,0.2827645242214203,1.4335503578186035,8.764053269347762,1.5157680887638694,13.284272273904,0.0420378184091264,0.0942334739803094,-0.9063436062538536,-0.4666091330269223,0.6248437513982578,0.0957684264388605,-0.2163517639833682,69.00421668839219,0.8438505180106813,0.19653
2010-12-31,3.698485190258631,1.0159731341796967,-0.1,4.7429457,0.006228924,-0.0020213127,20.095714387439543,2.76,0.14,3.03,0.0310851204568276,0.0205486025537515,0.0213929624288837,-0.0005548183112398,0.0008691845526112,0.681317925453186,2.0334718227386475,8.845489236753274,1.505128205128205,13.313595338395311,0.0357245750504177,0.0911840968020743,-0.6712255441985393,-0.8968881323233328,0.2590534741664791,-0.7856739448484775,0.5637744515332453,79.51574305711718,0.8842270169087662,0.19653
2011-01-31,3.699506059216371,1.4436354751788134,0.8,4.7546234,-0.0008330345,0.006228924,17.569545529105447,3.29,0.14,2.68,0.0698790450362389,0.0149739850522658,-0.0323316597541527,-0.0101003346035433,0.009737829134778,0.5287208557128906,2.1148834228515625,8.81922185757494,2.071354628808045,18.267736017172936,0.0229222123632061,0.0732031943212067,0.2760149029103026,-0.8906067387197679,0.224043562684869,-0.1220326485243616,0.6180281881578586,72.65123108695941,0.8853927182332697,0.19653
2011-02-28,3.698084449938265,1.4436354751788134,-0.8,4.7683964,0.008443832,-0.0008330345,17.31549987792969,3.39,0.15,2.68,0.0540289207641873,-0.021878631897767,0.0348413890541294,0.0002575425906357,-0.0021083561409289,0.4670190513134002,1.527767777442932,9.140347000155648,2.0437627373163143,18.68070060505907,0.0256355250455861,0.0668239836962351,1.2529176661757138,-0.7888627644921026,0.6224152117136506,0.0190582560289481,0.1547457279737343,55.91921780834242,0.9063836269932678,0.14902
2011-03-31,3.831938451998062,1.4436354751788134,0.0,4.7667403,-0.011192322,0.008443832,17.4299999036287,3.58,0.13,2.57,0.071872937291614,0.0103980989071974,-0.0283917495195424,-0.0046155095980264,-0.003978748128941,0.3984063863754272,1.802498698234558,8.230044310126114,1.5564916022394026,12.809994854769474,0.0271927486003732,0.1063716342308717,-0.5005774543835456,-0.4536147476632592,0.6757495368514909,0.5185874897554585,-0.5914325557721073,71.93990057497993,1.0873005499422383,0.14902
2011-04-30,3.893952977780772,1.4436354751788134,0.0,4.763849,-0.01388216,-0.011192322,20.72347815140434,3.41,0.1,2.58,0.1001676844803753,0.0347290382362492,-0.0037347511755658,-0.003506208049411,0.0103489910718046,0.5290300846099854,2.9379470348358154,8.406261630708956,1.5568171658471166,13.087012407289675,0.0303978542691104,0.0990165400089405,-0.1282994236134177,-0.0335700507743195,0.7079069118768874,0.4657028145914721,-0.8611297690773805,124.37798061060018,1.88015606183982,0.14902
2011-05-31,3.808314895393504,1.4436354751788134,0.0,4.75884,-0.002398491,-0.01388216,16.244000005722047,3.46,0.06,2.58,0.0724598073385607,0.0396932433912429,0.0387211835509475,-0.0089429432595793,-0.0032354993818444,0.2683459222316742,1.9177788496017456,8.390041405755754,1.4348023625624715,12.038051230975316,0.030213539300318,0.1026805997273966,-1.0819758478728978,-0.8235959273396096,0.2276279767000458,0.5940405405254229,-0.6205435221353442,63.088798371816814,1.3831875144515453,0.13398
2011-06-30,3.757296849185471,1.4874828366412745,0.1,4.768003,-0.008597851,-0.002398491,16.911428587777273,3.17,0.04,2.65,-0.0694500453919868,0.0211735436979747,-0.0365297500086256,-0.0017580930765612,0.0012053529354325,0.207076296210289,2.2956907749176025,8.493105395887147,1.7719877049180326,15.049678338085023,0.0258196721311475,0.0918032786885245,-0.3226131597197736,-0.4508740094518723,0.5798063410010507,1.08801381494493,-0.5987543600635244,73.69422041183616,1.1794573680863194,0.13398
2011-07-31,3.763983592929994,1.4874828366412745,-0.1,4.770604,0.010762215,-0.008597851,19.15318202972412,3.0,0.04,2.72,-0.010102826416948,0.0110325451525454,-0.0359812117645166,-0.0023334708975719,0.0030203149621863,0.3636625409126282,1.796709060668945,8.505120610181969,1.435412026726058,12.208352412610866,0.0344199230613484,0.0919214415873658,-1.088311316141356,-0.5492121397493668,0.348000891894435,0.0413183481985713,-0.0459962012266213,58.51389974183628,1.0461221470910906,0.13398
2011-08-31,3.642343432373135,1.4874828366412745,0.0,4.7736454,0.0058932304,0.010762215,19.22749991416931,3.0,0.04,2.77,0.027213354101601,0.0279763322293762,-0.0027829912251178,-0.0042637376117284,0.0049150558673387,0.2691740393638611,1.5707964897155762,8.804325112562537,1.3647703392374664,12.01588177062892,0.0244671269888922,0.1098769138396877,-0.1544324114177882,-0.1102927862670266,0.2717364906065402,-1.153898124962113,0.0668744617014903,41.88779422585881,0.9646625907711102,0.14121
2011-09-30,3.631799175424215,1.3504407402749758,-0.3,4.775808,0.0057382584,0.0058932304,35.02913035517154,2.3,0.02,3.25,-0.0594731689540815,0.1119254713195818,-0.091425122118613,-0.0090840188263483,0.0067284438160486,0.2997714281082153,1.704949975013733,8.640825751861513,1.4344175357963584,12.394551982230908,0.0378292381120735,0.1032349301750044,-1.0721551983263882,-0.8074243170319813,1.126867730340783,0.1697521787015453,-0.5191795802877371,40.43248265310054,1.3723915421002355,0.14121
2011-10-31,3.6404255068461535,1.3504407402749758,0.3,4.7751913,-0.008859634,0.0057382584,36.52999977838425,1.98,0.01,3.3,0.023441779511808,0.0074367050464436,-0.0699562433294662,3.135828407740959e-05,-0.0008274225944706,0.2805397808551788,1.6370738744735718,8.549466751966532,1.598760410613984,13.66854897490462,0.0340887081154367,0.1034282393957001,-0.5134334299901372,-0.9130298936045266,1.042583506561526,0.3086218841435084,-0.5039559945689559,45.25029362375579,1.039328961405499,0.14121
2011-11-30,3.756349538945328,1.3979983651114376,0.1,4.775327,0.0067982674,-0.008859634,32.82904770260765,2.15,0.02,3.02,-0.02953495793348,-0.0615042421509919,-0.0325802934297758,-0.0036598719844125,0.0069164365872342,0.3722563683986664,1.5346795320510864,8.278682162970906,1.5988826815642456,13.236641536549012,0.0345352971051295,0.0860843067546978,-0.238474176336696,-0.3943211382395439,0.4938383914862183,0.0425529235874398,-0.696604959387024,48.703856831119694,0.9363467912503942,0.20228
2011-12-31,3.77000522754773,1.3979983651114376,-0.1,4.771877,0.013243198,0.0067982674,31.941904703776043,2.01,0.01,3.24,0.0110577176917372,0.0426266216891102,0.0275826780261088,0.0034246608813641,-8.659124192433865e-05,0.5906422138214111,1.7399039268493652,8.672828482947686,1.6640472521828455,14.431996405702217,0.0207156308851224,0.0679678137305256,-0.4112636699536268,-0.9799508084208978,0.4597078413610792,-0.3118782228990108,0.3043012886409975,63.04215776014864,1.0487135593039771,0.20228
2012-01-31,3.7840850903009327,1.3979983651114376,0.0,4.774193,0.0049419403,0.013243198,25.047619047619047,1.98,0.01,3.27,-0.0265073501475701,-0.0586322863862793,-0.0148214880072199,-0.0130384471162623,0.0052922619015616,0.551498532295227,1.8332573175430296,8.185350223178686,1.625285754112071,13.30353311015038,0.0306662949540005,0.1051017563423473,-0.7331328177343974,-0.4446145652620852,0.466181070871526,0.1633801403691706,-0.826770981063974,45.25485854368998,1.0202254527849042,0.20228
2012-02-29,3.801803409599163,1.3979983651114376,0.0,4.7819295,0.002585411,0.0049419403,20.227999877929687,1.97,0.03,3.24,0.0257659301998591,0.0085488769047934,0.0474125551808484,0.0022377587322366,0.0059465566157381,0.5609212517738342,1.775631546974182,8.469052816088302,1.3711586901763224,11.61241536634173,0.0337951301427372,0.1118807724601175,-1.0685071361015723,-0.3328679819232731,0.3158790410396944,-0.3165706754549578,0.4325886563554434,57.84085284279069,1.0756464860336827,0.19437
2012-03-31,3.837521274960608,1.3979983651114376,0.0,4.784034,0.0032291412,0.002585411,18.420499992370605,1.97,0.09,3.1,0.0751702599129879,0.0534245725807469,0.0807056131695649,-0.0023013143513692,0.0032105037842917,0.8188916444778442,1.908208012580872,9.169830828637972,1.8708914809414705,17.15575837897325,0.0223911685065611,0.0802957717142262,1.4888353245296642,0.4298882427636772,-0.0567819849216276,-0.1585877729803892,-0.3970999003847584,70.49414226874191,1.095472759038136,0.19437
2012-04-30,3.8085596720050425,1.3504407402749758,-0.1,4.779044,-0.0025362968,0.0032291412,16.16727287119085,2.17,0.08,3.07,0.0500034152606483,-0.0402712297920873,-0.005479661592318,0.0006353744952056,-0.0051911748236843,0.6241809725761414,1.910476565361023,8.770283819098399,1.788476471501786,15.685446258850313,0.0369622612206864,0.085416990215872,-0.2790816116641999,-0.3767089638018404,1.0160569819437584,0.2077646102710673,-0.7903072948976942,77.67869036175065,1.0537731382988524,0.19437
2012-05-31,3.7234162437410943,1.3008204268406505,0.0,4.772037,0.0041418076,-0.0025362968,17.822999906539916,2.05,0.08,3.2,-0.0492103915931263,-0.016089846828712,-0.016662144066716,-0.0029419971126558,0.0071677585057825,0.8006070852279663,1.9654715061187744,8.753055515138222,2.074940748933481,18.16207156603724,0.0285985147732659,0.0810554589982619,-0.5345450209472784,-1.0398761848947928,1.78013566452314,-0.4026119565121325,-0.6129732725004838,57.462745366706656,1.1326203218644593,0.1863
2012-06-30,3.585235737121928,1.3504407402749758,0.2,4.7780023,-0.009376049,0.0041418076,21.001818136735395,1.8,0.09,3.4,-0.0790984551960409,-0.0371602615480446,-0.052174976055122,0.0141375285077403,0.0023065483365494,0.4804913401603699,1.6257225275039673,9.262837940933936,1.8673752135130008,17.297193977687833,0.0276143480736382,0.0759157335357752,0.050721972785715,-0.0936182155107434,0.3432188913935664,0.2642124121780436,-0.6385425355919212,55.72221937750539,0.8602007380338468,0.1863
2012-07-31,3.649781223507045,1.3504407402749758,-0.1,4.774007,-0.0023884773,-0.009376049,21.130952290126256,1.62,0.09,3.39,-0.1480475446796898,0.0060982684754202,-0.0350143223882088,-0.0024211183553164,5.529183852992503e-05,0.4788089692592621,1.488796591758728,8.795733605950735,1.9795912187736564,17.411957009012422,0.020893262679788,0.0772142316426949,0.369345965846783,-0.297170203074896,0.3368360873967861,0.4698228901406165,-1.4401171729499391,43.27236678333061,0.8652368651745591,0.1863
2012-08-31,3.712442925325032,1.24898332790488,-0.2,4.775085,0.0025343895,-0.0023884773,17.565238180614653,1.53,0.1,3.27,0.075504276942147,-0.0027998327117018,0.0227144389388982,0.0012584554122709,0.0020967842001429,0.4890446364879608,1.6981786489486694,8.700847193443972,1.5738138838022306,13.693514113883795,0.0434493091393374,0.0922257366405859,-0.696259427780675,-0.2716482675377125,0.7493586517652344,0.3563466519447037,-0.911657281428585,55.8215543894031,1.0707857470051014,0.36828
2012-09-30,3.7136127136452486,1.3008204268406505,0.3,4.7720966,-0.00029087067,0.0025343895,15.689565119536027,1.68,0.1,3.21,0.0995151516220458,0.0223416847187758,0.0290332539188131,-0.0019827850454008,-0.0042882704697033,0.3026905953884125,1.7376681566238403,8.528330935826693,1.408763600395648,12.014402194520798,0.0381800197823936,0.1062314540059347,-1.056630253814069,0.0230407972248073,0.0292987373616874,0.5114905883746941,-0.7729581340692354,47.79657215723121,1.102253663732608,0.36828
2012-10-31,3.655014820242257,1.3008204268406505,-0.1,4.7686276,-0.0071163177,-0.00029087067,15.28473683407432,1.72,0.11,3.07,-0.0043533199693213,0.0678754864197106,0.0139684108856688,-0.0100687929133114,-0.000733960055224,0.3664883077144623,1.5685700178146362,8.868976189274543,1.4447586886168566,12.813530408590417,0.0388349514563106,0.0951174897987899,-0.8026617719938881,-0.4159357677292545,0.4337489188795647,-0.7981453657851774,-0.2088411045399119,61.95020494611124,0.9353339456567352,0.36828
2012-11-30,3.6236675502409934,1.3008204268406505,0.0,4.773697,0.008169174,-0.0071163177,16.276190576099214,1.75,0.1,2.73,-0.0102667444021991,0.0010139229084327,0.0503737664598062,-0.0076026560093616,0.0034679632891858,0.3419399857521057,1.563154220581055,8.517393171418904,1.36292,11.608525501190252,0.0378,0.12,-1.4153690883130217,-0.0487084349541617,0.6119645643210375,0.6159159903573833,-0.566404686955875,65.61992388217159,0.8974611393044627,0.25945
2012-12-31,3.641969918678284,1.3008204268406505,0.0,4.7723413,0.006975651,0.008169174,16.70190484183175,1.65,0.09,2.95,-0.0240289212202942,-0.0143822651970388,0.0176339783239747,-0.0017169865495272,0.0036609386281414,0.3051484823226928,1.5683213472366333,8.556221578383715,1.7967679876875722,15.37354502760149,0.0296267795305886,0.0809926894959599,-0.7893277246983439,-0.9211317802533135,0.8268655060657268,0.4189889153383682,-0.4470330564981694,56.6946483565665,0.942784997248693,0.25945
2013-01-31,3.7104257910938063,1.3008204268406505,0.0,4.7755275,-0.0010967255,0.006975651,17.306999826431273,1.72,0.07,2.85,0.0039846627720736,-0.0216530173788349,0.0346240406318401,0.0005780068558398,0.0023667469005932,0.3067722916603088,1.5649269819259644,8.35936910622267,1.4882642304989455,12.44095003032914,0.0442726633872101,0.1192316701803701,-1.1322528112883516,-0.4487547085162485,0.5676685155995269,0.3935093175415599,-0.5485243275529925,53.51677931417693,0.9006445497513087,0.25945
2013-02-28,3.711641807479984,1.3008204268406505,0.0,4.779535,-0.008278847,-0.0010967255,13.505238124302457,1.91,0.07,2.82,0.0311640205101983,-0.0076947060982082,0.0461154917935466,-0.0018475830040616,0.0002451126233573,0.3412718772888183,1.757733702659607,8.353025845202325,1.972253653936822,16.474285744628997,0.0384252710985384,0.0884016973125884,-0.3323591234155497,-0.9468919915125892,0.5218988682345037,-0.114020315281334,-0.3993540174500187,83.87836453974666,1.1202120179579498,0.38752
2013-03-31,3.6903550183116542,1.350440740274976,0.1,4.779364,-0.0027666092,-0.008278847,14.07263163516396,1.98,0.1,2.89,0.0269918942154623,-0.0268414965107792,-0.0133973900969124,0.0004340870975485,0.0046660051793319,0.4657588303089142,1.8393527269363403,8.078067881815437,1.77243947858473,14.317886424417008,0.0428305400372439,0.1080074487895716,-0.5163381618312566,-0.112373496104295,0.3533599191071566,0.1569330729153125,-0.7349582393653279,63.84775042833538,1.0224517565486129,0.38752
2013-04-30,3.68185735465749,1.4436354751788136,0.1,4.7820635,0.0027680397,-0.0027666092,13.031500005722046,1.96,0.09,2.96,-0.0675151550324617,-0.0214150892680509,-0.0280413484209667,-0.0016891760035153,0.0040204876513261,0.4113183319568634,1.6417275667190552,4.727387818712341,2.2785714285714285,10.771690815494548,0.0892857142857142,0.0982142857142857,0.81580620979485,-1.2755642131393388,3.790289531121583,2.1573169905240945,1.46950070720721,77.13172365144038,1.0204515632611937,0.38752
2013-05-31,3.710663536867923,1.4436354751788136,-0.2,4.7858834,0.0051727295,0.0027680397,13.967272715135056,1.76,0.06,2.83,-0.0591074998923915,-0.0683361860180333,-0.0197169094387543,-0.0074502384930803,-0.0008633445250438,0.6476489901542664,2.21997594833374,4.736198448394496,1.2699115044247788,6.0145528968549575,0.0353982300884955,0.079646017699115,-2.721356606553752,2.758747196960793,1.1540023709279017,1.3442686171454237,-1.5532543771216871,99.32511340387532,1.016533872240939,0.31599
2013-06-30,3.718779233061807,1.4874828366412745,0.1,4.7865953,-0.0016312599,0.0051727295,13.493636304681951,1.93,0.04,2.79,0.0030316840620416,-0.0508951675835573,0.0378950174833079,-0.0049924079397374,0.0007806732341153,0.2741900682449341,1.7678042650222778,5.634789603169249,3.521505376344086,19.84294188212827,0.003584229390681,0.03584229390681,2.247132726506339,2.1518151318593803,2.1950024512891835,-0.3829059798714911,0.54058783588173,66.12562781454426,0.9666936507627424,0.31599
2013-07-31,3.805373552964588,1.4874828366412745,-0.1,4.782316,0.0011920929,-0.0016312599,17.271499919891358,2.3,0.05,2.83,0.0035124321619139,-0.0512751678972911,-0.0849352273909094,0.00055413401682,0.0020727838311218,0.4147798717021942,1.8646067380905151,4.804021044733257,1.7966942148760332,8.63135681921496,0.0,0.0909090909090909,1.927770030822621,3.622539768786595,1.144818919149071,-0.0323350223629006,-2.0423420652783792,66.8991987952653,0.9220496378841976,0.31599
2013-08-31,3.8209786096992895,1.5296604950904071,0.1,4.788007,0.006587982,0.0011920929,13.97454565221613,2.58,0.04,2.68,0.0475652195303402,-0.0440062999961927,0.0100700234860191,-0.0014674952494182,-0.0031067520457499,0.2670436799526214,1.4333962202072144,4.574710978503383,2.345833333333333,10.731509503739185,0.0,0.0729166666666666,1.728152895492642,2.0896192780472926,-0.1493176178267465,6.005425807397184,0.8515927483681636,41.9861196961509,1.0530741259548415,0.14114
2013-09-30,3.817970897345784,1.570278543484981,0.0,4.7926583,-0.003080368,0.006587982,14.209999908100476,2.74,0.04,2.56,0.0305412835173548,0.050233936843135,0.0349444921491475,-0.0014859935619806,0.0057654622391307,0.2716663479804992,2.058542251586914,5.420534999272286,1.6497777777777778,8.9426781854661,0.0222222222222222,0.0977777777777777,0.5472712607777287,-1.122601588968076,2.063905950907804,1.357870522171248,-1.908567872604214,99.35615848902783,1.2417358794259283,0.14114
2013-10-31,3.761820260201232,1.570278543484981,-0.1,4.7957816,-0.006216049,-0.003080368,14.692000102996824,2.81,0.02,2.75,0.0028360551410528,-0.0023271136900042,0.0411759747697377,0.0001143856267538,0.0050716945710824,0.3694297075271606,2.3628108501434326,9.099743950634156,1.9660411081322609,17.890470680424613,0.031166219839142,0.0797587131367292,0.937757597063222,-0.5606116267775357,0.626102459954659,0.2802949678092548,-0.4293482102949104,142.848635652077,1.1448554262970032,0.14114
2013-11-30,3.6912261218574978,1.570278543484981,0.0,4.7942734,0.003501892,-0.006216049,15.407826050468111,2.62,0.05,2.65,-0.0228400172259615,-0.0240295520246487,0.0061802841532543,-0.0042081884228228,-0.0007890413557394,0.3399761319160461,1.5660603046417236,9.08398318309966,1.904493871992737,17.30039030549838,0.0288243304584657,0.0921470721743077,0.1413093453731687,-0.0027951414445418,0.5905484018985612,0.2191462247952019,-0.8081149694604657,59.13499880251033,0.8975120133239862,0.15803
2013-12-31,3.72796595523544,1.570278543484981,0.0,4.799033,0.0038890839,0.003501892,12.923999977111816,2.72,0.07,2.61,-0.0118462260039784,-0.0314170042588823,0.0087210289077717,-0.0003446436664811,0.0023333600077277,0.4999053180217743,1.7572429180145264,9.268703615273097,1.925745283018868,17.849162266812094,0.0275471698113207,0.0766981132075471,0.3471710014782688,-0.541809669335727,0.3685283647366489,0.3194181291757361,-0.7444491338410137,61.444404447018975,1.001326967357535,0.15803
2014-01-31,3.694228760483288,1.5296604950904071,-0.1,4.7977314,0.0049905777,0.0038890839,14.192380905151367,2.9,0.07,2.33,0.0271321585310726,-0.043531025380509,0.0028386940711442,-0.0063396090771197,0.002008631714113,0.3580349683761596,1.631973385810852,4.8283137373023015,1.6524193548387098,7.978399070751949,0.0080645161290322,0.0967741935483871,-0.4492134668228694,-0.2231105705115388,0.7993467704558793,1.5557642558619502,-1.3902589194806625,63.1790955940676,0.9913662444285816,0.15803
2014-02-28,3.756596465727069,1.4436354751788136,-0.1,4.806434,0.004280567,0.0049905777,14.240952400934129,2.86,0.04,2.4,-0.0241149019770894,0.0184595769131616,-0.0280134119700399,0.0008751146050409,-0.0035639327448748,0.274941086769104,1.6967792510986328,8.737773460327283,1.3890261511310764,12.136995839053672,0.0344938231991015,0.0909674314134445,-1.0774974983944698,-0.8667059482363438,-0.2159772416294475,0.28679552047667,-0.3780781268992782,59.375368740478194,0.9526387846884342,0.18492
2014-03-31,3.754358099569604,1.4436354751788136,0.2,4.812135,0.006114483,0.004280567,15.470000116448654,2.71,0.05,2.35,0.0072141621741348,0.0434921227763549,-0.0239068208946218,0.0140614257394831,0.007528506037616,0.2944836020469665,1.4558274745941162,9.066700921774572,1.592564369010507,14.439304832492905,0.0252857637686179,0.0931763075857291,-0.5095134368185046,-0.8506714617843288,-0.0092195134302222,-0.2056405168707428,0.4254160041956498,57.60886591026095,0.9688734991871016,0.18492
2014-04-30,3.76501614618018,1.137982046293372,-0.6,4.810627,-0.00736475,0.006114483,14.836666742960611,2.72,0.05,2.26,-0.0131212182321345,0.027698818217404,-0.0093977336685107,0.0115847653569847,0.0096386050748114,0.606511652469635,2.701395273208618,8.936824154997302,1.7596371285826975,15.725567594747943,0.0248488035761241,0.0674467525637654,-0.098519645415534,-0.8313065912132397,0.8012051996581151,1.436065071058163,-0.2727138395237903,147.65536698868772,1.5300403610044322,0.18492
2014-05-31,3.764192060185684,1.0784510589549017,0.5,4.8144875,-0.003308773,-0.00736475,14.198095321655272,2.71,0.03,2.16,0.0025486965008578,-0.0285687081503578,0.0277130958054279,0.0068454437487437,0.0009672024963487,0.4259178936481476,2.1098711490631104,8.940760134888384,1.5849921424829754,14.171034561623117,0.0235725510738606,0.0910162388685175,-0.6606340487624218,-0.7453005995281785,0.8195217794115317,0.2370245095072565,0.3697520321934632,89.68230232460522,1.2709710159343393,0.19537
2014-06-30,3.7975918330029184,1.0159731341796967,0.0,4.812151,0.0028691292,-0.003308773,12.475238028026762,2.56,0.03,2.22,0.016419138937568,-0.0075062485487773,-0.0005983617602378,-0.001919048741064,0.0038243209715158,0.4553151428699493,1.802445888519287,9.32473991228468,0.6828739630719829,6.367622098517333,0.0387119793060387,0.14004103113014,-2.6715288169894413,-0.3292946349430572,0.0595481507888455,1.467597080170751,-0.55228105670063,79.52875150477433,1.2104910522863364,0.19537
2014-07-31,3.775451783671495,1.0159731341796967,0.1,4.814018,0.004512787,0.0028691292,11.541428565979004,2.6,0.04,2.18,0.0203874865953253,-0.0075082912388797,0.0244919557233238,-0.0069875873638387,0.0034263137889523,0.2220812141895294,2.1296002864837646,8.927048647825695,1.2880377057886352,11.498375259808943,0.0319968135953266,0.1107275624004248,-1.757452949696985,-1.043598754229769,0.2867625698333488,1.3415042304649392,0.0859481312881513,105.24500747957208,1.3664226135520736,0.19537
2014-08-31,3.705128427982792,1.0159731341796967,0.0,4.8158655,0.0027809143,0.004512787,12.296363613822244,2.54,0.03,2.17,-0.0460090076605652,0.024320711877853,0.0262300896756677,-0.0048314346686848,0.0022187855179991,0.5687612891197205,2.9183337688446045,9.140775908590271,1.436313927307816,13.129023743907965,0.0338801329473571,0.1062506700975662,-1.1911453515284571,-0.5172023481523363,0.6791733712041078,0.7831518117761269,-0.4392223592590809,148.6660448000181,1.7488761892031963,0.20086
2014-09-30,3.669954421381224,1.0159731341796967,0.0,4.806136,0.0034675598,0.0027809143,13.497142927987236,2.42,0.03,2.23,-0.0495367495768714,-0.011866341287523,0.0433258549790114,-0.0049851118526855,-0.0018898378264742,0.3972523510456085,2.797318458557129,8.984317679911129,1.0230817452357073,9.191691411715498,0.0391173520561685,0.1233701103309929,-1.79586732690297,-0.7139892831609964,0.3556744195435773,0.7138830626632789,-0.97320866662871,200.7027537618034,2.02649581624241,0.20086
2014-10-31,3.570864744400852,1.0784510589549017,0.1,4.8161254,0.00980711,0.0034675598,13.466666630336215,2.53,0.02,2.29,-0.045470112348358,-0.0462858323352097,-0.0191349884842573,-0.0008142659842458,0.0028693197501494,0.4455684125423431,2.9062299728393555,8.996528148090857,1.6733960862026258,15.054754992426997,0.0298488976963091,0.1045330691107257,-0.3653553018363652,-0.5488656616295727,0.7964731561760796,0.8603709602344181,-1.0655167411890594,220.26111443249144,1.6355049352181594,0.20086
2014-11-30,3.4651481352074205,1.3008204268406505,0.3,4.809363,0.0119280815,0.00980711,18.01608711740245,2.3,0.02,2.39,-0.1048693276124721,-0.0114354815039963,-0.0436894760423687,-0.0041794614485792,0.0001193360840261,0.2357235252857208,1.7717283964157104,9.058586816748646,1.5411593528110814,13.960725795883336,0.024793388429752,0.0982423466418344,-0.760698154209472,-0.2214183956604401,0.134124235357562,0.4007242916457973,0.0081163964070339,133.0389370495653,1.1353748428811443,0.14211
2014-12-31,3.222711811760883,1.3008204268406505,-0.4,4.816605,-0.00268507,0.0119280815,13.41315786462081,2.33,0.02,2.52,-0.0958082514625848,-0.0393408031456594,0.0203016721415778,0.0049774486091327,0.0061531513501895,0.3742002844810486,1.762362718582153,9.40713994795079,2.01961557417447,18.99880634732023,0.0295712173484475,0.0933136191884343,0.9183248680579272,-0.9929879844807548,0.7748975486670919,0.4854516848506182,0.3144031430487269,102.12232529819444,1.1160436259876385,0.14211
2015-01-31,3.0014793791914607,1.3008204268406505,0.0,4.8188744,0.011389732,-0.00268507,16.3118182962591,2.21,0.03,2.51,-0.2424524522902489,0.0212891308056804,-0.016663569084832,0.0099940090787493,-7.906777172816959e-05,0.2525582313537597,1.7766165733337402,8.980172205725008,1.711796550421755,15.372227803953392,0.0404129422132695,0.1061311846909228,-0.5184688246227882,-0.8209919212043706,0.4683925546466361,0.8014588598625868,-1.0089984404281136,88.01731562181845,1.10991902849914,0.14211
2015-02-28,3.0676866518874157,1.350440740274976,0.1,4.8244133,-0.0089941025,0.011389732,19.119499969482423,1.88,0.03,2.61,-0.2663450657791175,0.0409052813518222,0.0346175072647216,0.0072105081112923,-0.0078792284874769,0.288981020450592,2.1024417877197266,8.9300972286214,1.8258371939113167,16.304903665261325,0.0444738583719391,0.1101257445400397,-0.3379128669610973,-0.562281700131181,1.232543022074224,1.520471323248527,-0.3645584488082961,128.77408778445857,1.4895150150017635,0.17252
2015-03-31,3.0088840430791928,1.350440740274976,-0.1,4.821708,-0.0011944771,-0.0089941025,15.904210492184289,1.98,0.02,2.46,0.1959102081726174,-0.0191060081088076,0.0188417751364688,0.0031951461003159,-0.006405903226315,0.3238460123538971,2.4174420833587646,8.96890555068972,1.460733384262796,13.101179758192371,0.0436720142602495,0.1023682200152788,0.0197836622011086,-0.7294710089962239,0.728381106200849,0.7719776569683449,-0.2530326883840476,119.5210458507028,1.5035151984000976,0.17252
2015-04-30,3.137680994535602,1.137982046293372,-0.4,4.8213487,0.011284828,-0.0011944771,14.812727277929133,2.04,0.03,2.55,-0.0387840667999244,-0.0402846162512497,-0.0148490690412259,-0.0113086179286732,-0.0033518725083752,0.3995551466941833,2.496189832687378,9.06496771896043,1.796911866759195,16.28894806598903,0.0350451075641915,0.0885958824890122,0.3150631459316052,-0.931388471174794,1.002049494949348,0.9338422627531192,-0.1496013282837247,96.26229806725156,1.2627366951369998,0.17252
2015-05-31,3.219209101252326,0.8813735870195485,0.0,4.820785,-0.004261017,0.011284828,13.494761875697543,1.94,0.02,2.6,0.06308025115041,0.0170767453299758,0.1176965653989139,0.0004515837764635,-0.005470746111496,0.5016366839408875,2.4401650428771973,9.148464968258097,1.899851047983828,17.380720757388477,0.0306415576125119,0.0967124162144909,-0.2495694402760951,-1.330501650423072,1.3855170006609832,0.5688539894435373,0.5533877509195089,100.91005376741198,1.275093347506945,0.29838
2015-06-30,3.225681781482666,1.015973134179697,0.6,4.81825,-0.0010762215,-0.004261017,13.3385000705719,2.2,0.02,2.72,0.073669879709211,-0.0002502544266391,0.0122591746829776,-0.0006129131306893,-0.0044228298448434,0.2950104773044586,1.6674505472183228,9.313979406735667,1.3144080786223065,12.24236977633516,0.0284915697412316,0.1086466504372914,-0.8268416743879428,-0.623603487760598,0.1033950479794014,0.660011647352883,0.0832833239862009,86.23354716389052,1.0578229620817208,0.29838
2015-07-31,3.0626195889333463,0.8813735870195485,-0.4,4.8229804,0.0053544044,-0.0010762215,14.33954551003196,2.36,0.02,2.83,-0.0413793211998054,-0.0143944202846313,-0.0245389808936895,0.0003226326854894,-0.0031500185136206,0.3204573094844818,1.9097522497177124,9.39274525863144,1.6300750000000002,15.310879227463648,0.0305833333333333,0.0834166666666666,-0.2783815242988353,-0.8057242785875015,0.3805436046129116,0.3516711814407123,-0.2129689875422935,79.00085809940897,1.1012765044009305,0.29838
2015-08-31,2.890933147076097,1.015973134179697,0.4,4.8208804,0.007080555,0.0053544044,14.35272723978216,2.32,0.03,2.94,-0.0833498684155777,-0.0460638796307621,-0.0760085529490091,0.0015632935486713,0.0064600821906077,0.727304220199585,2.4546518325805664,9.403189650656792,1.9251030842817087,18.102109398565236,0.0301006102589477,0.0893946890978063,0.3743958918047794,-0.8951777712476964,0.6327207530940985,0.3371370005777597,-0.1701741968255794,104.28163921134232,1.1628396668847047,0.25361
2015-09-30,2.95228365248382,1.350440740274976,0.4,4.824234,-0.0035853386,0.007080555,19.42809536343529,2.17,0.07,3.15,-0.1955502414142298,-0.0092421770481543,-0.0750100108847853,0.0264283558881965,-0.0018402107442865,0.4429365694522857,1.8612760305404663,9.322775801305973,1.3535615336491196,12.61895071148261,0.0509428903387255,0.1209223344356064,-0.9742514700811272,-0.679139308647781,1.3645143253156515,0.6104281220082421,-0.009434178683391,86.86716639686975,1.184506045855765,0.25361
2015-10-31,2.9674345956456727,1.350440740274976,-0.6,4.8232727,-0.0015816689,-0.0035853386,24.3771428607759,2.17,0.02,3.29,0.02354481445153,0.0060998093444162,-0.0843517862506271,-0.003204627455839,-0.0027949673135552,0.4176091849803924,2.2881503105163574,9.788918097792992,1.560126724234608,15.271952725710651,0.0295502971851519,0.1004261522933722,0.3165989163967777,-0.7747633445769455,0.7407187258168854,0.7341643284152555,0.5418953618977959,77.36031564082543,1.1355890711972465,0.25361
2015-11-30,2.8809194000418694,1.3979983651114376,0.1,4.826543,-0.00044059753,-0.0015816689,16.789545449343596,2.07,0.02,3.19,0.0167998007430858,0.0301946739791079,0.0593285118510245,-0.0059336116521815,-0.0048472353195281,0.2757390141487121,2.0396578311920166,9.363233118079323,1.2577632821217062,11.77673081786611,0.0426572826366835,0.1152690756158269,-0.9741336513021632,-0.9240037789828244,0.1782186218153983,0.1534060974531372,-0.0030632508865337,75.69739142106985,1.1564851717320297,0.2128
2015-12-31,2.7499441264825824,1.24898332790488,-0.4,4.8227863,0.007727623,-0.00044059753,16.209999990463256,2.26,0.12,3.2,-0.0898659936424017,-0.0648669482936838,-0.0061917341532282,0.0110654899258724,-0.007384517731686,0.4885844886302948,3.168949842453003,9.31928445896536,1.4479192825112106,13.493571667343002,0.0360538116591928,0.0917488789237668,-0.3338896618185227,-0.7300623834111745,0.2256550063862044,-0.019836709818874,-0.1168499771312069,236.9773380663248,1.7551348063845291,0.2128
2016-01-31,2.5893122343323225,1.24898332790488,0.3,4.8203845,0.0028057098,0.007727623,18.02545473792336,2.24,0.23,3.23,-0.1525237726774699,-0.0098974991424949,-0.0269862419136739,0.0139127542403096,-0.0049161232406857,0.4672437608242035,3.349400043487549,9.190647738630446,1.4409118727050183,13.242913444442138,0.0362097103223174,0.1091391268869849,-0.574052596787907,-0.6079373796101786,0.5501099653390341,-0.1302890251981802,-0.1986475567332204,165.74545913495308,1.2826542966265384,0.2128
2016-02-29,2.546751177656473,1.137982046293372,-0.2,4.831171,9.1552734e-05,0.0028057098,23.717894805105107,2.09,0.26,3.48,-0.2134833222796945,0.0203995756614743,-0.1046297146420727,0.0149240493060776,0.005226534839914,0.6952168941497803,2.507415533065796,9.428913494775632,1.616500562610513,15.241843969110668,0.036248191609066,0.0884905963671435,0.3098013927908042,-0.7767721896306878,0.401491009364481,0.1760360859210038,-0.2808670582480973,142.4207313428758,1.434167991145344,0.18518
2016-03-31,2.758614908216214,0.7326682560454167,-0.4,4.8285375,-0.010102272,9.1552734e-05,22.516999816894533,1.78,0.31,3.55,0.0471453854653058,0.0884964307828841,-0.0308313270726774,-0.0034583396367287,-0.0051982643192998,0.4990703463554382,2.245816707611084,9.664849580263269,1.169802577286866,11.305965948081855,0.0319304259506125,0.1035993144163016,-1.292301367712754,-1.0377335857646188,0.1329827666639365,-0.481519711792424,0.1649563622396073,89.62000898283969,1.247518869177884,0.18518
2016-04-30,2.836853088732133,0.568824898732254,0.4,4.830557,-0.001065731,-0.010102272,15.849090966311367,1.89,0.29,3.12,0.1717174040887119,0.0373431700962507,0.0591220228498166,-0.016076651011097,-0.0074475614830165,0.511520504951477,2.448961019515991,9.360569085222874,1.2703270223752152,11.890983853768663,0.0514629948364888,0.1182444061962134,-1.26014493155122,-0.9083645557658834,0.5785382758545836,-0.0929920288731912,0.1755515272641977,96.42767010182084,1.215287122413223,0.18518
2016-05-31,2.9708255969576647,0.2956730475634296,-0.1,4.832392,-0.009569168,-0.001065731,14.300476255871,1.81,0.23,2.86,0.0845902885939291,-0.0023156720165324,0.0321577385337317,0.0039932570205556,0.0033764655587065,0.3625040650367737,2.012362241744995,9.380758024267314,1.3125832841359537,12.313026175177493,0.0360124820780973,0.1031458210339883,-0.441112629393202,-0.8500992551547736,-0.0060689979149114,0.3934029408625397,0.2736522729739968,84.696249665211,1.1125107788539046,0.22826
2016-06-30,3.0108417471872038,0.2956730475634296,0.3,4.831893,-0.010027409,-0.009569168,14.852857044764928,1.81,0.27,2.84,0.1169518222088052,0.0149331037487483,-0.0383765235542377,0.0162410875136231,-0.0022703697198567,0.446123719215393,1.9210634231567385,9.375939552625749,1.1248983050847456,10.546978511325731,0.0406779661016949,0.1121186440677966,-1.8898234078451503,-1.077638223438201,0.3691531588139516,-0.4941198365277736,0.2592732015274728,83.00171965868078,1.1473404596448264,0.22826
2016-07-31,2.922923176888768,-0.0998340788992001,-0.4,4.8387933,0.008569241,-0.010027409,17.774545496160332,1.64,0.27,2.92,0.0316880342280478,0.0121782102958727,0.0231472458232886,0.0099957734360962,0.0047125884915697,0.3020720183849334,1.7746731042861938,9.43460329655831,1.0137696795332851,9.564514760475593,0.0508271397746343,0.1208343322944138,-1.7751137461902846,-1.2662304256276766,0.3118072250448545,-0.7971652008825741,0.5634161138341344,121.1292222483198,1.007895320012976,0.22826
2016-08-31,2.922475992890176,7.327471962526006e-15,0.5,4.833914,0.009274006,0.008569241,13.158500051498413,1.5,0.3,2.71,-0.0707461672547413,0.0461303496848062,0.0404090962840157,-0.001325002075956,0.0011714023549629,0.3781368136405945,2.460344791412353,9.32250766884693,0.7350616842481673,6.85261818847908,0.050509565528339,0.1365099231181834,-2.778385133287292,-1.483396756346519,0.081440813015175,-0.591262549861302,0.7997678668090074,128.34540148610458,1.347049812458421,0.18513
2016-09-30,2.930745645659936,-0.1986901103492342,-0.3,4.836863,-0.0068073273,0.009274006,12.3995652406112,1.56,0.3,2.61,0.0196303285617212,0.002622506480935,0.0528493141291956,0.0060835204557434,-0.0015082196772331,0.2894355952739715,2.150093078613281,9.211140052146748,1.2653742380333766,11.655539324903907,0.0446687318876786,0.1125212351354052,-1.286522436758864,-0.9357943868151692,0.7362773406723239,0.0005584593726322,-0.3431698296661638,104.31616653544368,1.4127075922874153,0.18513
2016-10-31,3.025330329277876,-0.2956730475634154,0.1,4.835976,0.0040869713,-0.0068073273,14.219523793175108,1.63,0.29,2.69,0.015684289706694,-0.0101696554395465,0.0380298824494822,-0.0013636944740775,-0.0010556910872727,0.5847952961921692,2.6114134788513184,9.425209786838147,1.4755727654081965,13.907582869717164,0.0302516940948693,0.0913197805743788,-0.6073079848294066,-0.9415842077486528,-0.1290490206111861,-0.5947196973818408,0.6117613602028206,88.76497340770923,1.1298895973779637,0.18513
2016-11-30,2.937484026971243,7.327471962526006e-15,0.4,4.8428793,0.014536858,0.0040869713,14.58523804800851,1.76,0.33,2.61,0.0615169544280456,-0.0463301475890247,-0.0058338015714092,0.0156229929583417,0.0001559439981937,0.2650436758995056,1.997644066810608,9.393994374003915,1.5434873075322513,14.49951108330442,0.0315439034540158,0.0920516021639617,-0.6955812653039097,-1.1375465920950545,0.90334367202226,-0.596190536497988,0.4036876353392851,82.81803743467543,1.211827079478252,0.30182
2016-12-31,3.063961259740463,-0.4812118250595968,-0.8,4.843582,0.012452126,0.014536858,15.236190387180873,2.14,0.45,2.45,-0.1016888367414106,-0.022516820197878,-0.034209884515894,0.0161383580466809,-0.0041804087257064,0.4768986105918884,1.917850375175476,9.519955154427514,1.7431244496624596,16.594466589372757,0.0320663340181978,0.0889345465218667,-0.6601506380834463,-1.053117280064661,-0.0353935266644964,-0.0029718471264773,0.5441397921395364,105.22968906879191,1.1552542467694589,0.30182
2017-01-31,3.0699756394884217,-0.7326682560454051,0.2,4.8433127,-0.0064439774,0.012452126,12.472380956013998,2.49,0.51,2.28,0.1753599220280546,-0.0676382990220458,-0.0173591523639213,0.0085776596858013,0.0068125945893555,0.5850464105606079,2.29724645614624,9.65117262392164,1.1030439539223889,10.64566761107804,0.0360383551065062,0.1094665036360126,-1.442847618095761,-0.6990766326979262,-0.3999728485053657,-0.463275757799867,0.0614558850177978,118.99256547864051,1.2243296192372497,0.30182
2017-02-28,3.087007962140917,-0.7326682560454051,0.3,4.850903,-0.011232376,-0.0064439774,11.608500003814695,2.43,0.51,2.23,0.0235106478545561,0.0295749084026208,0.0259701519760326,-0.0095805303050819,-0.0026321858636491,0.6432333588600159,2.5729334354400635,9.607033787697222,1.2989843960182943,12.479386982239223,0.0369921980091471,0.1200564971751412,-1.8122211203204672,-0.8756387756864211,0.1469174841227356,-0.4941436540818662,0.853189016785578,123.47584668337932,1.148486309832406,0.32031
2017-03-31,3.0076784727927666,-0.9503469298211292,-0.3,4.854634,-0.0001244545,-0.011232376,11.530526361967388,2.42,0.52,2.19,0.0053511975984705,0.0347065291630102,0.0391444766419848,-0.0014989124778548,-0.0040228192946498,0.7214450836181641,3.023460626602173,9.427465850964827,1.3804169349645845,13.013833514472156,0.0351738570508692,0.1057630392788152,-0.9841312410365598,-0.8488327124034991,0.4614073042241054,-0.3926502630654195,0.6552760501332889,127.09346501478107,1.0867803426790916,0.32031
2017-04-30,3.0407656958375324,-0.7326682560454049,0.6,4.8599334,-0.00997448,-0.0001244545,11.897826111834982,2.48,0.74,2.24,-0.0616466387728844,-0.0022550118656097,0.0127469365260015,0.0024291451030744,0.0065772411659166,0.6296865940093994,2.1438183784484863,5.641907070938114,3.42135231316726,19.30295180782884,0.0,0.0355871886120996,0.4824754010108582,3.2784888749348102,2.882128275843564,0.3188691878015789,0.8320253513905923,122.73718536749054,1.0732040738719082,0.32031
2017-05-31,2.989456627142755,-1.0784510589548928,-0.8,4.861954,-0.0054192543,-0.00997448,13.136315847698013,2.3,0.8,2.28,0.0138363108612904,0.0283892098964093,0.0096525343506161,0.0009874249342931,0.0101359365050237,1.0770200490951538,3.0787012577056885,5.82600010738045,4.7887573964497046,27.899301105934903,0.0118343195266272,0.014792899408284,0.526954972264447,5.315294595339104,5.246768928819753,1.999814144062784,0.2964058074044801,174.2232199257568,1.4051445261033806,0.2991
2017-06-30,2.917923134135129,-1.3979983651114314,-0.1,4.863735,0.0072689056,-0.0054192543,10.862272782759232,2.3,0.89,2.23,-0.0386151013673918,-0.016586662356917,0.0374838382961453,-0.0117083338710353,0.0011830347817092,0.6904955506324768,2.518277883529663,5.666426688112432,2.476388888888889,14.032276090145094,0.0104166666666666,0.1145833333333333,-0.4161687211621382,4.030902806213557,2.260528767122428,2.3134166633340545,0.0949184614251438,163.49026032431107,1.0349002468826745,0.2991
2017-07-31,2.948902711931699,-1.4874828366412671,0.4,4.8635206,0.0067873,0.0072689056,10.513636328957295,2.19,0.98,2.09,-0.0819187219726185,0.0113475263039548,0.0250435919207099,-0.0044888993701008,0.00205798028521,0.5417956709861755,2.858617067337036,5.811140992976701,3.688288288288288,21.433163265987936,0.0,0.078078078078078,0.1049298493906447,7.245565667678397,0.9144239452231172,2.9258890309135706,1.7357530126242553,135.2944879969006,1.1287852228437312,0.2991
2017-08-31,2.974705925504989,-1.5296604950903998,0.1,4.862419,0.0063533783,0.0067873,10.264499998092653,2.32,1.07,2.06,0.0445083867642965,-0.0187583090281018,0.0190899336365024,-0.0081906362380617,-0.0023975598889283,0.90605628490448,2.6227943897247314,6.084499413075172,3.2454337899543377,19.746839990151496,0.0182648401826484,0.2214611872146118,-1.4565937268960956,7.625790459446026,2.4305874403079435,-3.0395515862454,4.080079149572173,91.4720646246814,1.1275822981986046,0.16514
2017-09-30,3.006447850967436,-1.248983327904872,0.7,4.8689065,-0.007519722,0.0063533783,11.97565215566884,2.21,1.01,2.14,0.064420001100339,0.036672522222017,0.044806965235999,-0.020311977695036,-0.0041471676206601,1.2550736665725708,3.556932210922241,5.58724865840025,3.577067669172932,19.985966535593374,0.0075187969924812,0.1090225563909774,0.3944539002247532,7.75630068650611,3.325917933437478,-0.8035548992495762,-0.1994383473073973,201.64042681355747,1.7245123926820816,0.16514
2017-10-31,3.040658257612772,-1.3008204268406434,-0.7,4.8710957,0.0025968552,-0.007519722,10.437999963760376,2.2,1.03,2.0,0.0825356888065429,0.0238969290174431,0.0094328243451471,0.0097417343312846,0.0010316416096038,1.2183551788330078,2.881110429763794,5.594711379601839,3.79589552238806,21.236939874884147,0.0111940298507462,0.0522388059701492,-1.1148694600813096,5.095954863874707,2.355589225667958,0.745904966897464,0.7390418599941935,148.07080705592887,1.3315376164763555,0.16514
2017-11-30,3.131150028584088,-1.0784510589548928,0.5,4.871788,0.001888752,0.0025968552,10.125454512509434,2.36,1.07,1.91,0.0238417621245758,-0.0266519989539091,0.0213943331643111,-0.003085934362746,0.0122429513273667,0.6046587228775024,2.098043918609619,5.342334251964811,3.798557692307692,20.293164867679792,0.0,0.0673076923076923,0.0153869485373189,3.835579507370216,3.615703633280935,2.1405384605781115,0.3553350758543001,147.08010400812154,1.058383653219544,0.16326
2017-12-31,3.1507304674532657,-1.248983327904872,-0.7,4.881066,0.008196831,0.001888752,10.540476163228352,2.35,1.23,1.88,0.0866668316559469,0.0018661601958367,0.027518564286078,-0.0035946813315559,0.0023896267805678,0.753240168094635,2.175559759140014,4.990432586778736,3.662328767123288,18.27660482294925,0.0273972602739726,0.0684931506849315,0.0658655219791408,2.4777197586852213,2.404893341061474,1.2004807852858117,2.1324793748095114,119.19203518226938,1.0108281543555395,0.16326
2018-01-31,3.242641081087227,-1.3979983651114314,0.0,4.8825274,-0.0033946037,0.008196831,10.264500045776368,2.4,1.32,1.77,0.0261187615450175,-0.0137061073105284,-0.0026419316213619,-0.0156614182183549,0.0019533298635989,0.7310609817504883,2.001279354095459,6.037870919922137,2.3394736842105264,14.125440125817844,0.0095693779904306,0.0669856459330143,1.0141572911920356,0.5353480043577623,1.9005542488903613,-2.8521990865779183,0.5378846850183093,117.32789972171923,1.014679228845837,0.16326
2018-02-28,3.216648674798842,-1.443635475178808,0.2,4.8863654,0.006043434,-0.0033946037,11.062381017775763,2.58,1.41,1.56,0.0705208532543668,0.0515186634303104,0.0901374807268595,-0.0347483045722678,-1.872595501151153e-05,0.6854663491249084,2.203904628753662,9.064620717626775,1.1542519958347797,10.462856554806,0.0387596899224806,0.1295846349647113,-2.171801828939902,-0.4407381418539252,0.9368538523571212,0.3506415411085846,0.1822535790872605,163.53986218995004,1.220368229909991,0.28397
2018-03-31,3.2248998311090324,-1.8184464592320655,-0.9,4.8898454,0.0019230843,0.006043434,22.464736637316253,2.86,1.57,1.68,-0.0559657783283755,-0.0004282446168604,-0.0282104195597749,0.0069615967676597,0.0024216066290527,0.2929415106773376,1.590253829956055,9.01881660441743,1.252640503875969,11.297334975722404,0.0398498062015503,0.1149467054263565,-1.72432266294959,-0.6346218554128311,0.6889207485375343,0.2600778715916685,-0.058362192578865,100.54142559561852,1.076709988862901,0.28397
2018-04-30,3.2773167477858727,-1.99283576493974,0.4,4.8861866,-0.0025286674,0.0019230843,19.02380975087484,2.84,1.7,1.85,0.0106472411469482,-0.0045718411026545,-0.0023004257432077,-0.0087932887273782,0.004886354634384,0.9457401633262634,2.749058246612549,9.56395062454207,1.45901973176041,13.953992674789175,0.0356014324836739,0.115371111579243,-1.3165966442986456,0.0881799368360775,0.3321264308636221,-0.6205050721938339,0.9180285058039738,205.3278326064302,1.2234791551577455,0.28397
2018-05-31,3.329362026283697,-1.9092740140163365,0.9,4.8915353,-0.0043153763,-0.0025286674,18.26761904216948,2.87,1.76,1.79,0.0882300231818034,0.0075956776735814,-0.0170416762604563,0.0095041611557187,0.0109585819031714,1.105688214302063,3.360255718231201,9.709660055555972,1.6072412746585736,15.605766404193217,0.0462518968133535,0.1183004552352048,-2.0793529179776877,-0.4230970080021296,1.1290663992244592,-0.754136808373716,0.7029747022541903,237.6841560852484,1.3412025404087642,0.13622
2018-06-30,3.296610408075359,-1.9378792776644975,-0.4,4.8896213,-0.0031394958,-0.0043153763,14.124545487490566,2.98,1.86,1.89,0.0653465283743797,-0.0237369050202849,0.0104136991561105,0.0121017635956688,-0.0090456654231489,1.5211362838745115,3.31960678100586,9.877913301416696,1.8753513901713348,18.524558441803723,0.0194931773879142,0.0901302965014876,-0.621373138461384,-0.1898781915244681,0.022327822636074,-0.0544211743320607,0.6210032923098822,177.05173993923322,1.355382550314835,0.13622
2018-07-31,3.3401969168044845,-2.045028204867631,-0.3,4.8881273,0.008150578,-0.0031394958,13.678095318022228,2.91,1.9,1.99,-0.0339638430688653,-0.0169287065712362,-0.0205285243937165,0.0318603410151527,0.0077393231839559,1.168890118598938,2.622774839401245,9.619797501353885,1.3297762135599973,12.792177896564292,0.0418354472408526,0.1355335679660004,-1.834653508496616,0.3460513450481708,0.3125989964939337,-0.1549681693999037,0.646770261991685,203.35128736730667,1.0988457717605586,0.13622
2018-08-31,3.2965078227527917,-2.142111908236904,0.0,4.8909483,0.005411148,0.008150578,13.147619065784273,2.89,1.96,1.83,-0.0020270713033436,-0.0348229907847761,-0.05442918293034,0.0278240721232354,0.0016130706732431,1.0246338844299316,2.685394763946533,9.57275879054198,1.2032505046286628,11.518426845408106,0.0593025683858843,0.1336395907287534,-2.5911439310349174,0.2402327042349148,0.9860458483610856,-0.0384347849524228,0.7065796010048983,243.92096572870307,1.1258644385428462,0.25653
2018-09-30,3.326481490343873,-2.2308141790009346,-4.440892e-16,4.8948035,0.0066313744,0.005411148,12.546956518422002,2.89,2.03,1.92,-0.0235165815799787,-0.0295173555885321,-0.019560129046269,0.0038433939549484,0.006442729109767,0.96295964717865,2.8082590103149414,9.542589417753089,1.1743472022955523,11.206313185393483,0.0477761836441893,0.1359397417503586,-2.4605547907422807,0.0215333814084199,0.7144611523536458,-0.4931910462611135,-0.1469975003108252,161.3919914402023,1.22162255638858,0.25653
2018-10-31,3.331815045390418,-2.292635752042405,0.1,4.891315,0.00030612946,0.0066313744,12.910526325828153,3.0,2.13,1.84,0.0840908619006528,-0.0027665531582474,-0.0244469383861645,0.0055482694525303,0.0006505452749951,0.7727845311164856,1.8185635805130005,9.607571675157244,0.923393385318634,8.871568133814867,0.049273998386663,0.172156493681097,-2.4526777687691608,0.7753999820095521,0.0488178151933778,-0.796001129290768,-0.1267886366033416,132.234429960725,1.0639838061260942,0.25653
2018-11-30,3.115466825945108,-2.272441327386598,0.4,4.8964663,0.014173508,0.00030612946,19.35217363938041,3.15,2.25,2.03,0.0267791317044476,0.0140860236545936,-0.0584028023751308,0.0152729873729875,-0.0011033900564871,1.038062334060669,2.389190912246704,9.571156728415463,1.0196249302844396,9.758990011952063,0.0362520914668153,0.1344116006692693,-2.548416986738675,-0.2833357129981412,0.2444556674886937,-0.349319052704423,0.5980448534513574,165.67832590960614,1.0791346678359874,0.28711
2018-12-31,2.975529808562834,-2.272441327386598,-0.1,4.8910046,0.0023269653,0.014173508,19.389047622680664,3.12,2.33,2.27,-0.2243406644515957,0.0043184908085533,0.0146195012386431,-0.002570086485943,0.000793064524438,0.6654516458511353,1.9454922676086424,9.46923709299621,1.351628840512583,12.798893952545209,0.04384746024394,0.1231279913540219,-1.5472673437014537,-0.371150161453838,0.4244177443547445,-0.2020904036857652,-0.1961551604261404,152.90604785023848,1.0661514103304068,0.28711
2019-01-31,3.0128099287557677,-2.312438341272747,-0.2,4.892701,-0.003824234,0.0023269653,24.953157726087067,2.83,2.37,2.45,-0.1211174041149352,0.0240799963752591,-0.0003180063482925,-0.0116114757414114,0.0002450018435427,0.8167096972465515,2.234217405319214,9.594786112860271,1.0025873221216042,9.619610915222136,0.0455504868250834,0.150337032750051,-1.961992299116197,-0.1217931810961184,-0.4335792170281046,0.8017244696736806,-0.1315927903314659,174.60037596508573,1.090666058298237,0.28711
2019-02-28,3.077489218877775,-2.312438341272747,0.2,4.8930774,-0.016554356,-0.003824234,19.57238079252697,2.71,2.37,2.38,0.0350666953036666,0.0325343880600268,0.023230520315451,-0.0264839040180184,-0.0066652230383583,0.9264768362045288,2.2481937408447266,9.549238235812236,1.292759923038552,12.344872486805423,0.0417587116083517,0.1294805102258961,-1.070929434491455,-0.2779683848426984,0.2915602607696875,0.1146361170812462,0.2007635395373453,192.41146725048856,1.10455308596305,0.26443
2019-03-31,3.130487852112652,-2.3880113222846475,-0.4,4.8942595,-0.0041885376,-0.016554356,15.234736844112998,2.68,2.39,2.22,0.0738107939750163,0.0216868773100955,0.0619887356583355,-0.0006872339106662,-0.0054790884900661,1.071664571762085,2.431309700012207,9.427304872213677,1.315947512477862,12.405838395960016,0.0400096602801481,0.1346804057317662,-0.8509745367978695,-0.1783707111976298,0.1017183088017064,-0.0791692561845354,0.5018877042023654,160.60543038922123,1.13403019031499,0.26443
2019-04-30,3.2208233825144883,-2.406059125298014,0.3,4.9001193,-0.0011873245,-0.0041885376,14.485238075256348,2.57,2.4,2.26,0.0334864027941677,-0.014628432869876,0.0176218513908956,0.0029845422977703,0.0003752804925412,0.771669328212738,1.8770334720611568,9.48888078651068,1.119256680039361,10.620493206399226,0.0492014230565437,0.1263341155098024,-1.6670346253491712,-0.4678479478330811,0.3965306187798524,0.3592655034392236,-0.2039109373062254,118.27480577191842,1.0475405617294522,0.26443
2019-05-31,3.1713350415562016,-2.4752052194025667,-0.3,4.898536,-0.003376007,-0.0011873245,12.949047588166737,2.53,2.38,2.14,0.0742087655417602,-0.0115896937068749,0.0334125894012213,0.0034954928904473,-0.0058659771411617,0.5595845580101013,1.9384009838104248,9.385301574363844,1.146125430274536,10.756732805174044,0.0453362438082444,0.1343296112836873,-1.336163028837764,-0.4798932847091204,0.6850007303594581,-0.1207936014083448,-0.1860641193965531,107.10504944374976,1.066396532428157,0.36588
2019-06-30,3.0634635920666726,-2.5080878593376843,0.2,4.8994102,-0.0078115463,-0.003376007,16.721818056973543,2.4,2.35,2.37,0.0011840522111175,-0.001720105809758,-0.0588380320479959,0.0246393739710644,0.001153098346327,1.1733860969543457,2.7765839099884038,9.942131176128331,1.011593784576899,10.057398103219636,0.0479626689758021,0.1594746716697936,-2.1721024143919934,0.3819981026501661,0.2719807080216561,-0.2115202748951279,0.4193212231059261,211.71137580179573,1.0929210349656096,0.36588
2019-07-31,3.108825799067716,-2.5080878593376843,0.2,4.893174,0.0013165474,-0.0078115463,15.835999870300292,2.07,2.17,2.31,-0.1048224515005191,0.0570320350340258,-0.0163331859577375,-0.0054766001915251,0.0004442719505579,1.2943308353424072,2.8691000938415527,9.670735486942808,0.8479931843998485,8.200717781061252,0.054272371576423,0.1666666666666666,-2.285827303447162,0.207008183400959,-0.0510916655059127,-0.3526897023648258,0.5919894372669129,245.6204406116215,1.154370634525378,0.36588
2019-08-31,3.0627176220164394,-2.555493553174835,-0.3,4.8947306,-0.004377365,0.0013165474,13.30590907010165,2.06,2.1,2.13,-0.0047037769635789,0.038858683980079,0.0260492354596113,0.00266214889226,-0.0048606038693659,0.7565702199935913,2.375895977020264,4.890349128221754,0.2007575757575757,0.9817746355899728,0.0454545454545454,0.2424242424242424,-4.419475556549499,2.7592291242070384,-0.672300198417566,5.593177724441111,-2.942011969151597,190.56712284614417,1.1598291275325836,0.40489
2019-09-30,3.099852703884786,-2.600777920057201,0.0,4.89431,0.012533188,-0.004377365,18.979090907356955,1.63,1.95,2.26,-0.0793727218234705,0.0601011519698992,-0.0905320093657398,0.0386153864274534,0.0068257248349024,1.2167065143585205,2.747544527053833,5.707110264748875,2.878,16.425063341947265,0.06,0.1266666666666666,-0.3385414248580558,1.082163844378776,0.1575604365026932,0.2410078589046543,-0.4462991701642831,262.2222422437361,1.3313353465200604,0.40489
2019-10-31,3.0434464785986752,-2.600777920057201,0.3,4.8931565,-0.020151615,0.012533188,15.55899987220764,1.7,1.89,2.2,0.0621336362145719,0.0067552789445404,0.0201722780668607,-0.0009229479049792,-0.0033894417233817,0.7263386249542236,2.3340272903442383,9.49732219931357,1.3463409142085117,12.786633452356623,0.0379794340613975,0.1284245290099827,-1.2445852673843376,-0.3435386377527948,0.6417167439688293,-0.8410693547538214,0.3602123248757002,187.87100659450616,1.0474464492364008,0.40489
2019-11-30,3.096470449561753,-2.600777920057201,0.0,4.8921447,0.023015022,-0.020151615,15.466521760691768,1.71,1.65,2.18,-0.0508291315376858,-0.0104945745722986,-0.0022088424638724,-0.0154807964182015,-0.008478362664281,0.6726645827293396,2.467838287353516,9.521787797978224,1.4608730681901414,13.9101233550879,0.028345418589321,0.1177030689225811,-1.610813556066852,-0.7021043129847184,0.0922524022704003,-0.4370116525101626,-0.0763094042349734,195.2837472737989,1.4143936371961845,0.32801
2019-12-31,3.142833709489063,-2.61543304000393,-0.1,4.893615,0.010544777,0.023015022,12.523499965667725,1.81,1.54,2.08,0.0569421696424807,-0.0161994370640643,0.0196539717952735,-0.0010093328598608,0.0050067643152127,0.6029929518699646,1.7385563850402832,9.33688491330114,1.4410909411350017,13.455300266978336,0.0281106802960874,0.1185230877687698,-1.5585721305671532,-0.1174526326153878,0.0150852798475653,0.3259244717969444,0.4861999952733294,135.6144157970404,1.0634304098420777,0.32801
2020-01-31,3.10170339129215,-2.600777920057201,0.2,4.8954415,-0.0013084412,0.010544777,13.756666637602306,1.86,1.54,1.98,0.0614356671370197,0.0056544056928595,0.0103594107530611,-0.0098624357571885,-0.0023266844944638,0.6018832921981812,1.7231336832046509,9.262648151599528,1.49919324221716,13.886499513913282,0.0452733485193621,0.1290812452543659,-1.102327149700526,-0.2450121072035588,0.371971920151151,0.5635346565523681,0.2297359321816142,121.4938527581718,1.0741483427615954,0.32801
2020-02-29,2.9710801995867984,-2.61543304000393,-0.2,4.849407,-0.0038275719,-0.0013084412,13.94095243726458,1.76,1.52,2.13,-0.0546004078521455,0.0536611391439283,0.0331675746178969,-0.0065860346579216,-0.0065751385800458,1.2574454545974731,3.62232518196106,9.836973748477789,1.623049380076956,15.965894144300163,0.0227661393758016,0.1325352714835399,0.7924661079601335,1.1990383130759374,0.6027616715621246,-0.4203761336451737,-0.4573452757988253,380.5969296406605,1.3792620092657344,0.52716
2020-03-31,2.4260823869976877,-2.629878706453065,0.0,4.854092,-0.0109677315,-0.0038275719,19.628947358382376,1.5,1.52,2.38,-0.1341200532101218,0.0230742684424134,-0.0364278358057195,0.0107143625303172,0.0033566014560095,0.8738296627998352,1.5158270597457886,10.047111592619004,0.9798120235620236,9.844280740517492,0.0258142758142758,0.1691787941787941,-0.149959088019059,2.1045010407713227,0.3283826395897865,-1.0203378622246406,-1.4450234889275466,125.73956013882292,1.180928064982248,0.52716
2020-04-30,1.8660117232284328,-2.644120761058625,0.0,4.851077,0.002374649,-0.0109677315,57.7368184002963,0.87,0.29,3.93,-0.5531169025764937,-0.0032423680738835,-0.1198131836091001,0.0128205062007169,-0.0399054262010247,0.6712844371795654,1.7102787494659424,9.735956081214807,0.829886484568996,8.079738366157496,0.0371290055575263,0.1276457372590753,-1.883226259079092,-0.076616319017372,0.5390520450729099,-0.3642702703842615,-1.2866847700079125,79.40081173248834,1.168837342349958,0.52716
2020-05-31,2.412218652909184,-2.71246530518434,-0.4,4.759621,0.0032281876,0.002374649,41.45380964733305,0.66,0.14,3.23,-0.5549094502470759,0.0557318036022591,-0.0040830059129053,-0.0026302779782876,-0.1414224790154561,0.6035003066062927,1.531962275505066,9.727942980021195,0.8504678467131533,8.273302719166963,0.0466654747005185,0.1255736337088026,-3.948692322914645,-1.083624088270769,1.8261633008934688,0.2563262521210148,-0.4509003428103534,65.4140122390265,1.0418489568493667,0.55685
2020-06-30,2.70096105809844,-2.725595849263824,0.4,4.766219,-0.14573956,0.0032281876,30.89700002670288,0.67,0.13,3.08,0.4690968387846914,0.0192646319294,-0.0065282360746206,0.0102276020077687,0.0164029145284585,0.7615357041358948,1.7078226804733276,9.78824503702385,0.2502188306587363,2.449203227365287,0.0585231736056559,0.1579508472674222,-4.597591459940901,-0.7521793907694951,0.4806784427291752,-0.1541330744795951,-0.0903177457564899,104.5617187528904,0.9944757772681474,0.55685
2020-07-31,2.756581924094169,-2.776472280723726,-0.3,4.813884,-0.015510082,-0.14573956,31.11954550309615,0.73,0.16,2.93,0.3152494176832419,0.009460270721104,0.0258974785519559,-0.0098170493840212,0.0634724915918267,0.7705795764923096,1.651901125907898,9.48417703760591,0.3857859913301391,3.658862640403338,0.0525515248307856,0.1612289907977793,-3.560396302390924,-0.6406649461528161,-0.2823325226669624,-0.3094260324032946,-0.1715850904587613,139.70438266146786,1.1083865707910825,0.55685
2020-08-31,2.791837511435197,-2.7888000409201585,0.3,4.8447948,0.01885271,-0.015510082,26.84045462174849,0.62,0.13,2.6,0.0712885073980067,0.0638935480880418,0.0335450654630982,-0.0129208678159988,0.0367871123008001,0.9271344542503356,1.5392231941223145,9.804385191492916,-0.3266729240282685,3.2028271788044465,0.0476479681978798,0.2337124558303887,-4.53350880796604,0.5383996774780466,-0.6751511003029859,-0.630164204434569,-0.2578336334184539,110.24603893991052,1.085170763652719,0.28914
2020-09-30,2.723344459825961,-2.8009787939192043,0.0,4.8583503,0.015409946,0.01885271,22.88952382405599,0.65,0.1,2.67,0.033962279594315,0.0640404984061335,-0.0084599884229792,-0.0183772843235581,0.0097319604312513,0.6634311676025391,1.455986499786377,3.80666248977032,1.55,5.900326859143996,0.0909090909090909,0.1818181818181818,-1.8083906145664508,3.647369727052146,2.490705716066129,1.889010052355441,0.6569889021237831,122.28540095869734,1.280353832829911,0.28914
2020-10-31,2.7169014407459944,-2.8009787939192043,0.1,4.873661,-0.001408577,0.015409946,27.647619065784276,0.68,0.11,2.75,-0.0894151255959672,-0.0240131829804077,-0.0349887748308912,-0.008476988505103,0.0001250509323655,0.8603692650794983,1.6983330249786377,5.056245805348308,0.5801282051282052,2.93327080374373,0.0833333333333333,0.2307692307692307,-5.872618563894026,-1.4146052436156769,1.4004842709575671,-0.0571521781294003,-0.6774156172488361,123.56632694698568,1.167997858450679,0.28914
2020-11-30,2.7538268961669123,-2.8009787939192043,0.0,4.8815913,0.007027149,-0.001408577,29.43863608620384,0.79,0.1,2.61,-0.0177565225324967,-0.0113287050332173,0.0083503709777659,-0.0144941898761834,0.0080174248373063,0.64959716796875,1.6619564294815063,9.033125752550372,0.5109253731343284,4.61525314569111,0.0495522388059701,0.1517611940298507,-2.873749199592188,-0.3626052183705286,0.1664088492986645,-0.4947229987874568,-0.1094761391239078,122.52872683134628,1.2375933353924382,0.27498
2020-12-31,2.889064233665639,-2.813012072716695,-0.1,4.8914766,0.02520895,0.007027149,24.99550008773804,0.87,0.09,2.29,0.0604135738022599,-0.0180381201326103,0.0651147802349285,-0.0174711820432678,0.0035310967909989,0.4175652861595154,1.3123480081558228,8.698347400458186,0.8323097463284379,7.2397193183519795,0.0397196261682243,0.1188251001335113,-1.9408203082979023,0.1346655863954202,-0.4595803843832425,-0.5667136677779742,0.2547736254204059,108.49378804851926,1.2363355543859431,0.27498
2021-01-31,2.9873063332399195,-2.813012072716695,0.1,4.9031296,0.0067543983,0.02520895,22.374090974981133,0.93,0.09,2.18,0.157875252315871,-0.0042311968450334,0.0167297004902646,-0.0077857045451215,0.0131128551110437,0.5949008464813232,1.4353163242340088,4.663439094112067,-0.7333333333333333,3.419855335682182,0.0571428571428571,0.2857142857142857,-3.5261975590898165,5.557384714135829,-0.5876801745658968,0.390033050600396,-1.5577572226531229,105.0252769954809,1.080040686235352,0.27498
2021-02-28,3.109916609378357,-2.7888000409201585,0.2,4.915192,0.007940292,0.0067543983,24.90999984741211,1.08,0.08,2.17,0.0913199042099863,0.0045954877675047,0.0771557331447194,-0.0149463919407286,0.0052645255666039,0.7740280628204346,1.9018974304199217,9.13259502335133,0.580704788671495,5.303341663057581,0.04410334017944,0.1566317154902172,-3.2998655942938706,-0.1689031949431753,-0.3543909618148407,-0.0752721396100725,0.3522270508110651,93.55560561845073,1.157809457055273,0.2232
2021-03-31,3.157777556026934,-2.776472280723726,-0.1,4.9147224,-0.027512074,0.007940292,23.14052621941817,1.26,0.04,2.12,0.1283685187593288,-0.0320068680309786,0.0416096122046241,0.0069451182953446,-0.0336005769994232,0.7152522802352905,1.5754880905151367,8.93022956502072,0.7646373742721017,6.828387286244537,0.0509528851244044,0.1302276336686077,-3.313811347489188,-1.2595235435419485,0.41910099211128,0.4002493194777748,0.6622649302483405,79.32164111270389,1.1132870474205667,0.2232
2021-04-30,3.141552550073905,-2.776472280723726,-0.1,4.9190874,0.02651596,-0.027512074,21.843043534652047,1.61,0.03,2.03,0.0490910044027934,-0.0510205928963491,-0.0352130608706797,0.0121001414909718,0.0285657862324502,0.8384279608726501,1.759825348854065,9.633579908183512,0.4813793555148022,4.637406487501727,0.0589468168718889,0.1509038511920356,-2.209829954611508,-0.230058154377948,-0.1370108355789567,-1.1051427966121343,-0.3559475182163335,98.82186360575125,1.1108805206409356,0.2232
2021-05-31,3.188949865258364,-2.7888000409201585,-0.1,4.923572,-0.0072813034,0.02651596,17.416190556117467,1.64,0.02,1.96,-0.0092692450034919,0.0240418448624373,0.0013448136677709,-0.0118066576034476,0.0017578578773207,0.7356022000312805,1.9786767959594729,9.108971877587894,0.612208079690094,5.576586181129155,0.0605423353624792,0.1548422800221361,-2.903148519564069,-0.6661762495538982,0.3058268890288806,-0.4071007061259534,-0.0503051127880049,116.91821701129912,1.213348466185634,0.11889
2021-06-30,3.271235148619025,-2.8009787939192043,0.0,4.911673,0.0062327385,-0.0072813034,19.7604998588562,1.62,0.02,1.99,0.0559271373698573,0.0499896336913501,-0.0129067260050685,-0.0167419404534303,0.0088347578563929,0.6360744833946228,2.0172648429870605,9.006141236662911,0.7296614327772326,6.571433918537577,0.0559371933267909,0.1372669283611383,-3.5937167148645632,-1.1880952216384288,0.8820374669873716,-0.1320894999386454,-0.2200490289755024,118.653541811779,1.2674673138728556,0.11889
2021-07-31,3.2821404991197385,-2.8009787939192043,0.1,4.9229016,0.008513927,0.0062327385,16.956818147139117,1.52,0.04,1.87,0.0653716949119767,-0.0085160481345445,0.0120449045469577,0.0139116404547976,0.0036680895609242,0.7287411689758301,1.698848843574524,9.084323531392696,0.8206693136698808,7.455225557663192,0.0457175269427112,0.1288712422007941,-3.258424166093733,-0.8569140246796233,0.4719106475344955,0.0384917749096755,0.1846880560866068,103.66876810033467,1.1036452455586812,0.11889
2021-08-31,3.2108906644634594,-2.8009787939192043,0.0,4.922621,0.014661789,0.008513927,17.60333351861863,1.32,0.05,1.95,0.0269930523591881,-0.0146773591425333,-0.058611218191853,0.0006657635237201,0.00453086144506,0.5243344902992249,1.2503361701965332,9.076237387452702,0.4412397072278133,4.004796327569763,0.0542086001829826,0.1497026532479414,-3.508024717908309,-0.318358206938848,0.1323681610643405,-0.2717274352737234,0.1628431188415779,89.19327395716631,1.0573289079472294,0.18073
2021-09-30,3.2630545168152807,-2.776472280723712,0.2,4.9210324,-0.004729748,0.014661789,17.47772723978216,1.28,0.05,1.94,-0.0605856395473693,-0.0125574968037724,-0.0481508673432813,-7.73915937637426e-05,-0.002078928094134,0.588945209980011,2.148201704025269,8.740976538017787,0.9115464577003038,7.967806200071578,0.0418998880537342,0.111146649608188,-2.616653640663075,-0.7381142307244509,0.1017946338459258,-0.3188993354064192,0.224278373298226,127.47431011458286,1.4182111906441095,0.18073
2021-10-31,3.382991512059534,-2.763991851100027,-0.1,4.9135942,0.0044560432,-0.004729748,19.8247617994036,1.37,0.04,1.85,0.0515344296563116,-0.0056959726185414,-0.0294493413573579,-0.0026348842721324,-0.0119236250388361,0.8380149602890015,1.9194756746292116,9.064736398117391,0.7626677464136974,6.913382080586407,0.0371355853771402,0.1284127718648773,-2.6229223471789864,-0.7816785975407915,-0.2588166045670961,-0.3594077321647587,0.495360265922911,128.7816170854522,1.154106112892343,0.18073
2021-11-30,3.347010740718158,-2.685680167776155,0.5,4.9198627,0.016869068,0.0044560432,17.869047573634557,1.58,0.05,1.69,0.1146561764921223,0.0009628406229218,0.0050629705792122,-0.0059774157613909,0.0133459909804463,0.761751115322113,1.6444863080978394,9.110520036693972,0.7925848160017682,7.220859846963514,0.047629572328434,0.1339374516521162,-2.977166984051359,-1.2793815476420822,0.0418367935681087,-1.0061559655976593,1.231247917130914,,1.0687384964346025,0.21509
2021-12-31,3.2425608919329605,-2.725595849263824,-0.9,4.9334044,0.010583878,0.016869068,18.500476246788388,1.56,0.05,1.81,-0.030236510030031,0.0249609331011724,-0.0152511664152896,-0.0064218248731571,0.0067574983021634,0.7960199117660522,1.8621180057525637,9.08851166361105,1.1735878897424312,10.666167224196764,0.044509715318572,0.1283325802078626,-1.966428438660977,-1.5354652796533446,0.6895637600635031,0.0981901346045322,0.9693391309527843,,1.1548040083807307,0.21509
2022-01-31,3.3849884354859103,-2.7385576501371505,0.2,4.945157,-0.003651619,0.010583878,21.35454550656405,1.47,0.06,1.85,-0.088700072196632,-0.0173472523132653,-0.058993639390378,0.0013504390978713,-0.0029071000130063,0.863984227180481,2.478400468826294,8.985695694535705,0.8136596970076374,7.311298436218753,0.0454488543883811,0.147239263803681,-2.3840324937253548,-0.2358779021464916,0.6109068479829421,-0.2038043679748983,0.4009960424134801,,1.2736319719994549,0.21509
2022-02-28,3.473423165595274,-2.7385576501371505,0.1,4.958719,0.0011353493,-0.003651619,23.18100004196167,1.76,0.15,1.93,0.1538387921336523,0.0141914788670014,0.019759825331274,-0.0018219518767446,-0.0038553890138945,0.7950358986854553,3.3158812522888184,8.67060073804555,0.8285518188057653,7.184042011646252,0.0483870967741935,0.1394989704873026,-2.720081270621453,-0.6436264448057984,0.6177900843110172,-0.3185934367790125,0.3311996075721399,,1.6919989041595875,0.19803
