Period_dt,lwti,lpri,d2pri,lwip,lgop,pri,date,u_wip,u_gop,pri_jp,pri_aus,pri_cds,pri_fra,pri_ger,pri_india,pri_indo,pri_pak,pri_rus,pri_vn,pri_uk,Period,lpri_jp,dlpri_jp,lpri_aus,dlpri_aus,lpri_cds,dlpri_cds,lpri_fra,dlpri_fra,lpri_ger,dlpri_ger,lpri_india,dlpri_india,lpri_indo,dlpri_indo,lpri_pak,dlpri_pak,lpri_rus,dlpri_rus,lpri_vn,dlpri_vn,lpri_uk,dlpri_uk,dlpri,llwip,llgop,l2lwip,l2lgop,d2pri_jp,dllgop,dl2lgop,vix,gs10,tb3ms,tedrate,baa10y,us_spread,gscpi,brent,gold,bdi,cny_usd,dxy,em_fx,reer,indpro,uct_tension_l1,gpr_global_l1,gpr_chn_l1,gpr_usa_l1,gdelt_events
1990-01-31,2.8768162433604516,-0.5688248987322411,-0.1,4.135465552038807,4.109584311746399,-0.5999999999999927,1990-01-01,2.890270779,-0.340788195529255,3.399999999999997,1.7000000000000002,-6.299999999999997,0.9000000000000008,2.700000000000002,-2.499999999999997,-3.7000000000000006,6.299999999999995,0.30000000000000004,-6.800000000000003,2.0999999999999996,1990-01-01,1.4816046,0.0,0.9932518,0.0,-1.9878744,0.0,0.64185387,0.0,1.3083328,0.0,-1.2527629,0.0,-1.5475625,0.0,1.9878744,0.0,0.26236427,0.0,-2.0541236,0.0,1.1314021,0.0,0.0,4.139441,4.118796,4.131745,4.1245885,0.0,,,,7.84,7.63,0.8910526315789473,1.91,1.91,,0.05766614843083051,0.03765765680178568,0.02234724683443723,0.237965888727538,,,,0.005469228290109207,,112.55352783203125,0.3525215685367584,2.786993980407715,
1990-02-28,2.8490794560394908,-0.7326682560454053,-0.2,4.139524248198193,4.113802048264543,-0.7999999999999927,1990-02-01,0.997852803,1.76621221018541,3.399999999999997,1.7000000000000002,-6.299999999999997,1.0000000000000009,2.700000000000002,-2.499999999999997,-3.7000000000000006,6.299999999999995,0.30000000000000004,-6.800000000000003,2.0999999999999996,1990-02-01,1.4816046,0.0,0.9932518,0.0,-1.9878744,0.0,0.6931472,0.051293314,1.3083328,0.0,-1.2527629,0.0,-1.5475625,0.0,1.9878744,0.0,0.26236427,0.0,-2.0541236,0.0,1.1314021,0.0,-0.16384336,4.1354656,4.1095843,4.139441,4.118796,0.0,-0.00921154,-0.005792618,23.34727278622714,8.21,7.64,0.7109523809523809,1.68,1.68,,0.06879540878553492,0.0017571694576172803,-0.012145984543486144,0.0,,,,-0.005070632766924987,,81.5440444946289,0.23352041840553284,1.9214224815368652,0.0
1990-03-31,2.7648802389313962,-0.8088669356527773,0.1,4.143738195061332,4.128462905396807,-0.8999999999999927,1990-03-01,-6.8534674,1.59064053334787,3.399999999999997,1.7000000000000002,-6.299999999999997,1.0000000000000009,2.700000000000002,-2.399999999999997,-3.7000000000000006,6.299999999999995,0.6000000000000001,-6.800000000000003,2.0999999999999996,1990-03-01,1.4816046,0.0,0.9932518,0.0,-1.9878744,0.0,0.6931472,0.0,1.3083328,0.0,-1.2237754,0.028987527,-1.5475625,0.0,1.9878744,0.0,0.47000363,0.20763937,-2.0541236,0.0,1.1314021,0.0,-0.07619868,4.1395245,4.113802,4.1354656,4.1095843,0.0,0.0042176247,-0.00921154,23.262631767674495,8.47,7.74,0.6242105263157894,1.68,1.68,,-0.07007892965768514,0.016205066076567576,0.026735334643430697,0.0,,,,0.009040640973159597,,77.40721130371094,0.16966557502746582,1.9154350757598877,0.0
1990-04-30,2.6683266462620705,-0.8088669356527773,0.1,4.133442190877719,4.123999363091875,-0.8999999999999927,1990-04-01,-4.485259791,-0.238662691053113,3.399999999999997,1.7000000000000002,-6.299999999999997,1.0000000000000009,2.700000000000002,-2.1999999999999966,-3.7000000000000006,6.299999999999995,1.1,-6.800000000000003,2.0999999999999996,1990-04-01,1.4816046,0.0,0.9932518,0.0,-1.9878744,0.0,0.6931472,0.0,1.3083328,0.0,-1.1631508,0.0606246,-1.5475625,0.0,1.9878744,0.0,0.74193734,0.2719337,-2.0541236,0.0,1.1314021,0.0,0.0,4.1437383,4.128463,4.1395245,4.113802,0.0,0.014660835,0.0042176247,20.06227259202437,8.59,7.9,0.5936363636363636,1.58,1.58,,-0.074704797874237,-0.05866821050196247,0.019638417359561622,0.0,,,,0.004969202991748745,,67.5919418334961,0.11263010650873184,1.6040080785751343,0.0
1990-05-31,2.6480353855701897,-0.8088669356527773,0.0,4.144599843059943,4.114774607029828,-0.8999999999999927,1990-05-01,-3.758462253,0.730446640101484,3.399999999999997,1.7000000000000002,-6.299999999999997,1.0000000000000009,2.700000000000002,-2.1999999999999966,-3.7000000000000006,6.299999999999995,1.1,-6.800000000000003,2.0999999999999996,1990-05-01,1.4816046,0.0,0.9932518,0.0,-1.9878744,0.0,0.6931472,0.0,1.3083328,0.0,-1.1631508,0.0,-1.5475625,0.0,1.9878744,0.0,0.74193734,0.0,-2.0541236,0.0,1.1314021,0.0,0.0,4.1334424,4.1239996,4.1437383,4.128463,0.0,-0.004463196,0.014660835,21.40349998474121,8.79,7.77,0.7947368421052632,1.5,1.5,,-0.10152706335378836,-0.049064969135971026,0.02053910485050725,0.0,,,,-0.002623250205882499,,81.64384460449219,0.1515151560306549,1.961506962776184,0.0
1990-06-30,2.5640014339353754,-0.8088669356527773,0.0,4.148147853929191,4.101144225359306,-0.8999999999999927,1990-06-01,-0.767166099,-0.346604302446064,3.599999999999997,1.7000000000000002,-6.299999999999997,1.0000000000000009,2.700000000000002,-2.1999999999999966,-3.7000000000000006,6.299999999999995,1.2000000000000002,-6.800000000000003,2.0999999999999996,1990-06-01,1.5260563,0.044451714,0.9932518,0.0,-1.9878744,0.0,0.6931472,0.0,1.3083328,0.0,-1.1631508,0.0,-1.5475625,0.0,1.9878744,0.0,0.78845733,0.046519995,-2.0541236,0.0,1.1314021,0.0,0.0,4.1446,4.1147747,4.1334424,4.1239996,0.2,-0.009224892,-0.004463196,18.09772725538774,8.76,7.74,0.7357142857142857,1.71,1.71,,-0.015764769912704146,-0.013965166619807512,-0.003839159020087024,0.0,,,,0.0030369033197290562,,86.40711975097656,0.16669312119483948,2.1114461421966553,0.0
1990-07-31,2.6589994665888073,-0.8088669356527773,0.0,4.147998434917729,4.10287147125,-0.8999999999999927,1990-07-01,7.740614638,-0.89974187617403,3.599999999999997,1.7000000000000002,-6.299999999999997,1.0000000000000009,2.700000000000002,-2.1999999999999966,-1.3000000000000007,6.299999999999995,1.4000000000000001,-6.800000000000003,2.0999999999999996,1990-07-01,1.5260563,0.0,0.9932518,0.0,-1.9878744,0.0,0.6931472,0.0,1.3083328,0.0,-1.1631508,0.0,-0.8329091,0.7146534,1.9878744,0.0,0.87546873,0.0870114,-2.0541236,0.0,1.1314021,0.0,0.0,4.148148,4.1011443,4.1446,4.1147747,-0.2,-0.01363039,-0.009224892,16.822380837940035,8.48,7.73,0.6247619047619047,1.79,1.79,,-0.07935684037189139,-0.04636389979662425,0.07418317562622079,0.0,,,,0.0033858350269504456,,79.68110656738281,0.18256503343582153,1.9874694347381592,0.0
1990-08-31,3.027663800899006,-0.8088669356527773,0.0,4.153454625909485,4.042448138620265,-0.8999999999999927,1990-08-01,6.449692647,-7.92903356128256,3.599999999999997,1.7000000000000002,-6.299999999999997,1.0000000000000009,2.700000000000002,-2.1999999999999966,-0.7000000000000007,6.299999999999995,1.4000000000000001,-6.800000000000003,2.0999999999999996,1990-08-01,1.5260563,0.0,0.9932518,0.0,-1.9878744,0.0,0.6931472,0.0,1.3083328,0.0,-1.1631508,0.0,-0.53062826,0.30228084,1.9878744,0.0,0.87546873,0.0,-2.0541236,0.0,1.1314021,0.0,0.0,4.1479983,4.1028714,4.148148,4.1011443,0.0,0.0017271042,-0.01363039,18.39285727909633,8.47,7.62,0.5961904761904762,1.77,1.77,,0.12810067499928257,0.02853899307167662,0.07155833467596473,0.0,,,,-0.0017488731555337367,,85.78742980957031,0.19013012945652008,1.9984790086746216,0.0
1990-09-30,3.235699546820326,-0.8088669356527773,0.0,4.155459730367675,4.086211175725372,-0.8999999999999927,1990-09-01,9.528901568,2.06353345534928,3.299999999999997,1.7000000000000002,-6.099999999999997,1.0000000000000009,2.700000000000002,-2.1999999999999966,-0.7000000000000007,6.299999999999995,1.4000000000000001,-5.5000000000000036,2.0999999999999996,1990-09-01,1.4586151,-0.067441225,0.9932518,0.0,-1.9600948,0.02777958,0.6931472,0.0,1.3083328,0.0,-1.1631508,0.0,-0.53062826,0.0,1.9878744,0.0,0.87546873,0.0,-1.8718022,0.18232143,1.1314021,0.0,0.0,4.153455,4.042448,4.1479983,4.1028714,-0.3,-0.060423374,0.0017271042,28.175217255302098,8.75,7.45,0.6481818181818182,1.69,1.69,,0.45890667796609064,0.08509475738329009,-0.10399169815488563,0.0,,,,0.003486749997004601,,250.45108032226562,0.5787994265556335,6.412270545959473,0.0
1990-10-31,3.293167973677838,-0.8088669356527773,0.0,4.1547875204798865,4.0919120727837175,-0.8999999999999927,1990-10-01,-0.974249357,-0.977700161262485,3.3999999999999972,1.7000000000000002,-6.099999999999997,1.0000000000000009,2.5000000000000018,-2.1999999999999966,-0.7000000000000007,6.299999999999995,1.6,-5.5000000000000036,2.0999999999999996,1990-10-01,1.4816046,0.022989511,0.9932518,0.0,-1.9600948,0.0,0.6931472,0.0,1.2527629,-0.055569887,-1.1631508,0.0,-0.53062826,0.0,1.9878744,0.0,0.95551145,0.08004272,-1.8718022,0.0,1.1314021,0.0,0.0,4.15546,4.086211,4.153455,4.042448,0.4,0.04376316,-0.060423374,29.10736836885151,8.89,7.36,0.8373684210526315,1.94,1.94,,0.25044077050009594,-0.0138003593161109,-0.043624215506627984,0.0,,,,7.625111401843299e-05,,188.66053771972656,0.3279777467250824,4.952878952026367,0.0
1990-11-30,3.184638932108805,-0.7326682560454053,0.1,4.149967993022577,4.1054887181362645,-0.7999999999999927,1990-11-01,0.305731877,0.637046214822562,3.3999999999999972,1.7000000000000002,-6.099999999999997,1.300000000000001,2.5000000000000018,-2.1999999999999966,-0.40000000000000074,6.299999999999995,1.6,-5.5000000000000036,2.0999999999999996,1990-11-01,1.4816046,0.0,0.9932518,0.0,-1.9600948,0.0,0.8329091,0.13976192,1.2527629,0.0,-1.1631508,0.0,-0.33647224,0.19415602,1.9878744,0.0,0.95551145,0.0,-1.8718022,0.0,1.1314021,0.0,0.07619868,4.1547875,4.0919123,4.15546,4.086211,-0.1,0.005701065,0.04376316,29.625652479088824,8.72,7.17,1.0031818181818182,2.13,2.13,,0.03168858515543338,-0.022284900080649983,-0.009570096875177292,0.0,,,,-0.005859653143676979,,143.85256958007812,0.2657599449157715,3.5994842052459717,0.0
1990-12-31,3.014080057391301,-0.65266656608235,0.0,4.147896229564655,4.108969724580772,-0.6999999999999927,1990-12-01,-4.446716592,0.915094960841902,3.3999999999999972,1.7000000000000002,-6.099999999999997,1.400000000000001,2.5000000000000018,-2.1999999999999966,-0.40000000000000074,6.299999999999995,1.7000000000000002,-5.5000000000000036,2.0999999999999996,1990-12-01,1.4816046,0.0,0.9932518,0.0,-1.9600948,0.0,0.87546873,0.042559624,1.2527629,0.0,-1.1631508,0.0,-0.33647224,0.0,1.9878744,0.0,0.9932518,0.03774035,-1.8718022,0.0,1.1314021,0.0,0.08000169,4.149968,4.105489,4.1547875,4.0919123,0.0,0.013576508,0.005701065,24.885714394705637,8.39,7.06,1.1099999999999999,2.27,2.27,,-0.08560270675767123,0.002596824940885867,0.01246486963581006,0.10065566090293654,,,,-0.01279714376480623,,158.74354553222656,0.49588775634765625,4.112239837646484,0.0
1991-01-31,2.9193545811678483,-0.65266656608235,-0.1,4.149920854797607,4.104909407193083,-0.6999999999999927,1991-01-01,-3.163827683,-0.103912625248462,3.3999999999999972,1.7000000000000002,-6.099999999999997,1.400000000000001,2.5000000000000018,-2.1999999999999966,-0.40000000000000074,6.299999999999995,1.7000000000000002,-5.5000000000000036,2.0999999999999996,1991-01-01,1.4816046,0.0,0.9932518,0.0,-1.9600948,0.0,0.87546873,0.0,1.2527629,0.0,-1.1631508,0.0,-0.33647224,0.0,1.9878744,0.0,0.9932518,0.0,-1.8718022,0.0,1.1314021,0.0,0.0,4.1478963,4.1089697,4.149968,4.105489,0.0,0.0034809113,0.013576508,23.363000106811523,8.08,6.74,1.1689473684210527,2.35,2.35,,-0.15661908370341715,-0.012600999760818077,0.03378367058573062,0.0,,,,-0.007366596588133767,,153.1624298095703,0.2029273360967636,3.9765121936798096,0.0
1991-02-28,2.7229241959568555,-0.65266656608235,0.0,4.14287643906998,4.099772636866589,-0.6999999999999927,1991-02-01,-6.378940057,0.404843647046532,3.3999999999999972,1.7000000000000002,-6.099999999999997,1.400000000000001,2.5000000000000018,-2.0999999999999965,-0.40000000000000074,6.299999999999995,1.7000000000000002,-5.5000000000000036,2.0999999999999996,1991-02-01,1.4816046,0.0,0.9932518,0.0,-1.9600948,0.0,0.87546873,0.0,1.2527629,0.0,-1.1314021,0.031748652,-0.33647224,0.0,1.9878744,0.0,0.9932518,0.0,-1.8718022,0.0,1.1314021,0.0,0.0,4.149921,4.1049094,4.1478963,4.1089697,0.0,-0.0040602684,0.0034809113,27.429091106761586,8.09,6.22,1.118095238095238,2.3,2.3,,-0.18210454447403723,0.017592060202039406,-0.002067794442767834,0.0,,,,-0.003261191076563641,,379.2497863769531,0.2514294981956482,9.602984428405762,0.0
1991-03-31,2.690085646126911,-0.65266656608235,0.0,4.138894160586568,4.103992718712323,-0.6999999999999927,1991-03-01,0.879508613,0.433316799780012,3.3999999999999972,1.7000000000000002,-6.099999999999997,1.500000000000001,2.5000000000000018,-2.0999999999999965,-0.40000000000000074,6.299999999999995,1.9000000000000001,-5.5000000000000036,2.0999999999999996,1991-03-01,1.4816046,0.0,0.9932518,0.0,-1.9600948,0.0,0.91629076,0.04082203,1.2527629,0.0,-1.1314021,0.0,-0.33647224,0.0,1.9878744,0.0,1.0647107,0.071458936,-1.8718022,0.0,1.1314021,0.0,0.0,4.1428766,4.0997725,4.149921,4.1049094,0.0,-0.0051369667,-0.0040602684,21.598421096801758,7.85,5.94,0.7726315789473684,2.09,2.09,,-0.18756150835469798,-0.05301788728390733,0.10418896271468192,0.0,,,,-0.007415936065028106,,339.3580322265625,0.3037070035934448,8.503796577453613,0.0
1991-04-30,2.735213086047495,-0.65266656608235,0.0,4.146136407312595,4.080639880605522,-0.6999999999999927,1991-04-01,4.235188862,-1.30754216737691,3.3999999999999972,1.8000000000000003,-5.999999999999997,1.500000000000001,2.600000000000002,-2.0999999999999965,-0.40000000000000074,6.299999999999995,1.9000000000000001,-5.5000000000000036,2.0999999999999996,1991-04-01,1.4816046,0.0,1.0296195,0.036367655,-1.9459101,0.014184713,0.91629076,0.0,1.2809339,0.028170943,-1.1314021,0.0,-0.33647224,0.0,1.9878744,0.0,1.0647107,0.0,-1.8718022,0.0,1.1314021,0.0,0.0,4.138894,4.103993,4.1428766,4.0997725,0.0,0.0042204857,-0.0051369667,17.918499851226805,8.11,5.91,0.6645000000000001,1.96,1.96,,-0.023487232677860348,-0.0013476905652440863,0.06971886487320589,0.0,,,,-0.005771039266291744,,148.61831665039062,0.24150633811950684,3.819074869155884,0.0
1991-05-31,2.7513470068555343,-0.65266656608235,0.0,4.150642189024499,4.077645217758926,-0.6999999999999927,1991-05-01,-1.369743167,-0.00770691691201242,3.4999999999999973,1.8000000000000003,-5.999999999999997,1.500000000000001,2.600000000000002,-1.8999999999999966,-0.40000000000000074,6.299999999999995,2.5,-5.5000000000000036,2.0999999999999996,1991-05-01,1.5040774,0.022472858,1.0296195,0.0,-1.9459101,0.0,0.91629076,0.0,1.2809339,0.0,-1.0647107,0.0666914,-0.33647224,0.0,1.9878744,0.0,1.2527629,0.18805218,-1.8718022,0.0,1.1314021,0.0,0.0,4.1461363,4.08064,4.138894,4.103993,0.1,-0.0233531,0.0042204857,17.37272735075517,8.04,5.65,0.5814285714285714,1.83,1.83,,0.005096384764803563,-0.013745159038329291,0.008294521751157191,0.012980787272190542,,,,0.0026351435941132095,,97.760009765625,0.24903598427772522,2.4060089588165283,0.0
1991-06-30,2.6979503492674155,-0.5688248987322413,0.1,4.1522127611420485,4.080903045097274,-0.5999999999999928,1991-06-01,-1.970608454,-0.06981982955708,3.4999999999999973,1.8000000000000003,-5.999999999999997,1.500000000000001,2.600000000000002,-1.8999999999999966,-0.10000000000000075,6.299999999999995,2.5,-5.5000000000000036,2.0999999999999996,1991-06-01,1.5040774,0.0,1.0296195,0.0,-1.9459101,0.0,0.91629076,0.0,1.2809339,0.0,-1.0647107,0.0,-0.09531018,0.24116206,1.9878744,0.0,1.2527629,0.0,-1.8718022,0.0,1.1314021,0.0,0.08384167,4.1506424,4.0776453,4.1461363,4.08064,-0.1,-0.0029945374,-0.0233531,16.932272737676445,8.07,5.46,0.5961904761904762,1.77,1.77,,0.00035542076268324507,-0.003998160023799713,0.01204330884878324,0.00852379229068645,,,,0.009370150601197835,,88.56902313232422,0.27726778388023376,2.1132302284240723,0.0
1991-07-31,2.755370857292282,-0.5688248987322413,-0.1,4.153505053899386,4.0975330236721135,-0.5999999999999928,1991-07-01,-0.471648335,0.452706557813125,3.4999999999999973,1.9000000000000004,-5.999999999999997,1.500000000000001,2.600000000000002,-1.8999999999999966,-0.10000000000000075,6.299999999999995,2.5,-5.5000000000000036,2.1999999999999997,1991-07-01,1.5040774,0.0,1.0647107,0.03509128,-1.9459101,0.0,0.91629076,0.0,1.2809339,0.0,-1.0647107,0.0,-0.09531018,0.0,1.9878744,0.0,1.2527629,0.0,-1.8718022,0.0,1.1631508,0.031748652,0.0,4.1522126,4.080903,4.1506424,4.0776453,0.0,0.0032577515,-0.0029945374,17.13499994277954,8.28,5.57,0.6345,1.66,1.66,,-0.054589206709321214,0.027002898137850728,-0.02983720274937518,0.0037320438913193144,,,,0.008070413249054553,,87.73383331298828,0.2818019390106201,2.1353442668914795,0.0
1991-08-31,2.764872351047766,-0.5688248987322413,0.0,4.1530553538332615,4.085898006964773,-0.5999999999999928,1991-08-01,-0.553805691,-0.773136504045476,3.4999999999999973,1.9000000000000004,-5.999999999999997,1.000000000000001,2.600000000000002,-1.8999999999999966,-0.10000000000000075,6.299999999999995,2.6,-5.200000000000004,2.1999999999999997,1991-08-01,1.5040774,0.0,1.0647107,0.0,-1.9459101,0.0,0.6931472,-0.22314358,1.2809339,0.0,-1.0647107,0.0,-0.09531018,0.0,1.9878744,0.0,1.2809339,0.028170943,-1.8245493,0.047252893,1.1631508,0.0,0.0,4.153505,4.097533,4.1522126,4.080903,0.0,0.016630173,0.0032577515,17.294090964577414,8.27,5.58,0.5613636363636364,1.6,1.6,,0.06548188993089799,0.0026415777673216567,0.07987935180979022,-0.0015844171262751061,,,,0.0027966918655684125,,115.18467712402344,0.28101494908332825,2.6572444438934326,0.0
1991-09-30,2.769710496528017,-0.5688248987322413,0.0,4.156020239329489,4.103206099234186,-0.5999999999999928,1991-09-01,0.977028934,0.769032834969332,3.4999999999999973,1.9000000000000004,-5.999999999999997,1.000000000000001,2.600000000000002,-1.8999999999999966,-7.494005416219807e-16,6.299999999999995,2.6,-4.900000000000004,2.4999999999999996,1991-09-01,1.5040774,0.0,1.0647107,0.0,-1.9459101,0.0,0.6931472,0.0,1.2809339,0.0,-1.0647107,0.0,-6.661338e-16,0.09531018,1.9878744,0.0,1.2809339,0.0,-1.7749523,0.049597025,1.2527629,0.08961213,0.0,4.153055,4.085898,4.153505,4.097533,0.0,-0.0116353035,0.016630173,15.681363712657582,7.9,5.33,0.44190476190476186,1.75,1.75,,0.019187404290816,-0.031439053399383354,0.016854457584919658,0.004782872694403251,,,,-1.1339677612909327e-05,,113.49502563476562,0.2112361341714859,2.5267090797424316,0.0
1991-10-31,2.82908891820611,-0.5688248987322413,0.0,4.158830425723283,4.102468953133709,-0.5999999999999928,1991-10-01,1.51991046,-0.410521713774465,3.4999999999999973,1.9000000000000004,-5.999999999999997,1.000000000000001,2.700000000000002,-1.8999999999999966,0.09999999999999926,6.399999999999995,2.6,-4.800000000000004,2.5999999999999996,1991-10-01,1.5040774,0.0,1.0647107,0.0,-1.9459101,0.0,0.6931472,0.0,1.3083328,0.027398944,-1.0647107,0.0,0.09531018,0.09531018,2.00148,0.013605714,1.2809339,0.0,-1.7578579,0.017094374,1.2809339,0.028170943,0.0,4.15602,4.103206,4.153055,4.085898,0.0,0.017308235,-0.0116353035,16.956499767303466,7.65,5.22,0.39699999999999996,1.94,1.94,,0.03621421931250968,-0.021474479564910887,-0.012964746854898124,0.0006867048645426976,,,,0.007901658951122492,,117.94219207763672,0.21042601764202118,2.7077460289001465,0.0
1991-11-30,2.7913253699306564,-0.5688248987322413,0.0,4.159154452785658,4.106523727509422,-0.5999999999999928,1991-11-01,-1.299111829,0.262132261281764,3.5999999999999974,1.9000000000000004,-5.6999999999999975,1.000000000000001,2.700000000000002,-1.8999999999999966,0.09999999999999926,6.399999999999995,2.6,-1.8000000000000043,2.5999999999999996,1991-11-01,1.5260563,0.021978855,1.0647107,0.0,-1.9021075,0.04380262,0.6931472,0.0,1.3083328,0.0,-1.0647107,0.0,0.09531018,0.0,2.00148,0.0,1.2809339,0.0,-1.0296195,0.72823846,1.2809339,0.0,0.0,4.1588306,4.102469,4.15602,4.103206,0.1,-0.00073719025,0.017308235,16.36391299703847,7.53,4.99,0.4786363636363636,2.02,2.02,,0.0798486414836157,0.02813184681031977,0.019490441541821113,0.0008345465651318218,,,,-0.0005466018382946913,,100.8318099975586,0.24077925086021423,2.334829092025757,0.0
1991-12-31,2.647754155303587,-0.5688248987322413,0.0,4.151137066532729,4.113220256780863,-0.5999999999999928,1991-12-01,0.308707602,1.63298512072697,3.6999999999999975,1.9000000000000004,-5.6999999999999975,1.000000000000001,2.700000000000002,-1.1999999999999966,0.09999999999999926,6.399999999999995,2.8000000000000003,-1.8000000000000043,2.5999999999999996,1991-12-01,1.5475625,0.02150619,1.0647107,0.0,-1.9021075,0.0,0.6931472,0.0,1.3083328,0.0,-0.78845733,0.2762534,0.09531018,0.0,2.00148,0.0,1.3350011,0.054067254,-1.0296195,0.0,1.2809339,0.0,0.0,4.1591544,4.1065235,4.1588306,4.102469,0.0,0.0040545464,-0.00073719025,17.77350010871887,7.42,4.56,0.5205263157894737,2.06,2.06,,-0.05068725169082233,0.0041176365108848145,0.0406217513631244,0.0031649403148290567,,,,-0.0015836157055426625,,100.7423324584961,0.3820476233959198,2.30000376701355,0.0
1992-01-31,2.6106650814746124,-0.4812118250595971,0.1,4.155399993187731,4.115082189434626,-0.4999999999999928,1992-01-01,-3.302364308,0.951994912560296,3.6999999999999975,1.9000000000000004,-5.6999999999999975,1.000000000000001,2.700000000000002,-1.1999999999999966,0.09999999999999926,6.399999999999995,2.8000000000000003,-1.8000000000000043,2.5999999999999996,1992-01-01,1.5475625,0.0,1.0647107,0.0,-1.9021075,0.0,0.6931472,0.0,1.3083328,0.0,-0.78845733,0.0,0.09531018,0.0,2.00148,0.0,1.3350011,0.0,-1.0296195,0.0,1.2809339,0.0,0.087613076,4.151137,4.11322,4.1591544,4.1065235,-0.1,0.006696701,0.0040545464,18.347619102114724,7.09,4.07,0.5189999999999999,2.39,2.39,,-0.13673346120942043,0.00432193497239286,-0.0059028927115498675,0.00668553870076205,,,,-0.004874384309522917,,103.96953582763672,0.2532747685909271,2.528790235519409,0.0
1992-02-29,2.6177538858718776,-0.4812118250595971,-0.1,4.162302231405327,4.101322437783028,-0.4999999999999928,1992-02-01,-2.557590262,-1.45178842740477,3.6999999999999975,1.9000000000000004,-5.6999999999999975,1.000000000000001,2.700000000000002,-0.9999999999999967,0.09999999999999926,6.399999999999995,2.8000000000000003,-1.6000000000000043,2.5999999999999996,1992-02-01,1.5475625,0.0,1.0647107,0.0,-1.9021075,0.0,0.6931472,0.0,1.3083328,0.0,-0.6931472,0.09531015,0.09531018,0.0,2.00148,0.0,1.3350011,0.0,-0.95551145,0.074108005,1.2809339,0.0,0.0,4.1554,4.1150823,4.151137,4.11322,0.0,0.0018620491,0.006696701,17.68318167599765,7.03,3.8,0.3771428571428571,1.9,1.9,,-0.013524132210168016,-0.020330784881918973,0.06503868103892607,0.0038107847223627367,,,,-0.0052512640267554644,,102.95763397216797,0.3745461404323578,2.361933946609497,0.0
1992-03-31,2.6099852118403235,-0.39003531977070865,0.1,4.161391964733127,4.090518464234832,-0.3999999999999928,1992-03-01,1.602424888,-1.28601686759357,3.8999999999999977,1.9000000000000004,-5.6999999999999975,1.000000000000001,2.700000000000002,-0.9999999999999967,0.09999999999999926,6.399999999999995,2.8000000000000003,-1.5000000000000042,2.6999999999999997,1992-03-01,1.5892352,0.041672707,1.0647107,0.0,-1.9021075,0.0,0.6931472,0.0,1.3083328,0.0,-0.6931472,0.0,0.09531018,0.0,2.00148,0.0,1.3350011,0.0,-0.91629076,0.03922069,1.3083328,0.027398944,0.0911765,4.162302,4.1013227,4.1554,4.1150823,0.2,-0.013759613,0.0018620491,17.47736850537752,7.34,3.84,0.32999999999999996,1.9,1.9,,-0.006082021617321409,-0.0015246487791653607,0.06561429470125724,0.0026297542457223155,,,,0.007034889592290483,,87.2034683227539,0.2844725549221039,2.1098380088806152,0.0
1992-04-30,2.6756317424411082,-0.39003531977070865,-0.1,4.163452938149269,4.096522667142983,-0.3999999999999928,1992-04-01,0.555784537,0.822120447996633,3.999999999999998,2.0000000000000004,-5.599999999999998,1.000000000000001,2.700000000000002,-0.9999999999999967,0.19999999999999926,6.399999999999995,2.8000000000000003,-1.5000000000000042,2.6999999999999997,1992-04-01,1.609438,0.020202756,1.0986123,0.033901572,-1.8870697,0.015037775,0.6931472,0.0,1.3083328,0.0,-0.6931472,0.0,0.18232156,0.08701138,2.00148,0.0,1.3350011,0.0,-0.91629076,0.0,1.3083328,0.0,0.0,4.1613917,4.0905185,4.162302,4.1013227,-0.1,-0.010804176,-0.013759613,17.520454623482443,7.54,4.04,0.3527272727272727,1.7,1.7,,-0.023686011720731592,-0.027413102173534654,0.04935758935735457,-0.0003283413320023243,,,,0.008489522000498795,,85.29731750488281,0.3248175084590912,1.981751799583435,0.0
1992-05-31,2.707334125167566,-0.39003531977070865,0.0,4.160489448713722,4.077584387881545,-0.3999999999999928,1992-05-01,1.75395673,-2.28912912965065,3.999999999999998,2.0000000000000004,-5.499999999999998,1.000000000000001,2.700000000000002,-0.6999999999999966,0.19999999999999926,6.399999999999995,2.9000000000000004,-1.5000000000000042,2.6999999999999997,1992-05-01,1.609438,0.0,1.0986123,0.0,-1.8718022,0.015267491,0.6931472,0.0,1.3083328,0.0,-0.53062826,0.16251892,0.18232156,0.0,2.00148,0.0,1.3609766,0.025975466,-0.91629076,0.0,1.3083328,0.0,0.0,4.163453,4.096523,4.1613917,4.0905185,-0.1,0.0060043335,-0.010804176,16.562856946672714,7.48,3.75,0.4175,1.63,1.63,,0.07051566501910056,-0.016751006648240363,0.014453562308812451,0.007760077469238125,,,,0.00756146666679669,,85.85562133789062,0.1472587287425995,1.9861048460006714,0.0
1992-06-30,2.770757996806049,-0.39003531977070865,0.0,4.1618737630655955,4.081685872151401,-0.3999999999999928,1992-06-01,2.919525176,-0.481789897695955,3.999999999999998,2.1000000000000005,-5.399999999999999,1.1000000000000012,2.700000000000002,-0.5999999999999966,0.19999999999999926,6.399999999999995,2.9000000000000004,-1.5000000000000042,2.8,1992-06-01,1.609438,0.0,1.1314021,0.032789826,-1.856298,0.015504241,0.74193734,0.048790157,1.3083328,0.0,-0.47000363,0.06062463,0.18232156,0.0,2.00148,0.0,1.3609766,0.0,-0.91629076,0.0,1.3350011,0.02666831,0.0,4.1604896,4.0775843,4.163453,4.096523,0.0,-0.018938541,0.0060043335,15.076999950408936,7.39,3.63,0.32842105263157895,1.77,1.77,,0.04997245014361562,-0.004083691645610621,0.1285387533345812,-0.0034636936530139106,,,,0.0032856911647831666,,78.96814727783203,0.19706997275352478,1.825685977935791,0.0
1992-07-31,2.739990162263676,-0.4812118250595971,-0.1,4.166547852572909,4.0895017759146,-0.4999999999999928,1992-07-01,-1.589891603,0.45493527072829,3.999999999999998,2.1000000000000005,-5.399999999999999,1.1000000000000012,2.700000000000002,-0.49999999999999667,0.19999999999999926,6.399999999999995,2.9000000000000004,-1.5000000000000042,2.8,1992-07-01,1.609438,0.0,1.1314021,0.0,-1.856298,0.0,0.74193734,0.0,1.3083328,0.0,-0.4054651,0.06453854,0.18232156,0.0,2.00148,0.0,1.3609766,0.0,-0.91629076,0.0,1.3350011,0.0,-0.0911765,4.161874,4.081686,4.1604896,4.0775843,0.0,0.0041017532,-0.018938541,15.203181873668324,7.26,3.66,0.3381818181818182,1.86,1.86,,0.061885002640814424,0.010530294193200618,0.03215475291260361,-0.005282055156408116,,,,0.0005117224959834132,,93.84909057617188,0.17713427543640137,2.2141785621643066,0.0
1992-08-31,2.7188814819387828,-0.4812118250595971,0.1,4.159983259194237,4.08927993892167,-0.4999999999999928,1992-08-01,-1.220810008,-0.846244193128502,4.099999999999998,2.1000000000000005,-2.4999999999999987,1.1000000000000012,2.700000000000002,-0.49999999999999667,0.19999999999999926,6.399999999999995,3.0000000000000004,-1.5000000000000042,2.8,1992-08-01,1.6292405,0.01980257,1.1314021,0.0,-1.2527629,0.60353506,0.74193734,0.0,1.3083328,0.0,-0.4054651,0.0,0.18232156,0.0,2.00148,0.0,1.3862944,0.025317788,-0.91629076,0.0,1.3350011,0.0,0.0,4.166548,4.089502,4.161874,4.081686,0.1,0.007815838,0.0041017532,13.601818214763295,6.84,3.21,0.305,1.97,1.97,,-0.04453769906381844,0.034349403802006684,0.0039264219501653486,-0.007754890228955702,,,,0.009164938072931506,,75.19676971435547,0.0946073830127716,1.73699152469635,0.0
1992-09-30,2.7422792839828904,-0.9503469298211292,-0.6,4.165361894216435,4.09365133719326,-1.0999999999999928,1992-09-01,2.336451958,0.376673108286901,4.599999999999998,2.1000000000000005,-1.6999999999999986,1.1000000000000012,2.700000000000002,-0.49999999999999667,0.19999999999999926,6.399999999999995,3.0000000000000004,-1.4000000000000041,2.8,1992-09-01,1.7227666,0.093526125,1.1314021,0.0,-0.9932518,0.2595111,0.74193734,0.0,1.3083328,0.0,-0.4054651,0.0,0.18232156,0.0,2.00148,0.0,1.3862944,0.0,-0.87546873,0.04082203,1.3350011,0.0,-0.4691351,4.159983,4.08928,4.166548,4.089502,0.4,-0.00022172928,0.007815838,14.42190474555606,6.59,3.13,0.3265,2.06,2.06,,-0.024938441965815183,-0.027769182068003495,-0.0480635611179796,-0.0025061284239229487,,,,-0.005607554576631202,,81.64519500732422,0.17436453700065613,1.8211407661437988,0.0
1992-10-31,2.728217151487821,-0.9503469298211292,0.6,4.16705801486627,4.106868108382298,-1.0999999999999928,1992-10-01,-1.34059205,1.29547840595146,4.599999999999998,2.1000000000000005,-1.6999999999999986,1.000000000000001,2.600000000000002,-0.49999999999999667,0.19999999999999926,6.399999999999995,3.0000000000000004,-1.4000000000000041,2.4,1992-10-01,1.7227666,0.0,1.1314021,0.0,-0.9932518,0.0,0.6931472,-0.048790157,1.2809339,-0.027398944,-0.4054651,0.0,0.18232156,0.0,2.00148,0.0,1.3862944,0.0,-0.87546873,0.0,1.2237754,-0.111225724,0.0,4.165362,4.0936513,4.159983,4.08928,-0.5,0.004371166,-0.00022172928,13.696666581290108,6.42,2.91,0.37666666666666665,2.29,2.29,,0.026591423611981746,0.00688465877849076,-0.005197091985067459,0.017212947504758658,,,,0.0032931151719015617,,74.6097183227539,0.24566252529621124,1.700445294380188,0.0
1992-11-30,2.6613268650884407,-0.9503469298211292,0.0,4.166439306811537,4.102100369690312,-1.0999999999999928,1992-11-01,1.603578139,-0.314561509759884,4.599999999999998,2.1000000000000005,-1.6999999999999986,0.7000000000000011,2.600000000000002,-0.49999999999999667,0.19999999999999926,6.399999999999995,3.1000000000000005,-1.000000000000004,2.4,1992-11-01,1.7227666,0.0,1.1314021,0.0,-0.9932518,0.0,0.53062826,-0.16251892,1.2809339,0.0,-0.4054651,0.0,0.18232156,0.0,2.00148,0.0,1.410987,0.024692655,-0.6931472,0.18232155,1.2237754,0.0,0.0,4.167058,4.1068683,4.165362,4.0936513,0.0,0.013216972,0.004371166,17.636818278919566,6.59,2.86,0.5757142857142857,2.19,2.19,,-0.0004037232307836369,-0.0030443189021305272,0.04419353678715865,0.00927854735054412,,,,0.00672889068479865,,68.18277740478516,0.1686280071735382,1.481773853302002,0.0
1992-12-31,2.6128665066222427,-0.8813735870195377,0.1,4.160696126303581,4.107389905955806,-0.9999999999999928,1992-12-01,-4.421150985,0.865947520810533,4.599999999999998,2.1000000000000005,-1.4999999999999987,0.6000000000000011,3.0000000000000018,-0.49999999999999667,0.19999999999999926,6.399999999999995,3.6000000000000005,-0.600000000000004,2.4,1992-12-01,1.7227666,0.0,1.1314021,0.0,-0.91629076,0.07696104,0.47000363,-0.06062463,1.3862944,0.10536051,-0.4054651,0.0,0.18232156,0.0,2.00148,0.0,1.5260563,0.11506927,-0.47000363,0.22314355,1.2237754,0.0,0.06897334,4.1664395,4.1021004,4.167058,4.1068683,0.0,-0.0047678947,0.013216972,14.424499940872192,6.87,3.13,0.6647368421052632,2.0,2.0,,-0.05308418724654418,-0.027555467322498473,0.03449830040486468,0.0298619471895345,,,,0.0037850447982945568,,91.00899505615234,0.25650840997695923,2.0712099075317383,0.0
1993-01-31,2.592103713253128,-0.8813735870195377,-0.1,4.168414545559019,4.1046788457586425,-0.9999999999999928,1993-01-01,-0.543575076,-0.111947390828258,4.599999999999998,2.1000000000000005,-1.4999999999999987,0.6000000000000011,3.100000000000002,-0.49999999999999667,0.19999999999999926,6.399999999999995,3.6000000000000005,-0.600000000000004,2.4,1993-01-01,1.7227666,0.0,1.1314021,0.0,-0.91629076,0.0,0.47000363,0.0,1.410987,0.024692655,-0.4054651,0.0,0.18232156,0.0,2.00148,0.0,1.5260563,0.0,-0.47000363,0.0,1.2237754,0.0,0.0,4.160696,4.10739,4.1664395,4.1021004,0.0,0.0052895546,-0.0047678947,12.19136363809759,6.77,3.22,0.41904761904761906,2.06,2.06,,-0.05756085649730247,-0.0005971575479017943,-0.1397894502078394,0.005582477563855992,,,,0.0016874963663999765,,83.42096710205078,0.20145855844020844,1.990410566329956,0.0
1993-02-28,2.640005267920583,-0.8813735870195377,0.0,4.175486665338938,4.110522950151171,-0.9999999999999928,1993-02-01,2.381189872,0.593916696230131,4.599999999999998,2.1000000000000005,-1.4999999999999987,0.6000000000000011,3.0000000000000018,-0.49999999999999667,0.19999999999999926,6.399999999999995,3.6000000000000005,-0.600000000000004,2.4,1993-02-01,1.7227666,0.0,1.1314021,0.0,-0.91629076,0.0,0.47000363,0.0,1.3862944,-0.024692655,-0.4054651,0.0,0.18232156,0.0,2.00148,0.0,1.5260563,0.0,-0.47000363,0.0,1.2237754,0.0,0.0,4.1684146,4.1046786,4.160696,4.10739,0.0,-0.002711296,0.0052895546,12.408999967575074,6.6,3.0,0.3468421052631579,2.11,2.11,,-0.042427908832405326,-0.017504928547412035,0.07662019617246507,0.004015374566716412,,,,0.003832542487244517,,128.91807556152344,0.2228051871061325,2.8389692306518555,0.0
1993-03-31,2.6531633320277312,-0.8813735870195377,0.0,4.174616166773671,4.09872830622706,-0.9999999999999928,1993-03-01,-1.212734443,-0.867836753443828,4.599999999999998,2.1000000000000005,-1.4999999999999987,0.6000000000000011,3.0000000000000018,-0.49999999999999667,0.19999999999999926,6.399999999999995,3.6000000000000005,-0.600000000000004,1.9,1993-03-01,1.7227666,0.0,1.1314021,0.0,-0.91629076,0.0,0.47000363,0.0,1.3862944,0.0,-0.4054651,0.0,0.18232156,0.0,2.00148,0.0,1.5260563,0.0,-0.47000363,0.0,1.0647107,-0.15906465,0.0,4.1754866,4.1105227,4.1684146,4.1046786,0.0,0.005844116,-0.002711296,13.721578949376157,6.26,2.93,0.31,2.2,2.2,,0.060283019677725314,0.0009114109271077808,0.03728172589941536,-0.0060291242924326305,,,,0.004804393879324742,42.16715601,90.46806335449219,0.15806706249713898,1.9494937658309937,0.0
1993-04-30,2.645888701165054,-0.8813735870195377,0.0,4.1774522603176685,4.086988489203554,-0.9999999999999928,1993-04-01,-2.388434392,-0.928473041853483,4.6999999999999975,2.1000000000000005,-1.4999999999999987,0.6000000000000011,3.0000000000000018,-0.49999999999999667,0.19999999999999926,6.399999999999995,3.6000000000000005,-0.600000000000004,1.9,1993-04-01,1.7404661,0.01769948,1.1314021,0.0,-0.91629076,0.0,0.47000363,0.0,1.3862944,0.0,-0.4054651,0.0,0.18232156,0.0,2.00148,0.0,1.5260563,0.0,-0.47000363,0.0,1.0647107,0.0,0.0,4.1746163,4.098728,4.1754866,4.1105227,0.1,-0.011794567,0.005844116,13.606086855349334,5.98,2.95,0.2886956521739131,2.18,2.18,,0.017121947225082312,0.002335492955606533,0.04898378186513419,-0.003708253798915262,,,,-0.0008739137323683366,38.64637703,94.24144744873047,0.19365359842777252,2.164163827896118,0.0
1993-05-31,2.6266967256709353,-0.8813735870195377,0.0,4.180325297171526,4.090112921446102,-0.9999999999999928,1993-05-01,-1.903930427,0.451562995265065,4.6999999999999975,2.1000000000000005,-1.2999999999999987,0.6000000000000011,3.0000000000000018,-0.49999999999999667,0.19999999999999926,6.399999999999995,3.6000000000000005,-0.500000000000004,1.9,1993-05-01,1.7404661,0.0,1.1314021,0.0,-0.8329091,0.08338165,0.47000363,0.0,1.3862944,0.0,-0.4054651,0.0,0.18232156,0.0,2.00148,0.0,1.5260563,0.0,-0.4054651,0.06453854,1.0647107,0.0,0.0,4.177452,4.0869884,4.1746163,4.098728,-0.1,-0.011739731,-0.011794567,12.840952419099354,5.97,2.87,0.3585,2.12,2.12,,-0.005911294660936317,0.0359141880755649,0.0580994760251663,-0.00449266110662494,,,,0.0027394050036360085,37.9832896,112.72166442871094,0.2219294011592865,2.441223382949829,0.0
1993-06-30,2.581392139820594,-0.8813735870195377,0.0,4.176806188106486,4.085344970439945,-0.9999999999999928,1993-06-01,-1.839213647,-0.297898840758681,4.6999999999999975,2.3000000000000007,-1.2999999999999987,0.6000000000000011,3.0000000000000018,-0.3999999999999967,0.19999999999999926,6.399999999999995,3.6000000000000005,-0.500000000000004,1.9,1993-06-01,1.7404661,0.0,1.1939225,0.062520385,-0.8329091,0.0,0.47000363,0.0,1.3862944,0.0,-0.33647224,0.06899285,0.18232156,0.0,2.00148,0.0,1.5260563,0.0,-0.4054651,0.0,1.0647107,0.0,0.0,4.1803255,4.0901127,4.177452,4.0869884,0.0,0.003124237,-0.011739731,13.6060001373291,6.04,2.96,0.2826315789473684,2.1,2.1,,-0.008961573311157434,0.07060295363355351,0.06293855495632705,0.006235337950074804,,,,-0.0037915803418799854,50.46139035,110.72975158691406,0.26761820912361145,2.5114939212799072,0.0
1993-07-31,2.514790143715252,-0.8813735870195377,0.0,4.176944612490392,4.095488374486039,-0.9999999999999928,1993-07-01,-1.107011347,1.10497110909789,4.6999999999999975,2.3000000000000007,-1.2999999999999987,0.6000000000000011,3.0000000000000018,-0.3999999999999967,0.19999999999999926,6.399999999999995,3.6000000000000005,-0.500000000000004,1.9,1993-07-01,1.7404661,0.0,1.1939225,0.0,-0.8329091,0.0,0.47000363,0.0,1.3862944,0.0,-0.33647224,0.0,0.18232156,0.0,2.00148,0.0,1.5260563,0.0,-0.4054651,0.0,1.0647107,0.0,0.0,4.176806,4.085345,4.1803255,4.0901127,0.0,-0.0047678947,0.003124237,12.52409081025557,5.96,3.07,0.26590909090909093,2.16,2.16,,-0.047307092443958254,0.012745920588808524,0.015397326359344987,0.005608189090568816,,,,0.0022526473495334542,57.6524812,104.19525146484375,0.23136956989765167,2.272256374359131,0.0
1993-08-31,2.520688338974291,-0.9503469298211292,-0.1,4.175748650488721,4.092525825990241,-1.0999999999999928,1993-08-01,0.001353223,-0.162197931975346,4.6999999999999975,2.3000000000000007,-1.1999999999999986,0.6000000000000011,3.0000000000000018,-0.3999999999999967,0.19999999999999926,6.399999999999995,3.6000000000000005,-0.400000000000004,1.9,1993-08-01,1.7404661,0.0,1.1939225,0.0,-0.78845733,0.044451773,0.47000363,0.0,1.3862944,0.0,-0.33647224,0.0,0.18232156,0.0,2.00148,0.0,1.5260563,0.0,-0.33647224,0.06899285,1.0647107,0.0,-0.06897334,4.1769447,4.0954885,4.176806,4.085345,0.0,0.010143757,-0.0047678947,11.500476201375326,5.81,3.04,0.2580952380952381,2.05,2.05,,-0.050973512053612335,0.05314830462101039,-0.029969219817322923,0.0,,,,0.002693116497312964,58.60529425,123.31478881835938,0.28890395164489746,2.617969036102295,0.0
1993-09-30,2.4914370046675494,-1.0159731341796878,-1.110223e-16,4.1794649719039025,4.092714784856171,-1.1999999999999929,1993-09-01,1.020099478,-0.103877164780562,4.6999999999999975,2.400000000000001,-0.8999999999999986,0.6000000000000011,3.0000000000000018,0.2000000000000033,0.19999999999999926,6.399999999999995,3.6000000000000005,-0.400000000000004,1.9,1993-09-01,1.7404661,0.0,1.2237754,0.029852867,-0.64185387,0.14660347,0.47000363,0.0,1.3862944,0.0,0.18232156,0.5187938,0.18232156,0.0,2.00148,0.0,1.5260563,0.0,-0.33647224,0.0,1.0647107,0.0,-0.065626204,4.175749,4.092526,4.1769447,4.0954885,0.0,-0.0029625893,0.010143757,11.928636420856822,5.68,3.02,0.24238095238095236,1.91,1.91,,-0.004736200887711206,-0.03463246388397856,0.057012530784401605,0.005301387838125171,,,,-0.0012064683528301146,49.42422538,97.2416763305664,0.28907090425491333,2.1235592365264893,0.0
1993-10-31,2.5227020908905393,-1.0159731341796878,0.1,4.179504156275099,4.100427092736856,-1.1999999999999929,1993-10-01,0.815712498,0.530148644163841,4.6999999999999975,2.400000000000001,-0.7999999999999986,0.6000000000000011,3.0000000000000018,0.2000000000000033,0.19999999999999926,6.399999999999995,3.6000000000000005,-0.30000000000000404,1.9,1993-10-01,1.7404661,0.0,1.2237754,0.0,-0.5877867,0.054067194,0.47000363,0.0,1.3862944,0.0,0.18232156,0.0,0.18232156,0.0,2.00148,0.0,1.5260563,0.0,-0.26236427,0.074107975,1.0647107,0.0,0.0,4.179465,4.092715,4.175749,4.092526,0.0,0.00018882751,-0.0029625893,12.931428409758068,5.36,2.95,0.26571428571428574,2.0,2.0,,-0.04185349225647128,-0.06420774137405338,0.01811930682995566,-0.000861504584797057,,,,0.005291488315735116,60.39382213,89.16477966308594,0.2478877156972885,1.9028000831604004,0.0
1993-11-30,2.4369124016700505,-0.8813735870195379,0.2,4.182471885756144,4.101484131401573,-0.9999999999999929,1993-11-01,-4.808135422,0.410184901404166,4.6999999999999975,2.500000000000001,-0.6999999999999986,0.6000000000000011,3.200000000000002,0.30000000000000326,0.19999999999999926,6.399999999999995,3.7000000000000006,0.09999999999999598,1.9,1993-11-01,1.7404661,0.0,1.2527629,0.028987527,-0.53062826,0.05715841,0.47000363,0.0,1.4350846,0.048790216,0.26236427,0.080042705,0.18232156,0.0,2.00148,0.0,1.5475625,0.02150619,0.09531018,0.35767445,1.0647107,0.0,0.13459955,4.1795044,4.100427,4.179465,4.092715,0.0,0.007712364,0.00018882751,11.875238100687662,5.33,3.02,0.3735,1.96,1.96,,0.03647713522009077,0.024742039919850356,0.12769444732886015,0.0,,,,0.007303652422303131,46.38045602,106.16590881347656,0.28040093183517456,2.323782444000244,0.0
1993-12-31,2.294348944858109,-0.8813735870195379,-0.2,4.188296395649134,4.107876869471098,-0.9999999999999929,1993-12-01,-2.723044154,0.882019246070889,4.6999999999999975,2.500000000000001,-0.6999999999999986,1.200000000000001,3.200000000000002,0.40000000000000324,0.19999999999999926,6.499999999999995,3.7000000000000006,0.09999999999999598,1.7,1993-12-01,1.7404661,0.0,1.2527629,0.0,-0.53062826,0.0,0.78845733,0.3184537,1.4350846,0.0,0.33647224,0.074107975,0.18232156,0.0,2.014903,0.013422966,1.5475625,0.0,0.09531018,0.0,0.9932518,-0.071458936,0.0,4.1824718,4.1014843,4.1795044,4.100427,0.0,0.001057148,0.007712364,14.083809534708658,5.72,3.1,0.384,1.91,1.91,,-0.08874805638458039,0.026152897719188495,0.08921012957230978,0.003132317031639076,,,,0.0045590055532489515,57.51783257,83.48017883300781,0.294376403093338,1.7831765413284302,0.0
1994-01-31,2.327561079064223,-0.7326682560454053,0.2,4.187897441301807,4.11314832480591,-0.7999999999999929,1994-01-01,0.75586788,-0.026648810497992,4.6999999999999975,2.500000000000001,-0.6999999999999986,1.200000000000001,3.200000000000002,0.40000000000000324,0.29999999999999927,6.499999999999995,3.7000000000000006,0.09999999999999598,1.7,1994-01-01,1.7404661,0.0,1.2527629,0.0,-0.53062826,0.0,0.78845733,0.0,1.4350846,0.0,0.33647224,0.0,0.26236427,0.080042705,2.014903,0.0,1.5475625,0.0,0.09531018,0.0,0.9932518,0.0,0.14870533,4.1882963,4.107877,4.1824718,4.1014843,0.0,0.006392479,0.001057148,11.356363556601785,5.77,3.06,0.321,1.94,1.94,,-0.10178513606492912,0.025016823763623464,0.10837769928441965,-0.0008595496489332,,,,0.00590527084702952,51.5812728,79.55179595947266,0.22523315250873566,1.7174028158187866,0.0
1994-02-28,2.310055416359211,-0.7326682560454053,-0.2,4.191191590772208,4.110231034651861,-0.7999999999999929,1994-02-01,0.250780198,0.196138062436449,4.899999999999998,2.500000000000001,-0.6999999999999986,1.200000000000001,3.200000000000002,0.40000000000000324,0.19999999999999926,6.499999999999995,3.7000000000000006,0.09999999999999598,1.4,1994-02-01,1.7749523,0.034486175,1.2527629,0.0,-0.53062826,0.0,0.78845733,0.0,1.4350846,0.0,0.33647224,0.0,0.18232156,-0.080042705,2.014903,0.0,1.5475625,0.0,0.09531018,0.0,0.87546873,-0.11778307,0.0,4.187897,4.113148,4.1882963,4.107877,0.2,0.005271435,0.006392479,11.290476163228353,5.75,2.98,0.3005263157894737,1.85,1.85,,0.0403939262259998,0.009296595039918643,0.08344161421398333,0.40545937529728127,,,,0.0028736794669281807,53.82739642,83.48997497558594,0.18448293209075928,1.8379966020584106,0.0
1994-03-31,2.299180254839205,-0.48121182505959725,0.3,4.199007384548528,4.108719085287462,-0.49999999999999295,1994-03-01,-0.511332937,0.17986031112968,4.899999999999998,2.500000000000001,-0.19999999999999862,1.400000000000001,3.200000000000002,0.40000000000000324,0.19999999999999926,6.499999999999995,3.7000000000000006,0.09999999999999598,1.4,1994-03-01,1.7749523,0.0,1.2527629,0.0,-0.18232156,0.34830672,0.87546873,0.0870114,1.4350846,0.0,0.33647224,0.0,0.18232156,0.0,2.014903,0.0,1.5475625,0.0,0.09531018,0.0,0.87546873,0.0,0.25145644,4.1911917,4.110231,4.187897,4.113148,-0.2,-0.0029172897,0.005271435,13.644210464075991,5.97,3.25,0.29526315789473684,1.77,1.77,,-0.03485144574400456,-0.012929588672626835,-0.022708206910838413,0.0005158213996843131,,,-0.00554143346212399,0.0005827318302769058,54.21511221,117.2420654296875,0.15734776854515076,2.6492974758148193,0.0
1994-04-30,2.409439058118239,-0.29567304756341556,-0.1,4.20546127912025,4.101171207564378,-0.29999999999999294,1994-04-01,3.086917789,-1.81097626436344,4.899999999999998,2.500000000000001,-0.19999999999999862,1.400000000000001,3.200000000000002,0.40000000000000324,0.19999999999999926,6.499999999999995,3.7000000000000006,0.199999999999996,1.2999999999999998,1994-04-01,1.7749523,0.0,1.2527629,0.0,-0.18232156,0.0,0.87546873,0.0,1.4350846,0.0,0.33647224,0.0,0.18232156,0.0,2.014903,0.0,1.5475625,0.0,0.18232156,0.08701138,0.8329091,-0.042559624,0.18553878,4.1990075,4.108719,4.1911917,4.110231,0.0,-0.0015120506,-0.0029172897,15.223478317260742,6.48,3.5,0.3756521739130435,1.59,1.59,,0.0014920536759470693,0.005796058208292543,-0.13970517770809998,0.00041246563371188927,,,0.0010201191023497813,0.010149890606631295,62.50444369,93.47403717041016,0.3976801931858063,2.0049710273742676,0.0
1994-05-31,2.495024779953585,-0.19869011034923464,-0.1,4.210632258192939,4.10841346281756,-0.19999999999999293,1994-05-01,1.432917604,0.1113992612232,4.999999999999997,2.500000000000001,-0.19999999999999862,1.400000000000001,3.200000000000002,0.40000000000000324,0.19999999999999926,6.499999999999995,4.1000000000000005,0.199999999999996,1.2999999999999998,1994-05-01,1.7917595,0.016807199,1.2527629,0.0,-0.18232156,0.0,0.87546873,0.0,1.4350846,0.0,0.33647224,0.0,0.18232156,0.0,2.014903,0.0,1.6292405,0.08167803,0.18232156,0.0,0.8329091,0.0,0.09698293,4.2054615,4.101171,4.1990075,4.108719,0.1,-0.0075478554,-0.0015120506,16.471052671733656,6.97,3.68,0.4444444444444444,1.48,1.48,,0.09706527215658545,-0.0180199254775113,-0.03149021792425444,-0.0005843765384438981,,,-0.0009067211320523683,0.005896138042652765,65.35979885,95.35697174072266,0.27801910042762756,2.175499677658081,0.0
1994-06-30,2.556750235883665,-0.19869011034923464,-0.1,4.2180928812551794,4.11352608163803,-0.19999999999999293,1994-06-01,2.336164522,0.368558212252613,4.999999999999997,2.600000000000001,1.3877787807814457e-15,1.400000000000001,3.200000000000002,0.40000000000000324,0.19999999999999926,6.499999999999995,4.2,0.199999999999996,1.2999999999999998,1994-06-01,1.7917595,0.0,1.2809339,0.028170943,1.3322676e-15,0.18232156,0.87546873,0.0,1.4350846,0.0,0.33647224,0.0,0.18232156,0.0,2.014903,0.0,1.6486586,0.01941812,0.18232156,0.0,0.8329091,0.0,0.0,4.2106323,4.1084137,4.2054615,4.101171,-0.1,0.0072426796,-0.0075478554,13.897142818995885,7.18,4.14,0.49399999999999994,1.51,1.51,,0.060899391982676576,0.01096623616573833,-0.02408042562829671,-0.0051826388820961355,,,-0.008655104707290029,0.004590495958547436,58.12104054,104.46678924560547,0.3477795720100403,2.364232301712036,0.0
1994-07-31,2.5833361935700814,-0.19869011034923464,0.0,4.220414059019225,4.1070304220292835,-0.19999999999999293,1994-07-01,-0.260833742,-1.52545864475941,4.999999999999997,2.600000000000001,1.3877787807814457e-15,1.400000000000001,3.400000000000002,0.6000000000000032,0.19999999999999926,6.499999999999995,4.2,0.199999999999996,1.2999999999999998,1994-07-01,1.7917595,0.0,1.2809339,0.0,1.3322676e-15,0.0,0.87546873,0.0,1.4816046,0.046519995,0.47000363,0.13353139,0.18232156,0.0,2.014903,0.0,1.6486586,0.0,0.18232156,0.0,0.8329091,0.0,0.0,4.218093,4.113526,4.2106323,4.1084137,0.0,0.005112171,0.0072426796,13.408636353232644,7.1,4.14,0.4986363636363636,1.52,1.52,,0.03491469597542407,0.010976944145858702,-0.006502936987930141,-0.000910594658138475,,,-0.0034372169496039717,0.006728449687136262,59.561957,120.35224151611328,0.56477952003479,2.7626564502716064,0.0
1994-08-31,2.512486996970173,-0.09983407889920064,0.1,4.2307821444503935,4.105317472373031,-0.09999999999999293,1994-08-01,-3.934665875,-0.202900255969961,4.6999999999999975,2.600000000000001,1.3877787807814457e-15,1.900000000000001,3.400000000000002,0.6000000000000032,0.19999999999999926,6.499999999999995,4.2,0.199999999999996,1.2999999999999998,1994-08-01,1.7404661,-0.051293373,1.2809339,0.0,1.3322676e-15,0.0,1.0647107,0.189242,1.4816046,0.0,0.47000363,0.0,0.18232156,0.0,2.014903,0.0,1.6486586,0.0,0.18232156,0.0,0.8329091,0.0,0.09885603,4.220414,4.1070304,4.218093,4.113526,-0.3,-0.006495476,0.005112171,12.48449993133545,7.3,4.33,0.5245,1.49,1.49,,0.048686922411978806,-0.0003890394664756158,-0.012500014055634168,-0.0036969900120480403,,,-0.013635524414336686,0.0013295056794984106,49.67703516,99.6402359008789,0.18375343084335327,2.284783124923706,0.0
1994-09-30,2.459125031854403,-0.09983407889920064,-0.1,4.234424714832577,4.115339289142606,-0.09999999999999293,1994-09-01,-1.910415755,0.209839765934126,4.6999999999999975,2.600000000000001,1.3877787807814457e-15,1.900000000000001,3.400000000000002,0.7000000000000032,0.19999999999999926,6.499999999999995,4.6000000000000005,0.299999999999996,1.2999999999999998,1994-09-01,1.7404661,0.0,1.2809339,0.0,1.3322676e-15,0.0,1.0647107,0.0,1.4816046,0.0,0.53062826,0.06062463,0.18232156,0.0,2.014903,0.0,1.7227666,0.074108005,0.26236427,0.080042705,0.8329091,0.0,0.0,4.230782,4.1053176,4.220414,4.1070304,0.3,-0.0017127991,-0.006495476,11.889130467953889,7.24,4.48,0.4436363636363636,1.55,1.55,,-0.04098865498622617,-0.01339707965845971,0.06414246897920073,-0.0070388470978119955,,,-0.0026795612234824517,0.006681857512926825,52.26096941,98.2270278930664,0.19237619638442993,2.13395094871521,0.0
1994-10-31,2.4726723650841165,0.29567304756342927,0.4,4.241823032281294,4.123401620488209,0.3000000000000071,1994-10-01,-0.098106747,-0.303061855926585,4.6999999999999975,2.600000000000001,1.3877787807814457e-15,1.900000000000001,3.400000000000002,0.8000000000000032,0.19999999999999926,6.499999999999995,4.6000000000000005,0.299999999999996,1.0999999999999999,1994-10-01,1.7404661,0.0,1.2809339,0.0,1.3322676e-15,0.0,1.0647107,0.0,1.4816046,0.0,0.5877867,0.05715841,0.18232156,0.0,2.014903,0.0,1.7227666,0.0,0.26236427,0.0,0.74193734,-0.09097177,0.39550713,4.2344246,4.1153393,4.230782,4.1053176,0.0,0.010021687,-0.0017127991,13.23333336058117,7.46,4.62,0.5085714285714286,1.5,1.5,,-0.060878596052030165,0.029071664157883426,0.03429786482260866,-0.003397729944430772,,,-0.011498425406963442,0.0031405492615519393,55.39932966,98.89848327636719,0.23000168800354004,2.3236935138702393,0.0
1994-11-30,2.4917810531767524,0.5688248987322535,-0.1,4.250481696313442,4.126214607340526,0.6000000000000071,1994-11-01,0.285355389,0.365680967659881,4.6999999999999975,2.700000000000001,0.5000000000000013,1.900000000000001,3.400000000000002,0.8000000000000032,0.4999999999999992,6.499999999999995,4.6000000000000005,0.8999999999999959,1.0999999999999999,1994-11-01,1.7404661,0.0,1.3083328,0.027398944,0.4054651,0.4054651,1.0647107,0.0,1.4816046,0.0,0.5877867,0.0,0.4054651,0.22314353,2.014903,0.0,1.7227666,0.0,0.64185387,0.3794896,0.74193734,0.0,0.27315184,4.241823,4.1234016,4.2344246,4.1153393,0.0,0.008062363,0.010021687,15.245238031659808,7.74,4.95,0.675,1.4,1.4,,0.03677841932218762,-0.004633015262330176,-0.04855454861491104,-0.0004679457268359499,,,-0.008056915621441618,0.00801293123785829,55.87958869,94.85363006591797,0.30668842792510986,2.1631321907043457,0.0
1994-12-31,2.4364495414084915,0.5688248987322535,-0.3,4.261680222623713,4.131431590431362,0.6000000000000071,1994-12-01,-2.998293017,0.421422964044289,4.6999999999999975,2.700000000000001,0.5000000000000013,1.900000000000001,3.400000000000002,0.8000000000000032,0.4999999999999992,6.499999999999995,4.6000000000000005,0.8999999999999959,1.0999999999999999,1994-12-01,1.7404661,0.0,1.3083328,0.0,0.4054651,0.0,1.0647107,0.0,1.4816046,0.0,0.5877867,0.0,0.4054651,0.0,2.014903,0.0,1.7227666,0.0,0.64185387,0.0,0.74193734,0.0,0.0,4.2504816,4.1262145,4.241823,4.1234016,0.0,0.0028128624,0.008062363,16.38380949837821,7.96,5.29,0.592,1.3,1.3,,0.04162412986801822,-0.01389915937720243,-0.019400918989051164,-0.001991215884860509,,,0.002257739655499691,0.006812622956685388,53.9364609,86.5298080444336,0.19561268389225006,1.9211959838867188,0.0
1995-01-31,2.4810231497616027,0.5688248987322535,0.0,4.25820678909184,4.124584362305432,0.6000000000000071,1995-01-01,3.368388267,-1.63644898473028,4.6999999999999975,2.700000000000001,0.5000000000000013,1.900000000000001,3.400000000000002,0.8000000000000032,0.4999999999999992,6.499999999999995,4.6000000000000005,0.8999999999999959,1.0999999999999999,1995-01-01,1.7404661,0.0,1.3083328,0.0,0.4054651,0.0,1.0647107,0.0,1.4816046,0.0,0.5877867,0.0,0.4054651,0.0,2.014903,0.0,1.7227666,0.0,0.64185387,0.0,0.74193734,0.0,0.0,4.26168,4.1314316,4.2504816,4.1262145,0.0,0.0052170753,0.0028128624,14.177142824445452,7.81,5.6,0.7855,1.3,1.3,,-0.0760774782335738,-0.013356578197678992,-0.1181338850108169,-0.007390355609886434,,,0.021836979475603258,0.010166425922232492,42.28003607,96.04750061035156,0.15591226518154144,2.097728729248047,0.0
1995-02-28,2.5079438605115563,0.3900353197707218,-0.2,4.260186913032243,4.132669040543567,0.40000000000000707,1995-02-01,-1.064856218,0.745486992337057,4.6999999999999975,2.700000000000001,0.5000000000000013,1.900000000000001,3.400000000000002,0.8000000000000032,0.4999999999999992,6.499999999999995,4.6000000000000005,0.8999999999999959,1.0999999999999999,1995-02-01,1.7404661,0.0,1.3083328,0.0,0.4054651,0.0,1.0647107,0.0,1.4816046,0.0,0.5877867,0.0,0.4054651,0.0,2.014903,0.0,1.7227666,0.0,0.64185387,0.0,0.74193734,0.0,-0.17878959,4.258207,4.124584,4.26168,4.1314316,0.0,-0.0068473816,0.0052170753,12.274285679771786,7.78,5.71,0.6335,1.33,1.33,,0.0381715212349345,-0.0019529194426004537,-0.09258178757771596,-0.0009217352909063337,,,0.02182489567764634,0.001700536197938085,54.38960806,80.15467834472656,0.18747931718826294,1.668933629989624,0.0
1995-03-31,2.507036511296103,0.5688248987322535,0.4,4.259562911671904,4.120728426766117,0.6000000000000071,1995-03-01,-1.388126161,-1.05761580759743,4.6999999999999975,2.700000000000001,0.5000000000000013,1.900000000000001,3.400000000000002,0.8000000000000032,0.4999999999999992,6.499999999999995,4.6000000000000005,0.8999999999999959,1.0999999999999999,1995-03-01,1.7404661,0.0,1.3083328,0.0,0.4054651,0.0,1.0647107,0.0,1.4816046,0.0,0.5877867,0.0,0.4054651,0.0,2.014903,0.0,1.7227666,0.0,0.64185387,0.0,0.74193734,0.0,0.17878959,4.260187,4.132669,4.258207,4.124584,0.0,0.008084774,-0.0068473816,11.470000016061883,7.47,5.77,0.4921052631578947,1.53,1.53,,0.03342487086143153,-0.005058340477403611,0.0709609573814376,-0.0008634200246615542,,,-0.008787503052292145,-0.0011286873050115886,61.46532246,76.87532806396484,0.19181585311889648,1.5944693088531494,0.0
1995-04-30,2.5718173775902873,0.5688248987322535,-0.2,4.264062582635021,4.133582903425135,0.6000000000000071,1995-04-01,3.765648346,0.256425308589394,4.6999999999999975,2.700000000000001,0.6000000000000013,1.900000000000001,3.400000000000002,0.8000000000000032,0.5999999999999992,6.499999999999995,4.6000000000000005,0.9999999999999959,1.0999999999999999,1995-04-01,1.7404661,0.0,1.3083328,0.0,0.47000363,0.06453854,1.0647107,0.0,1.4816046,0.0,0.5877867,0.0,0.47000363,0.06453854,2.014903,0.0,1.7227666,0.0,0.6931472,0.051293314,0.74193734,0.0,0.0,4.259563,4.1207285,4.260187,4.132669,0.0,-0.011940479,0.008084774,12.166521735813307,7.2,5.73,0.5391304347826087,1.49,1.49,,-0.006329155213824045,0.014444871329896358,0.04496322354154003,-0.0005562953243032354,,,-0.014083113977838124,0.0016603011582869698,48.9380069,82.24444580078125,0.13410502672195435,1.7398362159729004,0.0
1995-05-31,2.5632790207281797,0.09983407889921461,-0.5,4.260132127239032,4.13377358701034,0.10000000000000708,1995-05-01,0.187317514,0.335356382041053,4.6999999999999975,2.700000000000001,0.8000000000000014,1.900000000000001,3.400000000000002,0.8000000000000032,0.5999999999999992,6.499999999999995,4.800000000000001,1.0999999999999959,1.0999999999999999,1995-05-01,1.7404661,0.0,1.3083328,0.0,0.5877867,0.11778304,1.0647107,0.0,1.4816046,0.0,0.5877867,0.0,0.47000363,0.0,2.014903,0.0,1.7578579,0.03509128,0.74193734,0.048790157,0.74193734,0.0,-0.46899083,4.2640624,4.133583,4.259563,4.1207285,0.0,0.012854576,-0.011940479,12.442631570916427,7.06,5.65,0.581111111111111,1.51,1.51,,0.09215987438963502,0.023049587982953312,0.015541259038007738,-0.002252012946695192,,,-0.04057014682865745,-0.0017277257902161836,44.75080678,99.19087982177734,0.21382488310337067,2.2009217739105225,0.0
1995-06-30,2.4920985735627066,-0.09983407889920064,0.3,4.265082762446358,4.119931084099578,-0.09999999999999293,1995-06-01,-7.204435576,-1.05942031115328,4.6999999999999975,2.800000000000001,0.8000000000000014,1.900000000000001,3.400000000000002,0.8000000000000032,0.5999999999999992,6.499999999999995,5.1000000000000005,1.0999999999999959,1.0999999999999999,1995-06-01,1.7404661,0.0,1.3350011,0.02666831,0.5877867,0.0,1.0647107,0.0,1.4816046,0.0,0.5877867,0.0,0.47000363,0.0,2.014903,0.0,1.8082888,0.050430894,0.74193734,0.0,0.74193734,0.0,-0.19966815,4.2601323,4.133774,4.2640624,4.133583,0.0,0.00019073486,0.012854576,12.265909194946289,6.63,5.67,0.4547619047619048,1.66,1.66,,-0.01607766157923196,-0.014969683728685013,0.04944135749697054,-0.01216520801748544,,,-0.005219408583836405,0.004898906985118856,53.3310914,87.842529296875,0.2834611237049103,1.991496205329895,0.0
1995-07-31,2.428056568641468,-0.19869011034923464,0.1,4.26395371325468,4.1352689514998335,-0.19999999999999293,1995-07-01,3.435950207,1.30552920695515,4.599999999999998,2.800000000000001,0.8000000000000014,1.900000000000001,3.6000000000000023,0.8000000000000032,0.6999999999999992,6.499999999999995,5.1000000000000005,1.0999999999999959,1.0999999999999999,1995-07-01,1.7227666,-0.01769948,1.3350011,0.0,0.5877867,0.0,1.0647107,0.0,1.5260563,0.044451714,0.5877867,0.0,0.53062826,0.06062463,2.014903,0.0,1.8082888,0.0,0.74193734,0.0,0.74193734,0.0,-0.09885603,4.265083,4.119931,4.2601323,4.133774,-0.1,-0.013842583,0.00019073486,11.89681811766191,6.17,5.47,0.5336363636363637,1.74,1.74,,-0.05823720348439565,0.006056075860726651,0.0381462821102847,-0.0005286364906309515,,,0.0006083095266360417,0.0033088514322034968,59.67986198,104.60775756835938,0.19586828351020813,2.1323773860931396,0.0
1995-08-31,2.467423110268301,-0.19869011034923464,0.1,4.270235486750248,4.1374104373582,-0.19999999999999293,1995-08-01,2.91461127,-0.000677896516766724,4.499999999999998,2.800000000000001,0.8000000000000014,2.000000000000001,3.6000000000000023,0.8000000000000032,0.6999999999999992,6.499999999999995,5.1000000000000005,1.0999999999999959,1.0999999999999999,1995-08-01,1.704748,-0.018018603,1.3350011,0.0,0.5877867,0.0,1.0986123,0.033901572,1.5260563,0.0,0.5877867,0.0,0.53062826,0.0,2.014903,0.0,1.8082888,0.0,0.74193734,0.0,0.74193734,0.0,0.0,4.2639537,4.135269,4.265083,4.119931,0.0,0.015337944,-0.013842583,12.514000129699706,6.28,5.42,0.47000000000000003,1.72,1.72,,-0.08800205568550545,-0.0034376285807500295,0.02099836844679004,-9.614575704164352e-05,,,-0.0004866180144684762,-0.00418989274010606,66.73557293,107.64541625976562,0.233963742852211,2.2772469520568848,0.0
1995-09-30,2.477147472015025,-0.19869011034923464,0.0,4.270367854299201,4.143712337319995,-0.19999999999999293,1995-09-01,0.603477794,0.400655097653619,4.499999999999998,2.800000000000001,0.8000000000000014,2.000000000000001,3.6000000000000023,0.8000000000000032,0.6999999999999992,6.499999999999995,5.1000000000000005,1.199999999999996,1.0999999999999999,1995-09-01,1.704748,0.0,1.3350011,0.0,0.5877867,0.0,1.0986123,0.0,1.5260563,0.0,0.5877867,0.0,0.53062826,0.0,2.014903,0.0,1.8082888,0.0,0.78845733,0.046519995,0.74193734,0.0,0.0,4.2702355,4.1374106,4.2639537,4.135269,0.1,0.0021414757,0.015337944,12.79826085463814,6.49,5.4,0.5018181818181818,1.73,1.73,,0.015153529542090816,-0.006650238822714094,-0.037132839627439296,0.0011411344113128052,,,0.024757904370455996,0.013169322992450994,69.53925844,106.93478393554688,0.2190409153699875,2.3781585693359375,0.0
1995-10-31,2.430236037441673,-0.09983407889920064,0.1,4.270343674418217,4.137921159338645,-0.09999999999999293,1995-10-01,-3.431034336,-0.844580381314604,4.499999999999998,2.9000000000000012,0.8000000000000014,2.000000000000001,3.6000000000000023,0.8000000000000032,0.6999999999999992,6.499999999999995,5.1000000000000005,1.199999999999996,1.2,1995-10-01,1.704748,0.0,1.3609766,0.025975466,0.5877867,0.0,1.0986123,0.0,1.5260563,0.0,0.5877867,0.0,0.53062826,0.0,2.014903,0.0,1.8082888,0.0,0.78845733,0.0,0.78845733,0.046519995,0.09885603,4.2703676,4.1437125,4.2702355,4.1374106,0.0,0.00630188,0.0021414757,12.057000017166137,6.2,5.28,0.585,1.71,1.71,,0.03678681923186167,-0.0015911732388236288,0.03994071396741106,0.0010438977928224347,,,0.011566280246046112,0.004025176187479218,62.69196409,71.20516967773438,0.17797636985778809,1.4541047811508179,0.0
1995-11-30,2.459983583405983,7.105427357600977e-15,0.0,4.275483753630843,4.141409429398431,7.077671781985373e-15,1995-11-01,0.730568335,-0.338983105465887,4.499999999999998,2.9000000000000012,1.1000000000000014,2.000000000000001,3.900000000000002,0.8000000000000032,0.6999999999999992,6.499999999999995,5.1000000000000005,1.599999999999996,1.2,1995-11-01,1.704748,0.0,1.3609766,0.0,0.74193734,0.15415066,1.0986123,0.0,1.5892352,0.0631789,0.5877867,0.0,0.53062826,0.0,2.014903,0.0,1.8082888,0.0,0.95551145,0.16705412,0.78845733,0.0,0.09983408,4.270344,4.1379213,4.2703676,4.1437125,0.0,-0.0057911873,0.00630188,14.357272711667148,6.04,5.28,0.6614285714285715,1.7,1.7,,-0.03588357879560844,0.00020882276244016396,0.03409309048217146,-0.0004318255491915224,,,0.0,-0.0017591074109057914,56.31697037,67.74150085449219,0.1446712762117386,1.38241446018219,0.0
1995-12-31,2.515409174506477,7.105427357600977e-15,-0.1,4.283274375204411,4.147686257203924,7.077671781985373e-15,1995-12-01,5.955391551,0.451095503783549,4.499999999999998,2.9000000000000012,1.2000000000000015,2.100000000000001,3.900000000000002,0.8000000000000032,0.6999999999999992,6.499999999999995,5.1000000000000005,1.599999999999996,1.2,1995-12-01,1.704748,0.0,1.3609766,0.0,0.78845733,0.046519995,1.1314021,0.032789826,1.5892352,0.0,0.5877867,0.0,0.53062826,0.0,2.014903,0.0,1.8082888,0.0,0.95551145,0.0,0.78845733,0.0,0.0,4.2754836,4.1414094,4.270344,4.1379213,0.0,0.0034880638,-0.0057911873,12.469047546386719,5.93,5.36,0.5228571428571429,1.81,1.81,,0.045501245282038916,0.005647747460594488,-0.030343158364967593,-0.0003960039652146641,,,0.011085941179909575,0.0026320058946325275,50.79055772,76.33349609375,0.13072383403778076,1.550011157989502,0.0
1996-01-31,2.501785589126426,7.105427357600977e-15,0.0,4.28133630779904,4.146897479618055,7.077671781985373e-15,1996-01-01,-3.159610327,-0.477398507612713,4.499999999999998,2.9000000000000012,1.2000000000000015,2.200000000000001,3.900000000000002,0.8000000000000032,0.6999999999999992,6.499999999999995,5.1000000000000005,1.599999999999996,1.3,1996-01-01,1.704748,0.0,1.3609766,0.0,0.78845733,0.0,1.1631508,0.031748652,1.5892352,0.0,0.5877867,0.0,0.53062826,0.0,2.014903,0.0,1.8082888,0.0,0.95551145,0.0,0.8329091,0.044451773,0.0,4.283274,4.1476865,4.2754836,4.1414094,0.0,0.0062770844,0.0034880638,11.74849991798401,5.71,5.14,0.6057894736842105,1.8,1.8,,0.06121319632919331,0.005512792997423688,0.037364146210318694,0.000695902601724363,,,0.0022025163949308535,0.003464824423083712,49.93281732,65.67205810546875,0.17111022770404816,1.412654161453247,0.0
1996-02-29,2.5098614886811723,7.105427357600977e-15,0.0,4.281045681383699,4.1531416327305575,7.077671781985373e-15,1996-02-01,-0.462129927,0.283164905390511,4.599999999999998,2.9000000000000012,1.2000000000000015,2.200000000000001,4.000000000000002,0.8000000000000032,0.6999999999999992,6.499999999999995,5.1000000000000005,1.599999999999996,1.3,1996-02-01,1.7227666,0.018018603,1.3609766,0.0,0.78845733,0.0,1.1631508,0.0,1.609438,0.020202756,0.5877867,0.0,0.53062826,0.0,2.014903,0.0,1.8082888,0.0,0.95551145,0.0,0.8329091,0.0,0.0,4.2813363,4.1468973,4.283274,4.1476865,0.1,-0.0007891655,0.0062770844,13.473636237057773,5.65,5.0,0.5457142857142857,1.82,1.82,,-0.004029321972140121,0.030527602833076983,0.07907964254303046,-0.00043188253466563964,,,0.004966802009547244,-0.005740078791367509,44.49203122,75.63492584228516,0.20899832248687744,1.4743882417678833,0.0
1996-03-31,2.6200444684607964,-0.8813735870195379,-1.0,4.286027029770678,4.150780029614044,-0.9999999999999929,1996-03-01,5.03506401,-0.778999726158401,4.599999999999998,2.9000000000000012,1.3000000000000016,2.500000000000001,3.9000000000000017,0.8000000000000032,0.6999999999999992,6.499999999999995,5.1000000000000005,1.599999999999996,1.3,1996-03-01,1.7227666,0.0,1.3609766,0.0,0.8329091,0.044451773,1.2527629,0.08961213,1.5892352,-0.020202756,0.5877867,0.0,0.53062826,0.0,2.014903,0.0,1.8082888,0.0,0.95551145,0.0,0.8329091,0.0,-0.8813736,4.281046,4.1531415,4.2813363,4.1468973,-0.1,0.0062441826,-0.0007891655,15.032999801635743,5.81,4.83,0.449,1.78,1.78,,0.00813710098359044,0.013205697933508453,0.056632037103243604,0.0008755675256058026,,,-0.00023046785075564458,0.014529159926465418,57.81761857,80.4209213256836,0.39804163575172424,1.6478923559188843,0.0
1996-04-30,2.7146480754147446,-0.8813735870195379,1.0,4.290042230840601,4.148493359112363,-0.9999999999999929,1996-04-01,1.368431517,-0.591332037574291,4.599999999999998,2.9000000000000012,1.3000000000000016,2.500000000000001,3.9000000000000017,0.8000000000000032,0.6999999999999992,6.499999999999995,5.800000000000001,1.599999999999996,1.3,1996-04-01,1.7227666,0.0,1.3609766,0.0,0.8329091,0.0,1.2527629,0.0,1.5892352,0.0,0.5877867,0.0,0.53062826,0.0,2.014903,0.0,1.9169226,0.10863376,0.95551145,0.0,0.8329091,0.0,0.0,4.286027,4.15078,4.281046,4.1531415,0.0,-0.0023612976,0.0062441826,17.762380781627837,6.27,4.96,0.4319047619047619,1.78,1.78,,0.09798111386465536,-0.021349925137736037,-0.037219881750427675,0.0015214230034024112,,,0.0005760700660495388,-0.0012250426290405514,70.53967245,82.14761352539062,0.38923364877700806,1.7185032367706299,0.0
1996-05-31,2.6091102532473065,-1.0159731341796878,-0.2,4.296668753542571,4.1484775708020285,-1.1999999999999929,1996-05-01,-3.62711929,0.499117256057415,4.399999999999998,2.9000000000000012,1.3000000000000016,2.500000000000001,3.9000000000000017,0.8000000000000032,0.7999999999999992,6.499999999999995,5.800000000000001,1.599999999999996,1.4000000000000001,1996-05-01,1.686399,-0.036367655,1.3609766,0.0,0.8329091,0.0,1.2527629,0.0,1.5892352,0.0,0.5877867,0.0,0.5877867,0.05715841,2.014903,0.0,1.9169226,0.0,0.95551145,0.0,0.87546873,0.042559624,-0.13459955,4.2900424,4.1484933,4.286027,4.15078,-0.2,-0.002286911,-0.0023612976,16.575238000778924,6.51,4.95,0.548,1.61,1.61,,0.05147312182145658,-0.008516514101992279,0.0008392708142324068,-0.00044301032220195324,,,-0.0017292067251934995,0.009901218260520928,63.64958142,84.82862091064453,0.36347660422325134,1.7814347743988037,0.0
1996-06-30,2.5688199191149272,-0.8813735870195379,0.4,4.298122470748491,4.1535721301817174,-0.9999999999999929,1996-06-01,-0.191311158,0.0130629318067344,4.299999999999998,2.9000000000000012,1.3000000000000016,2.500000000000001,3.200000000000002,0.8000000000000032,0.7999999999999992,6.499999999999995,5.800000000000001,1.6999999999999962,1.4000000000000001,1996-06-01,1.6677068,-0.018692136,1.3609766,0.0,0.8329091,0.0,1.2527629,0.0,1.4350846,-0.1541506,0.5877867,0.0,0.5877867,0.0,2.014903,0.0,1.9169226,0.0,0.9932518,0.03774035,0.87546873,0.0,0.13459955,4.2966685,4.1484776,4.2900424,4.1484933,0.1,-1.5735626e-05,-0.002286911,16.14636369185014,6.74,5.02,0.48,1.48,1.48,,-0.08722173398051059,-0.002344607205715832,-0.0027290837794335943,-0.0005510434026207989,,,0.0012683772239503455,0.0074455836229239125,64.49647869,65.53082275390625,0.30013543367385864,1.3213279247283936,0.0
1996-07-31,2.608569979937427,-0.8088669356527773,-0.1,4.3012397543392105,4.1547652416750775,-0.8999999999999929,1996-07-01,1.749713717,-0.0818130174662474,4.099999999999998,2.9000000000000012,1.3000000000000016,2.500000000000001,3.200000000000002,0.8000000000000032,0.7999999999999992,6.499999999999995,5.800000000000001,1.7999999999999963,1.4000000000000001,1996-07-01,1.6292405,-0.038466334,1.3609766,0.0,0.8329091,0.0,1.2527629,0.0,1.4350846,0.0,0.5877867,0.0,0.5877867,0.0,2.014903,0.0,1.9169226,0.0,1.0296195,0.036367655,0.87546873,0.0,0.07250665,4.2981224,4.153572,4.2966685,4.1484776,-0.1,0.005094528,-1.5735626e-05,16.395000171661376,6.91,5.09,0.476,1.51,1.51,,-0.03713473618381258,-0.017138865222055877,0.009649317632639764,-0.00040748820046543344,,,0.0034510559961420384,0.007593378241184112,54.1068809,69.08858489990234,0.28210219740867615,1.312994122505188,0.0
1996-08-31,2.636873922634315,-0.8088669356527773,-0.1,4.30538786660221,4.149243016869538,-0.8999999999999929,1996-08-01,-0.724263565,-0.940955900919636,3.699999999999998,3.1000000000000014,1.3000000000000016,2.600000000000001,3.200000000000002,0.8000000000000032,0.7999999999999992,6.499999999999995,5.800000000000001,1.7999999999999963,1.4000000000000001,1996-08-01,1.5475625,-0.08167803,1.410987,0.050010443,0.8329091,0.0,1.2809339,0.028170943,1.4350846,0.0,0.5877867,0.0,0.5877867,0.0,2.014903,0.0,1.9169226,0.0,1.0296195,0.0,0.87546873,0.0,0.0,4.30124,4.154765,4.2981224,4.153572,-0.2,0.0011930466,0.005094528,17.97863635149869,6.87,5.15,0.49318181818181817,1.5,1.5,,0.05862560203848721,-0.004682996304516074,-0.01606152827753604,-0.00016783753366178544,,,0.000574019876848908,0.00015374603570972312,73.63375193,80.64431762695312,0.1941879838705063,1.604606032371521,0.0
1996-09-30,2.722112768870702,-0.8088669356527773,0.0,4.310387228487095,4.156661868286962,-0.8999999999999929,1996-09-01,6.184326171,-0.384214999376313,3.599999999999998,2.8000000000000016,1.3000000000000016,2.600000000000001,3.200000000000002,0.8000000000000032,0.8999999999999991,6.499999999999995,5.800000000000001,1.7999999999999963,1.5000000000000002,1996-09-01,1.5260563,-0.02150619,1.3350011,-0.07598591,0.8329091,0.0,1.2809339,0.0,1.4350846,0.0,0.5877867,0.0,0.64185387,0.054067194,2.014903,0.0,1.9169226,0.0,1.0296195,0.0,0.91629076,0.04082203,0.0,4.305388,4.149243,4.30124,4.154765,0.3,-0.005522251,0.0011930466,15.760454698042436,6.64,5.05,0.4809523809523809,1.48,1.48,,0.0469864387335126,0.010067286188368385,0.0332517563892214,-0.0005276728550813736,,,-0.0071412420509124885,0.0051052352845752935,52.76262203,81.6876449584961,0.19202731549739838,1.6037836074829102,0.0
1996-10-31,2.7561779341252,-0.8088669356527773,0.0,4.313238161938939,4.162361401989467,-0.8999999999999929,1996-10-01,-1.879704323,-0.227726668955727,3.599999999999998,2.8000000000000016,1.3000000000000016,2.600000000000001,3.300000000000002,0.8000000000000032,0.8999999999999991,6.499999999999995,5.800000000000001,1.7999999999999963,1.5000000000000002,1996-10-01,1.5260563,0.0,1.3350011,0.0,0.8329091,0.0,1.2809339,0.0,1.4586151,0.023530483,0.5877867,0.0,0.64185387,0.0,2.014903,0.0,1.9169226,0.0,1.0296195,0.0,0.91629076,0.0,0.0,4.310387,4.156662,4.305388,4.149243,0.1,0.0074191093,-0.005522251,16.578000020980834,6.83,5.09,0.5285,1.5,1.5,,0.09826884912940681,-0.0109282194409559,0.017939970188265875,-0.0005519558575457495,,,0.003692169880270768,0.006239632118214544,40.57891187,88.19697570800781,0.22505903244018555,2.0218417644500732,0.0
1996-11-30,2.704051458533042,-0.48121182505959725,0.4,4.317775272302285,4.1693283412212105,-0.4999999999999929,1996-11-01,0.400725021,0.644691704894964,3.599999999999998,2.8000000000000016,1.6000000000000016,2.600000000000001,3.700000000000002,1.6000000000000032,0.8999999999999991,6.499999999999995,5.800000000000001,1.7999999999999963,1.7000000000000002,1996-11-01,1.5260563,0.0,1.3350011,0.0,0.95551145,0.12260234,1.2809339,0.0,1.5475625,0.088947415,0.95551145,0.36772478,0.64185387,0.0,2.014903,0.0,1.9169226,0.0,1.0296195,0.0,0.9932518,0.07696104,0.3276551,4.313238,4.1623616,4.310387,4.156662,0.0,0.0056996346,0.0074191093,16.381739201753035,6.53,4.99,0.5595454545454546,1.54,1.54,,0.06550884118439981,-0.0054173723518777805,0.07338110480689508,-0.000204060810829354,,,0.006199790237449321,0.00029609405001806977,41.91049349,55.586830139160156,0.11050082743167877,1.0725080966949463,0.0
1996-12-31,2.7699926463609374,-0.2956730475634159,-0.2,4.323128045842614,4.178103433322166,-0.2999999999999929,1996-12-01,3.791259121,0.0758507840661994,3.599999999999998,2.8000000000000016,1.7000000000000017,2.700000000000001,3.700000000000002,1.6000000000000032,0.8999999999999991,6.599999999999994,5.9,1.7999999999999963,1.7000000000000002,1996-12-01,1.5260563,0.0,1.3350011,0.0,0.9932518,0.03774035,1.3083328,0.027398944,1.5475625,0.0,0.95551145,0.0,0.64185387,0.0,2.0281482,0.013245106,1.9315214,0.014598846,1.0296195,0.0,0.9932518,0.0,0.18553878,4.3177752,4.169328,4.313238,4.1623616,0.0,0.006966591,0.0056996346,15.996999740600586,6.2,5.03,0.471578947368421,1.65,1.65,,-0.05982265626471506,-0.008485793818348242,0.056348398698309765,0.00014404724774630395,,,-0.004703731497048835,0.009144785172068737,62.93912078,57.34461212158203,0.1865861564874649,1.0855921506881714,0.0
1997-01-31,2.759406228779201,-0.2956730475634159,-0.2,4.3263672437962235,4.177155741830606,-0.2999999999999929,1997-01-01,-4.917471849,-0.300866157497178,3.599999999999998,2.8000000000000016,1.7000000000000017,2.700000000000001,3.700000000000002,1.6000000000000032,0.8999999999999991,6.599999999999994,5.9,1.7999999999999963,1.7000000000000002,1997-01-01,1.5260563,0.0,1.3350011,0.0,0.9932518,0.0,1.3083328,0.0,1.5475625,0.0,0.95551145,0.0,0.64185387,0.0,2.0281482,0.0,1.9315214,0.0,1.0296195,0.0,0.9932518,0.0,0.0,4.323128,4.1781034,4.3177752,4.169328,0.0,0.008775234,0.006966591,19.260952449980238,6.3,4.91,0.643,1.54,1.54,,0.043987352953211545,-0.02370064742620226,0.016403785460948228,-0.00033614252759539553,,,0.0058476346188092165,0.006386648092456149,57.81878501,74.98263549804688,0.2230117917060852,1.5119444131851196,0.0
1997-02-28,2.632415768673461,-0.09983407889920051,0.2,4.331953648039441,4.182662169055284,-0.09999999999999287,1997-02-01,-3.146335169,1.08350909942322,3.699999999999998,2.8000000000000016,1.7000000000000017,2.9000000000000012,3.700000000000002,1.6000000000000032,0.9999999999999991,6.599999999999994,5.9,1.7999999999999963,1.7000000000000002,1997-02-01,1.5475625,0.02150619,1.3350011,0.0,0.9932518,0.0,1.3609766,0.052643776,1.5475625,0.0,0.95551145,0.0,0.6931472,0.051293314,2.0281482,0.0,1.9315214,0.0,1.0296195,0.0,0.9932518,0.0,0.19583897,4.3263674,4.177156,4.323128,4.1781034,0.1,-0.00094747543,0.008775234,19.473181551153008,6.58,5.03,0.5290476190476191,1.5,1.5,,-0.010371087983883864,-0.03836904340661551,0.019181165142470036,-0.000600535695872928,,,0.008424457838912325,0.0015838703738682014,50.97257889,54.062435150146484,0.09804660826921463,0.9729240536689758,0.0
1997-03-31,2.5752932864884586,0.19869011034924833,0.1,4.340009134154354,4.182465323617228,0.20000000000000712,1997-03-01,-5.417313404,0.0945656996558525,3.599999999999998,3.0000000000000018,1.7000000000000017,2.9000000000000012,3.700000000000002,1.6000000000000032,0.9999999999999991,6.599999999999994,5.9,1.7999999999999963,1.7000000000000002,1997-03-01,1.5260563,-0.02150619,1.3862944,0.051293254,0.9932518,0.0,1.3609766,0.0,1.5475625,0.0,0.95551145,0.0,0.6931472,0.0,2.0281482,0.0,1.9315214,0.0,1.0296195,0.0,0.9932518,0.0,0.2985242,4.3319535,4.182662,4.3263674,4.177156,-0.2,0.0055060387,-0.00094747543,20.139473563746403,6.42,5.01,0.5057894736842105,1.49,1.49,,-0.12122076086594014,-0.02431392842181257,-0.004366576393724841,0.00024025755725576303,,,0.016861910300516314,0.011867816799596476,76.04693063,50.559940338134766,0.20562532544136047,1.050157904624939,0.0
1997-04-30,2.5122549153226723,0.19869011034924833,-0.3,4.34537081935606,4.190390834680106,0.20000000000000712,1997-04-01,-0.205630965,1.23202994353554,3.499999999999998,3.0000000000000018,1.7000000000000017,3.700000000000001,3.700000000000002,1.6000000000000032,0.9999999999999991,6.599999999999994,6.1000000000000005,1.7999999999999963,1.7000000000000002,1997-04-01,1.5040774,-0.021978855,1.3862944,0.0,0.9932518,0.0,1.5475625,0.1865859,1.5475625,0.0,0.95551145,0.0,0.6931472,0.0,2.0281482,0.0,1.9600948,0.028573394,1.0296195,0.0,0.9932518,0.0,0.0,4.340009,4.1824656,4.3319535,4.182662,0.0,-0.00019645691,0.0055060387,20.169999980926512,6.69,5.14,0.4826315789473684,1.4,1.4,,-0.0859645979868704,0.01497758492898349,-0.03215954602624116,1.2011362749309029e-05,,,0.009540786815665392,0.006326080160110159,84.59959808,58.48006057739258,0.18980300426483154,1.1519078016281128,0.0
1997-05-31,2.567015821421063,0.29567304756342927,0.1,4.34758062446272,4.180427452745992,0.30000000000000715,1997-05-01,2.547896493,-1.0284799858463,3.499999999999998,3.100000000000002,1.8000000000000018,3.700000000000001,3.700000000000002,1.6000000000000032,0.9999999999999991,6.599999999999994,6.1000000000000005,1.7999999999999963,1.7000000000000002,1997-05-01,1.5040774,0.0,1.410987,0.024692655,1.0296195,0.036367655,1.5475625,0.0,1.5475625,0.0,0.95551145,0.0,0.6931472,0.0,2.0281482,0.0,1.9600948,0.0,1.0296195,0.0,0.9932518,0.0,0.09698293,4.345371,4.190391,4.340009,4.1824656,0.1,0.00792551,-0.00019645691,19.662272626703437,6.89,5.16,0.6677272727272727,1.5,1.5,,-0.08602399932512839,-0.02108425320788232,-0.04037630539337833,-0.00012012012026429986,,,0.0023159646414621093,0.0011715145153683437,72.98393072,62.844486236572266,0.2731319069862366,1.2982195615768433,0.0
1997-06-30,2.482093708411386,0.29567304756342927,-0.1,4.356525091862665,4.168558005004076,0.30000000000000715,1997-06-01,-3.990548041,-0.436552381528697,3.499999999999998,3.100000000000002,1.8000000000000018,3.700000000000001,3.700000000000002,1.6000000000000032,0.9999999999999991,6.599999999999994,6.300000000000001,1.7999999999999963,1.8000000000000003,1997-06-01,1.5040774,0.0,1.410987,0.0,1.0296195,0.0,1.5475625,0.0,1.5475625,0.0,0.95551145,0.0,0.6931472,0.0,2.0281482,0.0,1.9878744,0.02777958,1.0296195,0.0,1.0296195,0.036367655,0.0,4.3475804,4.1804276,4.345371,4.190391,0.0,-0.009963512,0.00792551,19.9247620900472,6.71,5.05,0.7695000000000001,1.51,1.51,,0.08025067007377373,-0.001830571039000084,0.11803442082311477,-0.00028834717199055504,,,-0.014535623468814762,0.005524360977567255,58.43472144,53.57601547241211,0.1992357224225998,1.1006957292556763,0.0
1997-07-31,2.504558498844047,0.29567304756342927,0.0,4.360142923423874,4.175440561143448,0.30000000000000715,1997-07-01,0.980632453,-0.817669482239609,3.199999999999998,3.100000000000002,1.8000000000000018,3.700000000000001,3.700000000000002,1.6000000000000032,0.9999999999999991,6.599999999999994,6.300000000000001,2.099999999999996,2.2,1997-07-01,1.4350846,-0.06899285,1.410987,0.0,1.0296195,0.0,1.5475625,0.0,1.5475625,0.0,0.95551145,0.0,0.6931472,0.0,2.0281482,0.0,1.9878744,0.0,1.1314021,0.10178268,1.1631508,0.13353133,0.0,4.356525,4.168558,4.3475804,4.1804276,-0.3,-0.011869431,-0.009963512,20.194285983131046,6.49,4.93,0.9104761904761905,1.5,1.5,,-0.07887937139447976,-0.008998015719559938,0.04543726634893375,-0.00016824092139566815,,,-0.0034708650418364684,0.004585436547763777,74.91109337,39.045623779296875,0.1843758523464203,0.7511608600616455,0.0
1997-08-31,2.5172349634679287,0.4812118250596098,0.2,4.364554507152293,4.188889297633446,0.5000000000000071,1997-08-01,2.221539181,0.372285213947132,3.399999999999998,3.100000000000002,2.100000000000002,3.700000000000001,3.700000000000002,1.7000000000000033,1.199999999999999,6.599999999999994,6.300000000000001,2.099999999999996,2.2,1997-08-01,1.4816046,0.046519995,1.410987,0.0,1.1314021,0.10178268,1.5475625,0.0,1.5475625,0.0,0.9932518,0.03774035,0.78845733,0.09531015,2.0281482,0.0,1.9878744,0.0,1.1314021,0.0,1.1631508,0.0,0.18553878,4.3601427,4.175441,4.356525,4.168558,0.5,0.0068826675,-0.011869431,20.529090881347656,6.22,5.05,0.6931818181818182,1.54,1.54,,0.04908807742471222,-0.050126307027138495,0.04941307503546888,-0.0035396136161467417,,,0.01059863772927816,0.008505942659710719,81.99793847,47.69842529296875,0.18350493907928467,0.9073299765586853,0.0
1997-09-30,2.507701115530038,0.6526665660823615,0.0,4.369575312698052,4.1943693682654075,0.7000000000000071,1997-09-01,-1.604309743,-0.0325951137907275,3.399999999999998,3.300000000000002,2.100000000000002,3.700000000000001,3.700000000000002,1.7000000000000033,1.199999999999999,6.599999999999994,6.300000000000001,2.099999999999996,2.2,1997-09-01,1.4816046,0.0,1.4586151,0.047628045,1.1314021,0.0,1.5475625,0.0,1.5475625,0.0,0.9932518,0.0,0.78845733,0.0,2.0281482,0.0,1.9878744,0.0,1.1314021,0.0,1.1631508,0.0,0.17145474,4.3645544,4.1888895,4.3601427,4.175441,-0.2,0.013448715,0.0068826675,23.084762028285436,6.3,5.14,0.585,1.44,1.44,,0.007069646282430675,-0.0002777306339307728,0.033686970041925335,0.003263156354077257,,,0.016945828038767985,0.00995494609358527,61.03036461,48.582298278808594,0.13877806067466736,1.051243782043457,0.0
1997-10-31,2.577492416239182,1.529660495090407,1.3,4.376308693360838,4.202122154395532,2.2000000000000073,1997-10-01,-0.275127581,-0.509873384785878,3.699999999999998,3.300000000000002,2.100000000000002,3.800000000000001,3.700000000000002,1.7000000000000033,1.2999999999999992,6.599999999999994,6.300000000000001,2.199999999999996,2.2,1997-10-01,1.5475625,0.065957904,1.4586151,0.0,1.1314021,0.0,1.5686159,0.021053433,1.5475625,0.0,0.9932518,0.0,0.8329091,0.044451773,2.0281482,0.0,1.9878744,0.0,1.1631508,0.031748652,1.1631508,0.0,0.87699395,4.3695755,4.1943693,4.3645544,4.1888895,0.3,0.0054798126,0.013448715,23.812380836123513,6.21,4.95,0.7723809523809523,1.54,1.54,,-0.007261796619381311,-0.0036794871684371344,-0.09816221168478734,-0.00042084253294971674,,,0.0015263849452855638,0.009117575456573768,63.02321539,42.6890869140625,0.15430578589439392,0.860172688961029,0.0
1997-11-30,2.5236237713711507,1.4874828366412745,-1.6,4.374808018039643,4.19992005477074,2.100000000000007,1997-11-01,-5.304468774,-0.566869399240478,3.699999999999998,3.300000000000002,2.200000000000002,3.800000000000001,3.700000000000002,1.7000000000000033,1.2999999999999992,6.599999999999994,6.4,2.199999999999996,2.2,1997-11-01,1.5475625,0.0,1.4586151,0.0,1.1631508,0.031748652,1.5686159,0.0,1.5475625,0.0,0.9932518,0.0,0.8329091,0.0,2.0281482,0.0,2.00148,0.013605714,1.1631508,0.0,1.1631508,0.0,-0.04217766,4.376309,4.202122,4.3695755,4.1943693,-0.3,0.0077528954,0.0054798126,23.870869760927945,6.03,4.97,0.7931818181818181,1.6,1.6,,0.07331251329528321,0.006330209963263833,-0.13657272083944072,-0.0001804153165472222,,,0.005107318898674329,0.008827849981996039,94.85622338,49.746307373046875,0.28928136825561523,1.0718635320663452,0.0
1997-12-31,2.426802540609684,1.529660495090407,0.2,4.3741680870159945,4.197125252991524,2.2000000000000073,1997-12-01,-2.368180092,0.169864895569205,3.699999999999998,3.300000000000002,2.200000000000002,3.800000000000001,3.700000000000002,1.7000000000000033,1.2999999999999992,6.599999999999994,6.4,2.2999999999999963,2.2,1997-12-01,1.5475625,0.0,1.4586151,0.0,1.1631508,0.0,1.5686159,0.0,1.5475625,0.0,0.9932518,0.0,0.8329091,0.0,2.0281482,0.0,2.00148,0.0,1.1939225,0.030771732,1.1631508,0.0,0.04217766,4.374808,4.19992,4.376309,4.202122,0.0,-0.002202034,0.0077528954,32.034737034847865,5.88,5.14,0.6961111111111111,1.52,1.52,,-0.0354041582648148,-0.059709289944746224,-0.19961654798547634,-0.00045719786635300963,,,0.0163409355317663,0.007844288895028306,92.92235308,59.6933708190918,0.42283299565315247,1.4865221977233887,0.0
1998-01-31,2.3335811933630097,1.529660495090407,-0.1,4.372039933159309,4.215244217651175,2.2000000000000073,1998-01-01,-2.660032134,2.59777379475678,3.799999999999998,3.300000000000002,2.200000000000002,3.800000000000001,3.700000000000002,1.7000000000000033,1.2999999999999992,6.599999999999994,6.4,2.2999999999999963,2.3000000000000003,1998-01-01,1.5686159,0.021053433,1.4586151,0.0,1.1631508,0.0,1.5686159,0.0,1.5475625,0.0,0.9932518,0.0,0.8329091,0.0,2.0281482,0.0,2.00148,0.0,1.1939225,0.0,1.1939225,0.030771732,0.0,4.374168,4.1971254,4.374808,4.19992,0.1,-0.0027947426,-0.002202034,26.276363719593395,5.81,5.16,0.7495238095238095,1.53,1.53,,-0.10970939307402716,-0.05818918316198296,0.0453908432465191,4.813593589236831e-05,,,0.031282072080386136,0.00424944358291679,76.93707995,43.998268127441406,0.1542905867099762,0.9454402327537537,0.0
1998-02-28,2.293905559274323,1.529660495090407,0.0,4.3798698103997245,4.220737830614416,2.2000000000000073,1998-02-01,0.620592475,0.996287307614751,3.799999999999998,3.300000000000002,2.200000000000002,3.800000000000001,3.700000000000002,1.7000000000000033,1.2999999999999992,6.599999999999994,6.6000000000000005,2.2999999999999963,2.3000000000000003,1998-02-01,1.5686159,0.0,1.4586151,0.0,1.1631508,0.0,1.5686159,0.0,1.5475625,0.0,0.9932518,0.0,0.8329091,0.0,2.0281482,0.0,2.0281482,0.026668072,1.1939225,0.0,1.1939225,0.0,0.0,4.37204,4.2152443,4.374168,4.1971254,-0.1,0.018118858,-0.0027947426,23.866499996185304,5.54,5.04,0.6144999999999999,1.68,1.68,-1.09,-0.12343893139036233,0.001246019820632327,-0.15577795742940026,0.0,,,0.024400169223978807,0.004373784275946591,69.12613869,53.0963020324707,0.24241308867931366,1.113872766494751,0.0
1998-03-31,2.2269564970916957,1.570278543484981,0.1,4.376759412180762,4.218988452740833,2.3000000000000074,1998-03-01,-3.223911515,0.866154871287659,3.799999999999998,3.300000000000002,2.200000000000002,3.9000000000000012,3.700000000000002,1.7000000000000033,1.2999999999999992,6.599999999999994,6.6000000000000005,2.2999999999999963,2.5000000000000004,1998-03-01,1.5686159,0.0,1.4586151,0.0,1.1631508,0.0,1.5892352,0.020619273,1.5475625,0.0,0.9932518,0.0,0.8329091,0.0,2.0281482,0.0,2.0281482,0.0,1.1939225,0.0,1.2527629,0.058840394,0.040618047,4.37987,4.220738,4.37204,4.2152443,0.0,0.005493641,0.018118858,19.99894724394146,5.57,5.09,0.5473684210526316,1.67,1.67,-0.44,-0.07640851601871512,0.028607961953061256,0.1407919164527538,0.0,,,-0.015244197643117019,0.0016174896182681309,78.37443064,77.59761810302734,0.30539751052856445,1.838814377784729,0.0
1998-04-30,2.2533015889034087,1.570278543484981,-0.1,4.376013969778366,4.21699867784492,2.3000000000000074,1998-04-01,0.401227989,-0.0575682527232461,3.399999999999998,3.300000000000002,2.400000000000002,3.9000000000000012,3.700000000000002,1.7000000000000033,1.3999999999999992,6.599999999999994,6.6000000000000005,2.2999999999999963,2.5000000000000004,1998-04-01,1.4816046,-0.08701134,1.4586151,0.0,1.2237754,0.0606246,1.5892352,0.0,1.5475625,0.0,0.9932518,0.0,0.87546873,0.042559624,2.0281482,0.0,2.0281482,0.0,1.1939225,0.0,1.2527629,0.0,0.0,4.3767595,4.2189884,4.37987,4.220738,-0.4,-0.0017495155,0.005493641,20.158636353232644,5.65,5.03,0.6581818181818182,1.67,1.67,-0.06,-0.07115424629318623,-0.005223879900973394,0.06089732998921704,-0.0036166404701885035,,,-0.004207507874766314,0.0003515910121256738,57.18349731,57.24806213378906,0.17229296267032623,1.2498539686203003,0.0
1998-05-31,2.2125500281639945,1.6472311463710985,0.2,4.378444100053241,4.2091052574276135,2.5000000000000075,1998-05-01,-3.098661021,0.166057392970197,3.299999999999998,3.300000000000002,2.400000000000002,3.9000000000000012,3.800000000000002,1.6000000000000032,1.2999999999999992,6.599999999999994,6.6000000000000005,2.2999999999999963,2.5000000000000004,1998-05-01,1.4586151,-0.022989511,1.4586151,0.0,1.2237754,0.0,1.5892352,0.0,1.5686159,0.021053433,0.95551145,-0.03774035,0.8329091,-0.042559624,2.0281482,0.0,2.0281482,0.0,1.1939225,0.0,1.2527629,0.0,0.07695261,4.3760138,4.2169986,4.3767595,4.2189884,0.3,-0.0019898415,-0.0017495155,22.028571446736652,5.64,4.95,0.746,1.66,1.66,-0.12,0.03179563671411856,0.040884167352639444,-0.026852157633280527,0.0036166404701885035,,,-0.0017497817237872582,0.0034253831806134727,53.73828228,50.99658203125,0.1768483817577362,1.0672954320907593,0.0
1998-06-30,2.127119586562295,1.8496036794731807,0.4,4.376428745688712,4.204955271462055,3.1000000000000076,1998-06-01,1.405148331,0.345452672592967,3.299999999999998,3.300000000000002,2.400000000000002,3.9000000000000012,3.800000000000002,1.3000000000000032,1.2999999999999992,6.399999999999994,6.6000000000000005,2.3999999999999964,2.5000000000000004,1998-06-01,1.4586151,0.0,1.4586151,0.0,1.2237754,0.0,1.5892352,0.0,1.5686159,0.0,0.8329091,-0.12260234,0.8329091,0.0,2.00148,-0.026668072,2.0281482,0.0,1.2237754,0.029852867,1.2527629,0.0,0.20237254,4.378444,4.2091055,4.3760138,4.2169986,0.1,-0.0078930855,-0.0019898415,20.873999786376952,5.65,5.0,0.6905263157894737,1.63,1.63,-0.43,0.0600157242347632,-0.030262932791125685,-0.129114930866848,0.0,,,0.007185413793444617,0.0065697125334116535,93.59829444,94.4734878540039,0.7952063679695129,1.957215666770935,0.0
1998-07-31,2.154949094187981,1.8496036794731807,-0.6,4.375389155263601,4.202893987897317,3.1000000000000076,1998-07-01,-0.48382269,-0.441696713331769,3.299999999999998,3.300000000000002,2.400000000000002,3.9000000000000012,3.800000000000002,1.3000000000000032,1.2999999999999992,6.399999999999994,6.7,2.3999999999999964,2.6000000000000005,1998-07-01,1.4586151,0.0,1.4586151,0.0,1.2237754,0.0,1.5892352,0.0,1.5686159,0.0,0.8329091,0.0,0.8329091,0.0,2.00148,0.0,2.0412204,0.013072252,1.2237754,0.0,1.2809339,0.028170943,0.0,4.3764286,4.204955,4.378444,4.2091055,0.0,-0.0041503906,-0.0078930855,21.662727269259367,5.5,4.98,0.7163636363636363,1.67,1.67,-0.74,-0.16270902326160597,-0.022928873006205386,-0.15160714656983565,0.0,,,0.021651999227347396,-0.006016655286145145,113.926123,76.30907440185547,0.5262264609336853,1.5843377113342285,0.0
1998-08-31,2.1012341716706886,1.879863584396912,0.1,4.378804198197987,4.1882218978134444,3.2000000000000077,1998-08-01,-2.971727929,-1.97463157271434,3.299999999999998,3.400000000000002,2.400000000000002,4.200000000000001,3.800000000000002,1.3000000000000032,1.2999999999999992,6.399999999999994,6.7,2.3999999999999964,2.6000000000000005,1998-08-01,1.4586151,0.0,1.4816046,0.022989511,1.2237754,0.0,1.6486586,0.059423447,1.5686159,0.0,0.8329091,0.0,0.8329091,0.0,2.00148,0.0,2.0412204,0.0,1.2237754,0.0,1.2809339,0.0,0.030259905,4.375389,4.202894,4.3764286,4.204955,0.0,-0.0020608902,-0.0041503906,19.929999871687457,5.46,4.96,0.7277272727272728,1.71,1.71,-0.92,-0.010442225365108637,0.0018797319227843445,0.0006046907172780891,0.0,,,0.004394294497419793,-0.003852986693513749,91.35635511,54.04841613769531,0.3266211152076721,1.147668719291687,0.0
1998-09-30,2.2130684954874784,1.909274014016339,0.0,4.381154754696974,4.189451691109953,3.300000000000008,1998-09-01,6.80383991,-1.5851620972727,3.299999999999998,3.400000000000002,2.500000000000002,4.200000000000001,3.800000000000002,1.3000000000000032,1.2999999999999992,6.399999999999994,6.7,2.4999999999999964,2.6000000000000005,1998-09-01,1.4586151,0.0,1.4816046,0.0,1.2527629,0.028987527,1.6486586,0.0,1.5686159,0.0,0.8329091,0.0,0.8329091,0.0,2.00148,0.0,2.0412204,0.0,1.2527629,0.028987527,1.2809339,0.0,0.02941043,4.378804,4.188222,4.375389,4.202894,0.0,-0.014672279,-0.0020608902,31.58809498378209,5.34,4.9,0.7775000000000001,2.06,2.06,-0.9,-0.013801020714641954,-0.030367337438168995,-0.11792405860191302,0.0,,,0.017288649928272726,0.020491901058277584,63.18537623,97.02085876464844,0.2639833390712738,2.2329885959625244,0.0
1998-10-31,2.172447221137584,1.879863584396912,-0.2,4.38410921459812,4.191192952313552,3.2000000000000077,1998-10-01,-9.91248885,0.147838196522242,3.899999999999998,3.400000000000002,2.500000000000002,4.200000000000001,3.800000000000002,1.3000000000000032,1.2999999999999992,6.399999999999994,6.7,2.7999999999999963,3.2000000000000006,1998-10-01,1.5892352,0.13062012,1.4816046,0.0,1.2527629,0.0,1.6486586,0.0,1.5686159,0.0,0.8329091,0.0,0.8329091,0.0,2.00148,0.0,2.0412204,0.0,1.3350011,0.0822382,1.4350846,0.15415072,-0.02941043,4.3811545,4.1894517,4.378804,4.188222,0.6,0.001229763,-0.014672279,38.204762231735955,4.81,4.61,0.888095238095238,2.57,2.57,-0.91,0.11332541511205063,0.016995994451153074,0.03382342060058363,-0.0038582155408160013,,,-0.017189003672397618,-0.0005323279149607174,52.13291081,62.51344299316406,0.1837109625339508,1.417198896408081,0.0
1998-11-30,2.058037999233275,1.879863584396912,0.1,4.385734252954922,4.203895286680333,3.2000000000000077,1998-11-01,0.572638366,1.16191724402468,3.899999999999998,3.500000000000002,2.800000000000002,4.200000000000001,3.800000000000002,1.3000000000000032,1.3999999999999992,6.399999999999994,6.9,2.7999999999999963,3.2000000000000006,1998-11-01,1.5892352,0.0,1.5040774,0.022472858,1.3350011,0.0822382,1.6486586,0.0,1.5686159,0.0,0.8329091,0.0,0.87546873,0.042559624,2.00148,0.0,2.0668628,0.025642395,1.3350011,0.0,1.4350846,0.0,0.0,4.384109,4.191193,4.3811545,4.1894517,-0.6,0.0017414093,0.001229763,36.608181953430176,4.53,3.96,1.3076190476190477,2.65,2.65,-0.68,-0.049258661961154804,0.02376545830477017,0.18365532749327151,-2.416071709143708e-05,,,-0.030245566507557164,0.006812999094851335,48.91459377,54.403648376464844,0.1529788374900818,1.226663589477539,0.0
1998-12-31,1.9258989494359247,1.8496036794731807,-0.1,4.384538976099577,4.201279338081832,3.1000000000000076,1998-12-01,-4.698899135,0.477636444826012,3.699999999999998,3.500000000000002,2.800000000000002,4.200000000000001,3.800000000000002,1.3000000000000032,1.3999999999999992,6.399999999999994,6.9,2.8999999999999964,3.1000000000000005,1998-12-01,1.5475625,-0.041672707,1.5040774,0.0,1.3350011,0.0,1.6486586,0.0,1.5686159,0.0,0.8329091,0.0,0.87546873,0.0,2.00148,0.0,2.0668628,0.0,1.3609766,0.025975466,1.410987,-0.024097562,-0.030259905,4.385734,4.203895,4.384109,4.191193,-0.2,0.012701988,0.0017414093,26.223000144958498,4.83,4.41,0.908421052631579,2.45,2.45,-0.86,-0.1403421616202154,-0.006135092542214338,0.113329692153318,4.832085045647361e-05,,,-0.0031888110135946945,-0.0007584271645324492,64.15313548,67.96592712402344,0.27200716733932495,1.6170976161956787,0.0
1999-01-31,2.024370308496442,1.71905185120893,-0.3,4.394025114162685,4.204494092223065,2.7000000000000077,1999-01-01,1.054487798,-0.6465716342731,3.699999999999998,3.500000000000002,2.700000000000002,4.200000000000001,3.800000000000002,1.3000000000000032,1.3999999999999992,6.399999999999994,6.9,3.199999999999996,3.1000000000000005,1999-01-01,1.5475625,0.0,1.5040774,0.0,1.3083328,-0.02666831,1.6486586,0.0,1.5686159,0.0,0.8329091,0.0,0.87546873,0.0,2.00148,0.0,2.0668628,0.0,1.4350846,0.074108005,1.410987,0.0,-0.13055183,4.384539,4.201279,4.385734,4.203895,0.2,-0.0026159286,0.012701988,25.479090777310457,4.65,4.39,0.8400000000000001,2.58,2.58,-0.62,-0.11658131646074477,-0.008330536397668453,-0.014937660070412306,8.455587034150724e-05,,,-0.009419871942281333,0.004520149593450817,67.19666408,75.95989227294922,0.33179548382759094,1.7790558338165283,0.0
1999-02-28,1.986784184896389,1.6837431439977468,0.3,4.388256935977282,4.209347440523675,2.6000000000000076,1999-02-01,1.916648803,0.579394194189778,3.699999999999998,3.500000000000002,2.700000000000002,4.200000000000001,3.800000000000002,1.3000000000000032,1.3999999999999992,6.399999999999994,7.0,3.199999999999996,3.1000000000000005,1999-02-01,1.5475625,0.0,1.5040774,0.0,1.3083328,0.0,1.6486586,0.0,1.5686159,0.0,0.8329091,0.0,0.87546873,0.0,2.00148,0.0,2.0794415,0.012578726,1.4350846,0.0,1.410987,0.0,-0.035308708,4.3940253,4.204494,4.384539,4.201279,0.0,0.0032148361,-0.0026159286,28.03526316191021,4.72,4.34,0.6710526315789473,2.55,2.55,-0.28,0.12339310787239599,-0.01589638836848195,-0.006071184509989891,-0.00013287672079798085,,,0.0005198856368719973,0.0043112451049784895,57.93601209,63.98722457885742,0.2338293343782425,1.3240206241607666,0.0
1999-03-31,2.185560264971225,1.3979983651114378,-0.6,4.396277359031184,4.2045239484504044,1.9000000000000077,1999-03-01,4.213734566,-1.16291096867703,3.499999999999998,3.500000000000002,2.700000000000002,4.200000000000001,3.800000000000002,1.3000000000000032,1.3999999999999992,6.399999999999994,7.0,3.199999999999996,3.1000000000000005,1999-03-01,1.5040774,-0.043485045,1.5040774,0.0,1.3083328,0.0,1.6486586,0.0,1.5686159,0.0,0.8329091,0.0,0.87546873,0.0,2.00148,0.0,2.0794415,0.0,1.4350846,0.0,1.410987,0.0,-0.2857448,4.388257,4.2093472,4.3940253,4.204494,-0.2,0.0048532486,0.0032148361,28.82263153477719,5.0,4.44,0.5568421052631579,2.24,2.24,0.0,-0.07886980636763141,0.0008704584383467662,-0.07094060331350782,0.00014495554721971615,,,0.010649948149905164,0.006063079650347802,55.75170561,58.316383361816406,0.2279997318983078,1.2488939762115479,0.0
1999-04-30,2.3468009601440882,1.3979983651114378,0.7,4.3968823648536155,4.182747609278457,1.9000000000000077,1999-04-01,5.489034802,-2.81039173103138,3.499999999999998,3.500000000000002,2.700000000000002,4.200000000000001,3.800000000000002,1.3000000000000032,1.4999999999999993,6.399999999999994,7.0,3.199999999999996,3.1000000000000005,1999-04-01,1.5040774,0.0,1.5040774,0.0,1.3083328,0.0,1.6486586,0.0,1.5686159,0.0,0.8329091,0.0,0.91629076,0.04082203,2.00148,0.0,2.0794415,0.0,1.4350846,0.0,1.410987,0.0,0.0,4.3962774,4.204524,4.388257,4.2093472,0.2,-0.004823208,0.0048532486,25.309565419736117,5.23,4.44,0.5643478260869565,2.31,2.31,-0.27,0.19725182767702298,-0.004779440101566834,0.12369822103787875,0.00012078024049921865,,,0.012367919701289587,0.0022660526894453525,80.58190758,83.39727783203125,0.4287277162075043,1.9307531118392944,0.0
1999-05-31,2.369567913552973,-0.2956730475634153,-2.2,4.40613029337715,4.1797987552075675,-0.2999999999999925,1999-05-01,-2.127831322,-0.631864000606725,3.499999999999998,3.6000000000000023,2.700000000000002,4.200000000000001,3.900000000000002,1.3000000000000032,1.4999999999999993,6.399999999999994,7.0,3.2999999999999963,3.1000000000000005,1999-05-01,1.5040774,0.0,1.5260563,0.021978855,1.3083328,0.0,1.6486586,0.0,1.5892352,0.020619273,0.8329091,0.0,0.91629076,0.0,2.00148,0.0,2.0794415,0.0,1.4586151,0.023530483,1.410987,0.0,-1.6936715,4.3968825,4.182748,4.3962774,4.204524,0.0,-0.0217762,-0.004823208,23.478571483067103,5.18,4.29,0.7110000000000001,2.22,2.22,-0.22,0.20086070318859806,-0.011748701744050294,0.15544722185462945,-0.00012078024049921865,,,-0.0032560061325668244,0.0022959860915063857,87.97134196,106.19801330566406,0.4187085032463074,2.3571739196777344,0.0
1999-06-30,2.377424295152176,-0.2956730475634153,2.2,4.40675046628913,4.163682485283021,-0.2999999999999925,1999-06-01,-0.951253064,-2.36805075907875,3.699999999999998,3.6000000000000023,2.700000000000002,4.200000000000001,3.900000000000002,1.4000000000000032,1.4999999999999993,6.499999999999994,7.0,3.2999999999999963,3.1000000000000005,1999-06-01,1.5475625,0.043485045,1.5260563,0.0,1.3083328,0.0,1.6486586,0.0,1.5892352,0.0,0.87546873,0.042559624,0.91629076,0.0,2.014903,0.013422966,2.0794415,0.0,1.4586151,0.0,1.410987,0.0,0.0,4.4061303,4.1797986,4.3968825,4.182748,0.2,-0.0029492378,-0.0217762,26.204500198364258,5.54,4.5,0.5247368421052632,2.18,2.18,-0.36,-0.004537188609445408,-0.022109439931407238,0.027193078052926367,-4.8316181098684297e-05,,,-0.002551151952560282,0.006302647258385363,114.7883341,85.44113159179688,0.743427038192749,1.8464792966842651,0.0
1999-07-31,2.48820055903959,-0.1986901103492341,0.1,4.413670761114764,4.186908550449309,-0.1999999999999925,1999-07-01,5.468385419,0.221761847937673,3.599999999999998,3.7000000000000024,2.700000000000002,4.200000000000001,3.900000000000002,1.4000000000000032,1.4999999999999993,6.499999999999994,7.0,3.2999999999999963,3.1000000000000005,1999-07-01,1.5260563,-0.02150619,1.5475625,0.02150619,1.3083328,0.0,1.6486586,0.0,1.5892352,0.0,0.87546873,0.0,0.91629076,0.0,2.014903,0.0,2.0794415,0.0,1.4586151,0.0,1.410987,0.0,0.09698293,4.4067507,4.1636825,4.4061303,4.1797986,-0.3,-0.016116142,-0.0029492378,23.626363667574797,5.9,4.57,0.6122727272727273,2.18,2.18,-0.37,0.04104471710109747,-0.05628635724138764,0.03417754140135898,1.2079264131603651e-05,,,0.005705568203391742,-0.0007846779120086467,95.12182942,79.4105453491211,0.5265735983848572,1.6317658424377441,0.0
1999-08-31,2.5434051233005452,-0.48121182505959653,-0.4,4.417981925981857,4.185190245521677,-0.49999999999999245,1999-08-01,1.665897645,-0.723798061815474,3.599999999999998,3.7000000000000024,2.800000000000002,4.200000000000001,3.900000000000002,1.4000000000000032,1.4999999999999993,6.499999999999994,7.0,3.2999999999999963,3.1000000000000005,1999-08-01,1.5260563,0.0,1.5475625,0.0,1.3350011,0.02666831,1.6486586,0.0,1.5892352,0.0,0.87546873,0.0,0.91629076,0.0,2.014903,0.0,2.0794415,0.0,1.4586151,0.0,1.410987,0.0,-0.28252172,4.4136705,4.1869087,4.4067507,4.1636825,0.1,0.023226261,-0.016116142,21.049047470092773,5.79,4.55,0.758095238095238,2.19,2.19,-0.62,0.18463985088167156,-0.020217546320197677,0.034407878629828303,-0.0001570418157261777,,,0.003245768140111238,0.005769502318011099,102.1930026,62.14287185668945,0.32539331912994385,1.2352309226989746,0.0
1999-09-30,2.655438680479387,-0.2956730475634153,0.5,4.424452063006794,4.185829252344279,-0.29999999999999244,1999-09-01,4.764098724,-1.3899030643446,3.599999999999998,4.3000000000000025,2.800000000000002,4.500000000000001,3.900000000000002,1.4000000000000032,1.4999999999999993,6.499999999999994,7.0,3.2999999999999963,3.1000000000000005,1999-09-01,1.5260563,0.0,1.6677068,0.12014437,1.3350011,0.0,1.704748,0.0560894,1.5892352,0.0,0.87546873,0.0,0.91629076,0.0,2.014903,0.0,2.0794415,0.0,1.4586151,0.0,1.410987,0.0,0.18553878,4.417982,4.18519,4.4136705,4.1869087,0.0,-0.0017185211,0.023226261,24.323636228388008,5.94,4.72,0.7342857142857143,2.23,2.23,-0.45,0.05798444552559223,0.002379235476939634,-0.033466031915091676,-4.832552071709628e-05,,,-0.011304158256471908,0.004007243163624885,69.73433315,62.858642578125,0.3371411859989166,1.2700074911117554,0.0
1999-10-31,2.600329398908504,-0.39003531977070816,-0.3,4.430224004127621,4.193495840402183,-0.3999999999999925,1999-10-01,-2.389916207,0.135681202804495,3.599999999999998,4.3000000000000025,2.900000000000002,4.500000000000001,3.900000000000002,1.4000000000000032,1.4999999999999993,6.499999999999994,7.0,3.2999999999999963,3.3000000000000007,1999-10-01,1.5260563,0.0,1.6677068,0.0,1.3609766,0.025975466,1.704748,0.0,1.5892352,0.0,0.87546873,0.0,0.91629076,0.0,2.014903,0.0,2.0794415,0.0,1.4586151,0.0,1.4586151,0.047628045,-0.094362274,4.424452,4.185829,4.417982,4.18519,0.0,0.0006389618,-0.0017185211,24.541428611392067,5.92,4.68,0.8914285714285713,2.3,2.3,-0.39,0.10880755028795397,0.03087908114707716,0.008810515062247504,9.664870619063848e-05,,,-0.006576267021376481,-0.004045261045452442,74.22623538,69.58151245117188,0.3188936710357666,1.3955544233322144,0.0
1999-11-30,2.6965031884715467,7.549516567451036e-15,0.5,4.439625389049705,4.193224121780238,7.549516567451064e-15,1999-11-01,4.457399339,-1.77018541888972,3.599999999999998,4.200000000000003,2.900000000000002,4.500000000000001,4.000000000000002,1.4000000000000032,1.4999999999999993,6.499999999999994,7.0,3.2999999999999963,3.3000000000000007,1999-11-01,1.5260563,0.0,1.6486586,-0.019048214,1.3609766,0.0,1.704748,0.0,1.609438,0.020202756,0.87546873,0.0,0.91629076,0.0,2.014903,0.0,2.0794415,0.0,1.4586151,0.0,1.4586151,0.0,0.39003533,4.430224,4.1934958,4.424452,4.185829,0.0,0.007666588,0.0006389618,24.021428516932897,6.11,4.86,1.3210000000000002,2.28,2.28,-0.12,-0.02428198922306013,0.16014397281733572,-0.042919274274373365,0.0,,,-0.0042357623121782595,0.012148883898799312,62.04255578,72.35348510742188,0.37992170453071594,1.482270359992981,0.0
1999-12-31,2.737624340884687,7.549516567451036e-15,-0.4,4.448897122163123,4.180953358186863,7.549516567451064e-15,1999-12-01,-0.075982426,-1.89484444767426,3.299999999999998,4.200000000000003,3.1000000000000023,4.500000000000001,4.000000000000002,1.4000000000000032,1.7999999999999994,6.499999999999994,7.1,4.099999999999996,3.3000000000000007,1999-12-01,1.4586151,-0.067441225,1.6486586,0.0,1.410987,0.050010443,1.704748,0.0,1.609438,0.0,0.87546873,0.0,1.0296195,0.113328695,2.014903,0.0,2.091864,0.012422562,1.6292405,0.17062545,1.4586151,0.0,0.0,4.4396253,4.193224,4.430224,4.1934958,-0.3,-0.00027179718,0.007666588,21.81809525262742,6.03,5.07,1.0325,1.99,1.99,-0.17,0.11094885010735611,-0.05810543024107506,0.12197640277097932,0.00013287672079798085,,,0.00217177809132707,0.004835676101424546,73.73279624,57.9638671875,0.31067031621932983,1.1889114379882812,0.0
2000-01-31,2.7759793055719992,0.19869011034924872,0.2,4.446446281558689,4.19644818965595,0.20000000000000756,2000-01-01,-0.289059352,0.427461758244551,3.299999999999998,4.200000000000003,3.2000000000000024,4.500000000000001,4.000000000000002,1.4000000000000032,1.7999999999999994,6.499999999999994,7.1,4.099999999999996,3.400000000000001,2000-01-01,1.4586151,0.0,1.6486586,0.0,1.4350846,0.024097562,1.704748,0.0,1.609438,0.0,0.87546873,0.0,1.0296195,0.0,2.014903,0.0,2.091864,0.0,1.6292405,0.0,1.4816046,0.022989511,0.19869012,4.448897,4.1809535,4.4396253,4.193224,0.3,-0.012270451,-0.00027179718,22.15909090909091,6.28,5.2,0.9326315789473684,1.73,1.73,-0.21,0.03552574346173909,-0.03509253798125034,0.11588208225792584,7.247077015470893e-05,,,-0.0010335918232833308,0.007683533835146861,82.55900801,86.0849380493164,0.41286879777908325,1.8293263912200928,0.0
2000-02-29,2.848664295211935,0.09983407889921521,-0.3,4.450088589659158,4.205672630417057,0.10000000000000756,2000-02-01,2.572958231,0.145312366834955,3.299999999999998,4.200000000000003,3.2000000000000024,4.500000000000001,4.000000000000002,1.7000000000000033,1.7999999999999994,6.499999999999994,7.1,4.099999999999996,3.400000000000001,2000-02-01,1.4586151,0.0,1.6486586,0.0,1.4350846,0.0,1.704748,0.0,1.609438,0.0,0.9932518,0.11778307,1.0296195,0.0,2.014903,0.0,2.091864,0.0,1.6292405,0.0,1.4816046,0.0,-0.09885603,4.4464464,4.1964483,4.448897,4.1809535,0.0,0.015494823,-0.012270451,23.201999855041503,6.66,5.32,0.7189473684210527,1.68,1.68,-0.61,0.0014844655192884915,0.004406147525705784,-0.031476301454775424,-0.00021742806840441276,,,-0.00186316170241696,-0.0013689853853140477,78.06907647,64.45780944824219,0.2667705714702606,1.1989688873291016,0.0
2000-03-31,2.861030605781278,0.09983407889921521,0.1,4.455103638061894,4.206168274141847,0.10000000000000756,2000-03-01,-1.421527736,0.069398912773107,3.099999999999998,4.200000000000003,3.2000000000000024,4.500000000000001,4.000000000000002,1.7000000000000033,1.7999999999999994,6.499999999999994,7.1,4.099999999999996,3.400000000000001,2000-03-01,1.410987,-0.047628045,1.6486586,0.0,1.4350846,0.0,1.704748,0.0,1.609438,0.0,0.9932518,0.0,1.0296195,0.0,2.014903,0.0,2.091864,0.0,1.6292405,0.0,1.4816046,0.0,0.0,4.4500885,4.2056727,4.4464464,4.1964483,-0.2,0.009224415,0.015494823,23.595500183105468,6.52,5.55,0.5515,1.91,1.91,-0.42,0.0850523203534106,0.0532153346604165,0.059255637563508046,0.00010871994357275483,,,0.014400578007184528,0.0031184257109906355,64.85007779,63.54172134399414,0.20940184593200684,1.2321325540542603,0.0
2000-04-30,2.7121377980345267,0.09983407889921521,0.0,4.4649660658667605,4.215940187354509,0.10000000000000756,2000-04-01,-4.570976455,1.61009598161336,3.199999999999998,4.200000000000003,3.3000000000000025,4.6000000000000005,4.000000000000002,1.7000000000000033,1.8999999999999995,6.499999999999994,7.1,4.099999999999996,3.400000000000001,2000-04-01,1.4350846,0.024097562,1.6486586,0.0,1.4586151,0.023530483,1.7227666,0.018018603,1.609438,0.0,0.9932518,0.0,1.0647107,0.03509128,2.014903,0.0,2.091864,0.0,1.6292405,0.0,1.4816046,0.0,0.0,4.455104,4.206168,4.4500885,4.2056727,0.3,0.0004954338,0.009224415,22.718260806539785,6.26,5.69,0.5021739130434782,2.3,2.3,-0.28,-0.01048210425883589,-0.045961180790969,0.04632485795762342,1.2079264131603651e-05,,,0.0060072471035717,0.00354941252967933,77.25405061,50.101985931396484,0.2764623761177063,1.0100457668304443,0.0
2000-05-31,2.8220184237396713,0.09983407889921521,0.0,4.469991723402526,4.223561042928373,0.10000000000000756,2000-05-01,8.72234983,-0.590230954866912,3.299999999999998,4.400000000000003,3.3000000000000025,4.6000000000000005,4.100000000000001,1.9000000000000032,2.0999999999999996,6.499999999999994,7.1,4.099999999999996,3.500000000000001,2000-05-01,1.4586151,0.023530483,1.686399,0.03774035,1.4586151,0.0,1.7227666,0.0,1.6292405,0.01980257,1.0647107,0.071458936,1.1314021,0.0666914,2.014903,0.0,2.091864,0.0,1.6292405,0.0,1.5040774,0.022472858,0.0,4.4649663,4.21594,4.455104,4.206168,0.0,0.009771824,0.0004954338,27.16421077125951,5.99,5.66,0.6499999999999999,2.34,2.34,0.13,-0.1884800832385345,-0.023672671299076242,-0.08853709995253745,0.00014493978984919664,,,0.004658708041012538,0.005934581411047191,86.96576239,48.6827392578125,0.20688414573669434,1.0314223766326904,0.0
2000-06-30,2.9169228352884624,0.19869011034924872,0.1,4.470991155119759,4.2206010045890725,0.20000000000000756,2000-06-01,1.18042463,-0.25401421636458,3.299999999999998,4.400000000000003,3.3000000000000025,4.6000000000000005,4.300000000000002,1.9000000000000032,2.0999999999999996,6.499999999999994,7.1,4.099999999999996,3.500000000000001,2000-06-01,1.4586151,0.0,1.686399,0.0,1.4586151,0.0,1.7227666,0.0,1.6677068,0.038466334,1.0647107,0.0,1.1314021,0.0,2.014903,0.0,2.091864,0.0,1.6292405,0.0,1.5040774,0.0,0.09885603,4.4699917,4.223561,4.4649663,4.21594,-0.1,0.0076208115,0.009771824,26.373181863264605,6.44,5.79,0.959047619047619,2.52,2.52,0.28,0.19758971563204675,-0.016220078787037906,-0.08447976702852955,-0.0003140627668170026,,,0.023467051224874247,0.0027040320534066353,86.81039015,79.48287963867188,0.3068792223930359,1.392322301864624,0.0
2000-07-31,2.8471153758631433,0.19869011034924872,-0.1,4.474602169652214,4.229678091325102,0.20000000000000756,2000-07-01,-2.910447205,1.21551286321384,3.299999999999998,4.400000000000003,3.3000000000000025,4.6000000000000005,4.300000000000002,2.000000000000003,2.3,6.499999999999994,7.3,4.199999999999996,3.500000000000001,2000-07-01,1.4586151,0.0,1.686399,0.0,1.4586151,0.0,1.7227666,0.0,1.6677068,0.0,1.0986123,0.033901572,1.1939225,0.062520385,2.014903,0.0,2.1162555,0.024391413,1.6486586,0.01941812,1.5040774,0.0,0.0,4.470991,4.220601,4.4699917,4.223561,0.0,-0.0029597282,0.0076208115,21.539999961853027,6.1,5.69,1.1036363636363637,2.4,2.4,0.04,0.07156626965834167,0.03758554078465082,0.08413258976442961,0.00010872519717164408,,,-0.007827634716145226,0.00039045672638238216,84.18841714,64.71781921386719,0.3349747955799103,1.2740495204925537,0.0
2000-08-31,2.8946731159227443,0.19869011034924872,0.0,4.479440962840922,4.2417027068577955,0.20000000000000756,2000-08-01,3.749676387,0.268501249917444,3.399999999999998,4.400000000000003,3.3000000000000025,4.6000000000000005,4.300000000000002,2.000000000000003,2.3,6.499999999999994,7.3,4.199999999999996,3.500000000000001,2000-08-01,1.4816046,0.022989511,1.686399,0.0,1.4586151,0.0,1.7227666,0.0,1.6677068,0.0,1.0986123,0.0,1.1939225,0.0,2.014903,0.0,2.1162555,0.0,1.6486586,0.0,1.5040774,0.0,0.0,4.474602,4.229678,4.470991,4.220601,0.1,0.009077072,-0.0029597282,19.89300012588501,6.05,5.96,0.775,2.27,2.27,-0.01,-0.03807281969436671,-0.01459519668461784,0.07700158979632832,0.00012079191192038152,,,0.0020867499001751,-0.0019527324535886237,73.11428786,51.904022216796875,0.33508288860321045,0.9578033089637756,0.0
2000-09-30,2.9712412535456956,0.29567304756342977,0.1,4.477214875225736,4.241942729565555,0.3000000000000076,2000-09-01,4.327175958,-0.780029194907023,3.699999999999998,4.400000000000003,3.3000000000000025,4.7,4.300000000000002,2.000000000000003,2.3,6.499999999999994,7.3,4.299999999999995,3.500000000000001,2000-09-01,1.5475625,0.065957904,1.686399,0.0,1.4586151,0.0,1.7404661,0.01769948,1.6677068,0.0,1.0986123,0.0,1.1939225,0.0,2.014903,0.0,2.1162555,0.0,1.6677068,0.019048214,1.5040774,0.0,0.09698293,4.479441,4.2417026,4.474602,4.229678,0.2,0.012024403,0.009077072,18.08869569197945,5.83,6.09,0.5990909090909091,2.51,2.51,0.09,0.05142931485860647,-0.025610146930153732,0.00478619670425573,-7.247339625582327e-05,,,0.005247277026689368,-0.00272663339275514,60.48186339,46.49225616455078,0.186522975564003,0.820108950138092,0.0
2000-10-31,2.9456186347833446,0.29567304756342977,-0.1,4.480524229270225,4.248214278050957,0.3000000000000076,2000-10-01,-3.561579856,1.24376003241426,3.699999999999998,4.400000000000003,3.5000000000000027,4.7,4.300000000000002,2.000000000000003,2.4,6.499999999999994,7.3,4.299999999999995,3.600000000000001,2000-10-01,1.5475625,0.0,1.686399,0.0,1.5040774,0.04546237,1.7404661,0.0,1.6677068,0.0,1.0986123,0.0,1.2237754,0.029852867,2.014903,0.0,2.1162555,0.0,1.6677068,0.0,1.5260563,0.021978855,0.0,4.477215,4.241943,4.479441,4.2417026,-0.3,0.00024032593,0.012024403,19.6875,5.8,6.0,0.6775,2.54,2.54,0.04,0.09317234721427559,-0.002882424690204388,-0.06261239364249604,0.00014494154049904395,,,0.010217202546654924,0.004604083024880801,98.07506625,52.689998626708984,0.2797124683856964,1.104864239692688,0.0
2000-11-30,2.9830226859490416,0.39003531977072237,0.1,4.484156462274478,4.256126793017532,0.40000000000000757,2000-11-01,3.362240509,0.172965899243485,3.699999999999998,4.400000000000003,3.5000000000000027,4.7,4.300000000000002,2.000000000000003,2.4,6.499999999999994,7.5,4.299999999999995,3.600000000000001,2000-11-01,1.5475625,0.0,1.686399,0.0,1.5040774,0.0,1.7404661,0.0,1.6677068,0.0,1.0986123,0.0,1.2237754,0.0,2.014903,0.0,2.1400661,0.023810625,1.6677068,0.0,1.5260563,0.0,0.094362274,4.480524,4.2482142,4.477215,4.241943,0.0,0.0062713623,0.00024032593,25.200000069358133,5.74,6.11,0.67,2.56,2.56,-0.52,-0.06815928053206788,-0.013537581670973964,-0.0689476778412228,-0.00027782307680501717,,,0.015228966903698904,-0.003893384717707171,54.74761987,76.45652770996094,0.18147821724414825,1.7102947235107422,0.0
2000-12-31,2.7911721352442957,0.39003531977072237,-0.1,4.487724830811237,4.238159317313203,0.40000000000000757,2000-12-01,-9.680260146,-0.939973509150455,3.699999999999998,4.400000000000003,3.5000000000000027,4.7,4.400000000000001,2.000000000000003,2.4,6.499999999999994,7.5,4.599999999999995,3.600000000000001,2000-12-01,1.5475625,0.0,1.686399,0.0,1.5040774,0.0,1.7404661,0.0,1.686399,0.018692136,1.0986123,0.0,1.2237754,0.0,2.014903,0.0,2.1400661,0.0,1.7227666,0.05505979,1.5260563,0.0,0.0,4.4841566,4.256127,4.480524,4.2482142,0.0,0.007912636,0.0062713623,26.382857095627557,5.72,6.17,0.58,2.64,2.64,-0.73,0.05012177717567212,-0.014888056938350047,-0.008304242291490738,2.4161592733218384e-05,,,0.004993288653991179,0.00027960447484520756,54.50183826,45.06056213378906,0.16129480302333832,0.9510831832885742,0.0
2001-01-31,2.824059962069729,0.19869011034924872,-0.2,4.474189822434519,4.236964043618096,0.20000000000000756,2001-01-01,2.798291038,-0.611626685388679,3.599999999999998,4.300000000000003,3.5000000000000027,4.7,4.400000000000001,2.000000000000003,2.4,6.499999999999994,7.5,4.599999999999995,3.600000000000001,2001-01-01,1.5260563,-0.02150619,1.6677068,-0.018692136,1.5040774,0.0,1.7404661,0.0,1.686399,0.0,1.0986123,0.0,1.2237754,0.0,2.014903,0.0,2.1400661,0.0,1.7227666,0.0,1.5260563,0.0,-0.19134521,4.487725,4.238159,4.4841566,4.256127,-0.1,-0.017967701,0.007912636,26.530499839782713,5.24,5.77,0.7684210526315789,2.88,2.88,-0.92,-0.23791382968006802,0.02024405829143472,-0.005618392761567392,-3.624260802181922e-05,,,-0.010785928910151732,-0.0032683707203071677,60.91032306,45.39509963989258,0.1759856790304184,0.9818148016929626,0.0
2001-02-28,2.8227983330634396,-0.19869011034923395,-0.2,4.482473372475064,4.23002169720708,-0.19999999999999246,2001-02-01,1.347525697,-0.226319412028765,3.599999999999998,4.200000000000004,3.5000000000000027,4.7,4.400000000000001,2.000000000000003,2.4,6.499999999999994,7.5,4.699999999999995,3.600000000000001,2001-02-01,1.5260563,0.0,1.6486586,-0.019048214,1.5040774,0.0,1.7404661,0.0,1.686399,0.0,1.0986123,0.0,1.2237754,0.0,2.014903,0.0,2.1400661,0.0,1.7404661,0.01769948,1.5260563,0.0,-0.39738023,4.4741898,4.236964,4.487725,4.238159,0.1,-0.0011949539,-0.017967701,24.91857147216797,5.16,5.15,0.550952380952381,2.62,2.62,-0.91,-0.001382660245446754,-0.02220078516222923,0.0341090201426848,8.456404221135472e-05,,,0.004347622905349624,-0.004770869350923412,67.84995424,46.89955520629883,0.2576051354408264,1.0246317386627197,0.0
2001-03-31,2.7388046517672424,-0.19869011034923395,0.4,4.473131164937229,4.239610871659983,-0.19999999999999246,2001-03-01,-7.74549405,0.92101857485302,3.299999999999998,4.300000000000003,3.5000000000000027,4.7,4.400000000000001,2.000000000000003,2.4,6.499999999999994,7.5,4.699999999999995,3.600000000000001,2001-03-01,1.4586151,-0.067441225,1.6677068,0.019048214,1.5040774,0.0,1.7404661,0.0,1.686399,0.0,1.0986123,0.0,1.2237754,0.0,2.014903,0.0,2.1400661,0.0,1.7404661,0.0,1.5260563,0.0,0.0,4.4824734,4.2300215,4.4741898,4.236964,-0.3,-0.006942749,-0.0011949539,23.411579132080078,5.1,4.88,0.46421052631578946,2.88,2.88,-0.77,0.07076257035926847,-0.013728977773862283,0.006989642829219989,2.415984151271644e-05,,,0.00806533416676114,-0.006534765134370346,64.41164409,55.087711334228516,0.31276655197143555,1.1720848083496094,0.0
2001-04-30,2.743323952730095,-0.7326682560454049,-0.6,4.468716928871948,4.226121466865697,-0.7999999999999925,2001-04-01,-0.724132734,-1.30532438802447,3.299999999999998,4.300000000000003,3.6000000000000028,4.7,4.400000000000001,2.000000000000003,2.4,6.499999999999994,7.5,4.699999999999995,3.600000000000001,2001-04-01,1.4586151,0.0,1.6677068,0.0,1.5260563,0.021978855,1.7404661,0.0,1.686399,0.0,1.0986123,0.0,1.2237754,0.0,2.014903,0.0,2.1400661,0.0,1.7404661,0.0,1.5260563,0.0,-0.53397816,4.473131,4.2396107,4.4824734,4.2300215,0.3,0.009589195,-0.006942749,28.496818369085137,4.89,4.42,0.5395454545454546,3.04,3.04,-0.57,-0.11575147520103046,0.004419896698150794,-0.14864944013782377,-7.248127570225193e-05,,,0.016220417281115118,-0.0020524117552422894,59.01789927,61.708953857421875,0.25737208127975464,1.1910302639007568,0.0
2001-05-31,2.782131315000374,-1.0159731341796872,0.2,4.4685128842248965,4.215983203677955,-1.1999999999999926,2001-05-01,3.779109827,-1.21832014171753,3.299999999999998,4.300000000000003,3.800000000000003,4.7,4.400000000000001,2.100000000000003,2.4,6.599999999999993,7.5,4.699999999999995,3.600000000000001,2001-05-01,1.4586151,0.0,1.6677068,0.0,1.5686159,0.042559624,1.7404661,0.0,1.686399,0.0,1.1314021,0.032789826,1.2237754,0.0,2.0281482,0.013245106,2.1400661,0.0,1.7404661,0.0,1.5260563,0.0,-0.28330487,4.468717,4.2261214,4.473131,4.2396107,0.0,-0.013489246,0.009589195,28.13399991989136,5.14,3.87,0.7510526315789473,2.73,2.73,-0.99,0.046260212712504245,-0.009742011299343822,-0.04644801172212176,-3.624260802181922e-05,,,0.007312304073622933,-0.003596380672338917,141.0702889,50.5687370300293,0.4010493755340576,1.1368091106414795,0.0
2001-06-30,2.74288922355059,-1.0159731341796872,0.4,4.466076840052512,4.192785958326619,-1.1999999999999926,2001-06-01,0.256647725,-1.42193952613598,3.299999999999998,4.300000000000003,3.800000000000003,4.7,4.400000000000001,2.100000000000003,2.4,6.599999999999993,7.5,4.699999999999995,3.600000000000001,2001-06-01,1.4586151,0.0,1.6677068,0.0,1.5686159,0.0,1.7404661,0.0,1.686399,0.0,1.1314021,0.0,1.2237754,0.0,2.0281482,0.0,2.1400661,0.0,1.7404661,0.0,1.5260563,0.0,0.0,4.468513,4.2159834,4.468717,4.2261214,0.0,-0.010138035,-0.013489246,22.944090929898348,5.39,3.62,0.4847619047619047,2.65,2.65,-1.11,0.09852153208899805,0.0445986378005907,0.05592926603955384,-4.832552071709628e-05,,,-0.0013085336945177772,-0.004787344785630587,83.71098428,60.376861572265625,0.3331435024738312,1.2756264209747314,0.0
2001-07-31,2.7020192744169207,-0.7326682560454051,0.4,4.459096697644691,4.2216544246420895,-0.7999999999999926,2001-07-01,-1.455994956,2.27049488496623,2.9999999999999982,4.300000000000003,3.800000000000003,4.7,4.400000000000001,2.100000000000003,2.4,6.599999999999993,7.8,4.699999999999995,3.700000000000001,2001-07-01,1.3862944,-0.0723207,1.6677068,0.0,1.5686159,0.0,1.7404661,0.0,1.686399,0.0,1.1314021,0.0,1.2237754,0.0,2.0281482,0.0,2.1747518,0.03468561,1.7404661,0.0,1.5475625,0.02150619,0.28330487,4.466077,4.1927857,4.468513,4.2159834,-0.3,-0.02319765,-0.010138035,20.94047619047619,5.28,3.49,0.35,2.65,2.65,-0.69,-0.016544769915813884,-0.007851272384410635,-0.02441398434809905,-3.624567317661587e-05,,,0.007268692891624795,-0.005294243917338015,62.66746392,72.06433868408203,0.28581637144088745,1.5124449729919434,0.0
2001-08-31,2.739857616219795,-0.7326682560454051,-0.4,4.464569406887761,4.224200057620184,-0.7999999999999926,2001-08-01,1.362156072,-0.665344162434411,2.9999999999999982,4.300000000000003,3.800000000000003,4.7,4.400000000000001,2.100000000000003,2.4,6.599999999999993,7.8,4.699999999999995,3.700000000000001,2001-08-01,1.3862944,0.0,1.6677068,0.0,1.5686159,0.0,1.7404661,0.0,1.686399,0.0,1.1314021,0.0,1.2237754,0.0,2.0281482,0.0,2.1747518,0.0,1.7404661,0.0,1.5475625,0.0,0.0,4.459097,4.2216544,4.466077,4.1927857,0.3,0.028868675,-0.02319765,22.31619053795224,5.24,3.51,0.23476190476190475,2.78,2.78,-0.82,-0.12349815590324065,-0.010041738649872123,-0.054750268624205845,3.624567317661587e-05,,,0.0029668110024019256,-0.006424803271452895,92.55358157,61.072940826416016,0.31052976846694946,1.317399024963379,0.0
2001-09-30,2.6762954653251754,-0.48121182505959686,0.3,4.457724030524275,4.217340412964666,-0.4999999999999926,2001-09-01,-2.579780007,-0.396840689604577,3.1999999999999984,4.300000000000003,3.800000000000003,4.7,4.400000000000001,2.100000000000003,2.4,6.599999999999993,7.8999999999999995,4.699999999999995,3.700000000000001,2001-09-01,1.4350846,0.048790216,1.6677068,0.0,1.5686159,0.0,1.7404661,0.0,1.686399,0.0,1.1314021,0.0,1.2237754,0.0,2.0281482,0.0,2.1860514,0.01129961,1.7404661,0.0,1.5475625,0.0,0.25145644,4.4645696,4.2242002,4.459097,4.2216544,0.2,0.0025458336,0.028868675,21.86173903423807,4.97,3.36,0.205,2.9,2.9,-0.78,0.04241186573903111,0.01800315330148905,-0.0705285916229954,-1.2081745087488827e-05,,,-0.017369005140792204,-0.0011484395650906976,56.81847187,64.10773468017578,0.2181500941514969,1.3494141101837158,0.0
2001-10-31,2.526178993336358,-0.3900353197707083,-0.2,4.454439385036461,4.215825032423676,-0.3999999999999926,2001-10-01,-6.443552254,1.438029968382,3.1999999999999984,4.400000000000003,3.900000000000003,4.7,4.500000000000001,2.100000000000003,2.4,6.599999999999993,7.8999999999999995,4.699999999999995,3.800000000000001,2001-10-01,1.4350846,0.0,1.686399,0.018692136,1.5892352,0.020619273,1.7404661,0.0,1.704748,0.018349051,1.1314021,0.0,1.2237754,0.0,2.0281482,0.0,2.1860514,0.0,1.7404661,0.0,1.5686159,0.021053433,0.0911765,4.457724,4.2173405,4.4645696,4.2242002,-0.2,-0.0068597794,0.0025458336,35.065333429972334,4.73,2.64,0.3464705882352941,3.42,3.42,-0.67,-0.002358698546734761,0.0396950335147519,-0.16959722623009554,-1.2081891057835747e-05,,,0.003948486844683963,-0.005077876004763837,73.63034746,498.64788818359375,0.7703881859779358,13.229009628295898,0.0
2001-11-30,2.4052942094735887,-0.2956730475634154,-5.551115e-17,4.451744260129882,4.22098328028179,-0.2999999999999926,2001-11-01,-0.620674069,1.17864616445022,3.1999999999999984,4.400000000000003,3.900000000000003,4.7,4.500000000000001,2.100000000000003,2.6,6.599999999999993,7.8999999999999995,4.999999999999995,3.800000000000001,2001-11-01,1.4350846,0.0,1.686399,0.0,1.5892352,0.0,1.7404661,0.0,1.704748,0.0,1.1314021,0.0,1.2809339,0.05715847,2.0281482,0.0,2.1860514,0.0,1.7917595,0.051293373,1.5686159,0.0,0.094362274,4.454439,4.215825,4.457724,4.2173405,0.0,-0.0015153885,-0.0068597794,32.721304603244945,4.57,2.16,0.2409090909090909,3.38,3.38,-1.2,-0.22108541940133852,-0.0012710070910308957,0.029047405960721306,0.0,,,0.002717265668168878,-0.0027452194543418074,70.02939013,512.5297241210938,0.6591466665267944,13.10019588470459,0.0
2001-12-31,2.3884214093328517,7.327471962526006e-15,0.2,4.452517367140103,4.214978604842977,7.382983113757291e-15,2001-12-01,1.246604448,-0.874600486074567,3.1999999999999984,4.400000000000003,4.000000000000003,4.7,4.500000000000001,2.2000000000000033,2.6,6.599999999999993,7.8999999999999995,4.999999999999995,3.800000000000001,2001-12-01,1.4350846,0.0,1.686399,0.0,1.609438,0.020202756,1.7404661,0.0,1.704748,0.0,1.1631508,0.031748652,1.2809339,0.0,2.0281482,0.0,2.1860514,0.0,1.7917595,0.0,1.5686159,0.0,0.29567304,4.451744,4.2209835,4.454439,4.215825,0.0,0.0051584244,-0.0015153885,26.63095238095238,4.65,1.87,0.23349999999999999,3.1,3.1,-1.43,-0.08855656925937927,-0.024678481410630226,0.07052288211543001,4.832668842347232e-05,,,0.004760802457617785,-0.006065460085318719,53.70618869,306.785888671875,0.360622376203537,7.890068531036377,0.0
2002-01-31,2.4041680832284538,7.327471962526006e-15,-0.3,4.4630636171231615,4.2040530189902015,7.382983113757291e-15,2002-01-01,-3.297421517,-0.955389650153611,3.1999999999999984,4.400000000000003,4.000000000000003,4.7,4.500000000000001,2.500000000000003,2.6,6.599999999999993,7.8999999999999995,4.999999999999995,3.800000000000001,2002-01-01,1.4350846,0.0,1.686399,0.0,1.609438,0.0,1.7404661,0.0,1.704748,0.0,1.2527629,0.08961213,1.2809339,0.0,2.0281482,0.0,2.1860514,0.0,1.7917595,0.0,1.5686159,0.0,0.0,4.4525175,4.2149787,4.451744,4.2209835,0.0,-0.0060048103,0.0051584244,23.720000076293946,5.09,1.69,0.23526315789473684,2.85,2.85,-1.15,-0.0049068550601978345,-0.0011231681766226131,0.054866382705203165,-7.249090846395134e-05,,,-0.004012509466008396,-0.0004275098074009165,55.19290184,236.09974670410156,0.38934099674224854,6.047550678253174,0.0
2002-02-28,2.4554508384973874,0.19869011034924872,0.2,4.460356530167919,4.2051178024434215,0.2000000000000074,2002-02-01,-0.231587662,-0.80216038755993,3.2999999999999985,4.400000000000003,4.000000000000003,4.7,4.500000000000001,2.500000000000003,2.6,6.599999999999993,7.8999999999999995,5.199999999999995,3.800000000000001,2002-02-01,1.4586151,0.023530483,1.686399,0.0,1.609438,0.0,1.7404661,0.0,1.704748,0.0,1.2527629,0.0,1.2809339,0.0,2.0281482,0.0,2.1860514,0.0,1.8245493,0.032789826,1.5686159,0.0,0.19869012,4.4630637,4.204053,4.4525175,4.2149787,0.1,-0.01092577,-0.0060048103,22.252857208251953,5.04,1.65,0.1680952380952381,2.85,2.85,-0.91,0.03733467054858686,0.02031073120902871,-0.03587519909215686,-1.2082328989748703e-05,,,0.010325192887504997,0.006633064841170544,58.49006627,172.47720336914062,0.3410267233848572,4.232385158538818,0.0
2002-03-31,2.615984053450956,-0.2956730475634154,-0.7,4.470050904764054,4.202074943428834,-0.2999999999999926,2002-03-01,6.446885282,-0.784197805927985,2.8999999999999986,4.400000000000003,4.000000000000003,4.7,4.500000000000001,2.500000000000003,2.8000000000000003,6.599999999999993,7.8999999999999995,5.199999999999995,3.800000000000001,2002-03-01,1.3609766,-0.09763849,1.686399,0.0,1.609438,0.0,1.7404661,0.0,1.704748,0.0,1.2527629,0.0,1.3350011,0.054067254,2.0281482,0.0,2.1860514,0.0,1.8245493,0.0,1.5686159,0.0,-0.49436316,4.4603567,4.2051177,4.4630637,4.204053,-0.5,0.0010647774,-0.01092577,22.875789843107526,4.91,1.72,0.17789473684210527,2.98,2.98,-0.47,0.04327365350715784,0.04850086591868408,-0.03964097286885604,0.0,,,0.0062730833018544985,0.00011522468260949381,79.13432016,146.1857147216797,0.3734973669052124,3.621983051300049,0.0
2002-04-30,2.6845374090744527,-0.19869011034923423,0.6,4.477047681774283,4.1940156135250595,-0.1999999999999926,2002-04-01,0.252225128,-0.391585526043185,2.8999999999999986,4.400000000000003,4.000000000000003,4.7,4.6000000000000005,2.500000000000003,2.8000000000000003,6.599999999999993,7.8999999999999995,5.199999999999995,3.800000000000001,2002-04-01,1.3609766,0.0,1.686399,0.0,1.609438,0.0,1.7404661,0.0,1.7227666,0.018018603,1.2527629,0.0,1.3350011,0.0,2.0281482,0.0,2.1860514,0.0,1.8245493,0.0,1.5686159,0.0,0.09698293,4.470051,4.202075,4.4603567,4.2051177,0.4,-0.003042698,0.0010647774,18.98499994277954,5.28,1.79,0.20049999999999998,2.81,2.81,-0.43,0.15592113066342694,-0.004885008696642323,0.032669075691064364,0.00010873570589264858,,,-0.0023938875256890313,0.0072123326949231625,53.78002903,151.9763641357422,0.28381118178367615,3.863307237625122,0.0
2002-05-31,2.711572310591811,-0.2956730475634154,-0.2,4.480834100927399,4.202593147364277,-0.2999999999999926,2002-05-01,-1.102122516,0.176751380533255,2.8999999999999986,4.500000000000003,4.100000000000002,4.7,4.6000000000000005,2.500000000000003,2.8000000000000003,6.599999999999993,7.8999999999999995,5.199999999999995,4.000000000000001,2002-05-01,1.3609766,0.0,1.704748,0.018349051,1.6292405,0.01980257,1.7404661,0.0,1.7227666,0.0,1.2527629,0.0,1.3350011,0.0,2.0281482,0.0,2.1860514,0.0,1.8245493,0.0,1.609438,0.04082203,-0.09698293,4.4770474,4.1940155,4.470051,4.202075,0.0,-0.008059502,-0.003042698,19.900454607876863,5.21,1.71,0.25523809523809526,2.84,2.84,-0.58,0.08227023570051628,0.028892313676809778,8.753939278349776e-05,-1.208116124162828e-05,,,-0.0022148403295529917,0.004871002165678817,46.51916545,157.49655151367188,0.16871166229248047,3.8404908180236816,0.0
2002-06-30,2.653900488596581,-0.09983407889920014,0.3,4.482788404792219,4.200294482878045,-0.0999999999999926,2002-06-01,-2.659949171,-0.326121806409589,2.8999999999999986,4.500000000000003,4.100000000000002,4.7,4.6000000000000005,2.600000000000003,2.8000000000000003,6.599999999999993,7.999999999999999,5.199999999999995,4.000000000000001,2002-06-01,1.3609766,0.0,1.704748,0.0,1.6292405,0.0,1.7404661,0.0,1.7227666,0.0,1.2809339,0.028170943,1.3350011,0.0,2.0281482,0.0,2.1972246,0.011173248,1.8245493,0.0,1.609438,0.0,0.19583897,4.480834,4.2025933,4.4770474,4.1940155,0.0,0.008577824,-0.008059502,20.08772711320357,5.16,1.73,0.17857142857142858,2.98,2.98,-0.31,-0.015005220885799808,0.03827613730627011,0.057058881738912604,-9.66545446510203e-05,,,-0.014142401695218965,0.0040096284673607485,54.31085246,163.3223114013672,0.2767774760723114,4.089163780212402,0.0
2002-07-31,2.705825506080099,-0.19869011034923423,-0.3,4.486823491505914,4.2074760505917235,-0.1999999999999926,2002-07-01,5.919142536,-0.413091504197065,2.8999999999999986,4.500000000000003,4.100000000000002,4.7,4.6000000000000005,2.600000000000003,2.8000000000000003,6.599999999999993,7.999999999999999,5.199999999999995,4.000000000000001,2002-07-01,1.3609766,0.0,1.704748,0.0,1.6292405,0.0,1.7404661,0.0,1.7227666,0.0,1.2809339,0.0,1.3350011,0.0,2.0281482,0.0,2.1972246,0.0,1.8245493,0.0,1.609438,0.0,-0.09885603,4.4827886,4.2002945,4.480834,4.2025933,0.0,-0.002298832,0.008577824,25.270999908447266,4.93,1.7,0.1811111111111111,3.13,3.13,-0.62,-0.051148574310533323,0.02104943450075414,-0.06525168960552286,7.249178429624692e-05,,,-0.01149762925119191,0.008215019236447851,52.15689224,149.33042907714844,0.22518354654312134,3.673884868621826,0.0
2002-08-31,2.7551240799470524,-0.19869011034923423,0.1,4.490254498058326,4.203419144904131,-0.1999999999999926,2002-08-01,-1.491713248,-0.369797403154649,3.0999999999999988,4.500000000000003,4.100000000000002,4.8,4.6000000000000005,2.600000000000003,2.7,6.599999999999993,7.999999999999999,5.199999999999995,4.000000000000001,2002-08-01,1.410987,0.050010443,1.704748,0.0,1.6292405,0.0,1.7578579,0.0173918,1.7227666,0.0,1.2809339,0.0,1.3083328,-0.02666831,2.0281482,0.0,2.1972246,0.0,1.8245493,0.0,1.609438,0.0,0.0,4.4868236,4.207476,4.4827886,4.2002945,0.2,0.0071816444,-0.002298832,34.049544941295274,4.65,1.68,0.16454545454545455,3.25,3.25,-0.95,0.0664433369428643,-0.02487243447377807,-0.05088913320445343,-4.8327272297310486e-05,,,-0.01355111871187109,-0.00032197063949990223,49.06580009,122.7783432006836,0.17732180655002594,2.954308032989502,0.0
2002-09-30,2.7979151723327456,-0.09983407889920014,0.1,4.4932192231854415,4.211612670636531,-0.0999999999999926,2002-09-01,7.853402714,-0.233880290909434,3.0999999999999988,4.500000000000003,4.100000000000002,4.8,4.6000000000000005,2.600000000000003,2.8000000000000003,6.599999999999993,7.999999999999999,5.199999999999995,4.000000000000001,2002-09-01,1.410987,0.0,1.704748,0.0,1.6292405,0.0,1.7578579,0.0,1.7227666,0.0,1.2809339,0.0,1.3350011,0.02666831,2.0281482,0.0,2.1972246,0.0,1.8245493,0.0,1.609438,0.0,0.09885603,4.4902544,4.203419,4.4868236,4.207476,-0.2,-0.0040569305,0.0071816444,33.742727366360754,4.26,1.62,0.16,3.32,3.32,-1.08,0.03494614892632031,-0.009718623523381709,-0.02784241414252797,1.2082037031291293e-05,,,0.011748547188255465,-0.0011111535235635017,61.68888111,127.06451416015625,0.2581644654273987,3.130244016647339,0.0
2002-10-31,2.767678785333321,-0.09983407889920014,-0.1,4.4943106897232115,4.232310838625929,-0.0999999999999926,2002-10-01,-7.573307598,2.17885675385414,3.0999999999999988,4.500000000000003,4.100000000000002,4.8,4.6000000000000005,2.600000000000003,2.8000000000000003,6.599999999999993,7.999999999999999,5.199999999999995,4.000000000000001,2002-10-01,1.410987,0.0,1.704748,0.0,1.6292405,0.0,1.7578579,0.0,1.7227666,0.0,1.2809339,0.0,1.3350011,0.0,2.0281482,0.0,2.1972246,0.0,1.8245493,0.0,1.609438,0.0,0.0,4.4932194,4.2116127,4.4902544,4.203419,0.0,0.008193493,-0.0040569305,37.6475004196167,3.87,1.63,0.176,3.76,3.76,-1.13,0.06353206010965007,0.028219222346096196,-0.05684938312826837,7.248915686242086e-05,,,0.004736651523564284,0.0008486486965990636,65.36511174,174.90333557128906,0.5098593235015869,4.386018753051758,0.0
2002-11-30,2.6723421359806343,-0.09983407889920014,0.0,4.497813456999324,4.234199402063446,-0.0999999999999926,2002-11-01,0.711094654,0.14355458999971,2.9999999999999987,4.500000000000003,4.100000000000002,4.8,4.6000000000000005,2.600000000000003,2.8000000000000003,6.599999999999993,7.999999999999999,5.199999999999995,4.000000000000001,2002-11-01,1.3862944,-0.024692655,1.704748,0.0,1.6292405,0.0,1.7578579,0.0,1.7227666,0.0,1.2809339,0.0,1.3350011,0.0,2.0281482,0.0,2.1972246,0.0,1.8245493,0.0,1.609438,0.0,0.0,4.494311,4.232311,4.4932194,4.2116127,-0.1,0.02069807,0.008193493,35.243043484895125,3.94,1.58,0.20454545454545456,3.82,3.82,-1.23,-0.030622379368497654,-0.008117080905112317,-0.019859977987417565,-3.624392159640166e-05,,,0.00715701331679508,-0.002084836336934792,67.64720364,172.03192138671875,0.5941870808601379,4.156506538391113,0.0
2002-12-31,2.783937719418004,7.327471962526006e-15,0.1,4.494404533305022,4.209945243083695,7.41073868937292e-15,2002-12-01,6.285716066,-3.44026425692754,2.5999999999999988,4.500000000000003,4.100000000000002,4.8999999999999995,4.6000000000000005,2.600000000000003,2.8000000000000003,6.599999999999993,7.999999999999999,5.199999999999995,4.000000000000001,2002-12-01,1.2809339,-0.10536051,1.704748,0.0,1.6292405,0.0,1.7749523,0.017094374,1.7227666,0.0,1.2809339,0.0,1.3350011,0.0,2.0281482,0.0,2.1972246,0.0,1.8245493,0.0,1.609438,0.0,0.09983408,4.497813,4.2341995,4.494311,4.232311,-0.3,0.001888752,0.02069807,28.174999713897705,4.05,1.23,0.22684210526315793,3.38,3.38,-0.75,-0.12382457108457734,0.007897717371853297,0.049621204339075575,2.4162760354773383e-05,,,-0.012843693412668777,0.0055865759173183704,63.48333194,159.12759399414062,0.3623828887939453,3.697484016418457,0.0
2003-01-31,2.8925599425767174,0.19869011034924872,0.1,4.505528508778726,4.215826960450159,0.20000000000000742,2003-01-01,0.251624512,0.412605597000306,2.5999999999999988,4.500000000000003,4.100000000000002,4.999999999999999,4.6000000000000005,2.600000000000003,2.8000000000000003,6.599999999999993,7.999999999999999,5.199999999999995,4.000000000000001,2003-01-01,1.2809339,0.0,1.704748,0.0,1.6292405,0.0,1.7917595,0.016807199,1.7227666,0.0,1.2809339,0.0,1.3350011,0.0,2.0281482,0.0,2.1972246,0.0,1.8245493,0.0,1.609438,0.0,0.19869012,4.4944043,4.209945,4.497813,4.2341995,0.4,-0.024254322,0.001888752,28.21047628493536,4.03,1.19,0.2145,3.48,3.48,-0.69,0.15215471614184262,0.03948346157558991,-0.011154545605265298,0.0003261401344341053,,,-0.008878763754895047,-0.005576627290919234,58.65952518,175.8117218017578,0.48346298933029175,4.328754901885986,0.0
2003-02-28,2.972311999345892,0.4812118250596101,0.1,4.505278908963055,4.2394275634206835,0.5000000000000074,2003-02-01,1.777587806,1.60970391200198,2.5999999999999988,4.500000000000003,4.200000000000002,5.099999999999999,4.6000000000000005,2.600000000000003,2.8000000000000003,6.599999999999993,7.999999999999999,5.199999999999995,4.000000000000001,2003-02-01,1.2809339,0.0,1.704748,0.0,1.6486586,0.01941812,1.8082888,0.016529322,1.7227666,0.0,1.2809339,0.0,1.3350011,0.0,2.0281482,0.0,2.1972246,0.0,1.8245493,0.0,1.609438,0.0,0.28252172,4.5055285,4.215827,4.4944043,4.209945,0.0,0.0058817863,-0.024254322,27.424285707019624,4.05,1.17,0.19714285714285712,3.16,3.16,-0.63,0.0958133382604971,0.07244676975538678,-0.016847640035777545,-0.00038654813005489785,,,-0.013127601651757637,0.00848540572389922,76.1043696,206.43460083007812,0.8186229467391968,4.968297004699707,0.0
2003-03-31,2.9038149177955064,0.4812118250596101,-0.3,4.505803780813189,4.246831836592796,0.5000000000000074,2003-03-01,-6.523815093,1.60453373272078,2.5999999999999988,4.500000000000003,4.200000000000002,5.199999999999998,4.6000000000000005,2.600000000000003,2.8000000000000003,6.599999999999993,7.999999999999999,5.199999999999995,4.1000000000000005,2003-03-01,1.2809339,0.0,1.704748,0.0,1.6486586,0.0,1.8245493,0.016260505,1.7227666,0.0,1.2809339,0.0,1.3350011,0.0,2.0281482,0.0,2.1972246,0.0,1.8245493,0.0,1.6292405,0.01980257,0.0,4.505279,4.2394276,4.5055285,4.215827,0.0,0.023600578,0.0058817863,32.218421032554225,3.9,1.17,0.17842105263157895,3.21,3.21,-0.31,0.049650496255157606,0.00589807375688256,-0.03625586070257647,8.45701721510217e-05,,,0.003201244427598837,0.0011874209279270076,87.88367462,239.61093139648438,0.9446306228637695,5.824158191680908,0.0
2003-04-30,2.7356851913405116,0.568824898732254,0.1,4.502859680982016,4.23134888402428,0.6000000000000074,2003-04-01,-5.428395279,0.311796964555817,2.4999999999999987,4.500000000000003,4.200000000000002,5.199999999999998,4.6000000000000005,2.7000000000000033,2.8000000000000003,6.599999999999993,7.999999999999999,5.2999999999999945,4.1000000000000005,2003-04-01,1.2527629,-0.028170943,1.704748,0.0,1.6486586,0.0,1.8245493,0.0,1.7227666,0.0,1.3083328,0.027398944,1.3350011,0.0,2.0281482,0.0,2.1972246,0.0,1.8405496,0.01600027,1.6292405,0.0,0.087613076,4.5058036,4.246832,4.505279,4.2394276,-0.1,0.0074043274,0.023600578,30.634285699753534,3.81,1.13,0.15523809523809526,3.04,3.04,-0.32,-0.06813944454647913,-0.052676861849554335,-0.027024341615749847,-1.2081015288600838e-05,,,-0.0013568523112903463,-0.002631971347628159,81.87137706,358.711181640625,0.8065186738967896,9.004739761352539,0.0
2003-05-31,2.733422682277514,0.39003531977072226,-0.3,4.501279922313264,4.230808000660868,0.4000000000000074,2003-05-01,7.337749094,-0.0942548358253674,2.4999999999999987,4.500000000000003,4.200000000000002,5.099999999999999,4.6000000000000005,2.8000000000000034,2.8000000000000003,6.599999999999993,7.999999999999999,5.2999999999999945,4.1000000000000005,2003-05-01,1.2527629,0.0,1.704748,0.0,1.6486586,0.0,1.8082888,-0.016260505,1.7227666,0.0,1.3350011,0.02666831,1.3350011,0.0,2.0281482,0.0,2.1972246,0.0,1.8405496,0.0,1.6292405,0.0,-0.17878959,4.5028596,4.231349,4.5058036,4.246832,0.1,-0.0154829025,0.0074043274,23.991904758271716,3.96,1.13,0.16999999999999998,2.76,2.76,-0.55,-0.1998232806096687,-0.03699971934032309,-0.03994323676568179,-3.624392159640166e-05,,,-0.009941602348927603,-0.005974715309085887,93.71408062,255.77517700195312,0.8890054821968079,6.5873847007751465,0.0
2003-06-30,2.820051642587098,0.2956730475634296,0.1,4.505891582395806,4.219171982446081,0.30000000000000737,2003-06-01,0.076680354,-0.594405782285502,2.4999999999999987,4.500000000000003,4.200000000000002,5.099999999999999,4.6000000000000005,3.4000000000000035,2.8000000000000003,6.599999999999993,7.999999999999999,5.2999999999999945,4.1000000000000005,2003-06-01,1.2527629,0.0,1.704748,0.0,1.6486586,0.0,1.8082888,0.0,1.7227666,0.0,1.4816046,0.14660347,1.3350011,0.0,2.0281482,0.0,2.1972246,0.0,1.8405496,0.0,1.6292405,0.0,-0.094362274,4.50128,4.230808,4.5028596,4.231349,0.0,-0.0005412102,-0.0154829025,20.23952375139509,3.57,1.07,0.2185,2.85,2.85,-0.2,0.03102823085820816,0.08047764638121979,0.05923582167468311,-3.6245235266019193e-05,,,-0.03630597209579012,-0.00027277943080949996,73.61459288,162.1218719482422,0.46542173624038696,4.000342845916748,0.0
2003-07-31,2.818081338404455,0.4812118250596101,0.3,4.513266826376072,4.228347888078503,0.5000000000000073,2003-07-01,-2.122795335,0.119527646403152,2.2999999999999985,4.500000000000003,4.400000000000002,4.999999999999999,4.6000000000000005,3.3000000000000034,2.8000000000000003,6.599999999999993,7.999999999999999,5.2999999999999945,4.2,2003-07-01,1.1939225,-0.058840394,1.704748,0.0,1.686399,0.03774035,1.7917595,-0.016529322,1.7227666,0.0,1.4586151,-0.022989511,1.3350011,0.0,2.0281482,0.0,2.1972246,0.0,1.8405496,0.0,1.6486586,0.01941812,0.18553878,4.505892,4.219172,4.50128,4.230808,-0.2,-0.01163578,-0.0005412102,20.362380799793062,3.33,0.92,0.20571428571428574,2.81,2.81,-0.11,0.06711957143935887,0.0018791216635660746,0.06180313897658607,9.66510414905919e-05,,,-0.00010157956227896392,0.0012771147115513415,63.15737599,145.7697296142578,0.4519841969013214,3.5495827198028564,0.0
2003-08-31,2.8403613373215033,0.4812118250596101,-0.2,4.511974818391205,4.234959814653193,0.5000000000000073,2003-08-01,1.255203288,0.273422922406137,2.3999999999999986,4.600000000000002,4.400000000000002,4.999999999999999,4.6000000000000005,3.3000000000000034,2.8000000000000003,6.599999999999993,7.999999999999999,5.2999999999999945,4.2,2003-08-01,1.2237754,0.029852867,1.7227666,0.018018603,1.686399,0.0,1.7917595,0.0,1.7227666,0.0,1.4586151,0.0,1.3350011,0.0,2.0281482,0.0,2.1972246,0.0,1.8405496,0.0,1.6486586,0.0,0.0,4.513267,4.228348,4.505892,4.219172,0.3,0.009175777,-0.01163578,19.16136360168457,3.98,0.9,0.20909090909090908,2.58,2.58,0.0,0.024851965271524445,-0.015075804492245659,0.02502763004370756,-2.4161884628171038e-05,,,0.010810916104215806,0.005125135550598792,57.97422003,134.89891052246094,0.38651493191719055,3.4111475944519043,0.0
2003-09-30,2.7267823517221155,0.4812118250596101,0.0,4.521417529958712,4.2436369887548455,0.5000000000000073,2003-09-01,-4.536047737,1.8052306441845,2.1999999999999984,4.600000000000002,4.400000000000002,4.999999999999999,4.7,3.3000000000000034,2.8000000000000003,6.599999999999993,7.999999999999999,5.2999999999999945,4.2,2003-09-01,1.1631508,-0.0606246,1.7227666,0.0,1.686399,0.0,1.7917595,0.0,1.7404661,0.01769948,1.4586151,0.0,1.3350011,0.0,2.0281482,0.0,2.1972246,0.0,1.8405496,0.0,1.6486586,0.0,0.0,4.511975,4.2349596,4.513267,4.228348,-0.3,0.006611824,0.009175777,19.27428572518485,4.45,0.95,0.1885,2.46,2.46,-0.07,0.052879228167128645,0.024616177362588587,0.04053918147305069,-2.4162468438948537e-05,,,0.013574417439673248,-0.002184157819974608,63.49149763,138.23092651367188,0.4040403962135315,3.3566434383392334,0.0
2003-10-31,2.797492369295502,0.7326682560454165,0.3,4.530474225618559,4.257363156417603,0.8000000000000074,2003-10-01,4.576575681,0.60416590413127,2.1999999999999984,4.700000000000002,4.500000000000002,4.999999999999999,4.7,3.4000000000000035,2.8000000000000003,6.599999999999993,7.999999999999999,5.399999999999994,4.2,2003-10-01,1.1631508,0.0,1.7404661,0.01769948,1.704748,0.018349051,1.7917595,0.0,1.7404661,0.0,1.4816046,0.022989511,1.3350011,0.0,2.0281482,0.0,2.1972246,0.0,1.856298,0.015748382,1.6486586,0.0,0.25145644,4.5214176,4.243637,4.511975,4.2349596,0.2,0.008677483,0.006611824,19.53238096691313,4.27,0.94,0.2061904761904762,2.57,2.57,0.06,-0.09747375500393218,0.051931696556041906,0.06172629172378308,-1.2081453157453126e-05,,,-0.01106525769496347,0.006426751702139022,73.27662758,118.19628143310547,0.2971462309360504,2.8184759616851807,0.0
2003-11-30,2.821700584980429,0.7326682560454165,-0.3,4.533773642279983,4.2607154700345315,0.8000000000000074,2003-11-01,0.077469287,-0.182672879227831,2.1999999999999984,4.700000000000002,4.500000000000002,4.999999999999999,4.7,3.5000000000000036,2.8000000000000003,6.699999999999993,7.999999999999999,5.399999999999994,4.3,2003-11-01,1.1631508,0.0,1.7404661,0.0,1.704748,0.0,1.7917595,0.0,1.7404661,0.0,1.5040774,0.022472858,1.3350011,0.0,2.0412204,0.013072252,2.1972246,0.0,1.856298,0.0,1.6677068,0.019048214,0.0,4.530474,4.2573633,4.5214176,4.243637,0.0,0.013726234,0.008677483,18.0234783006751,4.29,0.92,0.23681818181818182,2.36,2.36,-0.27,0.08805222767661158,-6.597481084114065e-05,0.07447738254400882,-6.0409455306498216e-05,,,-0.02312007261477511,0.0012308567584176089,67.24503984,108.3173828125,0.353194922208786,2.6449177265167236,0.0
2003-12-31,2.85252775462423,1.0784510589549015,0.5,4.541108884296538,4.278432892983084,1.3000000000000074,2003-12-01,3.560573999,1.75272618570204,1.9999999999999984,4.700000000000002,4.500000000000002,5.699999999999999,4.9,3.5000000000000036,2.8000000000000003,6.699999999999993,7.999999999999999,5.399999999999994,4.3,2003-12-01,1.0986123,-0.06453848,1.7404661,0.0,1.704748,0.0,1.9021075,0.110347986,1.7749523,0.034486175,1.5040774,0.0,1.3350011,0.0,2.0412204,0.0,2.1972246,0.0,1.856298,0.0,1.6677068,0.0,0.34578282,4.5337734,4.2607155,4.530474,4.2573633,-0.2,0.0033521652,0.013726234,17.401052575362357,4.3,0.93,0.23944444444444446,2.33,2.33,-0.41,-0.029314001228874176,0.028590842254272886,0.014984828524719163,4.83278561858036e-05,,,-0.007206867391833072,0.006682592049196856,63.40913062,118.0866928100586,0.28587764501571655,2.8708133697509766,0.0
2004-01-31,2.912082244267066,1.0784510589549015,-0.5,4.5394921358338785,4.275390799507351,1.3000000000000074,2004-01-01,0.785198731,-0.343063247110879,1.7999999999999985,4.700000000000002,4.500000000000002,5.699999999999999,4.9,3.5000000000000036,2.8000000000000003,6.699999999999993,7.999999999999999,5.399999999999994,4.3,2004-01-01,1.0296195,-0.06899285,1.7404661,0.0,1.704748,0.0,1.9021075,0.0,1.7749523,0.0,1.5040774,0.0,1.3350011,0.0,2.0412204,0.0,2.1972246,0.0,1.856298,0.0,1.6677068,0.0,0.0,4.541109,4.278433,4.5337734,4.2607155,0.0,0.017717361,0.0033521652,16.826363650235262,4.27,0.9,0.2723809523809524,2.34,2.34,-0.36,0.036023337997648675,0.04278175639728321,0.02449781834466158,-3.624567317661587e-05,,,-0.017406244870878496,0.0002959460294098548,73.46507851,129.46507263183594,0.4650866389274597,3.160040855407715,0.0
2004-02-29,2.923558896253373,1.1379820462933719,0.1,4.552454090425138,4.275049275052733,1.4000000000000075,2004-02-01,-1.845167408,-0.420237258847375,1.3999999999999986,4.700000000000002,4.500000000000002,5.799999999999999,4.9,3.5000000000000036,2.8000000000000003,6.699999999999993,7.799999999999999,5.399999999999994,4.1,2004-02-01,0.87546873,-0.15415072,1.7404661,0.0,1.704748,0.0,1.9169226,0.014815092,1.7749523,0.0,1.5040774,0.0,1.3350011,0.0,2.0412204,0.0,2.1747518,-0.022472858,1.856298,0.0,1.6292405,-0.038466334,0.05953099,4.539492,4.2753906,4.541109,4.278433,-0.2,-0.003042221,0.017717361,16.100999975204466,4.15,0.88,0.2455,2.19,2.19,-0.5,0.04826130419275598,0.01665606571538447,0.07155284071972012,1.2082037031291293e-05,,,-0.014402451643774405,0.001520626219034149,64.16646467,113.46759033203125,0.3638966679573059,2.693431854248047,0.0
2004-03-31,2.977937250195534,1.015973134179697,-0.3,4.552218464538704,4.274058913734028,1.2000000000000075,2004-03-01,1.317874979,-0.0895160207343291,1.1999999999999986,4.700000000000002,4.600000000000001,5.799999999999999,5.0,3.5000000000000036,2.8000000000000003,6.699999999999993,7.799999999999999,5.2999999999999945,4.1,2004-03-01,0.78845733,-0.0870114,1.7404661,0.0,1.7227666,0.018018603,1.9169226,0.0,1.7917595,0.016807199,1.5040774,0.0,1.3350011,0.0,2.0412204,0.0,2.1747518,0.0,1.8405496,-0.015748382,1.6292405,0.0,-0.12200891,4.552454,4.275049,4.539492,4.2753906,0.2,-0.0003414154,-0.003042221,15.998421167072497,4.08,0.93,0.19842105263157894,2.21,2.21,-0.38,-0.01359712303182814,-0.021767978215882167,0.018551688733348115,1.2081891057835747e-05,,,0.00712125026762056,0.00601430610916065,63.52897324,115.07597351074219,0.38830164074897766,2.816727876663208,0.0
2004-04-30,2.9744290545509604,1.015973134179697,0.2,4.558725957957436,4.273619693062451,1.2000000000000075,2004-04-01,-1.813086872,0.393481214442429,1.1999999999999986,4.700000000000002,4.600000000000001,5.799999999999999,5.0,3.5000000000000036,2.8000000000000003,6.699999999999993,7.799999999999999,5.099999999999994,3.8999999999999995,2004-04-01,0.78845733,0.0,1.7404661,0.0,1.7227666,0.0,1.9169226,0.0,1.7917595,0.0,1.5040774,0.0,1.3350011,0.0,2.0412204,0.0,2.1747518,0.0,1.8082888,-0.032260776,1.5892352,-0.040005326,0.0,4.5522184,4.274059,4.552454,4.275049,0.2,-0.0009903908,-0.0003414154,17.687391198199727,3.83,0.94,0.17521739130434782,2.29,2.29,0.0,0.08613556240616749,0.004408881572596002,-0.042801353431704214,1.2081745087488827e-05,,,0.013151854571935573,-0.004008755848768253,65.10751379,138.53207397460938,0.3231433629989624,3.165661096572876,0.0
2004-05-31,3.063520026687174,0.7326682560454167,-0.4,4.56205723589865,4.268521444846332,0.8000000000000075,2004-05-01,3.962175072,-1.01915705992761,1.0999999999999985,4.700000000000002,4.600000000000001,5.899999999999999,5.3,3.5000000000000036,2.8000000000000003,6.699999999999993,7.799999999999999,5.099999999999994,4.6,2004-05-01,0.74193734,-0.046519995,1.7404661,0.0,1.7227666,0.0,1.9315214,0.014598846,1.8405496,0.048790097,1.5040774,0.0,1.3350011,0.0,2.0412204,0.0,2.1747518,0.0,1.8082888,0.0,1.7227666,0.13353145,-0.28330487,4.558726,4.2736197,4.5522184,4.274059,-0.1,-0.00043916702,-0.0009903908,15.6985715230306,4.35,0.94,0.20750000000000002,2.05,2.05,0.42,-0.0012923339594577143,-0.008413153521058092,-0.04274765137056846,1.208159912069462e-05,,,0.00729018017312022,0.0037074991758068165,69.1463826,149.6313934326172,0.4470139443874359,3.5463106632232666,0.0
2004-06-30,3.002064748540911,0.6526665660823618,0.3,4.561293008311736,4.290095296757226,0.7000000000000075,2004-06-01,-1.717692059,2.89638452039464,0.9999999999999986,4.700000000000002,4.600000000000001,5.899999999999999,5.3,3.5000000000000036,2.8000000000000003,6.699999999999993,7.799999999999999,5.099999999999994,4.699999999999999,2004-06-01,0.6931472,-0.048790157,1.7404661,0.0,1.7227666,0.0,1.9315214,0.0,1.8405496,0.0,1.5040774,0.0,1.3350011,0.0,2.0412204,0.0,2.1747518,0.0,1.8082888,0.0,1.7404661,0.01769948,-0.08000169,4.562057,4.2685213,4.558726,4.2736197,1.110223e-16,-0.005098343,-0.00043916702,17.704999876022338,4.72,1.02,0.22789473684210526,2.03,2.03,0.37,0.11188701622199382,-0.049514649131221056,-0.0665827051981811,-2.4163344208183446e-05,,,0.019422076877305905,0.007197750706737338,66.81664509,121.0911865234375,0.4165933132171631,2.880948305130005,0.0
2004-07-31,3.0688765723372784,0.5688248987322541,0.0,4.5681471122553665,4.297487285881707,0.6000000000000075,2004-07-01,7.305078212,-0.0442083727614412,0.6999999999999986,4.700000000000002,4.500000000000002,5.899999999999999,5.3,3.5000000000000036,2.8000000000000003,6.699999999999993,7.799999999999999,5.099999999999994,4.499999999999999,2004-07-01,0.53062826,-0.16251892,1.7404661,0.0,1.704748,-0.018018603,1.9315214,0.0,1.8405496,0.0,1.5040774,0.0,1.3350011,0.0,2.0412204,0.0,2.1747518,0.0,1.8082888,0.0,1.704748,-0.035718083,-0.08384167,4.561293,4.2900953,4.562057,4.2685213,-0.2,0.02157402,-0.005098343,15.35714290255592,4.73,1.27,0.23333333333333334,2.09,2.09,0.42,-0.06556138532924916,0.02214605190571639,0.04043380607214253,-3.624611109831477e-05,,,-0.006841997587132553,-0.007832838806188569,67.53728907,137.23391723632812,0.4477344751358032,3.3609933853149414,0.0
2004-08-31,3.1676937961274967,0.5688248987322541,0.1,4.568674133573231,4.283371241765307,0.6000000000000075,2004-08-01,4.030436475,-2.15590530332352,0.6999999999999986,4.700000000000002,4.500000000000002,5.899999999999999,5.3,3.5000000000000036,2.8000000000000003,6.699999999999993,7.799999999999999,5.099999999999994,4.499999999999999,2004-08-01,0.53062826,0.0,1.7404661,0.0,1.704748,0.0,1.9315214,0.0,1.8405496,0.0,1.5040774,0.0,1.3350011,0.0,2.0412204,0.0,2.1747518,0.0,1.8082888,0.0,1.704748,0.0,0.0,4.568147,4.2974873,4.561293,4.2900953,0.3,0.0073919296,0.02157402,15.502380916050502,4.5,1.33,0.2966666666666667,2.1,2.1,-0.45,0.08281351830013728,0.014467704381216251,0.0053280958421702,3.624611109831477e-05,,,-0.009471912676855432,0.007443879683666665,64.32853162,131.0198516845703,0.3076273500919342,3.175800085067749,0.0
2004-09-30,3.1867531486139598,0.5688248987322541,0.0,4.572699988746068,4.291996096821159,0.6000000000000075,2004-09-01,-0.736103377,0.365002485671221,0.6999999999999986,4.700000000000002,4.500000000000002,6.099999999999999,5.3,3.5000000000000036,2.8000000000000003,6.699999999999993,7.899999999999999,5.099999999999994,4.499999999999999,2004-09-01,0.53062826,0.0,1.7404661,0.0,1.704748,0.0,1.9600948,0.028573394,1.8405496,0.0,1.5040774,0.0,1.3350011,0.0,2.0412204,0.0,2.1860514,0.01129961,1.8082888,0.0,1.704748,0.0,0.0,4.568674,4.2833714,4.568147,4.2974873,0.0,-0.01411581,0.0073919296,16.684090744365346,4.28,1.48,0.25523809523809526,2.19,2.19,0.08,0.11183634469738513,0.006058112620070943,0.021933477306985694,-3.624611109831477e-05,,,0.0007238509183231656,0.0006709667193680602,92.75412185,140.36582946777344,0.26446181535720825,3.450162649154663,0.0
2004-10-31,3.326686167436757,0.4812118250596102,-0.1,4.577191404855523,4.300359603111778,0.5000000000000075,2004-10-01,2.319436499,-0.462304926422974,0.7999999999999986,4.800000000000002,4.500000000000002,6.099999999999999,5.3,3.6000000000000036,2.8000000000000003,6.599999999999993,7.999999999999998,5.099999999999994,4.499999999999999,2004-10-01,0.5877867,0.05715841,1.7578579,0.0173918,1.704748,0.0,1.9600948,0.0,1.8405496,0.0,1.5260563,0.021978855,1.3350011,0.0,2.0281482,-0.013072252,2.1972246,0.011173248,1.8082888,0.0,1.704748,0.0,-0.087613076,4.5727,4.291996,4.568674,4.2833714,0.1,0.008624554,-0.01411581,14.08095241728283,4.13,1.65,0.2538095238095238,2.11,2.11,-0.02,0.010535877858728337,0.011827114041924602,0.04932522994677058,0.0,,,-0.005701565230313399,0.0012701843581544026,68.39688177,153.87161254882812,0.4247300624847412,3.508509635925293,0.0
2004-11-30,3.2299772513248723,0.7326682560454167,0.4,4.5786631583418105,4.296193594047338,0.8000000000000076,2004-11-01,-7.045278546,0.227610984051721,0.2999999999999986,4.900000000000001,4.600000000000001,6.099999999999999,5.3,3.7000000000000037,3.0000000000000004,6.599999999999993,7.999999999999998,5.099999999999994,4.599999999999999,2004-11-01,0.26236427,-0.3254224,1.7749523,0.017094374,1.7227666,0.018018603,1.9600948,0.0,1.8405496,0.0,1.5475625,0.02150619,1.3862944,0.051293254,2.0281482,0.0,2.1972246,0.0,1.8082888,0.0,1.7227666,0.018018603,0.25145644,4.5771914,4.3003597,4.5727,4.291996,-0.6,0.008363724,0.008624554,14.973809560139975,4.1,1.76,0.323,2.09,2.09,-0.61,0.14177949406218637,0.03679301435418747,0.000766317498694491,0.0,,,-0.012027546550188895,0.008495312737233363,67.32639433,119.86279296875,0.33203572034835815,2.9396610260009766,0.0
2004-12-31,3.1180837716883105,0.6526665660823622,-0.4,4.58219813737824,4.291733672557358,0.7000000000000076,2004-12-01,-2.837742892,-0.0211547235775627,0.09999999999999859,4.900000000000001,4.600000000000001,6.099999999999999,5.3999999999999995,3.7000000000000037,3.0000000000000004,6.599999999999993,7.999999999999998,5.099999999999994,4.599999999999999,2004-12-01,0.09531018,-0.16705409,1.7749523,0.0,1.7227666,0.0,1.9600948,0.0,1.856298,0.015748382,1.5475625,0.0,1.3862944,0.0,2.0281482,0.0,2.1972246,0.0,1.8082888,0.0,1.7227666,0.0,-0.08000169,4.5786633,4.2961936,4.5771914,4.3003597,0.3,-0.0041661263,0.008363724,13.577142897106352,4.19,2.07,0.23399999999999999,1.95,1.95,-0.06,-0.14378080084573064,0.04399439918310488,0.04440687178471592,-1.2082328989748703e-05,,,-0.028170876966696845,0.0024803554509942316,70.99902952,122.70738983154297,0.36324337124824524,2.9749932289123535,0.0
2005-01-31,3.1964978591808477,0.6526665660823622,0.1,4.589936134837277,4.295293914310433,0.7000000000000076,2005-01-01,6.898317652,-0.892901999527363,-0.4000000000000014,4.900000000000001,4.600000000000001,6.099999999999999,5.3999999999999995,3.800000000000004,3.0000000000000004,6.599999999999993,7.999999999999998,5.099999999999994,4.599999999999999,2005-01-01,-0.33647224,-0.43178242,1.7749523,0.0,1.7227666,0.0,1.9600948,0.0,1.856298,0.0,1.5686159,0.021053433,1.3862944,0.0,2.0281482,0.0,2.1972246,0.0,1.8082888,0.0,1.7227666,0.0,0.0,4.582198,4.2917337,4.5786633,4.2961936,-0.3,-0.004459858,-0.0041661263,12.459545438939875,4.23,2.19,0.3135,1.86,1.86,0.1,-0.08488151900764862,0.006135336573597883,0.030155323356622077,0.0,,,-0.016366977464205235,0.007936241000935595,73.55217603,109.89522552490234,0.4096408486366272,2.5848655700683594,0.0
2005-02-28,3.216169463270458,0.19869011034924908,-0.5,4.5905349109017095,4.299493184967815,0.20000000000000762,2005-02-01,-1.06750771,-0.100673060288525,-0.8000000000000014,4.900000000000001,4.600000000000001,6.099999999999999,5.3999999999999995,3.800000000000004,3.0000000000000004,6.599999999999993,7.999999999999998,5.099999999999994,4.599999999999999,2005-02-01,-0.5877867,-0.25131443,1.7749523,0.0,1.7227666,0.0,1.9600948,0.0,1.856298,0.0,1.5686159,0.0,1.3862944,0.0,2.0281482,0.0,2.1972246,0.0,1.8082888,0.0,1.7227666,0.0,-0.45397645,4.5899363,4.295294,4.582198,4.2917337,0.1,0.0035600662,-0.004459858,13.43799991607666,4.22,2.33,0.3305263157894737,1.75,1.75,-0.12,0.11680740236631149,-0.04168439169258509,-0.035163017013465137,0.0,,,0.00756209423146359,0.0035900791158702816,82.29057004,100.88758850097656,0.4525432884693146,2.455801486968994,0.0
2005-03-31,3.3366703686003767,0.19869011034924908,0.5,4.592892421761912,4.303540374482296,0.20000000000000762,2005-03-01,0.798230281,-0.478451065220724,-1.1000000000000014,4.900000000000001,4.600000000000001,6.299999999999999,5.3999999999999995,3.800000000000004,3.0000000000000004,6.599999999999993,7.899999999999999,5.099999999999994,4.599999999999999,2005-03-01,-0.74193734,-0.15415066,1.7749523,0.0,1.7227666,0.0,1.9878744,0.02777958,1.856298,0.0,1.5686159,0.0,1.3862944,0.0,2.0281482,0.0,2.1860514,-0.011173248,1.8082888,0.0,1.7227666,0.0,0.0,4.5905347,4.2994933,4.5899363,4.295294,0.1,0.004199505,0.0035600662,11.708947482861971,4.17,2.54,0.27789473684210525,1.59,1.59,-0.13,0.021471308490186303,-0.001604947357655817,0.019542334829649732,0.0,,,0.0019633514160251053,0.007232846062771081,69.35318466,108.97796630859375,0.6273525953292847,2.622012138366699,0.0
2005-04-30,3.309905961452748,0.19869011034924908,0.0,4.6001655838315205,4.307770113025692,0.20000000000000762,2005-04-01,-2.271368864,1.01896380906664,-1.3000000000000014,5.000000000000001,4.600000000000001,6.299999999999999,5.3999999999999995,4.5000000000000036,3.8000000000000007,6.999999999999994,7.899999999999999,5.099999999999994,4.599999999999999,2005-04-01,-0.8329091,-0.09097177,1.7917595,0.016807199,1.7227666,0.0,1.9878744,0.0,1.856298,0.0,1.704748,0.13613212,1.5686159,0.18232155,2.0794415,0.051293373,2.1860514,0.0,1.8082888,0.0,1.7227666,0.0,0.0,4.5928926,4.30354,4.5905347,4.2994933,0.1,0.004046917,0.004199505,13.126363667574795,4.5,2.74,0.28714285714285714,1.64,1.64,-0.28,0.15509980196060047,0.024499592151212113,-0.0101199309122606,0.0,,,-0.0009811938644919138,-0.0013521797796176571,77.41067212,90.41048431396484,0.5297520160675049,2.1218717098236084,0.0
2005-05-31,3.247993223438928,0.19869011034924908,0.0,4.5964029659831915,4.308949603994253,0.20000000000000762,2005-05-01,-0.292733357,0.43427071857298,-1.6000000000000014,5.000000000000001,4.700000000000001,6.299999999999999,5.499999999999999,4.5000000000000036,3.8000000000000007,6.999999999999994,7.899999999999999,5.099999999999994,4.599999999999999,2005-05-01,-0.95551145,-0.12260234,1.7917595,0.0,1.7404661,0.01769948,1.9878744,0.0,1.8718022,0.015504241,1.704748,0.0,1.5686159,0.0,2.0794415,0.0,2.1860514,0.0,1.8082888,0.0,1.7227666,0.0,0.0,4.6001654,4.3077703,4.5928926,4.30354,-0.1,0.0042300224,0.004046917,14.459047589983259,4.34,2.78,0.3719047619047619,1.76,1.76,-1.32,-0.023255740086346677,-0.010698957206566995,-0.008192501648112582,0.0,,,0.013649870690402466,0.0021501954438223336,82.94180913,87.03240203857422,0.36493128538131714,1.9423761367797852,0.0
2005-06-30,3.368843418636852,0.19869011034924908,0.0,4.603079401821348,4.3036408005020474,0.20000000000000762,2005-06-01,7.647634657,-0.734579496413802,-1.8000000000000014,5.000000000000001,4.900000000000001,6.299999999999999,5.499999999999999,4.5000000000000036,3.8000000000000007,6.999999999999994,7.899999999999999,5.099999999999994,4.599999999999999,2005-06-01,-1.0296195,-0.074108005,1.7917595,0.0,1.7749523,0.034486175,1.9878744,0.0,1.8718022,0.0,1.704748,0.0,1.5686159,0.0,2.0794415,0.0,2.1860514,0.0,1.8082888,0.0,1.7227666,0.0,0.0,4.596403,4.3089495,4.6001654,4.3077703,0.1,0.0011792183,0.0042300224,13.967618987673806,4.14,2.84,0.4345,1.9,1.9,-0.99,-0.06444841375955157,-0.017295574158115556,0.011920274796191066,0.0,,,0.002686296140732125,0.0008997205268519437,82.39469435,98.20596313476562,0.41267943382263184,2.28169846534729,0.0
2005-07-31,3.405123306308627,0.29567304756342977,0.1,4.6039707669725995,4.301844683973152,0.3000000000000076,2005-07-01,-1.875070918,-0.678259713862118,-1.9000000000000015,5.000000000000001,4.900000000000001,6.299999999999999,5.499999999999999,4.5000000000000036,4.000000000000001,6.999999999999994,7.899999999999999,5.2999999999999945,4.599999999999999,2005-07-01,-1.0647107,-0.03509128,1.7917595,0.0,1.7749523,0.0,1.9878744,0.0,1.8718022,0.0,1.704748,0.0,1.609438,0.04082203,2.0794415,0.0,2.1860514,0.0,1.8405496,0.032260776,1.7227666,0.0,0.09698293,4.6030793,4.303641,4.596403,4.3089495,0.1,-0.005308628,0.0011792183,11.868636348030783,4.0,2.97,0.4531818181818182,1.87,1.87,-0.94,0.11096987056959984,0.020607628727276506,0.012253888297015791,0.0,,,0.011840769841847454,0.004487529157463754,90.48482612,81.12405395507812,0.388472318649292,1.9303158521652222,0.0
2005-08-31,3.5004710776782306,0.4812118250596102,0.1,4.607167190646274,4.301790765637557,0.5000000000000075,2005-08-01,3.849311996,-0.978139844874115,-2.0000000000000013,5.000000000000001,5.000000000000001,6.299999999999999,5.499999999999999,4.5000000000000036,4.000000000000001,6.999999999999994,7.899999999999999,5.2999999999999945,4.599999999999999,2005-08-01,-1.0986123,-0.033901572,1.7917595,0.0,1.7917595,0.016807199,1.9878744,0.0,1.8718022,0.0,1.704748,0.0,1.609438,0.0,2.0794415,0.0,2.1860514,0.0,1.8405496,0.0,1.7227666,0.0,0.18553878,4.603971,4.3018446,4.6030793,4.303641,2.220446e-16,-0.0017962456,-0.005308628,11.049000024795532,4.18,3.22,0.40049999999999997,1.67,1.67,-0.89,0.05660447032430316,-0.014449415039034186,0.03285579704005315,-0.02086499289286392,,,0.006447884502988721,-0.003171466288216962,103.8973792,165.90191650390625,0.7235094904899597,3.4862778186798096,0.0
2005-09-30,3.4959891660411455,0.5688248987322541,-0.1,4.6080061608072995,4.296052551327317,0.6000000000000075,2005-09-01,-1.702152151,-0.508931623196055,-2.2000000000000015,5.000000000000001,5.000000000000001,6.299999999999999,5.499999999999999,4.5000000000000036,3.700000000000001,6.999999999999994,7.899999999999999,5.2999999999999945,4.699999999999998,2005-09-01,-1.1631508,-0.06453848,1.7917595,0.0,1.7917595,0.0,1.9878744,0.0,1.8718022,0.0,1.704748,0.0,1.5475625,-0.061875463,2.0794415,0.0,2.1860514,0.0,1.8405496,0.0,1.7404661,0.01769948,0.087613076,4.6071672,4.3017907,4.603971,4.3018446,-0.1,-5.38826e-05,-0.0017962456,12.951304394265879,4.26,3.44,0.35954545454545456,1.77,1.77,-0.51,0.1064921844459592,0.031196545689636146,0.04495507508183749,-0.0007158108096874116,,,-0.010379250135976292,0.003253788346562203,80.41781673,116.2276611328125,0.3948986828327179,2.485919713973999,0.0
2005-10-31,3.444447365455972,0.5688248987322541,-0.1,4.613771091925373,4.296871116330952,0.6000000000000075,2005-10-01,-3.237561162,-0.186805360765648,-2.3000000000000016,5.1000000000000005,5.000000000000001,6.299999999999999,5.499999999999999,4.5000000000000036,3.700000000000001,6.999999999999994,7.899999999999999,5.499999999999995,4.699999999999998,2005-10-01,-1.1939225,-0.030771732,1.8082888,0.016529322,1.7917595,0.0,1.9878744,0.0,1.8718022,0.0,1.704748,0.0,1.5475625,0.0,2.0794415,0.0,2.1860514,0.0,1.8718022,0.031252623,1.7404661,0.0,0.0,4.608006,4.2960525,4.6071672,4.3017907,0.1,-0.0057382584,-5.38826e-05,12.628095263526554,4.2,3.42,0.49238095238095236,1.81,1.81,0.08,-0.0169486660109186,0.040538986879808725,0.0042060534071239886,-0.0009634507100328982,,,0.006050010493273028,-0.0195638287695461,69.23743944,103.80766296386719,0.4994596540927887,2.362940788269043,0.0
2005-11-30,3.382000325640033,0.6526665660823618,0.1,4.624366747310445,4.30467032893099,0.7000000000000075,2005-11-01,-1.580203217,1.05931337855326,-2.4000000000000017,5.1000000000000005,5.300000000000001,6.399999999999999,5.599999999999999,4.600000000000003,3.700000000000001,6.999999999999994,7.899999999999999,5.499999999999995,4.799999999999998,2005-11-01,-1.2237754,-0.029852867,1.8082888,0.0,1.8405496,0.048790097,2.00148,0.013605714,1.8870697,0.015267491,1.7227666,0.018018603,1.5475625,0.0,2.0794415,0.0,2.1860514,0.0,1.8718022,0.0,1.7578579,0.0173918,0.08384167,4.613771,4.296871,4.608006,4.2960525,0.0,0.0008187294,-0.0057382584,14.937618982224237,4.46,3.71,0.46399999999999997,1.83,1.83,-0.07,-0.07199035422023492,0.029917582742480242,-0.036711129577479795,-0.0009272711077668028,,,0.011572985557658733,0.012064329407210472,74.25298838,87.06182861328125,0.24705544114112854,2.013789176940918,0.0
2005-12-31,3.4011973816621555,0.5688248987322541,-0.2,4.630967553965104,4.3073445881556145,0.6000000000000075,2005-12-01,1.372451292,-1.0077922758933,-2.4000000000000017,5.1000000000000005,5.300000000000001,6.399999999999999,5.599999999999999,4.600000000000003,3.700000000000001,6.999999999999994,7.899999999999999,5.499999999999995,4.799999999999998,2005-12-01,-1.2237754,0.0,1.8082888,0.0,1.8405496,0.0,2.00148,0.0,1.8870697,0.0,1.7227666,0.0,1.5475625,0.0,2.0794415,0.0,2.1860514,0.0,1.8718022,0.0,1.7578579,0.0,-0.08384167,4.6243668,4.3046703,4.613771,4.296871,0.1,0.0077991486,0.0008187294,12.147619111197335,4.54,3.88,0.4665,1.89,1.89,-0.64,-0.05796563540263833,0.014300386108483387,0.007946070111040981,-0.0005072719395626812,,,-0.0005231493710740054,0.01117751662149491,89.53350251,83.48009490966797,0.3903748095035553,1.7658361196517944,0.0
2006-01-31,3.4925617615131275,0.6526665660823618,0.2,4.629712543388278,4.3001561388628575,0.7000000000000075,2006-01-01,2.09378562,-1.54535292765745,-2.4000000000000017,5.1000000000000005,5.300000000000001,6.399999999999999,5.599999999999999,4.600000000000003,3.700000000000001,6.999999999999994,7.899999999999999,5.499999999999995,4.799999999999998,2006-01-01,-1.2237754,0.0,1.8082888,0.0,1.8405496,0.0,2.00148,0.0,1.8870697,0.0,1.7227666,0.0,1.5475625,0.0,2.0794415,0.0,2.1860514,0.0,1.8718022,0.0,1.7578579,0.0,0.08384167,4.6309676,4.3073444,4.6243668,4.3046703,0.0,0.0026741028,0.0077991486,11.260000001816522,4.47,3.89,0.6060000000000001,1.82,1.82,-0.7,0.028796488060371495,0.06778486772835546,0.02037908477555206,-0.0012631111359495684,,,-0.012320484388040676,0.005151693564231508,68.46018462,95.35025024414062,0.2132396697998047,2.129260778427124,0.0
2006-02-28,3.431006093434505,0.6526665660823618,-0.1,4.638375728839149,4.300107257782722,0.7000000000000075,2006-02-01,-8.562413666,0.307552697685206,-2.600000000000002,5.1000000000000005,5.300000000000001,6.399999999999999,5.599999999999999,4.600000000000003,3.700000000000001,7.099999999999993,7.899999999999999,5.499999999999995,4.799999999999998,2006-02-01,-1.2809339,-0.05715847,1.8082888,0.0,1.8405496,0.0,2.00148,0.0,1.8870697,0.0,1.7227666,0.0,1.5475625,0.0,2.091864,0.012422562,2.1860514,0.0,1.8718022,0.0,1.7578579,0.0,0.0,4.6297126,4.300156,4.6309676,4.3073444,-0.2,-0.00718832,0.0026741028,12.03600001335144,4.42,4.24,0.369,1.78,1.78,-0.37,0.10238365270132999,0.07507007121048037,0.030144449474001078,-0.0011654579460658177,,,-0.009367750003599795,0.0015766002009156566,82.41724683,94.51001739501953,0.6309633851051331,2.19144344329834,0.0
2006-03-31,3.4499001092727166,0.6526665660823618,0.0,4.641516579933182,4.298291960697314,0.7000000000000075,2006-03-01,3.148295732,-1.42676991533046,-2.700000000000002,5.1000000000000005,5.300000000000001,6.399999999999999,5.599999999999999,4.600000000000003,3.700000000000001,7.099999999999993,7.899999999999999,5.499999999999995,4.799999999999998,2006-03-01,-1.3083328,-0.027398944,1.8082888,0.0,1.8405496,0.0,2.00148,0.0,1.8870697,0.0,1.7227666,0.0,1.5475625,0.0,2.091864,0.0,2.1860514,0.0,1.8718022,0.0,1.7578579,0.0,0.0,4.6383758,4.3001075,4.6297126,4.300156,0.1,-4.863739e-05,-0.00718832,12.47105262154027,4.57,4.43,0.3215789473684211,1.65,1.65,-0.73,-0.04506193151030402,0.009288129774541964,0.003548966344993687,-0.0023971742225890047,0.0033975833961212842,-0.0010739148549321342,0.00160299259545571,0.0004215001803382634,89.05317623,95.85819244384766,0.471232533454895,2.225618600845337,0.0
2006-04-30,3.5474157656362264,0.9503469298211393,0.4,4.645604585403068,4.299123634009702,1.1000000000000076,2006-04-01,2.134012803,-0.863845910904544,-2.5000000000000018,5.2,5.300000000000001,6.399999999999999,5.599999999999999,4.600000000000003,3.700000000000001,7.099999999999993,7.899999999999999,5.499999999999995,4.799999999999998,2006-04-01,-1.2527629,0.055569887,1.8245493,0.016260505,1.8405496,0.0,2.00148,0.0,1.8870697,0.0,1.7227666,0.0,1.5475625,0.0,2.091864,0.0,2.1860514,0.0,1.8718022,0.0,1.7578579,0.0,0.29768038,4.6415167,4.298292,4.6383758,4.3001075,0.3,-0.0018153191,-4.863739e-05,11.693913003672725,4.72,4.51,0.4082608695652174,1.69,1.69,-0.38,0.03034026884618246,0.003773087181875745,0.009438712984096043,-0.0030887670743910967,0.007892038895644937,0.01039636109049269,0.006174173328568067,0.002252114659746063,76.19076369,92.79762268066406,0.5279770493507385,2.1922523975372314,0.0
2006-05-31,3.5622083026878215,0.9503469298211393,-0.4,4.652350483588862,4.292900582424687,1.1000000000000076,2006-05-01,-1.303879321,0.0222681503282615,-2.5000000000000018,5.2,5.300000000000001,6.399999999999999,5.699999999999998,4.600000000000003,3.600000000000001,7.099999999999993,7.899999999999999,5.499999999999995,4.799999999999998,2006-05-01,-1.2527629,0.0,1.8245493,0.0,1.8405496,0.0,2.00148,0.0,1.9021075,0.015037775,1.7227666,0.0,1.5260563,-0.02150619,2.091864,0.0,2.1860514,0.0,1.8718022,0.0,1.7578579,0.0,0.0,4.6456046,4.299124,4.6415167,4.298292,-0.2,0.000831604,-0.0018153191,11.847368441129985,4.99,4.6,0.4677777777777778,1.67,1.67,0.11,0.12402392651514216,0.09179668452414802,0.04977617584057903,-2.4948232418608995e-05,-0.024347306264787427,-0.0037548022225131206,-0.002975876359190721,0.0030320784432706915,92.56820311,89.01580047607422,0.538999080657959,2.043182611465454,0.0
2006-06-30,3.5600094160699065,0.8813735870195485,-0.1,4.655618023077321,4.292858916268479,1.0000000000000075,2006-06-01,-0.695696813,-0.470652618607337,-2.3000000000000016,5.2,5.4,6.499999999999998,5.699999999999998,4.600000000000003,3.600000000000001,7.099999999999993,7.899999999999999,5.499999999999995,4.799999999999998,2006-06-01,-1.1939225,0.058840394,1.8245493,0.0,1.856298,0.015748382,2.014903,0.013422966,1.9021075,0.0,1.7227666,0.0,1.5260563,0.0,2.091864,0.0,2.1860514,0.0,1.8718022,0.0,1.7578579,0.0,-0.06897334,4.6523504,4.2929006,4.6456046,4.299124,0.2,-0.0062232018,0.000831604,14.454545411196621,5.11,4.72,0.46904761904761905,1.66,1.66,0.1,-0.006898827367874283,0.10076586726628456,-0.0035592141686855427,0.0006235191622381286,-0.0037843624695383937,0.012696564954472578,-0.017935292553921123,0.0002541145564114444,84.30274305,85.20877838134766,0.5686069130897522,2.0020949840545654,0.0
2006-07-31,3.602047280565492,1.0784510589549017,0.4,4.658864495630205,4.306936938479077,1.3000000000000076,2006-07-01,4.014589607,0.138494817470318,-2.5000000000000018,5.2,5.4,6.499999999999998,5.699999999999998,4.600000000000003,3.600000000000001,7.099999999999993,7.899999999999999,5.499999999999995,4.799999999999998,2006-07-01,-1.2527629,-0.058840394,1.8245493,0.0,1.856298,0.0,2.014903,0.0,1.9021075,0.0,1.7227666,0.0,1.5260563,0.0,2.091864,0.0,2.1860514,0.0,1.8718022,0.0,1.7578579,0.0,0.19707747,4.655618,4.292859,4.6523504,4.2929006,-0.4,-4.1484833e-05,-0.0062232018,16.91863627867265,5.11,4.79,0.5936363636363636,1.67,1.67,0.16,-0.01765421599629846,-0.12481081760306889,-0.04645843003104666,-0.00339664907791537,0.004875052253026979,-0.0019574861764715124,0.015590875452841324,0.0031614092164247154,78.53362436,102.57276916503906,0.5409652590751648,2.342168092727661,0.0
2006-08-31,3.5791752033961752,1.1947632172871134,-0.1,4.6627822746798175,4.303136432402448,1.5000000000000075,2006-08-01,-3.443074386,-0.125528081269757,-2.5000000000000018,5.2,5.4,6.499999999999998,5.699999999999998,4.600000000000003,3.600000000000001,7.099999999999993,7.899999999999999,5.599999999999994,4.799999999999998,2006-08-01,-1.2527629,0.0,1.8245493,0.0,1.856298,0.0,2.014903,0.0,1.9021075,0.0,1.7227666,0.0,1.5260563,0.0,2.091864,0.0,2.1860514,0.0,1.8870697,0.015267491,1.7578579,0.0,0.11631216,4.6588645,4.3069367,4.655618,4.292859,0.2,0.014077663,-4.1484833e-05,15.325999879837036,5.09,4.95,0.5505,1.68,1.68,-0.09,0.07200423001381573,0.06110751047657814,0.04547012803796946,-0.0031697733154669727,-0.0025345507711040938,-0.010056429552101953,-0.00032011951401855754,-0.0005127465055316804,78.69125328,137.13482666015625,0.7432346343994141,2.9761147499084473,0.0
2006-09-30,3.449799681844561,1.1947632172871134,-0.2,4.666593547550517,4.298170470216387,1.5000000000000075,2006-09-01,-4.929099141,-0.222091692828102,-2.0000000000000018,5.2,5.4,6.599999999999998,5.799999999999998,4.600000000000003,3.600000000000001,7.099999999999993,7.899999999999999,5.599999999999994,4.899999999999998,2006-09-01,-1.0986123,0.1541506,1.8245493,0.0,1.856298,0.0,2.0281482,0.013245106,1.9169226,0.014815092,1.7227666,0.0,1.5260563,0.0,2.091864,0.0,2.1860514,0.0,1.8870697,0.0,1.7749523,0.017094374,0.0,4.662782,4.3031363,4.6588645,4.3069367,0.5,-0.0038003922,0.014077663,13.351739137069039,4.88,4.96,0.46090909090909093,1.73,1.73,0.07,-0.006042723212132728,-0.0017641911765347018,0.04060299443746018,-0.0019092125275852467,-0.0036351855270684297,-0.0011273224685046657,-0.007391174990000415,0.004379138878333855,77.21304419,147.08111572265625,0.47116532921791077,3.0335302352905273,0.0
2006-10-31,3.3728991350899205,1.3008204268406507,0.2,4.669158555820181,4.302717036335017,1.7000000000000075,2006-10-01,-2.638144887,0.00829741453472704,-1.8000000000000018,5.2,5.5,6.599999999999998,5.799999999999998,4.600000000000003,3.700000000000001,7.099999999999993,7.899999999999999,5.599999999999994,4.999999999999997,2006-10-01,-1.0296195,0.06899285,1.8245493,0.0,1.8718022,0.015504241,2.0281482,0.0,1.9169226,0.0,1.7227666,0.0,1.5475625,0.02150619,2.091864,0.0,2.1860514,0.0,1.8870697,0.0,1.7917595,0.016807199,0.10605721,4.6665936,4.2981706,4.662782,4.3031363,-0.3,-0.004965782,-0.0038003922,12.184499979019165,4.72,4.81,0.5780000000000001,1.72,1.72,-0.64,-0.16714515134204344,-0.05592550298811183,0.012533743098819272,-0.006280841442459106,0.004714199425388088,-0.0008247712428977039,-0.004093950988439232,-0.0016629623569395235,79.82852799,111.72425842285156,0.49172863364219666,2.479890823364258,0.0
2006-11-30,3.3806915368694708,1.3979983651114376,0.0,4.681006520805045,4.296817378343483,1.9000000000000075,2006-11-01,-1.2968644,-1.10037176514651,-1.6000000000000019,5.2,5.5,6.599999999999998,5.799999999999998,4.900000000000003,3.700000000000001,7.199999999999993,7.899999999999999,5.7999999999999945,4.999999999999997,2006-11-01,-0.95551145,0.074108005,1.8245493,0.0,1.8718022,0.0,2.0281482,0.0,1.9169226,0.0,1.7749523,0.052185655,1.5475625,0.0,2.104134,0.012269974,2.1860514,0.0,1.9169226,0.029852867,1.7917595,0.0,0.09717794,4.6691585,4.302717,4.6665936,4.2981706,0.0,0.0045466423,-0.004965782,11.306363625959916,4.73,4.92,0.45571428571428574,1.64,1.64,-0.52,-0.06933563932484788,-0.020957449912380355,0.035652643967937436,-0.0032314300256035544,-0.0073178481558615616,-0.010376060673989329,-0.0021614619892504905,-0.0011474759561265202,92.05871442,113.13529968261719,1.0864711999893188,2.5926477909088135,0.0
2006-12-31,3.4190898563867784,1.4436354751788136,-0.1,4.687407100013836,4.295747039866347,2.0000000000000075,2006-12-01,2.342151781,-0.886927298349704,-1.5000000000000018,5.2,5.5,6.599999999999998,5.799999999999998,4.900000000000003,3.700000000000001,7.199999999999993,7.899999999999999,5.7999999999999945,4.999999999999997,2006-12-01,-0.91629076,0.03922069,1.8245493,0.0,1.8718022,0.0,2.0281482,0.0,1.9169226,0.0,1.7749523,0.0,1.5475625,0.0,2.104134,0.0,2.1860514,0.0,1.9169226,0.0,1.7917595,0.0,0.04563711,4.6810064,4.2968173,4.6691585,4.302717,-0.1,-0.005899906,0.0045466423,10.817619051252093,4.6,4.94,0.42952380952380953,1.64,1.64,-0.23,0.01635423830971483,0.06932035834460404,0.05240768143577945,-0.005664295176323719,-0.008374626195269741,-0.00033232656253634474,-0.01219129064843738,-0.0004204326283367976,81.1121137,88.77892303466797,0.42811599373817444,1.9614392518997192,0.0
2007-01-31,3.2892980925436603,1.3979983651114376,-0.2,4.693220439824917,4.2909981453362995,1.9000000000000075,2007-01-01,-9.026422199,-0.466174584547393,-1.4000000000000017,5.2,5.5,6.599999999999998,5.799999999999998,4.900000000000003,3.700000000000001,7.199999999999993,7.899999999999999,5.7999999999999945,4.999999999999997,2007-01-01,-0.87546873,0.04082203,1.8245493,0.0,1.8718022,0.0,2.0281482,0.0,1.9169226,0.0,1.7749523,0.0,1.5475625,0.0,2.104134,0.0,2.1860514,0.0,1.9169226,0.0,1.7917595,0.0,-0.04563711,4.687407,4.295747,4.6810064,4.2968173,0.0,-0.0010704994,-0.005899906,10.964500045776367,4.56,4.85,0.5147368421052632,1.64,1.64,-0.46,0.061235583406330285,0.003123367503705232,0.008481311692824178,-0.003823998623304181,0.0046826396930361724,-0.007924369174123314,-0.011787522878499601,0.010141747096689357,80.11912379,90.60655975341797,0.41284701228141785,2.0609843730926514,0.0
2007-02-28,3.3678775043573994,1.3979983651114376,0.1,4.695337162166659,4.295272292829707,1.9000000000000075,2007-02-01,2.965875421,-1.33824322651076,-1.3000000000000016,5.2,5.5,6.599999999999998,5.799999999999998,4.900000000000003,3.700000000000001,7.199999999999993,7.899999999999999,5.7999999999999945,4.999999999999997,2007-02-01,-0.8329091,0.042559624,1.8245493,0.0,1.8718022,0.0,2.0281482,0.0,1.9169226,0.0,1.7749523,0.0,1.5475625,0.0,2.104134,0.0,2.1860514,0.0,1.9169226,0.0,1.7917595,0.0,0.0,4.6932206,4.290998,4.687407,4.295747,0.0,-0.0047488213,-0.0010704994,11.042500066757203,4.76,4.98,0.38476190476190475,1.57,1.57,-0.87,-0.15165303628350024,0.002180884114189041,0.05513976534769327,-0.004198908291098036,0.009567487973567879,0.005233323187481709,0.013210231736806577,-0.0033888659943164257,77.60620389,97.9200439453125,0.3582458198070526,2.368746042251587,0.0
2007-03-31,3.384390923847974,1.350440740274976,-0.1,4.701859414467535,4.295191310367887,1.8000000000000074,2007-03-01,-1.687128179,-0.184582587520507,-0.7000000000000016,5.2,5.5,6.599999999999998,5.799999999999998,4.900000000000003,3.700000000000001,7.199999999999993,7.899999999999999,5.7999999999999945,4.999999999999997,2007-03-01,-0.53062826,0.30228084,1.8245493,0.0,1.8718022,0.0,2.0281482,0.0,1.9169226,0.0,1.7749523,0.0,1.5475625,0.0,2.104134,0.0,2.1860514,0.0,1.9169226,0.0,1.7917595,0.0,-0.047557626,4.6953373,4.2952724,4.6932206,4.290998,0.5,0.0042743683,-0.0047488213,11.155263097662674,4.72,5.03,0.33263157894736844,1.6,1.6,-0.71,0.06968762408875051,0.05183460604203738,0.014331063928645804,-0.00391945010666106,-0.007432312266439922,-1.3209254404067394e-05,-0.002408848203001135,0.009378469307674386,86.3940628,96.16935729980469,0.5049505233764648,2.3036303520202637,0.0
2007-04-30,3.4361743686988286,1.350440740274976,0.1,4.703213899011179,4.298010109544284,1.8000000000000074,2007-04-01,0.692340285,-0.450025912980947,-0.7000000000000016,5.2,5.6,6.599999999999998,5.799999999999998,5.000000000000003,3.700000000000001,7.299999999999993,7.899999999999999,5.7999999999999945,4.999999999999997,2007-04-01,-0.53062826,0.0,1.8245493,0.0,1.8870697,0.015267491,2.0281482,0.0,1.9169226,0.0,1.7917595,0.016807199,1.5475625,0.0,2.1162555,0.012121439,2.1860514,0.0,1.9169226,0.0,1.7917595,0.0,0.0,4.7018595,4.2951913,4.6953373,4.2952724,-0.6,-8.106232e-05,0.0042743683,15.162727269259365,4.56,4.94,0.40863636363636363,1.75,1.75,-0.59,0.07519310796485179,-0.014928591028705362,-0.0577755440620038,-0.0023020922984846592,-0.009509420073846364,-0.007984833880563258,0.000986139344694159,0.0017786154493029116,90.08722549,87.33650207519531,0.41057074069976807,1.9545481204986572,0.0
2007-05-31,3.4240454547349075,1.350440740274976,0.0,4.712343357791669,4.290604512816769,1.8000000000000074,2007-05-01,-3.083981109,-0.66439182079171,-0.6000000000000016,5.2,5.6,6.599999999999998,5.799999999999998,5.000000000000003,3.700000000000001,7.299999999999993,7.899999999999999,5.899999999999994,4.999999999999997,2007-05-01,-0.47000363,0.06062463,1.8245493,0.0,1.8870697,0.0,2.0281482,0.0,1.9169226,0.0,1.7917595,0.0,1.5475625,0.0,2.1162555,0.0,2.1860514,0.0,1.9315214,0.014598846,1.7917595,0.0,0.0,4.7032137,4.29801,4.7018595,4.2951913,0.1,0.0028185844,-8.106232e-05,12.93299994468689,4.69,4.87,0.4921052631578947,1.68,1.68,-0.83,0.08396921230447241,0.036688036793069756,0.055362922133280534,-0.0018403084469662545,-0.015503975646675272,-0.00802535715995667,-0.010347956714384487,0.006700319901752572,90.50439539,76.6133804321289,0.3333119750022888,1.7691173553466797,0.0
2007-06-30,3.483152854078167,1.24898332790488,-0.2,4.713833541261219,4.285234830305762,1.6000000000000074,2007-06-01,1.583567319,-1.68272918182414,-0.5000000000000017,5.1000000000000005,5.6,6.599999999999998,5.799999999999998,5.000000000000003,3.700000000000001,7.299999999999993,7.899999999999999,5.899999999999994,4.999999999999997,2007-06-01,-0.4054651,0.06453854,1.8082888,-0.016260505,1.8870697,0.0,2.0281482,0.0,1.9169226,0.0,1.7917595,0.0,1.5475625,0.0,2.1162555,0.0,2.1860514,0.0,1.9315214,0.0,1.7917595,0.0,-0.10145741,4.712343,4.2906046,4.7032137,4.29801,0.0,-0.007405281,0.0028185844,13.297727324745871,4.75,4.73,0.629047619047619,1.6,1.6,-0.42,-0.004061188674490346,-0.017908248673735194,0.013287746429650582,-0.007473701180763737,-0.005445196845872857,-0.011904080214536705,-0.004102683583599109,0.0009559214748104949,115.4909081,92.5995864868164,0.3244646191596985,1.9922128915786743,0.0
2007-07-31,3.5760371559951634,1.0784510589549015,-0.1,4.718302423429047,4.293355394509614,1.3000000000000074,2007-07-01,3.991034536,0.301517009286413,-0.20000000000000168,5.2,5.6,6.599999999999998,5.799999999999998,5.000000000000003,3.700000000000001,7.199999999999993,7.899999999999999,5.899999999999994,4.999999999999997,2007-07-01,-0.18232156,0.22314353,1.8245493,0.016260505,1.8870697,0.0,2.0281482,0.0,1.9169226,0.0,1.7917595,0.0,1.5475625,0.0,2.104134,-0.012121439,2.1860514,0.0,1.9315214,0.0,1.7917595,0.0,-0.17053227,4.7138333,4.285235,4.712343,4.2906046,0.2,-0.0053696632,-0.007405281,14.947618938627697,5.1,4.61,0.7490476190476191,1.59,1.59,-0.37,0.05546767230499405,-0.0176123436597182,0.024741900004267237,-0.005188826862458473,-0.0019335591992089007,0.0007916953869555599,-0.0012229697449575028,0.0005768477837078123,109.8622026,97.9723129272461,0.38356685638427734,2.1809420585632324,0.0
2007-08-31,3.5513025190386496,1.1379820462933719,0.4,4.722594935245345,4.284844597787695,1.4000000000000075,2007-08-01,-2.222768623,-0.680942015144282,0.09999999999999831,5.2,5.6,6.599999999999998,5.899999999999998,5.000000000000003,3.700000000000001,7.199999999999993,8.099999999999998,5.899999999999994,4.999999999999997,2007-08-01,0.09531018,0.27763176,1.8245493,0.0,1.8870697,0.0,2.0281482,0.0,1.9315214,0.014598846,1.7917595,0.0,1.5475625,0.0,2.104134,0.0,2.2082744,0.022222996,1.9315214,0.0,1.7917595,0.0,0.05953099,4.7183022,4.2933555,4.7138333,4.285235,0.0,0.008120537,-0.0053696632,17.273333277021134,5.0,4.82,0.5385714285714286,1.85,1.85,-0.44,0.07957238444141979,0.014715944123063984,0.07469012053706159,-0.005268716086826775,-0.007601639669756466,-0.0016415329184447103,-0.015471160604521472,-0.0012002567099926864,99.42223761,112.34625244140625,0.37548959255218506,2.392127752304077,0.0
2007-09-30,3.6461570021260896,1.1379820462933719,-0.1,4.723232293811326,4.293820498789456,1.4000000000000075,2007-09-01,5.159369907,-0.843821738094633,0.09999999999999831,5.4,5.699999999999999,6.599999999999998,5.799999999999998,5.000000000000003,3.700000000000001,7.199999999999993,8.099999999999998,5.899999999999994,5.099999999999997,2007-09-01,0.09531018,0.0,1.856298,0.031748652,1.9021075,0.015037775,2.0281482,0.0,1.9169226,-0.014598846,1.7917595,0.0,1.5475625,0.0,2.104134,0.0,2.2082744,0.0,1.9315214,0.0,1.8082888,0.016529322,0.0,4.7225947,4.2848444,4.7183022,4.2933555,-0.3,-0.008511066,0.008120537,25.026086724322774,4.67,4.2,1.295,2.05,2.05,-0.1,-0.08358975931726853,4.6588833266802965e-05,-0.02467010082151333,-0.0034131080480483966,0.002576249274901521,0.009053820686111713,-0.00033900220676130743,0.0019240393848489745,106.2109583,83.17320251464844,0.2856508195400238,1.9360777139663696,0.0
2007-10-31,3.7185974337567096,1.015973134179697,-0.2,4.729795537299268,4.303695484366697,1.2000000000000075,2007-10-01,2.899152438,0.0766965280869062,0.19999999999999832,5.4,5.799999999999999,6.6999999999999975,5.799999999999998,5.000000000000003,3.700000000000001,7.199999999999993,8.099999999999998,5.899999999999994,5.099999999999997,2007-10-01,0.18232156,0.08701138,1.856298,0.0,1.9169226,0.014815092,2.0412204,0.013072252,1.9169226,0.0,1.7917595,0.0,1.5475625,0.0,2.104134,0.0,2.2082744,0.0,1.9315214,0.0,1.8082888,0.0,-0.12200891,4.7232323,4.2938204,4.7225947,4.2848444,0.1,0.008975983,-0.008511066,22.19894740456029,4.52,3.89,1.5921052631578947,2.0,2.0,-0.04,0.08674554275297375,0.06858973107484267,0.11611923694275816,-0.007101565851887592,-0.029499679897037723,-0.01650954279596739,-0.01445753453513099,0.002220126784417964,118.4499376,94.4888687133789,0.5693193078041077,2.180305242538452,0.0
2007-11-30,3.803967962207191,1.015973134179697,0.2,4.7339406383005835,4.300086866217869,1.2000000000000075,2007-11-01,2.71496869,-1.53696427897416,0.6999999999999983,5.4,5.799999999999999,6.6999999999999975,5.599999999999998,5.000000000000003,3.800000000000001,7.199999999999993,8.099999999999998,5.899999999999994,5.099999999999997,2007-11-01,0.53062826,0.34830672,1.856298,0.0,1.9169226,0.0,2.0412204,0.0,1.8870697,-0.029852867,1.7917595,0.0,1.5686159,0.021053433,2.104134,0.0,2.2082744,0.0,1.9315214,0.0,1.8082888,0.0,0.0,4.7297955,4.3036957,4.7232323,4.2938204,0.4,0.009875298,0.008975983,19.115652084350586,4.53,3.9,1.240909090909091,1.99,1.99,-0.61,0.06480531543521106,0.057198482405532936,0.1483763302601382,-0.0032885531942903334,-0.020054702616282505,-0.014160884550039832,-0.021910109635744135,-0.002824061214514728,96.08722955,101.47301483154297,0.5663777589797974,2.3484654426574707,0.0
2007-12-31,3.770054748122804,1.1379820462933719,0.2,4.736067738097891,4.308336000422582,1.4000000000000075,2007-12-01,-2.399889519,0.249535556472737,0.6999999999999983,5.4,5.799999999999999,6.6999999999999975,5.599999999999998,5.000000000000003,3.800000000000001,7.199999999999993,8.099999999999998,5.899999999999994,5.099999999999997,2007-12-01,0.53062826,0.0,1.856298,0.0,1.9169226,0.0,2.0412204,0.0,1.8870697,0.0,1.7917595,0.0,1.5686159,0.0,2.104134,0.0,2.2082744,0.0,1.9315214,0.0,1.8082888,0.0,0.12200891,4.7339406,4.300087,4.7297955,4.3036957,-0.5,-0.0036087036,0.009875298,25.582380930582683,4.15,3.27,1.69,2.47,2.47,-0.49,0.11542455765286697,0.06619827914896259,-0.02758958385058108,-0.011203090269506832,0.005396071833523308,0.0027915750180333987,-0.015116017626350065,0.005320711796714228,99.37829348,89.79544830322266,0.45537614822387695,1.9533239603042603,0.0
2008-01-31,3.7798252074015197,1.1379820462933719,-0.2,4.750814791521406,4.310867069385993,1.4000000000000075,2008-01-01,-1.321631118,-0.586212058133612,0.8999999999999984,5.4,5.899999999999999,6.6999999999999975,5.599999999999998,5.100000000000002,3.800000000000001,7.199999999999993,8.099999999999998,5.899999999999994,5.299999999999997,2008-01-01,0.64185387,0.111225605,1.856298,0.0,1.9315214,0.014598846,2.0412204,0.0,1.8870697,0.0,1.8082888,0.016529322,1.5686159,0.0,2.104134,0.0,2.2082744,0.0,1.9315214,0.0,1.8405496,0.032260776,0.0,4.736068,4.308336,4.7339406,4.300087,0.2,0.008248806,-0.0036087036,21.651000022888184,4.1,3.0,1.9968421052631578,2.52,2.52,-0.15,-0.01622632371433408,-0.0037839034965001517,-0.00833785573195911,-0.012316567588692262,0.00010264901410206306,-0.0039741529830532585,0.004629912704609218,0.00034876070631284506,105.9461342,94.96749114990234,0.4925629496574402,2.1452412605285645,0.0
2008-02-29,3.8029029166430406,1.0784510589549015,-0.1,4.745369424039905,4.31206158988671,1.3000000000000074,2008-02-01,2.408226221,-0.670951961781411,0.8999999999999984,5.4,5.899999999999999,6.599999999999998,5.599999999999998,5.100000000000002,3.800000000000001,7.199999999999993,8.099999999999998,5.899999999999994,5.399999999999997,2008-02-01,0.64185387,0.0,1.856298,0.0,1.9315214,0.0,2.0281482,-0.013072252,1.8870697,0.0,1.8082888,0.0,1.5686159,0.0,2.104134,0.0,2.2082744,0.0,1.9315214,0.0,1.856298,0.015748382,-0.05953099,4.750815,4.310867,4.736068,4.308336,-0.2,0.0025310516,0.008248806,25.816190719604492,3.74,2.75,1.1676190476190476,2.96,2.96,-0.38,0.013667273293426874,0.10215881898667512,-0.09927828421426277,-0.015584300374774207,-0.010945499551458404,-0.01125826880614511,-0.006297175208247907,-0.0013243734009682484,89.37693306,81.49982452392578,0.3518824279308319,1.8372621536254883,0.0
2008-03-31,3.90105645433899,0.8813735870195482,-0.2,4.742229348707955,4.315087193633387,1.0000000000000073,2008-03-01,0.683744354,0.0494129970870353,1.0999999999999983,5.4,5.899999999999999,6.299999999999998,5.599999999999998,5.100000000000002,3.800000000000001,7.199999999999993,8.099999999999998,5.899999999999994,5.399999999999997,2008-03-01,0.74193734,0.10008347,1.856298,0.0,1.9315214,0.0,1.9878744,-0.040273786,1.8870697,0.0,1.8082888,0.0,1.5686159,0.0,2.104134,0.0,2.2082744,0.0,1.9315214,0.0,1.856298,0.0,-0.19707747,4.7453694,4.312062,4.750815,4.310867,0.2,0.0011949539,0.0025310516,25.456000137329102,3.74,2.12,0.9644999999999999,3.22,3.22,0.46,0.030012252665754247,0.03610207877058258,-0.06312213109201181,-0.009836855991731008,-0.01694158541680313,-0.01102647762490161,-0.013680760595818242,-0.003929670898134674,106.9876532,80.75146484375,0.28606846928596497,1.7704459428787231,0.0
2008-04-30,3.9630404861050716,0.6526665660823617,0.0,4.746517827000118,4.307425791078983,0.7000000000000073,2008-04-01,2.579319967,-0.352398566417025,1.6999999999999984,5.6000000000000005,5.899999999999999,6.299999999999998,5.599999999999998,5.100000000000002,3.800000000000001,7.299999999999993,8.099999999999998,5.899999999999994,5.399999999999997,2008-04-01,0.9932518,0.25131446,1.8870697,0.030771732,1.9315214,0.0,1.9878744,0.0,1.8870697,0.0,1.8082888,0.0,1.5686159,0.0,2.1162555,0.012121439,2.2082744,0.0,1.9315214,0.0,1.856298,0.0,-0.22870702,4.7422295,4.3150873,4.7453694,4.312062,0.4,0.0030255318,0.0011949539,27.103500080108642,3.51,1.26,1.5184210526315791,3.45,3.45,0.15,0.08714515898264175,0.048811952158973604,-0.058702520715501194,-0.014090224969157683,-0.005490843718307659,-0.0033246576664902605,-0.015341832630525687,-0.003050488801082274,98.7573268,77.63613891601562,0.343717098236084,1.6349786520004272,0.0
2008-05-31,4.064994063872682,0.8088669356527879,0.5,4.737676303197356,4.3117065792964535,0.9000000000000072,2008-05-01,7.599810113,-0.28831163558836,1.6999999999999984,5.6000000000000005,5.999999999999998,6.299999999999998,5.599999999999998,5.100000000000002,3.800000000000001,7.299999999999993,8.099999999999998,5.999999999999994,5.299999999999997,2008-05-01,0.9932518,0.0,1.8870697,0.0,1.9459101,0.01438868,1.9878744,0.0,1.8870697,0.0,1.8082888,0.0,1.5686159,0.0,2.1162555,0.0,2.2082744,0.0,1.9459101,0.01438868,1.8405496,-0.015748382,0.15620036,4.7465177,4.307426,4.7422295,4.3150873,-0.6,-0.0076613426,0.0030255318,21.562727321277965,3.68,1.29,1.5013636363636365,3.1,3.1,0.13,0.0511224450366754,-0.06255996277610354,0.08902840589948191,-0.0035716874886744243,0.002334387517409553,-0.004280000175708842,-0.0028260754817033273,-0.006472955790125745,126.0752275,71.9048080444336,0.29452750086784363,1.6309856176376343,0.0
2008-06-30,4.1204587402721,0.8813735870195482,-0.1,4.740305791175292,4.311805893592072,1.0000000000000073,2008-06-01,2.642393464,0.531260144678354,1.7999999999999985,5.6000000000000005,5.999999999999998,6.299999999999998,5.599999999999998,5.100000000000002,3.800000000000001,7.299999999999993,8.099999999999998,5.999999999999994,5.299999999999997,2008-06-01,1.0296195,0.036367655,1.8870697,0.0,1.9459101,0.0,1.9878744,0.0,1.8870697,0.0,1.8082888,0.0,1.5686159,0.0,2.1162555,0.0,2.2082744,0.0,1.9459101,0.0,1.8405496,0.0,0.07250665,4.737676,4.3117065,4.7465177,4.307426,0.1,0.004280567,-0.0076613426,18.303333009992325,3.88,1.73,0.9480000000000001,3.0,3.0,-0.12,0.11853136854793522,-0.02340228509985387,0.02691387035420334,-0.006749505051600435,-0.003924103764082254,-0.004578527845876756,0.007599938516983151,-0.006076205184033512,104.0237113,72.57379913330078,0.3968859612941742,1.6150206327438354,0.0
2008-07-31,4.109677338090002,0.8813735870195482,-0.1,4.733621446565204,4.32159704696206,1.0000000000000073,2008-07-01,-0.622242702,0.759566198122337,1.8999999999999986,5.6000000000000005,5.999999999999998,6.299999999999998,5.599999999999998,5.100000000000002,3.800000000000001,7.299999999999993,8.099999999999998,5.999999999999994,5.299999999999997,2008-07-01,1.0647107,0.03509128,1.8870697,0.0,1.9459101,0.0,1.9878744,0.0,1.8870697,0.0,1.8082888,0.0,1.5686159,0.0,2.1162555,0.0,2.2082744,0.0,1.9459101,0.0,1.8405496,0.0,0.0,4.740306,4.3118057,4.737676,4.3117065,0.0,9.918213e-05,0.004280567,22.11047617594401,4.1,1.86,0.909047619047619,3.05,3.05,0.27,0.07470747620323781,0.0009279302592384298,-0.0854803341949637,-0.011725536723057095,0.002442987150826248,0.0018885308101390663,0.00632990549319512,-0.0023354873224965544,111.7805824,87.54842376708984,0.37186846137046814,1.856080412864685,0.0
2008-08-31,3.976350017620101,0.9503469298211393,0.1,4.724581229054305,4.306968347652451,1.1000000000000074,2008-08-01,-5.564788772,-0.36634606470032,1.8999999999999986,5.7,6.099999999999998,6.299999999999998,5.599999999999998,5.100000000000002,3.800000000000001,7.299999999999993,8.099999999999998,5.999999999999994,5.299999999999997,2008-08-01,1.0647107,0.0,1.9021075,0.015037775,1.9600948,0.014184713,1.9878744,0.0,1.8870697,0.0,1.8082888,0.0,1.5686159,0.0,2.1162555,0.0,2.2082744,0.0,1.9459101,0.0,1.8405496,0.0,0.06897334,4.7336216,4.321597,4.740306,4.3118057,-0.1,0.009791374,9.918213e-05,24.32136362249201,4.01,1.63,1.1668181818181818,3.22,3.22,1.0,0.002986721397600256,0.054991276362014396,-0.048832435527407014,-0.002963960148838929,0.00108974384527194,-0.010926799202125359,-0.005963627484094403,-0.003580204065057657,148.5570822,89.73957061767578,0.45245879888534546,2.0377159118652344,0.0
2008-09-30,3.8600891558933683,0.8813735870195482,-0.2,4.714394925905143,4.2934124056211145,1.0000000000000073,2008-09-01,-2.727420923,-0.281734689968988,1.9999999999999987,5.7,6.099999999999998,6.299999999999998,5.799999999999998,5.100000000000002,3.800000000000001,7.299999999999993,8.099999999999998,5.999999999999994,5.299999999999997,2008-09-01,1.0986123,0.033901572,1.9021075,0.0,1.9600948,0.0,1.9878744,0.0,1.9169226,0.029852867,1.8082888,0.0,1.5686159,0.0,2.1162555,0.0,2.2082744,0.0,1.9459101,0.0,1.8405496,0.0,-0.06897334,4.7245812,4.306968,4.7336216,4.321597,0.1,-0.014628887,0.009791374,20.695714133126394,3.89,1.72,1.0825,3.29,3.29,0.28,-0.15868905059097305,-0.11339678925067354,-0.03202547669321909,-0.001990632975844342,0.0361798377499305,0.021142684375287324,0.01994144272214715,-0.01582441580561067,242.3012141,88.55410766601562,0.3737195134162903,1.955353856086731,0.0
2008-10-31,3.5645454795055684,0.6526665660823617,-0.2,4.698828092449383,4.306973750847088,0.7000000000000073,2008-10-01,-8.580540309,3.47800517802722,1.9999999999999987,5.7,6.099999999999998,5.799999999999998,5.899999999999998,5.100000000000002,3.800000000000001,7.299999999999993,8.099999999999998,6.199999999999994,5.299999999999997,2008-10-01,1.0986123,0.0,1.9021075,0.0,1.9600948,0.0,1.9169226,-0.07095182,1.9315214,0.014598846,1.8082888,0.0,1.5686159,0.0,2.1162555,0.0,2.2082744,0.0,1.974081,0.028170943,1.8405496,0.0,-0.22870702,4.714395,4.293412,4.7245812,4.306968,-0.1,-0.013556004,-0.014628887,30.238571348644438,3.69,1.13,2.0023809523809524,4.0,4.0,-0.54,-0.15241061552051072,-0.010896733677562054,-0.09887752040533648,-0.005185430749319986,0.025441805506329906,0.03721272708152945,0.02084148853514911,-0.04504760056956236,94.67749285,88.54255676269531,0.38403958082199097,2.0341079235076904,0.0
2008-11-30,3.2939008930205316,0.7326682560454165,0.4,4.6714156869063626,4.30471858233633,0.8000000000000073,2008-11-01,-6.992567587,2.0357382351886,2.0999999999999988,5.7,6.099999999999998,5.599999999999998,5.899999999999998,5.100000000000002,3.800000000000001,7.299999999999993,8.099999999999998,6.199999999999994,5.399999999999997,2008-11-01,1.1314021,0.032789826,1.9021075,0.0,1.9600948,0.0,1.8870697,-0.029852867,1.9315214,0.0,1.8082888,0.0,1.5686159,0.0,2.1162555,0.0,2.2082744,0.0,1.974081,0.0,1.856298,0.015748382,0.08000169,4.698828,4.306974,4.714395,4.293412,0.1,0.013561726,-0.013556004,61.1773912181025,3.81,0.67,3.352727272727273,5.53,5.53,-0.98,-0.3062822050220051,-0.028491092154036224,-0.2549786743779201,0.007176063725164328,0.07694817112867636,0.06271161024943961,0.0548379247140085,0.009892320608246408,97.45313775,64.15979766845703,0.34989064931869507,1.380818486213684,0.0
2008-12-31,2.9654873259788794,0.8813735870195482,0.1,4.63876355684761,4.294289385211651,1.0000000000000073,2008-12-01,-5.267104223,1.95447948406363,2.0999999999999988,5.7,6.099999999999998,5.599999999999998,5.899999999999998,5.100000000000002,3.800000000000001,7.299999999999993,8.099999999999998,6.199999999999994,5.399999999999997,2008-12-01,1.1314021,0.0,1.9021075,0.0,1.9600948,0.0,1.8870697,0.0,1.9315214,0.0,1.8082888,0.0,1.5686159,0.0,2.1162555,0.0,2.2082744,0.0,1.974081,0.0,1.856298,0.0,0.14870533,4.671416,4.3047185,4.698828,4.306974,-0.1,-0.0022554398,0.013561726,62.639473362972865,3.53,0.19,2.098888888888889,6.1,6.1,-1.53,-0.3109355685932109,-0.058399362195705073,-0.10065799441797552,-0.0019613302345706796,0.01867461040966578,0.031386096904519434,0.01037422393303622,-0.013288653060593347,97.85058532,79.08097076416016,0.3007163107395172,1.7603729963302612,0.0
2009-01-31,2.9803599006514325,0.9503469298211393,-0.1,4.610062200548517,4.2812135415772925,1.1000000000000074,2009-01-01,5.7012512,-0.134176806847996,1.8999999999999988,5.7,6.099999999999998,5.599999999999998,5.999999999999997,5.100000000000002,3.800000000000001,7.299999999999993,8.099999999999998,6.199999999999994,5.599999999999997,2009-01-01,1.0647107,-0.0666914,1.9021075,0.0,1.9600948,0.0,1.8870697,0.0,1.9459101,0.01438868,1.8082888,0.0,1.5686159,0.0,2.1162555,0.0,2.2082744,0.0,1.974081,0.0,1.8870697,0.030771732,0.06897334,4.6387634,4.2942896,4.671416,4.3047185,-0.2,-0.0104289055,-0.0022554398,52.405000166459516,2.42,0.03,1.7957142857142858,5.82,5.82,-0.7,-0.2723614826512213,0.0700737783330947,0.07118684929034025,-0.00042497381188999483,-0.029907580380692522,-0.010700075996306957,-0.01682944946498477,-0.028604196853907915,80.97680372,92.3664321899414,0.2908385992050171,1.924009084701538,0.0
2009-02-28,2.912919774433242,0.8813735870195482,-0.2,4.618485147148717,4.287948194716473,1.0000000000000073,2009-02-01,1.588019125,2.61442912694899,1.8999999999999988,5.7,6.099999999999998,5.599999999999998,5.999999999999997,5.100000000000002,3.800000000000001,7.299999999999993,7.899999999999998,6.199999999999994,5.599999999999997,2009-02-01,1.0647107,0.0,1.9021075,0.0,1.9600948,0.0,1.8870697,0.0,1.9459101,0.0,1.8082888,0.0,1.5686159,0.0,2.1162555,0.0,2.1860514,-0.022222996,1.974081,0.0,1.8870697,0.0,-0.06897334,4.610062,4.2812138,4.6387634,4.2942896,0.2,-0.013075829,-0.0104289055,44.68300018310547,2.52,0.13,1.083,5.38,5.38,-0.41,0.0838201414008819,0.05088087839307853,-0.05502507076663932,0.0024447921295305264,0.034521756841562556,0.02611489806018863,0.010220040077311587,-0.02525918032014296,78.59166804,85.36947631835938,0.24879920482635498,1.7657831907272339,0.0
2009-03-31,3.117035984723754,0.5688248987322538,-0.3,4.613539068991741,4.286103350709606,0.6000000000000073,2009-03-01,8.704392943,-0.617666928020838,2.0999999999999988,5.7,6.099999999999998,5.6999999999999975,5.999999999999997,5.100000000000002,3.800000000000001,7.299999999999993,7.899999999999998,6.199999999999994,5.599999999999997,2009-03-01,1.1314021,0.0666914,1.9021075,0.0,1.9600948,0.0,1.9021075,0.015037775,1.9459101,0.0,1.8082888,0.0,1.5686159,0.0,2.1162555,0.0,2.1860514,0.0,1.974081,0.0,1.8870697,0.0,-0.3125487,4.618485,4.287948,4.610062,4.2812138,0.2,0.006734371,-0.013075829,45.57052592227333,2.87,0.3,0.9468421052631578,5.22,5.22,-0.44,-0.002645403889880882,0.09365831053348384,-0.04654291757848483,4.386381747512047e-05,0.027159977323701234,0.02891462567610148,0.02671768976138278,-0.006104174649481209,82.88452479,67.45267486572266,0.31212395429611206,1.58318293094635,0.0
2009-04-30,3.1530593122140997,0.4812118250596101,0.3,4.6154006756129276,4.289223060706635,0.5000000000000073,2009-04-01,0.925994492,1.35714832796592,1.9999999999999987,5.7,6.099999999999998,5.6999999999999975,5.999999999999997,5.100000000000002,3.800000000000001,7.299999999999993,7.899999999999998,6.199999999999994,5.599999999999997,2009-04-01,1.0986123,-0.032789826,1.9021075,0.0,1.9600948,0.0,1.9021075,0.0,1.9459101,0.0,1.8082888,0.0,1.5686159,0.0,2.1162555,0.0,2.1860514,0.0,1.974081,0.0,1.8870697,0.0,-0.087613076,4.613539,4.2861032,4.618485,4.287948,-0.3,-0.001844883,0.006734371,44.7954548922452,2.82,0.21,1.0536363636363637,5.74,5.74,0.18,0.07159816305535083,-0.02005880008441796,-0.028636724632074007,-0.0009654487160484226,-0.02462492586656495,-0.027139107810584484,0.005794007625244291,-0.015779695625957935,86.69374217,72.64462280273438,0.2463396042585373,1.637637972831726,0.0
2009-05-31,3.32402037706996,0.3900353197707221,0.0,4.621071093819756,4.283464333701417,0.40000000000000735,2009-05-01,7.863937157,-0.0260919655722475,2.0999999999999988,5.7,6.099999999999998,5.6999999999999975,5.999999999999997,5.100000000000002,3.800000000000001,7.299999999999993,7.899999999999998,6.099999999999994,5.599999999999997,2009-05-01,1.1314021,0.032789826,1.9021075,0.0,1.9600948,0.0,1.9021075,0.0,1.9459101,0.0,1.8082888,0.0,1.5686159,0.0,2.1162555,0.0,2.1860514,0.0,1.9600948,-0.01398623,1.8870697,0.0,-0.0911765,4.615401,4.289223,4.613539,4.2861032,0.2,0.0031199455,-0.001844883,38.063809349423366,2.93,0.16,0.9494999999999999,5.08,5.08,0.84,0.07533257420905448,-0.03756132596728534,0.16054727201016483,-0.0021830071156023756,-0.02244164344333477,-0.02311414478112095,-0.023818382665706572,-0.008325115063071209,100.8143712,85.6884994506836,0.5855985879898071,1.995373010635376,0.0
2009-06-30,3.479422711916167,0.7326682560454165,0.5,4.630795046826829,4.285688874589735,0.8000000000000074,2009-06-01,7.442798615,-0.581655663190996,2.0999999999999988,5.7,6.099999999999998,5.6999999999999975,5.999999999999997,5.100000000000002,3.700000000000001,7.299999999999993,7.899999999999998,6.099999999999994,5.599999999999997,2009-06-01,1.1314021,0.0,1.9021075,0.0,1.9600948,0.0,1.9021075,0.0,1.9459101,0.0,1.8082888,0.0,1.5475625,-0.021053433,2.1162555,0.0,2.1860514,0.0,1.9600948,0.0,1.8870697,0.0,0.34263295,4.621071,4.2834644,4.615401,4.289223,-0.1,-0.0057587624,0.0031199455,31.97799997329712,3.29,0.18,0.6405263157894737,4.29,4.29,0.33,0.1326897539813352,0.04228037787729999,0.1262074583055952,0.0014363396334171608,-0.04951767095194182,-0.025707849007896577,-0.028562257213251563,-0.010150910930024182,82.01599778,89.68086242675781,0.3955696225166321,2.078538656234741,0.0
2009-07-31,3.396095734743211,1.0159731341796967,-1.110223e-16,4.639604462407412,4.297857745802601,1.2000000000000073,2009-07-01,-1.857186948,0.987642860099474,2.0999999999999988,5.6000000000000005,6.099999999999998,5.6999999999999975,5.899999999999998,5.100000000000002,3.700000000000001,7.299999999999993,7.899999999999998,6.099999999999994,5.599999999999997,2009-07-01,1.1314021,0.0,1.8870697,-0.015037775,1.9600948,0.0,1.9021075,0.0,1.9315214,-0.01438868,1.8082888,0.0,1.5475625,0.0,2.1162555,0.0,2.1860514,0.0,1.9600948,0.0,1.8870697,0.0,0.28330487,4.630795,4.285689,4.621071,4.2834644,0.0,0.0022244453,-0.0057587624,29.140454725785688,3.72,0.18,0.4436363636363636,3.64,3.64,-0.51,0.18008741883318802,0.018167136525669036,0.07341260399575411,0.0003514423817108092,0.011564273035759243,0.0015347313843951937,-0.0038405107636174662,-0.003775936043751038,102.4902433,81.10958862304688,0.40985146164894104,1.759729266166687,0.0
2009-08-31,3.4959891200290767,1.0159731341796967,-0.4,4.647810047187028,4.290741812236827,1.2000000000000073,2009-08-01,3.160496375,-2.15466804823628,2.0999999999999988,5.6000000000000005,6.099999999999998,5.6999999999999975,5.899999999999998,5.100000000000002,3.700000000000001,7.299999999999993,7.899999999999998,6.099999999999994,5.599999999999997,2009-08-01,1.1314021,0.0,1.8870697,0.0,1.9600948,0.0,1.9021075,0.0,1.9315214,0.0,1.8082888,0.0,1.5475625,0.0,2.1162555,0.0,2.1860514,0.0,1.9600948,0.0,1.8870697,0.0,0.0,4.6396046,4.2978578,4.630795,4.285689,0.0,0.012168884,0.0022244453,26.16272735595703,3.56,0.18,0.3290909090909091,3.11,3.11,-0.75,-0.06276765357873959,-0.012173151197171883,0.03013998214560054,0.0002488636459656579,-0.022279833412211403,-0.00620583743674441,-0.004423531287333304,0.011226962849123723,101.0210436,83.43962097167969,0.38972947001457214,1.9257221221923828,0.0
2009-09-30,3.4712865512852877,1.0159731341796967,0.0,4.659044546556674,4.296930799135444,1.2000000000000073,2009-09-01,0.357764537,0.461682575838099,2.199999999999999,5.6000000000000005,6.099999999999998,5.6999999999999975,5.899999999999998,5.100000000000002,3.700000000000001,7.299999999999993,7.899999999999998,6.099999999999994,5.599999999999997,2009-09-01,1.1631508,0.031748652,1.8870697,0.0,1.9600948,0.0,1.9021075,0.0,1.9315214,0.0,1.8082888,0.0,1.5475625,0.0,2.1162555,0.0,2.1860514,0.0,1.9600948,0.0,1.8870697,0.0,0.0,4.64781,4.290742,4.6396046,4.2978578,0.1,-0.007115841,0.012168884,25.33714285350981,3.59,0.17,0.2515,2.98,2.98,-1.14,0.11804076343256842,0.016083353562486025,0.07987017829158738,-0.0002927871897242529,0.003892571764273711,0.006102013091621394,-0.013965428437614946,0.010907281117748191,89.12944107,73.37187957763672,0.380121648311615,1.6925415992736816,0.0
2009-10-31,3.555900179058963,1.0159731341796967,0.0,4.663888992892432,4.302761879525127,1.2000000000000073,2009-10-01,4.070005197,-0.294968711986876,2.299999999999999,5.7,6.099999999999998,5.6999999999999975,5.899999999999998,5.000000000000003,3.700000000000001,7.299999999999993,7.899999999999998,6.099999999999994,5.599999999999997,2009-10-01,1.1939225,0.030771732,1.9021075,0.015037775,1.9600948,0.0,1.9021075,0.0,1.9315214,0.0,1.7917595,-0.016529322,1.5475625,0.0,2.1162555,0.0,2.1860514,0.0,1.9600948,0.0,1.8870697,0.0,0.0,4.6590447,4.296931,4.64781,4.290742,0.0,0.0061888695,-0.007115841,24.926666713896253,3.4,0.12,0.17333333333333334,2.86,2.86,-0.5,-0.0694137406936326,0.048536581752094854,0.021500495503133266,-0.0005418823954919105,-0.015223052613873023,-0.010782046265429557,-0.0087994084041636,0.008775750967465079,99.16164352,92.8399887084961,0.6145908236503601,2.2041807174682617,0.0
2009-11-30,3.581929014530681,1.24898332790488,0.4,4.6731605551374535,4.304095214372144,1.6000000000000072,2009-11-01,-3.060204885,-0.0886741148021017,2.499999999999999,5.7,6.099999999999998,5.6999999999999975,5.899999999999998,4.8000000000000025,3.700000000000001,7.299999999999993,7.899999999999998,6.099999999999994,5.599999999999997,2009-11-01,1.2527629,0.058840394,1.9021075,0.0,1.9600948,0.0,1.9021075,0.0,1.9315214,0.0,1.7578579,-0.033901572,1.5475625,0.0,2.1162555,0.0,2.1860514,0.0,1.9600948,0.0,1.8870697,0.0,0.23301019,4.663889,4.302762,4.6590447,4.296931,0.1,0.0058312416,0.0061888695,24.252272865988992,3.39,0.07,0.20571428571428574,2.86,2.86,-0.46,0.07300649522943736,0.045668433150667376,0.03496921352253146,2.9298448649184294e-05,-0.006135272517976631,-0.007699296354264362,-0.014407277022706388,0.0026918316470805337,84.11399778,90.57640075683594,0.42671218514442444,2.1051135063171387,0.0
2009-12-31,3.531785982994759,1.3008204268406505,-0.3,4.679043130524986,4.300016584717638,1.7000000000000073,2009-12-01,-0.382024958,-1.15223517956724,2.499999999999999,5.7,6.099999999999998,5.6999999999999975,5.899999999999998,4.8000000000000025,3.700000000000001,7.299999999999993,7.899999999999998,6.099999999999994,5.399999999999997,2009-12-01,1.2527629,0.0,1.9021075,0.0,1.9600948,0.0,1.9021075,0.0,1.9315214,0.0,1.7578579,0.0,1.5475625,0.0,2.1162555,0.0,2.1860514,0.0,1.9600948,0.0,1.856298,-0.030771732,0.051837098,4.6731606,4.3040953,4.663889,4.302762,-0.2,0.0013332367,0.0058312416,23.783499908447265,3.4,0.05,0.2168421052631579,2.99,2.99,-0.8,0.052108612828035916,0.07733756848887019,0.02526935278143938,1.4648902431302346e-05,-0.013576856280245408,-0.007327691769011935,-0.006985170176613487,0.004328725221761864,106.004253,82.10176086425781,0.37357527017593384,1.7382686138153076,0.0
2010-01-31,3.582551878722567,0.9503469298211391,-0.7,4.697462179282757,4.302205053591725,1.1000000000000072,2010-01-01,-3.589504419,-0.250154889467691,2.499999999999999,5.7,6.099999999999998,5.6999999999999975,5.899999999999998,4.8000000000000025,3.700000000000001,7.299999999999993,7.899999999999998,6.099999999999994,5.399999999999997,2010-01-01,1.2527629,0.0,1.9021075,0.0,1.9600948,0.0,1.9021075,0.0,1.9315214,0.0,1.7578579,0.0,1.5475625,0.0,2.1162555,0.0,2.1860514,0.0,1.9600948,0.0,1.856298,0.0,-0.3504735,4.6790433,4.3000164,4.6731606,4.3040953,0.0,-0.004078865,0.0013332367,21.239545475352894,3.59,0.05,0.20095238095238094,2.54,2.54,-0.62,-0.02919291805628621,0.006798271796608191,-0.021450354017890305,-8.789663361552513e-05,0.016721311262681837,0.0032630455685858095,-0.0007130972491387055,0.00404986001487373,93.59135906,92.94691467285156,0.36607933044433594,2.2085444927215576,0.0
2010-02-28,3.560223181290698,0.8088669356527879,0.4,4.696153746733099,4.308967946444574,0.9000000000000072,2010-02-01,-0.835272879,-0.0898702403237804,2.499999999999999,5.7,6.099999999999998,5.6999999999999975,5.899999999999998,4.8000000000000025,3.700000000000001,7.299999999999993,7.899999999999998,6.099999999999994,5.399999999999997,2010-02-01,1.2527629,0.0,1.9021075,0.0,1.9600948,0.0,1.9021075,0.0,1.9315214,0.0,1.7578579,0.0,1.5475625,0.0,2.1162555,0.0,2.1860514,0.0,1.9600948,0.0,1.856298,0.0,-0.14148,4.697462,4.302205,4.6790433,4.3000164,0.0,0.0021886826,-0.004078865,20.643157758210833,3.73,0.06,0.18842105263157896,2.57,2.57,-0.33,0.022719904248256206,-0.01488117018304358,-0.015715147426877962,0.00013184205341132404,0.009121740248278165,0.002025808780582672,0.0032049407218464054,0.010840638479048259,103.5662565,91.58102416992188,0.3660024404525757,2.0555288791656494,0.0
2010-03-31,3.621055162738231,0.7326682560454165,0.1,4.710696187952303,4.313670903919659,0.8000000000000073,2010-03-01,-2.084690726,0.116204390681143,2.599999999999999,5.7,6.099999999999998,5.799999999999997,5.899999999999998,4.8000000000000025,3.700000000000001,7.299999999999993,7.899999999999998,6.099999999999994,5.399999999999997,2010-03-01,1.2809339,0.028170943,1.9021075,0.0,1.9600948,0.0,1.9169226,0.014815092,1.9315214,0.0,1.7578579,0.0,1.5475625,0.0,2.1162555,0.0,2.1860514,0.0,1.9600948,0.0,1.856298,0.0,-0.07619868,4.6961536,4.308968,4.697462,4.302205,0.1,0.0067629814,0.0021886826,22.540000012046413,3.69,0.11,0.14105263157894737,2.62,2.62,-0.16,-0.03222359427558619,-0.020376818265190444,-0.05593803345613324,-0.00014649224349772005,-0.0011055148812459947,-0.006806994893549856,0.009201433329086406,0.0037459440910962982,108.9886857,80.72535705566406,0.5097396969795227,1.8095757961273193,0.0
2010-04-30,3.659932231906123,0.8813735870195482,0.3,4.7152346208504,4.312884627066692,1.0000000000000073,2010-04-01,-0.414071602,-0.680558455505465,2.7999999999999994,5.7,6.099999999999998,5.799999999999997,5.899999999999998,4.900000000000002,3.9000000000000012,7.299999999999993,7.899999999999998,6.099999999999994,5.399999999999997,2010-04-01,1.3350011,0.054067254,1.9021075,0.0,1.9600948,0.0,1.9169226,0.0,1.9315214,0.0,1.7749523,0.017094374,1.5892352,0.041672707,2.1162555,0.0,2.1860514,0.0,1.9600948,0.0,1.856298,0.0,0.14870533,4.710696,4.313671,4.6961536,4.308968,0.1,0.004703045,0.0067629814,17.767391287762187,3.73,0.15,0.11782608695652173,2.47,2.47,0.36,0.06655100109457734,0.016230350620342726,0.04090448587508355,0.0,-0.008163686955977134,-0.015906162369305754,-0.005652393758614593,0.006833361127325688,82.89880426,74.116943359375,0.37673091888427734,1.6630464792251587,0.0
2010-05-31,3.5258379093073438,1.0159731341796967,-1.110223e-16,4.723670297817225,4.314776667553465,1.2000000000000073,2010-05-01,-6.277258481,0.494424678806849,2.7999999999999994,5.7,6.1999999999999975,5.799999999999997,5.999999999999997,5.000000000000002,3.9000000000000012,7.299999999999993,7.899999999999998,6.099999999999994,5.399999999999997,2010-05-01,1.3350011,0.0,1.9021075,0.0,1.974081,0.01398623,1.9169226,0.0,1.9459101,0.01438868,1.7917595,0.016807199,1.5892352,0.0,2.1162555,0.0,2.1860514,0.0,1.9600948,0.0,1.856298,0.0,0.13459955,4.7152348,4.312885,4.710696,4.313671,-0.2,-0.0007863045,0.004703045,17.42428566160656,3.85,0.16,0.15,2.38,2.38,0.29,0.07324275115604628,0.03125860979460615,0.02464385197307095,-0.00016116625799500461,-0.0006072972766748563,-0.007436080381788557,-0.005447023532882511,0.003386556200029922,82.53793395,88.76158142089844,0.5623576045036316,1.9718109369277954,0.0
2010-06-30,3.5465001270629792,0.9503469298211391,-0.3,4.721719572122832,4.315711042146527,1.1000000000000072,2010-06-01,1.319593161,-1.40034241280368,2.7999999999999994,5.8,6.1999999999999975,5.799999999999997,5.999999999999997,5.000000000000002,3.9000000000000012,7.299999999999993,7.899999999999998,6.099999999999994,5.399999999999997,2010-06-01,1.3350011,0.0,1.9169226,0.014815092,1.974081,0.0,1.9169226,0.0,1.9459101,0.0,1.7917595,0.0,1.5892352,0.0,2.1162555,0.0,2.1860514,0.0,1.9600948,0.0,1.856298,0.0,-0.065626204,4.7236705,4.314777,4.7152348,4.312885,0.0,0.0018920898,-0.0007863045,31.929500007629393,3.42,0.16,0.29947368421052634,2.89,2.89,0.44,-0.11048731522404243,0.048219246550671,-0.0804158607937584,0.000849493284432512,0.03663034396702258,0.027988903276433774,0.02948271567343852,0.013418531682922286,89.69012353,88.95870971679688,0.6482871770858765,2.033574342727661,0.0
2010-07-31,3.558078642229409,0.8813735870195482,0.0,4.726373144812811,4.318279733455899,1.000000000000007,2010-07-01,1.482165742,-0.170698148661102,2.8999999999999995,5.8,6.099999999999998,5.799999999999997,6.099999999999997,5.000000000000002,3.9000000000000012,7.299999999999993,7.899999999999998,6.099999999999994,5.399999999999997,2010-07-01,1.3609766,0.025975466,1.9169226,0.0,1.9600948,-0.01398623,1.9169226,0.0,1.9600948,0.014184713,1.7917595,0.0,1.5892352,0.0,2.1162555,0.0,2.1860514,0.0,1.9600948,0.0,1.856298,0.0,-0.06897334,4.7217197,4.315711,4.7236705,4.314777,0.1,0.000934124,0.0018920898,29.91636371612549,3.2,0.12,0.4145454545454545,3.08,3.08,-0.03,-0.015720835142258416,0.02254567160307719,0.007920998785259314,-0.0071995609247723635,-0.0032532597663408325,-0.0016927244243616357,0.007236835902782346,0.0018475022092525606,88.769531,96.45369720458984,0.37151703238487244,2.119023084640503,0.0
2010-08-31,3.5624934195196363,0.8813735870195482,0.1,4.7301168349207225,4.316497983519326,1.000000000000007,2010-08-01,-2.569628062,-0.59930071693254,1.4999999999999996,5.8,6.099999999999998,5.799999999999997,6.099999999999997,5.000000000000002,3.9000000000000012,7.299999999999993,7.899999999999998,6.099999999999994,5.399999999999997,2010-08-01,0.91629076,-0.44468582,1.9169226,0.0,1.9600948,0.0,1.9169226,0.0,1.9600948,0.0,1.7917595,0.0,1.5892352,0.0,2.1162555,0.0,2.1860514,0.0,1.9600948,0.0,1.856298,0.0,0.0,4.726373,4.3182797,4.7217197,4.315711,-1.5,0.0025687218,0.000934124,25.565237862723215,3.01,0.16,0.3519047619047619,2.91,2.91,-0.04,0.01089655528339506,-0.03294269654783477,0.016148995412214262,-0.0011803763819784319,-0.02868122081858626,-0.011833601207902333,-0.01755038696651834,0.003789845743598974,83.4682714,79.38137817382812,0.2180488109588623,1.6248153448104858,0.0
2010-09-30,3.5410273784044803,0.9503469298211391,0.1,4.732421147930445,4.320933557837026,1.1000000000000072,2010-09-01,1.203597466,-0.404383547531749,1.2999999999999996,5.8,6.099999999999998,5.799999999999997,6.099999999999997,4.900000000000002,3.9000000000000012,7.299999999999993,7.999999999999997,6.099999999999994,5.399999999999997,2010-09-01,0.8329091,-0.08338165,1.9169226,0.0,1.9600948,0.0,1.9169226,0.0,1.9600948,0.0,1.7749523,-0.016807199,1.5892352,0.0,2.1162555,0.0,2.1972246,0.011173248,1.9600948,0.0,1.856298,0.0,0.06897334,4.730117,4.316498,4.726373,4.3182797,1.2,-0.0017819405,0.0025687218,24.745908997275613,2.7,0.16,0.20666666666666667,3.01,3.01,0.31,0.01912716942839854,0.01896787820690271,0.03261647646733046,0.004918863559737696,0.015331175813891207,0.012010904645976872,-0.010303334328034985,0.00365793559629779,83.9685382,80.99386596679688,0.32666242122650146,1.7309353351593018,0.0
2010-10-31,3.621437642448449,0.9503469298211391,-0.1,4.7371997013593745,4.31891225895964,1.1000000000000072,2010-10-01,-1.323209646,-0.906421678369384,1.2999999999999996,5.8,6.099999999999998,5.899999999999997,6.199999999999997,4.900000000000002,4.000000000000001,7.299999999999993,7.999999999999997,6.099999999999994,5.399999999999997,2010-10-01,0.8329091,0.0,1.9169226,0.0,1.9600948,0.0,1.9315214,0.014598846,1.974081,0.01398623,1.7749523,0.0,1.609438,0.020202756,2.1162555,0.0,2.1972246,0.0,1.9600948,0.0,1.856298,0.0,0.0,4.732421,4.3209333,4.730117,4.316498,0.2,0.0044355392,-0.0017819405,22.51761899675642,2.65,0.15,0.13857142857142857,3.05,3.05,0.37,0.010342688064231886,0.04437537472049957,0.025679742672394923,-0.01724819383548515,-0.036324164318775054,-0.029118172190170988,-0.012076869491899345,0.00294342526586977,88.77521662,71.16854858398438,0.3376002311706543,1.5473343133926392,0.0
2010-11-30,3.645890092892566,1.0159731341796967,0.1,4.742945809110586,4.325140796916991,1.2000000000000073,2010-11-01,2.679113727,-0.108645091708982,1.1999999999999995,5.8,5.999999999999998,5.899999999999997,6.199999999999997,5.000000000000002,4.000000000000001,7.299999999999993,7.999999999999997,6.099999999999994,5.4999999999999964,2010-11-01,0.78845733,-0.044451773,1.9169226,0.0,1.9459101,-0.014184713,1.9315214,0.0,1.974081,0.0,1.7917595,0.016807199,1.609438,0.0,2.1162555,0.0,2.1972246,0.0,1.9600948,0.0,1.8718022,0.015504241,0.065626204,4.7372,4.318912,4.732421,4.3209333,-0.1,-0.0020213127,0.0044355392,20.3733332497733,2.54,0.13,0.1555,3.15,3.15,0.68,0.060131860342785615,0.05439302608899421,0.0731353649255464,-0.00296380781574368,-0.013757209833421769,-0.008683058901635121,-0.032567492963969435,-0.002837691245095364,97.94229386,65.99193572998047,0.2827645242214203,1.4335503578186035,0.0
2010-12-31,3.698485190258631,1.0159731341796967,-0.1,4.7546232779779665,4.32430809781785,1.2000000000000073,2010-12-01,3.709631211,-0.752124008539992,1.1999999999999995,5.8,5.899999999999999,5.899999999999997,6.199999999999997,5.100000000000001,4.000000000000001,7.299999999999993,7.999999999999997,6.099999999999994,5.4999999999999964,2010-12-01,0.78845733,0.0,1.9169226,0.0,1.9315214,-0.01438868,1.9315214,0.0,1.974081,0.0,1.8082888,0.016529322,1.609438,0.0,2.1162555,0.0,2.1972246,0.0,1.9600948,0.0,1.8718022,0.0,0.0,4.7429457,4.325141,4.7372,4.318912,0.1,0.006228924,-0.0020213127,20.095714387439546,2.76,0.14,0.144,3.03,3.03,0.45,0.031085120456827653,0.02054860255375157,0.021392962428883777,-0.0005548183112398242,0.022563153023910765,0.008883295849357431,-0.0006154982652617491,0.0008691845526112019,109.3326142,94.70516967773438,0.681317925453186,2.0334718227386475,0.0
2011-01-31,3.699506059216371,1.4436354751788134,0.8,4.7683964152903755,4.332751867478368,2.000000000000007,2011-01-01,-3.513951416,-0.0191984723083318,1.1999999999999995,5.8,5.899999999999999,5.899999999999997,6.199999999999997,5.100000000000001,4.000000000000001,7.299999999999993,7.999999999999997,6.099999999999994,5.4999999999999964,2011-01-01,0.78845733,0.0,1.9169226,0.0,1.9315214,0.0,1.9315214,0.0,1.974081,0.0,1.8082888,0.0,1.609438,0.0,2.1162555,0.0,2.1972246,0.0,1.9600948,0.0,1.8718022,0.0,0.42766234,4.7546234,4.324308,4.7429457,4.325141,0.0,-0.0008330345,0.006228924,17.569545529105447,3.29,0.14,0.161,2.68,2.68,0.7,0.06987904503623898,0.014973985052265881,-0.03233165975415275,-0.010100334603543315,-0.01790000931036939,-0.014475036353005954,0.006138001102296897,0.009737829134778053,94.23300154,97.20389556884766,0.5287208557128906,2.1148834228515625,0.0
2011-02-28,3.698084449938265,1.4436354751788134,-0.8,4.766740415612418,4.321559387973333,2.000000000000007,2011-02-01,0.686573725,-1.78186136947221,1.0999999999999994,5.8,5.899999999999999,5.899999999999997,6.199999999999997,5.100000000000001,4.000000000000001,7.299999999999993,7.999999999999997,6.099999999999994,5.4999999999999964,2011-02-01,0.74193734,-0.046519995,1.9169226,0.0,1.9315214,0.0,1.9315214,0.0,1.974081,0.0,1.8082888,0.0,1.609438,0.0,2.1162555,0.0,2.1972246,0.0,1.9600948,0.0,1.8718022,0.0,0.0,4.7683964,4.3327518,4.7546234,4.324308,-0.1,0.008443832,-0.0008330345,17.31549987792969,3.39,0.15,0.14789473684210527,2.68,2.68,0.77,0.054028920764187305,-0.021878631897767065,0.03484138905412948,0.0002575425906357065,-0.009107286465663833,-0.002518035145424591,-0.009838967576867752,-0.0021083561409289686,113.6490391,79.42161560058594,0.46701905131340027,1.5277677774429321,0.0
2011-03-31,3.831938451998062,1.4436354751788134,0.0,4.763848600138727,4.3076773314790895,2.000000000000007,2011-03-01,1.410716804,-2.08773211679083,1.0999999999999994,5.8,5.899999999999999,5.899999999999997,6.199999999999997,5.100000000000001,4.000000000000001,7.299999999999993,7.999999999999997,6.099999999999994,5.4999999999999964,2011-03-01,0.74193734,0.0,1.9169226,0.0,1.9315214,0.0,1.9315214,0.0,1.974081,0.0,1.8082888,0.0,1.609438,0.0,2.1162555,0.0,2.1972246,0.0,1.9600948,0.0,1.8718022,0.0,0.0,4.7667403,4.3215594,4.7683964,4.3327518,0.1,-0.011192322,0.008443832,17.4299999036287,3.58,0.13,0.17789473684210524,2.57,2.57,0.36,0.07187293729161404,0.01039809890719745,-0.028391749519542486,-0.004615509598026479,-0.00845201134555218,-0.003087061555103965,-0.008315282166067917,-0.0039787481289410565,84.17802091,90.01448822021484,0.39840638637542725,1.802498698234558,0.0
2011-04-30,3.893952977780772,1.4436354751788134,0.0,4.75884017887532,4.305279004763958,2.000000000000007,2011-04-01,1.247599476,-0.13313428349876,1.1999999999999995,5.8999999999999995,5.999999999999998,5.899999999999997,6.199999999999997,5.100000000000001,4.300000000000001,7.299999999999993,7.999999999999997,6.099999999999994,5.4999999999999964,2011-04-01,0.78845733,0.046519995,1.9315214,0.014598846,1.9459101,0.01438868,1.9315214,0.0,1.974081,0.0,1.8082888,0.0,1.6677068,0.058268905,2.1162555,0.0,2.1972246,0.0,1.9600948,0.0,1.8718022,0.0,0.0,4.763849,4.3076773,4.7667403,4.3215594,0.1,-0.01388216,-0.011192322,20.72347815140434,3.41,0.1,0.20869565217391303,2.58,2.58,0.74,0.10016768448037539,0.03472903823624929,-0.0037347511755658758,-0.0035062080494110415,-0.010275336354082398,-0.011283813790947228,-0.004496635106066016,0.010348991071804647,84.65848128,136.8883056640625,0.5290300846099854,2.9379470348358154,0.0
2011-05-31,3.8083148953935044,1.4436354751788134,0.0,4.768003066198183,4.29668084255462,2.000000000000007,2011-05-01,-3.248836496,-0.564877069004184,1.1999999999999995,5.8999999999999995,5.999999999999998,5.899999999999997,6.199999999999997,5.100000000000001,4.300000000000001,7.299999999999993,7.999999999999997,5.999999999999995,5.4999999999999964,2011-05-01,0.78845733,0.0,1.9315214,0.0,1.9459101,0.0,1.9315214,0.0,1.974081,0.0,1.8082888,0.0,1.6677068,0.0,2.1162555,0.0,2.1972246,0.0,1.9459101,-0.014184713,1.8718022,0.0,0.0,4.75884,4.305279,4.763849,4.3076773,-0.1,-0.002398491,-0.01388216,16.244000005722047,3.46,0.06,0.22111111111111112,2.58,2.58,1.63,0.07245980733856072,0.039693243391242916,0.03872118355094756,-0.008942943259579339,-0.02799241457308277,-0.021059499036645946,-0.013105026263095176,-0.00323549938184442,92.05386538,91.01776885986328,0.2683459222316742,1.9177788496017456,0.0
2011-06-30,3.757296849185471,1.4874828366412745,0.1,4.7706041127501075,4.307443218745448,2.100000000000007,2011-06-01,2.465200375,0.298287551557587,1.1999999999999995,5.8999999999999995,5.999999999999998,5.899999999999997,6.299999999999996,5.100000000000001,4.4,7.299999999999993,7.999999999999997,5.7999999999999945,5.599999999999996,2011-06-01,0.78845733,0.0,1.9315214,0.0,1.9459101,0.0,1.9315214,0.0,1.9878744,0.013793349,1.8082888,0.0,1.686399,0.018692136,2.1162555,0.0,2.1972246,0.0,1.9169226,-0.028987527,1.8870697,0.015267491,0.04384736,4.768003,4.296681,4.75884,4.305279,0.0,-0.008597851,-0.002398491,16.911428587777273,3.17,0.04,0.22000000000000003,2.65,2.65,0.94,-0.06945004539198685,0.02117354369797475,-0.03652975000862568,-0.0017580930765612734,0.012262142927039754,0.004646418519622664,0.0019007798918089236,0.0012053529354325576,88.4184714,105.34491729736328,0.207076296210289,2.2956907749176025,0.0
2011-07-31,3.763983592929994,1.4874828366412745,-0.1,4.773645491008221,4.3133362933129336,2.100000000000007,2011-07-01,3.092765844,0.019084874024884,1.1999999999999995,5.8999999999999995,6.099999999999998,5.899999999999997,6.299999999999996,5.100000000000001,4.4,7.299999999999993,7.999999999999997,5.7999999999999945,5.599999999999996,2011-07-01,0.78845733,0.0,1.9315214,0.0,1.9600948,0.014184713,1.9315214,0.0,1.9878744,0.0,1.8082888,0.0,1.686399,0.0,2.1162555,0.0,2.1972246,0.0,1.9169226,0.0,1.8870697,0.0,0.0,4.770604,4.307443,4.768003,4.296681,0.0,0.010762215,-0.008597851,19.15318202972412,3.0,0.04,0.2127272727272727,2.72,2.72,0.2,-0.01010282641694804,0.011032545152545481,-0.03598121176451663,-0.0023334708975719654,-0.0020492733639940752,0.0004505553827369724,-0.00037986705110171215,0.0030203149621863545,103.761632,84.391845703125,0.3636625409126282,1.7967090606689453,0.0
2011-08-31,3.642343432373135,1.4874828366412745,0.0,4.775807918630519,4.319074787436596,2.100000000000007,2011-08-01,-1.665059317,0.93041393877471,1.1999999999999995,5.8999999999999995,6.099999999999998,5.9999999999999964,6.299999999999996,5.100000000000001,4.4,7.299999999999993,7.999999999999997,5.7999999999999945,5.599999999999996,2011-08-01,0.78845733,0.0,1.9315214,0.0,1.9600948,0.0,1.9459101,0.01438868,1.9878744,0.0,1.8082888,0.0,1.686399,0.0,2.1162555,0.0,2.1972246,0.0,1.9169226,0.0,1.8870697,0.0,0.0,4.7736454,4.3133364,4.770604,4.307443,0.0,0.0058932304,0.010762215,19.22749991416931,3.0,0.04,0.213,2.77,2.77,0.29,0.027213354101601084,0.027976332229376233,-0.0027829912251178257,-0.004263737611728491,-0.00871515816622459,-0.0049914829904134095,-0.006607393797080974,0.004915055867338758,101.0420672,78.92475891113281,0.2691740393638611,1.5707964897155762,0.0
2011-09-30,3.6317991754242147,1.3504407402749758,-0.3,4.775191402819204,4.310215048805724,1.8000000000000071,2011-09-01,3.973440974,-2.0597523256169,1.1999999999999995,5.8999999999999995,6.099999999999998,5.9999999999999964,6.299999999999996,5.000000000000002,4.4,7.299999999999993,7.999999999999997,5.7999999999999945,5.699999999999996,2011-09-01,0.78845733,0.0,1.9315214,0.0,1.9600948,0.0,1.9459101,0.0,1.9878744,0.0,1.7917595,-0.016529322,1.686399,0.0,2.1162555,0.0,2.1972246,0.0,1.9169226,0.0,1.9021075,0.015037775,-0.13704209,4.775808,4.3190746,4.7736454,4.3133364,0.0,0.0057382584,0.0058932304,35.02913035517154,2.3,0.02,0.2686363636363636,3.25,3.25,-0.1,-0.0594731689540815,0.11192547131958186,-0.09142512211861309,-0.00908401882634835,0.012124058885851774,0.015320263357008201,0.005340127121336025,0.006728443816048646,105.8982171,86.95156860351562,0.29977142810821533,1.704949975013733,0.0
2011-10-31,3.6404255068461535,1.3504407402749758,0.3,4.775327220749151,4.317013134084761,1.8000000000000071,2011-10-01,-1.546771398,-0.539205041097043,1.3999999999999995,5.8999999999999995,6.099999999999998,5.9999999999999964,6.299999999999996,4.900000000000002,4.4,7.299999999999993,7.999999999999997,5.7999999999999945,5.699999999999996,2011-10-01,0.87546873,0.0870114,1.9315214,0.0,1.9600948,0.0,1.9459101,0.0,1.9878744,0.0,1.7749523,-0.016807199,1.686399,0.0,2.1162555,0.0,2.1972246,0.0,1.9169226,0.0,1.9021075,0.0,0.0,4.7751913,4.310215,4.775808,4.3190746,0.2,-0.008859634,0.0057382584,36.52999977838425,1.98,0.01,0.3376190476190476,3.3,3.3,-0.55,0.023441779511808036,0.00743670504644367,-0.06995624332946626,3.135828407740959e-05,0.05848051792824549,0.05944755933352219,0.026528082154533728,-0.0008274225944706615,96.11353896,83.35044860839844,0.28053978085517883,1.6370738744735718,0.0
2011-11-30,3.7563495389453276,1.3979983651114376,0.1,4.771876772092736,4.330256555589938,1.9000000000000072,2011-11-01,3.620801826,0.248162605367584,1.7999999999999994,5.8999999999999995,6.099999999999998,5.9999999999999964,6.299999999999996,4.900000000000002,4.4,7.299999999999993,7.999999999999997,5.7999999999999945,5.699999999999996,2011-11-01,1.0296195,0.15415072,1.9315214,0.0,1.9600948,0.0,1.9459101,0.0,1.9878744,0.0,1.7749523,0.0,1.686399,0.0,2.1162555,0.0,2.1972246,0.0,1.9169226,0.0,1.9021075,0.0,0.047557626,4.775327,4.3170133,4.7751913,4.310215,0.2,0.0067982674,-0.008859634,32.82904770260765,2.15,0.02,0.388,3.02,3.02,-0.38,-0.029534957933480044,-0.06150424215099193,-0.032580293429775864,-0.0036598719844125327,-0.030845948272434143,-0.02774562912235279,0.006032643718535624,0.006916436587234287,96.398354,76.33993530273438,0.3722563683986664,1.5346795320510864,0.0
2011-12-31,3.7700052275477294,1.3979983651114376,-0.1,4.7741929052618195,4.335198632330236,1.9000000000000072,2011-12-01,0.732052496,0.386061285830296,1.5999999999999994,5.8999999999999995,6.099999999999998,5.9999999999999964,6.299999999999996,4.900000000000002,4.4,7.299999999999993,7.999999999999997,5.7999999999999945,5.699999999999996,2011-12-01,0.95551145,-0.074108005,1.9315214,0.0,1.9600948,0.0,1.9459101,0.0,1.9878744,0.0,1.7749523,0.0,1.686399,0.0,2.1162555,0.0,2.1972246,0.0,1.9169226,0.0,1.9021075,0.0,0.0,4.771877,4.3302565,4.775327,4.3170133,-0.6,0.013243198,0.0067982674,31.941904703776043,2.01,0.01,0.4605,3.24,3.24,0.14,0.011057717691737246,0.042626621689110245,0.02758267802610881,0.003424660881364172,0.025101205467894516,0.023154855325743462,0.003920132424331868,-8.659124192433865e-05,102.152158,83.15767669677734,0.5906422138214111,1.7399039268493652,0.0
2012-01-31,3.7840850903009327,1.3979983651114376,0.0,4.781929444805972,4.337784043975086,1.9000000000000072,2012-01-01,-1.472499105,-0.130979596352275,1.4999999999999993,5.8999999999999995,6.1999999999999975,5.9999999999999964,6.299999999999996,5.000000000000002,4.4,7.299999999999993,7.999999999999997,5.7999999999999945,5.699999999999996,2012-01-01,0.91629076,-0.03922069,1.9315214,0.0,1.974081,0.01398623,1.9459101,0.0,1.9878744,0.0,1.7917595,0.016807199,1.686399,0.0,2.1162555,0.0,2.1972246,0.0,1.9169226,0.0,1.9021075,0.0,0.0,4.774193,4.3351984,4.771877,4.3302565,0.1,0.0049419403,0.013243198,25.047619047619047,1.98,0.01,0.545,3.27,3.27,-0.04,-0.026507350147570108,-0.058632286386279375,-0.01482148800721994,-0.013038447116262342,0.010368827909451817,0.006941353255614402,0.003783029711500241,0.0052922619015616235,96.68804955,85.34132385253906,0.551498532295227,1.8332573175430298,0.0
2012-02-29,3.801803409599163,1.3979983651114376,0.0,4.784033580722946,4.341012720696599,1.9000000000000072,2012-02-01,1.092374736,-0.102636964828969,1.2999999999999994,5.8999999999999995,6.1999999999999975,5.9999999999999964,6.299999999999996,5.000000000000002,4.5,7.299999999999993,7.999999999999997,5.7999999999999945,5.699999999999996,2012-02-01,0.8329091,-0.08338165,1.9315214,0.0,1.974081,0.0,1.9459101,0.0,1.9878744,0.0,1.7917595,0.0,1.704748,0.018349051,2.1162555,0.0,2.1972246,0.0,1.9169226,0.0,1.9021075,0.0,0.0,4.7819295,4.337784,4.774193,4.3351984,-0.1,0.002585411,0.0049419403,20.227999877929687,1.97,0.03,0.531,3.24,3.24,0.38,0.025765930199859177,0.008548876904793445,0.047412555180848415,0.002237758732236639,-0.0204663390248907,-0.0309278827221231,-0.003416303957130218,0.005946556615738174,109.4260409,79.63497161865234,0.5609212517738342,1.7756315469741821,0.0
2012-03-31,3.837521274960608,1.3979983651114376,0.0,4.779044003328709,4.33847648200793,1.9000000000000072,2012-03-01,-1.421156601,-0.0548504933748095,1.2999999999999994,5.8999999999999995,6.1999999999999975,5.9999999999999964,6.299999999999996,5.000000000000002,4.7,7.299999999999993,7.999999999999997,5.499999999999995,5.699999999999996,2012-03-01,0.8329091,0.0,1.9315214,0.0,1.974081,0.0,1.9459101,0.0,1.9878744,0.0,1.7917595,0.0,1.7404661,0.035718083,2.1162555,0.0,2.1972246,0.0,1.8718022,-0.04512036,1.9021075,0.0,0.0,4.784034,4.341013,4.7819295,4.337784,0.2,0.0032291412,0.002585411,18.420499992370605,1.97,0.09,0.41150000000000003,3.1,3.1,0.01,0.07517025991298798,0.053424572580746954,0.08070561316956493,-0.0023013143513692658,-0.008930606629836468,-0.009856389392226106,-0.01626452807673484,0.003210503784291774,111.8795512,92.4458236694336,0.8188916444778442,1.9082080125808716,0.0
2012-04-30,3.8085596720050425,1.3504407402749758,-0.1,4.772037158700695,4.342618431945528,1.8000000000000071,2012-04-01,-0.952669331,1.78566624914313,1.2999999999999994,5.8999999999999995,6.1999999999999975,5.9999999999999964,6.299999999999996,5.000000000000002,4.7,7.299999999999993,7.999999999999997,5.499999999999995,5.699999999999996,2012-04-01,0.8329091,0.0,1.9315214,0.0,1.974081,0.0,1.9459101,0.0,1.9878744,0.0,1.7917595,0.0,1.7404661,0.0,2.1162555,0.0,2.1972246,0.0,1.8718022,0.0,1.9021075,0.0,-0.047557626,4.779044,4.3384767,4.784034,4.341013,0.0,-0.0025362968,0.0032291412,16.16727287119085,2.17,0.08,0.3868181818181818,3.07,3.07,-0.37,0.05000341526064833,-0.040271229792087304,-0.0054796615923180525,0.0006353744952056761,0.007886483209097683,0.007707407230672203,0.009027452638345146,-0.0051911748236843636,106.3792667,88.75997924804688,0.6241809725761414,1.910476565361023,0.0
2012-05-31,3.7234162437410943,1.3008204268406505,0.0,4.778002271890729,4.33324259736068,1.700000000000007,2012-05-01,-1.357610558,0.327317003262863,1.1999999999999993,5.8999999999999995,6.1999999999999975,5.9999999999999964,6.299999999999996,5.000000000000002,4.7,7.299999999999993,7.999999999999997,5.499999999999995,5.599999999999996,2012-05-01,0.78845733,-0.044451773,1.9315214,0.0,1.974081,0.0,1.9459101,0.0,1.9878744,0.0,1.7917595,0.0,1.7404661,0.0,2.1162555,0.0,2.1972246,0.0,1.8718022,0.0,1.8870697,-0.015037775,-0.04962031,4.772037,4.3426185,4.779044,4.3384767,-0.1,0.0041418076,-0.0025362968,17.822999906539916,2.05,0.08,0.3857894736842105,3.2,3.2,-0.33,-0.049210391593126346,-0.016089846828712062,-0.016662144066716067,-0.0029419971126558586,-0.0010607076322992626,0.0045163333284552465,0.004054308643391735,0.007167758505782551,111.634433,96.01668548583984,0.8006070852279663,1.9654715061187744,0.0
2012-06-30,3.585235737121928,1.3504407402749758,0.2,4.774006733740375,4.330853938277259,1.8000000000000071,2012-06-01,-2.892217187,0.593913769529003,0.6999999999999993,5.8999999999999995,6.1999999999999975,5.9999999999999964,6.299999999999996,5.000000000000002,4.7,7.299999999999993,7.999999999999997,4.999999999999995,5.599999999999996,2012-06-01,0.53062826,-0.25782907,1.9315214,0.0,1.974081,0.0,1.9459101,0.0,1.9878744,0.0,1.7917595,0.0,1.7404661,0.0,2.1162555,0.0,2.1972246,0.0,1.7917595,-0.08004272,1.8870697,0.0,0.04962031,4.7780023,4.3332424,4.772037,4.3426185,-0.4,-0.009376049,0.0041418076,21.001818136735395,1.8,0.09,0.38095238095238093,3.4,3.4,-0.67,-0.07909845519604097,-0.03716026154804464,-0.052174976055122,0.014137528507740305,0.0467226113351451,0.046908227573229766,0.01774259691863822,0.002306548336549419,118.4095499,78.17115783691406,0.4804913401603699,1.6257225275039673,0.0
2012-07-31,3.6497812235070453,1.3504407402749758,-0.1,4.775084784052309,4.333388457078905,1.8000000000000071,2012-07-01,2.767387196,0.327311209586345,0.09999999999999931,5.8999999999999995,6.1999999999999975,5.9999999999999964,6.299999999999996,5.000000000000002,4.7,7.299999999999993,7.899999999999998,4.999999999999995,5.599999999999996,2012-07-01,0.09531018,-0.43531808,1.9315214,0.0,1.974081,0.0,1.9459101,0.0,1.9878744,0.0,1.7917595,0.0,1.7404661,0.0,2.1162555,0.0,2.1860514,-0.011173248,1.7917595,0.0,1.8870697,0.0,0.0,4.774007,4.330854,4.7780023,4.3332424,-0.1,-0.0023884773,-0.009376049,21.130952290126256,1.62,0.09,0.3742105263157895,3.39,3.39,-0.71,-0.14804754467968984,0.0060982684754202765,-0.035014322388208896,-0.002421118355316443,-0.018934952093440316,-0.02226363782489038,0.01399460672467967,5.529183852992503e-05,108.5965869,77.82243347167969,0.4788089692592621,1.488796591758728,0.0
2012-08-31,3.7124429253250324,1.24898332790488,-0.2,4.772096599409675,4.333097608988636,1.6000000000000072,2012-08-01,0.963143414,-0.0543317431651975,-2.8000000000000007,5.8999999999999995,6.1999999999999975,5.9999999999999964,6.399999999999996,5.000000000000002,4.7,7.299999999999993,7.899999999999998,4.999999999999995,5.599999999999996,2012-08-01,-1.3350011,-1.4303113,1.9315214,0.0,1.974081,0.0,1.9459101,0.0,2.00148,0.013605714,1.7917595,0.0,1.7404661,0.0,2.1162555,0.0,2.1860514,0.0,1.7917595,0.0,1.8870697,0.0,-0.10145741,4.775085,4.3333883,4.774007,4.330854,-2.3,0.0025343895,-0.0023884773,17.565238180614653,1.53,0.1,0.3576190476190476,3.27,3.27,-0.69,0.07550427694214701,-0.0027998327117018107,0.02271443893889824,0.0012584554122709868,-0.0007256995943833999,-0.002943467744010775,-0.0065542747891393915,0.0020967842001429204,156.855521,82.80802154541016,0.4890446364879608,1.6981786489486694,0.0
2012-09-30,3.7136127136452486,1.3008204268406505,0.3,4.768627870312197,4.325981013215469,1.7000000000000073,2012-09-01,1.827098076,-0.847896339299892,-3.1000000000000005,5.8999999999999995,6.1999999999999975,5.9999999999999964,6.399999999999996,5.000000000000002,4.7,7.299999999999993,7.899999999999998,4.999999999999995,5.599999999999996,2012-09-01,-1.410987,-0.07598591,1.9315214,0.0,1.974081,0.0,1.9459101,0.0,2.00148,0.0,1.7917595,0.0,1.7404661,0.0,2.1162555,0.0,2.1860514,0.0,1.7917595,0.0,1.8870697,0.0,0.051837098,4.7720966,4.3330975,4.775085,4.3333883,2.6,-0.00029087067,0.0025343895,15.689565119536027,1.68,0.1,0.32954545454545453,3.21,3.21,-0.14,0.09951515162204583,0.022341684718775845,0.029033253918813173,-0.0019827850454008367,-0.007291534003271316,-0.0008176891822833099,-0.006958636357826009,-0.00428827046970337,141.6716603,74.87835693359375,0.3026905953884125,1.7376681566238403,0.0
2012-10-31,3.655014820242257,1.3008204268406505,-0.1,4.77369676267075,4.334150285348454,1.7000000000000073,2012-10-01,-1.082277767,0.823375440332779,-3.3000000000000007,5.8999999999999995,6.099999999999998,5.9999999999999964,6.399999999999996,5.000000000000002,4.7,7.299999999999993,7.899999999999998,4.999999999999995,5.599999999999996,2012-10-01,-1.4586151,-0.047628045,1.9315214,0.0,1.9600948,-0.01398623,1.9459101,0.0,2.00148,0.0,1.7917595,0.0,1.7404661,0.0,2.1162555,0.0,2.1860514,0.0,1.7917595,0.0,1.8870697,0.0,0.0,4.7686276,4.325981,4.7720966,4.3330975,0.1,-0.0071163177,-0.00029087067,15.284736834074321,1.72,0.11,0.2789473684210526,3.07,3.07,-0.26,-0.004353319969321312,0.06787548641971064,0.013968410885668803,-0.01006879291331142,-0.01457387713059255,-0.017403900019663077,-0.01528599459390545,-0.000733960055224081,100.2955993,69.28050994873047,0.3664883077144623,1.5685700178146362,0.0
2012-11-30,3.6236675502409943,1.3008204268406505,0.0,4.772341454537215,4.341125887052683,1.7000000000000073,2012-11-01,0.766258392,0.0339977703991787,-3.3000000000000007,5.8999999999999995,6.099999999999998,5.9999999999999964,6.399999999999996,5.000000000000002,4.7,7.299999999999993,7.899999999999998,4.999999999999995,5.599999999999996,2012-11-01,-1.4586151,0.0,1.9315214,0.0,1.9600948,0.0,1.9459101,0.0,2.00148,0.0,1.7917595,0.0,1.7404661,0.0,2.1162555,0.0,2.1860514,0.0,1.7917595,0.0,1.8870697,0.0,0.0,4.773697,4.3341503,4.7686276,4.325981,0.2,0.008169174,-0.0071163177,16.276190576099214,1.75,0.1,0.22476190476190475,2.73,2.73,-0.01,-0.010266744402199102,0.0010139229084327184,0.05037376645980629,-0.007602656009361608,0.0035902104058802564,0.0013030119135493123,-0.005885254848555732,0.0034679632891858603,103.73827,81.66366577148438,0.3419399857521057,1.5631542205810547,0.0
2012-12-31,3.6419699186782837,1.3008204268406505,0.0,4.77552762490215,4.340029457709657,1.7000000000000073,2012-12-01,1.404821281,-0.08770281035597,-3.3000000000000007,5.8999999999999995,6.099999999999998,5.9999999999999964,6.399999999999996,5.000000000000002,4.7,7.299999999999993,7.899999999999998,4.899999999999995,5.4999999999999964,2012-12-01,-1.4586151,0.0,1.9315214,0.0,1.9600948,0.0,1.9459101,0.0,2.00148,0.0,1.7917595,0.0,1.7404661,0.0,2.1162555,0.0,2.1860514,0.0,1.7749523,-0.016807199,1.8718022,-0.015267491,0.0,4.7723413,4.341126,4.773697,4.3341503,0.0,0.006975651,0.008169174,16.70190484183175,1.65,0.09,0.2165,2.95,2.95,-0.36,-0.024028921220294208,-0.01438226519703889,0.01763397832397473,-0.001716986549527233,-0.0006265612800282483,-0.00291275002631064,0.0019656025984593484,0.0036609386281414302,93.47493106,81.38964080810547,0.30514848232269287,1.5683213472366333,0.0
2013-01-31,3.7104257910938063,1.3008204268406505,0.0,4.779534899698678,4.331750191538869,1.7000000000000073,2013-01-01,-2.045408059,-1.29609215266104,-3.400000000000001,5.8999999999999995,6.099999999999998,5.9999999999999964,6.399999999999996,5.000000000000002,4.7,7.299999999999993,7.899999999999998,4.899999999999995,5.4999999999999964,2013-01-01,-1.4816046,-0.022989511,1.9315214,0.0,1.9600948,0.0,1.9459101,0.0,2.00148,0.0,1.7917595,0.0,1.7404661,0.0,2.1162555,0.0,2.1860514,0.0,1.7749523,0.0,1.8718022,0.0,0.0,4.7755275,4.3400292,4.7723413,4.341126,-0.1,-0.0010967255,0.006975651,17.306999826431273,1.72,0.07,0.24105263157894738,2.85,2.85,-0.15,0.003984662772073655,-0.02165301737883496,0.0346240406318401,0.0005780068558398632,-0.0002239454811894248,-0.0016405882400665206,-0.01197619104671599,0.0023667469005932418,83.45288724,74.83155822753906,0.30677229166030884,1.5649269819259644,0.0
2013-02-28,3.7116418074799835,1.3008204268406505,0.0,4.779364316493205,4.3289840084656594,1.7000000000000073,2013-02-01,-2.172829348,-0.739336735999586,-3.500000000000001,5.8999999999999995,6.099999999999998,5.9999999999999964,6.399999999999996,5.000000000000002,4.7,7.299999999999993,7.899999999999998,4.899999999999995,5.4999999999999964,2013-02-01,-1.5040774,-0.022472858,1.9315214,0.0,1.9600948,0.0,1.9459101,0.0,2.00148,0.0,1.7917595,0.0,1.7404661,0.0,2.1162555,0.0,2.1860514,0.0,1.7749523,0.0,1.8718022,0.0,0.0,4.779535,4.3317504,4.7755275,4.3400292,0.0,-0.008278847,-0.0010967255,13.505238124302455,1.91,0.07,0.22714285714285712,2.82,2.82,-0.05,0.031164020510198398,-0.007694706098208215,0.04611549179354668,-0.001847583004061626,-0.0031383113857934575,-0.005984930678264888,0.002357174964013886,0.0002451126233573575,90.24798472,90.6574935913086,0.34127187728881836,1.757733702659607,0.0
2013-03-31,3.6903550183116542,1.350440740274976,0.1,4.782063578246486,4.33175199233675,1.8000000000000074,2013-03-01,-0.910639438,0.398620407543937,-3.600000000000001,5.8999999999999995,6.099999999999998,6.199999999999997,6.399999999999996,5.000000000000002,4.7,7.299999999999993,7.899999999999998,4.899999999999995,5.4999999999999964,2013-03-01,-1.5260563,-0.021978855,1.9315214,0.0,1.9600948,0.0,1.974081,0.028170943,2.00148,0.0,1.7917595,0.0,1.7404661,0.0,2.1162555,0.0,2.1860514,0.0,1.7749523,0.0,1.8718022,0.0,0.04962031,4.779364,4.328984,4.779535,4.3317504,0.0,-0.0027666092,-0.008278847,14.07263163516396,1.98,0.1,0.19263157894736843,2.89,2.89,-0.38,0.02699189421546233,-0.026841496510779272,-0.013397390096912432,0.00043408709754855224,0.01635270992761928,0.002150593872004336,0.00851384006304734,0.004666005179331911,88.88167206,81.59033203125,0.4657588303089142,1.8393527269363403,0.0
2013-04-30,3.68185735465749,1.4436354751788136,0.1,4.785883606229505,4.3369246215314154,2.0000000000000075,2013-04-01,1.220688112,1.12181674174349,-3.700000000000001,6.3,6.099999999999998,6.199999999999997,6.399999999999996,4.900000000000002,4.7,7.299999999999993,7.899999999999998,4.899999999999995,5.199999999999997,2013-04-01,-1.5475625,-0.02150619,1.9878744,0.056352973,1.9600948,0.0,1.974081,0.0,2.00148,0.0,1.7749523,-0.016807199,1.7404661,0.0,2.1162555,0.0,2.1860514,0.0,1.7749523,0.0,1.8245493,-0.047252893,0.09319474,4.7820635,4.331752,4.779364,4.328984,0.0,0.0027680397,-0.0027666092,13.031500005722046,1.96,0.09,0.193,2.96,2.96,-0.55,-0.06751515503246175,-0.021415089268050913,-0.028041348420966727,-0.0016891760035153691,7.584088585854687e-05,-0.006814682996697741,0.01087564944580599,0.004020487651326121,82.22993756,75.89672088623047,0.4113183319568634,1.6417275667190552,0.0
2013-05-31,3.710663536867923,1.4436354751788136,-0.2,4.786595519584176,4.335293230797147,2.0000000000000075,2013-05-01,3.923053559,-0.271045517650312,-3.700000000000001,6.3,6.099999999999998,6.199999999999997,6.499999999999996,5.100000000000002,4.7,7.299999999999993,7.899999999999998,4.899999999999995,5.199999999999997,2013-05-01,-1.5475625,0.0,1.9878744,0.0,1.9600948,0.0,1.974081,0.0,2.014903,0.013422966,1.8082888,0.03333652,1.7404661,0.0,2.1162555,0.0,2.1860514,0.0,1.7749523,0.0,1.8245493,0.0,0.0,4.7858834,4.3369246,4.7820635,4.331752,0.1,0.0051727295,0.0027680397,13.967272715135055,1.76,0.06,0.22,2.83,2.83,-0.73,-0.0591074998923915,-0.06833618601803337,-0.01971690943875437,-0.007450238493080352,-0.010103741246189735,-0.009151619173970005,-0.005850821176054843,-0.0008633445250438854,101.0718878,95.10787200927734,0.6476489901542664,2.2199759483337402,180.0
2013-06-30,3.718779233061807,1.4874828366412745,0.1,4.782316175997579,4.336485331610221,2.1000000000000076,2013-06-01,0.155678519,0.549076513769894,-3.700000000000001,6.3,6.299999999999998,6.199999999999997,6.499999999999996,5.100000000000002,4.7,7.299999999999993,7.899999999999998,5.199999999999995,5.199999999999997,2013-06-01,-1.5475625,0.0,1.9878744,0.0,1.9878744,0.02777958,1.974081,0.0,2.014903,0.0,1.8082888,0.0,1.7404661,0.0,2.1162555,0.0,2.1860514,0.0,1.8245493,0.049597025,1.8245493,0.0,0.04384736,4.7865953,4.3352933,4.7858834,4.3369246,0.0,-0.0016312599,0.0051727295,13.493636304681951,1.93,0.04,0.22952380952380955,2.79,2.79,-0.87,0.003031684062041684,-0.05089516758355739,0.037895017483307925,-0.004992407939737431,0.024149508268247466,0.024165406210070017,0.0071868267187973345,0.0007806732341153477,86.42219175,83.71731567382812,0.2741900682449341,1.7678042650222778,91.0
2013-07-31,3.8053735529645882,1.4874828366412745,-0.1,4.788006568040219,4.343073374751796,2.1000000000000076,2013-07-01,2.338848708,0.165486600081719,-3.800000000000001,6.3,6.299999999999998,6.199999999999997,6.499999999999996,5.100000000000002,4.7,7.299999999999993,7.999999999999997,5.199999999999995,5.199999999999997,2013-07-01,-1.5686159,-0.021053433,1.9878744,0.0,1.9878744,0.0,1.974081,0.0,2.014903,0.0,1.8082888,0.0,1.7404661,0.0,2.1162555,0.0,2.1972246,0.011173248,1.8245493,0.0,1.8245493,0.0,0.0,4.782316,4.3364854,4.7865953,4.3352933,-0.1,0.0011920929,-0.0016312599,17.271499919891358,2.3,0.05,0.22149999999999997,2.83,2.83,-0.67,0.003512432161913992,-0.05127516789729114,-0.08493522739090942,0.0005541340168200293,0.007419452562106521,0.011649394262265744,0.008099167875108115,0.0020727838311218605,108.3978826,82.97300720214844,0.4147798717021942,1.8646067380905151,341.0
2013-08-31,3.8209786096992895,1.5296604950904071,0.1,4.792658222487076,4.3399928515467945,2.2000000000000077,2013-08-01,1.031043163,-1.21854584956486,-3.800000000000001,6.3,6.299999999999998,6.199999999999997,6.499999999999996,5.100000000000002,4.7,7.299999999999993,7.999999999999997,5.199999999999995,5.199999999999997,2013-08-01,-1.5686159,0.0,1.9878744,0.0,1.9878744,0.0,1.974081,0.0,2.014903,0.0,1.8082888,0.0,1.7404661,0.0,2.1162555,0.0,2.1972246,0.0,1.8245493,0.0,1.8245493,0.0,0.04217766,4.788007,4.3430734,4.782316,4.3364854,0.1,0.006587982,0.0011920929,13.97454565221613,2.58,0.04,0.2322727272727273,2.68,2.68,-0.66,0.04756521953034021,-0.044006299996192766,0.010070023486019153,-0.0014674952494182492,-0.007818003892084313,-5.0464401237348966e-05,0.005522885931721788,-0.00310675204574995,91.31236815,73.97581481933594,0.26704367995262146,1.4333962202072144,537.0
2013-09-30,3.817970897345784,1.570278543484981,0.0,4.7957816452768185,4.33377680949504,2.300000000000008,2013-09-01,-2.505295438,-0.984017868740049,-4.000000000000001,6.3,6.299999999999998,6.199999999999997,6.499999999999996,5.100000000000002,4.8,7.299999999999993,7.999999999999997,5.199999999999995,5.099999999999997,2013-09-01,-1.609438,-0.04082203,1.9878744,0.0,1.9878744,0.0,1.974081,0.0,2.014903,0.0,1.8082888,0.0,1.7578579,0.0173918,2.1162555,0.0,2.1972246,0.0,1.8245493,0.0,1.8082888,-0.016260505,0.040618047,4.7926583,4.339993,4.788007,4.3430734,-0.2,-0.003080368,0.006587982,14.209999908100475,2.74,0.04,0.21857142857142856,2.56,2.56,-0.57,0.030541283517354856,0.05023393684313504,0.03494449214914752,-0.0014859935619806475,0.012572089355647798,0.01649322062227032,-0.003117882367499547,0.00576546223913077,86.90265301,90.95674896240234,0.27166634798049927,2.058542251586914,41.0
2013-10-31,3.7618202602012323,1.570278543484981,-0.1,4.79427319163333,4.337278793048697,2.300000000000008,2013-10-01,-4.30270871,0.233114666538828,-4.1000000000000005,6.3999999999999995,6.299999999999998,6.199999999999997,6.499999999999996,5.200000000000002,5.0,7.299999999999993,7.999999999999997,5.2999999999999945,5.099999999999997,2013-10-01,-1.6292405,-0.01980257,2.00148,0.013605714,1.9878744,0.0,1.974081,0.0,2.014903,0.0,1.8245493,0.016260505,1.7917595,0.033901572,2.1162555,0.0,2.1972246,0.0,1.8405496,0.01600027,1.8082888,0.0,0.0,4.7957816,4.333777,4.7926583,4.339993,0.1,-0.006216049,-0.003080368,14.692000102996825,2.81,0.02,0.23700000000000002,2.75,2.75,-0.29,0.0028360551410528956,-0.0023271136900042677,0.04117597476973778,0.00011438562675381014,-0.019538673558284536,-0.014179627571494713,-0.004815805117573291,0.005071694571082475,95.91888719,100.4593276977539,0.36942970752716064,2.3628108501434326,358.0
2013-11-30,3.6912261218574978,1.570278543484981,0.0,4.799033197805859,4.341167842601605,2.300000000000008,2013-11-01,-0.662998263,0.586252258962154,-4.500000000000001,6.3,6.299999999999998,6.199999999999997,6.499999999999996,5.200000000000002,5.0,7.299999999999993,7.999999999999997,5.2999999999999945,5.099999999999997,2013-11-01,-1.704748,-0.07550752,1.9878744,-0.013605714,1.9878744,0.0,1.974081,0.0,2.014903,0.0,1.8245493,0.0,1.7917595,0.0,2.1162555,0.0,2.1972246,0.0,1.8405496,0.0,1.8082888,0.0,0.0,4.7942734,4.337279,4.7957816,4.333777,-0.3,0.003501892,-0.006216049,15.407826050468113,2.62,0.05,0.19409090909090912,2.65,2.65,-0.19,-0.022840017225961518,-0.024029552024648737,0.006180284153254334,-0.004208188422822889,-0.002043612485327806,-0.007063479775763604,-0.014098434783298863,-0.0007890413557394282,85.30499066,72.95311737060547,0.33997613191604614,1.5660603046417236,602.0
2013-12-31,3.7279659552354403,1.570278543484981,0.0,4.79773139893236,4.3461586508371735,2.300000000000008,2013-12-01,3.627418049,-0.0638698657828863,-4.6000000000000005,6.3,6.299999999999998,6.199999999999997,6.499999999999996,5.200000000000002,5.0,7.299999999999993,7.999999999999997,5.2999999999999945,5.199999999999997,2013-12-01,-1.7227666,-0.018018603,1.9878744,0.0,1.9878744,0.0,1.974081,0.0,2.014903,0.0,1.8245493,0.0,1.7917595,0.0,2.1162555,0.0,2.1972246,0.0,1.8405496,0.0,1.8245493,0.016260505,0.0,4.799033,4.341168,4.7942734,4.337279,0.3,0.0038890839,0.003501892,12.923999977111816,2.72,0.07,0.17210526315789473,2.61,2.61,-0.7,-0.011846226003978444,-0.031417004258882386,0.00872102890777171,-0.0003446436664811259,0.009638403850313004,0.009151298210401393,0.005005809854740306,0.0023333600077277694,93.23615973,77.77902221679688,0.4999053180217743,1.7572429180145264,531.0
2014-01-31,3.6942287604832877,1.5296604950904071,-0.1,4.806434346958688,4.350439162071415,2.2000000000000077,2014-01-01,-4.590217983,0.422824250307837,-4.7,6.3,6.299999999999998,6.299999999999996,6.499999999999996,5.200000000000002,5.0,7.299999999999993,7.999999999999997,5.2999999999999945,5.199999999999997,2014-01-01,-1.7404661,-0.01769948,1.9878744,0.0,1.9878744,0.0,1.9878744,0.013793349,2.014903,0.0,1.8245493,0.0,1.7917595,0.0,2.1162555,0.0,2.1972246,0.0,1.8405496,0.0,1.8245493,0.0,-0.040618047,4.7977314,4.3461585,4.799033,4.341168,0.0,0.0049905777,0.0038890839,14.192380905151367,2.9,0.07,0.1775,2.33,2.33,-0.5,0.027132158531072648,-0.043531025380509014,0.002838694071144232,-0.006339609077119723,-0.0007639432019184156,-0.0004830747028963245,-0.0006091247066573047,0.0020086317141130294,92.15428368,70.37248992919922,0.35803496837615967,1.631973385810852,370.0
2014-02-28,3.756596465727069,1.4436354751788136,-0.1,4.812135009189949,4.356553622338327,2.0000000000000075,2014-02-01,2.234538367,-0.257175852975593,-4.7,6.3,6.299999999999998,6.399999999999996,6.499999999999996,5.200000000000002,5.0,7.399999999999992,7.999999999999997,5.2999999999999945,5.199999999999997,2014-02-01,-1.7404661,0.0,1.9878744,0.0,1.9878744,0.0,2.00148,0.013605714,2.014903,0.0,1.8245493,0.0,1.7917595,0.0,2.1282318,0.011976242,2.1972246,0.0,1.8405496,0.0,1.8245493,0.0,-0.08602502,4.806434,4.350439,4.7977314,4.3461585,0.1,0.004280567,0.0049905777,14.240952400934129,2.86,0.04,0.19666666666666666,2.4,2.4,-0.64,-0.02411490197708943,0.01845957691316169,-0.028013411970039925,0.0008751146050409719,0.01716522925776154,0.014891103923416082,0.010907876907231717,-0.003563932744874876,100.1517602,77.91596984863281,0.274941086769104,1.6967792510986328,505.0
2014-03-31,3.754358099569604,1.4436354751788136,0.2,4.810627218690278,4.349188969456462,2.0000000000000075,2014-03-01,-1.854342306,-0.426332922427147,-4.9,6.3,6.299999999999998,6.399999999999996,6.699999999999996,5.200000000000002,5.0,7.399999999999992,7.999999999999997,5.2999999999999945,5.199999999999997,2014-03-01,-1.7749523,-0.034486175,1.9878744,0.0,1.9878744,0.0,2.00148,0.0,2.0412204,0.026317358,1.8245493,0.0,1.7917595,0.0,2.1282318,0.0,2.1972246,0.0,1.8405496,0.0,1.8245493,0.0,0.0,4.812135,4.3565536,4.806434,4.350439,-0.2,0.006114483,0.004280567,15.470000116448654,2.71,0.05,0.1831578947368421,2.35,2.35,-0.29,0.007214162174134842,0.04349212277635495,-0.023906820894621816,0.014061425739483102,-0.00832963168683687,-0.0030053413192474565,0.0009638554963062873,0.007528506037616012,95.04833683,69.00352478027344,0.29448360204696655,1.4558274745941162,538.0
2014-04-30,3.7650161461801797,1.1379820462933719,-0.6,4.8144872842809,4.345879982749088,1.4000000000000075,2014-04-01,1.005266289,0.509324459036578,-4.9,6.3999999999999995,6.299999999999998,6.399999999999996,6.699999999999996,5.200000000000002,5.0,7.399999999999992,7.999999999999997,5.2999999999999945,5.199999999999997,2014-04-01,-1.7749523,0.0,2.00148,0.013605714,1.9878744,0.0,2.00148,0.0,2.0412204,0.0,1.8245493,0.0,1.7917595,0.0,2.1282318,0.0,2.1972246,0.0,1.8405496,0.0,1.8245493,0.0,-0.30565342,4.810627,4.349189,4.812135,4.3565536,0.2,-0.00736475,0.006114483,14.836666742960611,2.72,0.05,0.18,2.26,2.26,-0.63,-0.013121218232134524,0.027698818217404053,-0.00939773366851071,0.011584765356984716,-0.0015342117856809168,-0.003970671651940094,0.003606206576729498,0.009638605074811402,105.0598652,119.83855438232422,0.606511652469635,2.701395273208618,274.0
2014-05-31,3.7641920601856835,1.0784510589549015,0.5,4.81215080081802,4.348749039159131,1.3000000000000074,2014-05-01,0.545897782,0.190282994147774,-5.0,6.3999999999999995,6.299999999999998,6.399999999999996,6.699999999999996,5.200000000000002,5.0,7.399999999999992,7.999999999999997,4.699999999999995,5.199999999999997,2014-05-01,-1.7917595,-0.016807199,2.00148,0.0,1.9878744,0.0,2.00148,0.0,2.0412204,0.0,1.8245493,0.0,1.7917595,0.0,2.1282318,0.0,2.1972246,0.0,1.7404661,-0.10008347,1.8245493,0.0,-0.05953099,4.8144875,4.34588,4.810627,4.349189,-0.1,-0.003308773,-0.00736475,14.198095321655273,2.71,0.03,0.1985,2.16,2.16,-0.83,0.002548696500857872,-0.028568708150357836,0.027713095805427912,0.00684544374874374,-0.0037590512274059407,0.00018725696085830634,-0.00192169167954237,0.0009672024963487402,88.65022024,93.22154235839844,0.4259178936481476,2.1098711490631104,443.0
2014-06-30,3.7975918330029184,1.0159731341796967,0.0,4.814017848226732,4.353261931427255,1.2000000000000073,2014-06-01,3.233854936,-0.120532972709448,-5.0,6.3999999999999995,6.299999999999998,6.399999999999996,6.699999999999996,5.300000000000002,5.0,7.399999999999992,7.999999999999997,4.599999999999995,5.299999999999996,2014-06-01,-1.7917595,0.0,2.00148,0.0,1.9878744,0.0,2.00148,0.0,2.0412204,0.0,1.8405496,0.01600027,1.7917595,0.0,2.1282318,0.0,2.1972246,0.0,1.7227666,-0.01769948,1.8405496,0.01600027,-0.062477924,4.812151,4.348749,4.8144875,4.34588,0.1,0.0028691292,-0.003308773,12.475238028026762,2.56,0.03,0.194,2.22,2.22,-0.84,0.01641913893756808,-0.00750624854877735,-0.0005983617602378644,-0.0019190487410640777,-0.0013748988311359511,-0.007638755783798246,-0.000962232453362688,0.00382432097151586,90.0495167,83.4288558959961,0.45531514286994934,1.802445888519287,556.0
2014-07-31,3.775451783671495,1.0159731341796967,0.1,4.815865455573296,4.3560426561293,1.2000000000000073,2014-07-01,0.477505405,0.28426690589403,-5.0,6.3999999999999995,6.399999999999998,6.399999999999996,6.699999999999996,5.300000000000002,5.0,7.399999999999992,7.999999999999997,4.599999999999995,4.899999999999996,2014-07-01,-1.7917595,0.0,2.00148,0.0,2.00148,0.013605714,2.00148,0.0,2.0412204,0.0,1.8405496,0.0,1.7917595,0.0,2.1282318,0.0,2.1972246,0.0,1.7227666,0.0,1.7749523,-0.065597296,0.0,4.814018,4.353262,4.812151,4.348749,0.0,0.004512787,0.0028691292,11.541428565979004,2.6,0.04,0.19428571428571428,2.18,2.18,-0.7,0.0203874865953253,-0.00750829123887975,0.024491955723323855,-0.006987587363838754,-0.005934773610746902,-0.0015608639947961578,0.0033637705912479277,0.0034263137889523065,82.19559941,98.76710510253906,0.22208121418952942,2.1296002864837646,182.0
2014-08-31,3.705128427982792,1.0159731341796967,0.0,4.806136115398133,4.359510475327422,1.2000000000000073,2014-08-01,-0.120607883,-0.0282969450359965,-5.0,6.3999999999999995,6.399999999999998,6.499999999999996,6.699999999999996,5.300000000000002,5.0,7.399999999999992,7.999999999999997,4.599999999999995,4.899999999999996,2014-08-01,-1.7917595,0.0,2.00148,0.0,2.00148,0.0,2.014903,0.013422966,2.0412204,0.0,1.8405496,0.0,1.7917595,0.0,2.1282318,0.0,2.1972246,0.0,1.7227666,0.0,1.7749523,0.0,0.0,4.8158655,4.356043,4.814018,4.353262,0.0,0.0027809143,0.004512787,12.296363613822244,2.54,0.03,0.20590909090909093,2.17,2.17,-0.83,-0.04600900766056526,0.024320711877853007,0.026230089675667756,-0.004831434668684853,0.013225702701018527,0.007184767460534758,-0.002882538628159459,0.0022187855179991445,98.54232843,138.7539520263672,0.5687612891197205,2.9183337688446045,529.0
2014-09-30,3.669954421381224,1.0159731341796967,0.0,4.816125599851414,4.369317768057044,1.2000000000000073,2014-09-01,0.630107625,1.17003053785676,-5.0,6.3999999999999995,6.399999999999998,6.499999999999996,6.699999999999996,5.500000000000002,5.0,7.399999999999992,7.999999999999997,4.599999999999995,4.899999999999996,2014-09-01,-1.7917595,0.0,2.00148,0.0,2.00148,0.0,2.014903,0.0,2.0412204,0.0,1.8718022,0.031252623,1.7917595,0.0,2.1282318,0.0,2.1972246,0.0,1.7227666,0.0,1.7749523,0.0,0.0,4.806136,4.3595104,4.8158655,4.356043,0.0,0.0034675598,0.0027809143,13.497142927987236,2.42,0.03,0.20049999999999998,2.23,2.23,-0.63,-0.049536749576871486,-0.011866341287523063,0.043325854979011424,-0.004985111852685575,0.0029433583757185744,-0.0038013634024620657,0.005637196337475281,-0.0018898378264742277,87.74792541,136.44558715820312,0.3972523510456085,2.797318458557129,393.0
2014-10-31,3.570864744400852,1.0784510589549015,0.1,4.809362708148616,4.381245529690798,1.3000000000000074,2014-10-01,-3.111738617,1.21832604592007,-4.8,6.3999999999999995,6.299999999999998,6.499999999999996,6.799999999999995,5.500000000000002,5.0,7.399999999999992,7.999999999999997,4.699999999999995,4.899999999999996,2014-10-01,-1.7578579,0.033901572,2.00148,0.0,1.9878744,-0.013605714,2.014903,0.0,2.0541236,0.0129032135,1.8718022,0.0,1.7917595,0.0,2.1282318,0.0,2.1972246,0.0,1.7404661,0.01769948,1.7749523,0.0,0.062477924,4.8161254,4.3693175,4.806136,4.3595104,0.2,0.00980711,0.0034675598,13.466666630336217,2.53,0.02,0.2119047619047619,2.29,2.29,-0.82,-0.04547011234835807,-0.046285832335209776,-0.01913498848425732,-0.0008142659842458322,0.029141021896677444,0.020044434813558,0.012007515129955237,0.0028693197501494794,94.34580832,131.55665588378906,0.44556841254234314,2.9062299728393555,413.0
2014-11-30,3.4651481352074205,1.3008204268406505,0.3,4.816604928551813,4.378560359075865,1.7000000000000073,2014-11-01,-2.599301676,0.395152666926483,-4.8,6.6,6.299999999999998,6.499999999999996,6.799999999999995,5.500000000000002,5.0,7.399999999999992,7.999999999999997,4.699999999999995,4.899999999999996,2014-11-01,-1.7578579,0.0,2.0281482,0.026668072,1.9878744,0.0,2.014903,0.0,2.0541236,0.0,1.8718022,0.0,1.7917595,0.0,2.1282318,0.0,2.1972246,0.0,1.7404661,0.0,1.7749523,0.0,0.22236937,4.809363,4.3812456,4.8161254,4.3693175,-0.2,0.0119280815,0.00980711,18.01608711740245,2.3,0.02,0.21318181818181817,2.39,2.39,-0.6,-0.10486932761247214,-0.011435481503996314,-0.043689476042368725,-0.00417946144857928,0.006033475263144794,0.0026550301838632606,0.00917545550260268,0.00011933608402614482,87.7925086,83.66100311279297,0.23572352528572083,1.7717283964157104,519.0
2014-12-31,3.222711811760883,1.3008204268406505,-0.4,4.818874308094196,4.389950110864003,1.7000000000000073,2014-12-01,-7.762349698,2.73904945356218,-4.8,6.6,6.299999999999998,6.499999999999996,6.799999999999995,5.500000000000002,5.0,7.399999999999992,7.999999999999997,4.699999999999995,4.899999999999996,2014-12-01,-1.7578579,0.0,2.0281482,0.0,1.9878744,0.0,2.014903,0.0,2.0541236,0.0,1.8718022,0.0,1.7917595,0.0,2.1282318,0.0,2.1972246,0.0,1.7404661,0.0,1.7749523,0.0,0.0,4.816605,4.3785605,4.809363,4.3812456,0.0,-0.00268507,0.0119280815,13.41315786462081,2.33,0.02,0.20944444444444443,2.52,2.52,-0.98,-0.09580825146258487,-0.039340803145659464,0.020301672141577853,0.00497744860913274,0.01973541787997668,0.021311543609050076,0.010946889332807075,0.006153151350189567,111.5138528,84.38005065917969,0.3742002844810486,1.7623627185821533,640.0
2015-01-31,3.0014793791914607,1.3008204268406505,0.0,4.824413310900802,4.3809562119758665,1.7000000000000073,2015-01-01,-9.806055973,0.30930777619979,-4.8,6.6,6.299999999999998,6.499999999999996,6.799999999999995,5.500000000000002,5.0,7.399999999999992,7.999999999999997,4.699999999999995,4.999999999999996,2015-01-01,-1.7578579,0.0,2.0281482,0.0,1.9878744,0.0,2.014903,0.0,2.0541236,0.0,1.8718022,0.0,1.7917595,0.0,2.1282318,0.0,2.1972246,0.0,1.7404661,0.0,1.7917595,0.016807199,0.0,4.8188744,4.3899503,4.816605,4.3785605,0.0,0.011389732,-0.00268507,16.3118182962591,2.21,0.03,0.21523809523809523,2.51,2.51,-0.4,-0.24245245229024892,0.0212891308056804,-0.01666356908483202,0.009994009078749366,0.02186726336267597,0.024139201561060197,0.01642676647669461,-7.906777172816959e-05,110.9831814,86.5262222290039,0.25255823135375977,1.7766165733337402,463.0
2015-02-28,3.0676866518874153,1.350440740274976,0.1,4.821708293206341,4.37976149618361,1.8000000000000074,2015-02-01,1.915608167,-0.959054205376117,-4.7,6.6,6.299999999999998,6.499999999999996,6.799999999999995,5.400000000000002,5.0,7.399999999999992,7.999999999999997,4.699999999999995,4.899999999999996,2015-02-01,-1.7404661,0.0173918,2.0281482,0.0,1.9878744,0.0,2.014903,0.0,2.0541236,0.0,1.856298,-0.015504241,1.7917595,0.0,2.1282318,0.0,2.1972246,0.0,1.7404661,0.0,1.7749523,-0.016807199,0.04962031,4.8244133,4.380956,4.8188744,4.3899503,0.1,-0.0089941025,0.011389732,19.119499969482423,1.88,0.03,0.22600000000000003,2.61,2.61,-0.52,-0.26634506577911754,0.040905281351822254,0.03461750726472168,0.007210508111292313,0.0317923257594277,0.011991067563178248,0.01896005335070239,-0.007879228487476908,92.68878189,111.9856948852539,0.28898102045059204,2.1024417877197266,404.0
2015-03-31,3.0088840430791928,1.350440740274976,-0.1,4.821348667465656,4.391046446094432,1.8000000000000074,2015-03-01,-3.873465389,2.86687580584725,-4.7,6.6,6.299999999999998,6.499999999999996,6.799999999999995,5.400000000000002,5.2,7.399999999999992,7.999999999999997,4.699999999999995,4.899999999999996,2015-03-01,-1.7404661,0.0,2.0281482,0.0,1.9878744,0.0,2.014903,0.0,2.0541236,0.0,1.856298,0.0,1.8245493,0.032789826,2.1282318,0.0,2.1972246,0.0,1.7404661,0.0,1.7749523,0.0,0.0,4.821708,4.3797617,4.8244133,4.380956,-0.1,-0.0011944771,-0.0089941025,15.904210492184287,1.98,0.02,0.24157894736842103,2.46,2.46,-0.33,0.1959102081726174,-0.019106008108807693,0.018841775136468897,0.0031951461003159043,9.186193252652686e-05,0.0008385546755880213,0.012332804500144512,-0.006405903226315068,89.57662162,111.92469787597656,0.3238460123538971,2.4174420833587646,258.0
2015-04-30,3.137680994535602,1.1379820462933719,-0.4,4.820785135932187,4.386785319153376,1.4000000000000075,2015-04-01,4.632033533,0.109163355756448,-4.7,6.6,6.299999999999998,6.499999999999996,6.799999999999995,5.400000000000002,5.2,7.399999999999992,7.999999999999997,4.699999999999995,4.899999999999996,2015-04-01,-1.7404661,0.0,2.0281482,0.0,1.9878744,0.0,2.014903,0.0,2.0541236,0.0,1.856298,0.0,1.8245493,0.0,2.1282318,0.0,2.1972246,0.0,1.7404661,0.0,1.7749523,0.0,-0.2124587,4.8213487,4.3910465,4.821708,4.3797617,0.0,0.011284828,-0.0011944771,14.812727277929133,2.04,0.03,0.24045454545454545,2.55,2.55,-0.39,-0.03878406679992441,-0.040284616251249794,-0.01484906904122596,-0.011308617928673215,0.01728845051380823,0.008464100407349129,0.02054717095130698,-0.0033518725083752088,92.34642274,104.23526763916016,0.39955514669418335,2.496189832687378,231.0
2015-05-31,3.219209101252326,0.8813735870195485,0.0,4.8182502098122315,4.385709270439257,1.0000000000000075,2015-05-01,3.656384732,0.00942927772448643,-4.7,6.6,6.299999999999998,6.599999999999995,6.799999999999995,5.600000000000002,5.2,7.399999999999992,8.099999999999998,4.599999999999995,4.899999999999996,2015-05-01,-1.7404661,0.0,2.0281482,0.0,1.9878744,0.0,2.0281482,0.013245106,2.0541236,0.0,1.8870697,0.030771732,1.8245493,0.0,2.1282318,0.0,2.2082744,0.0110497475,1.7227666,-0.01769948,1.7749523,0.0,-0.25660846,4.820785,4.3867855,4.8213487,4.3910465,0.0,-0.004261017,0.011284828,13.494761875697545,1.94,0.02,0.2545,2.6,2.6,-0.36,0.06308025115041005,0.01707674532997583,0.11769656539891393,0.00045158377646359327,-0.020001456438931697,-0.006398101838431813,-0.00553236753051678,-0.005470746111496005,111.1316852,102.19049072265625,0.5016366839408875,2.4401650428771973,453.0
2015-06-30,3.225681781482666,1.015973134179697,0.6,4.822980269190356,4.391063565831259,1.2000000000000075,2015-06-01,0.709075581,1.27339910411593,-4.7,6.699999999999999,6.399999999999998,6.599999999999995,6.799999999999995,5.600000000000002,5.2,7.399999999999992,8.099999999999998,4.599999999999995,4.899999999999996,2015-06-01,-1.7404661,0.0,2.0412204,0.013072252,2.00148,0.013605714,2.0281482,0.0,2.0541236,0.0,1.8870697,0.0,1.8245493,0.0,2.1282318,0.0,2.2082744,0.0,1.7227666,0.0,1.7749523,0.0,0.13459955,4.81825,4.3857093,4.820785,4.3867855,0.0,-0.0010762215,-0.004261017,13.3385000705719,2.2,0.02,0.2636842105263158,2.72,2.72,-0.56,0.07366987970921102,-0.00025025442663917374,0.012259174682977658,-0.000612913130689341,0.01345735581073626,0.007558962539713221,-0.004469890244175545,-0.0044228298448434344,93.97870696,76.2623291015625,0.2950104773044586,1.6674505472183228,729.0
2015-07-31,3.0626195889333463,0.8813735870195485,-0.4,4.820880246719684,4.398144356035782,1.0000000000000075,2015-07-01,-3.571560527,1.32661476816854,-4.8,6.699999999999999,6.399999999999998,6.599999999999995,6.799999999999995,5.600000000000002,5.2,7.399999999999992,8.099999999999998,4.599999999999995,4.899999999999996,2015-07-01,-1.7578579,-0.0173918,2.0412204,0.0,2.00148,0.0,2.0281482,0.0,2.0541236,0.0,1.8870697,0.0,1.8245493,0.0,2.1282318,0.0,2.2082744,0.0,1.7227666,0.0,1.7749523,0.0,-0.13459955,4.8229804,4.3910637,4.81825,4.3857093,-0.1,0.0053544044,-0.0010762215,14.33954551003196,2.36,0.02,0.26772727272727276,2.83,2.83,-0.88,-0.041379321199805474,-0.014394420284631337,-0.024538980893689555,0.00032263268548948787,-0.0020604167791651307,0.006797733813436402,0.009569451016150587,-0.0031500185136206227,119.0318691,85.90596771240234,0.3204573094844818,1.9097522497177124,498.0
2015-08-31,2.8909331470760975,1.015973134179697,0.4,4.824234191530156,4.394558790637505,1.2000000000000075,2015-08-01,-4.940701918,0.733228914691826,-4.8999999999999995,6.699999999999999,6.399999999999998,6.599999999999995,6.799999999999995,5.600000000000002,5.2,7.399999999999992,8.099999999999998,4.599999999999995,4.899999999999996,2015-08-01,-1.7749523,-0.017094374,2.0412204,0.0,2.00148,0.0,2.0281482,0.0,2.0541236,0.0,1.8870697,0.0,1.8245493,0.0,2.1282318,0.0,2.2082744,0.0,1.7227666,0.0,1.7749523,0.0,0.13459955,4.8208804,4.3981442,4.8229804,4.3910637,0.0,0.007080555,0.0053544044,14.35272723978216,2.32,0.03,0.25863636363636366,2.94,2.94,-0.42,-0.08334986841557779,-0.046063879630762194,-0.0760085529490091,0.0015632935486713517,0.02102064849581531,0.018829892437508988,0.01578386770126272,0.0064600821906077854,141.2532936,106.80866241455078,0.727304220199585,2.4546518325805664,851.0
2015-09-30,2.95228365248382,1.350440740274976,0.4,4.823272640420853,4.392977121145227,1.8000000000000074,2015-09-01,1.114830523,-0.657012672230928,-4.8,6.699999999999999,6.399999999999998,6.599999999999995,6.799999999999995,5.600000000000002,5.2,7.399999999999992,8.099999999999998,4.599999999999995,4.999999999999996,2015-09-01,-1.7578579,0.017094374,2.0412204,0.0,2.00148,0.0,2.0281482,0.0,2.0541236,0.0,1.8870697,0.0,1.8245493,0.0,2.1282318,0.0,2.2082744,0.0,1.7227666,0.0,1.7917595,0.016807199,0.33446762,4.824234,4.394559,4.8208804,4.3981442,0.2,-0.0035853386,0.007080555,19.42809536343529,2.17,0.07,0.248,3.15,3.15,-0.69,-0.19555024141422983,-0.009242177048154332,-0.07501001088478532,0.026428355888196586,0.016232393761944408,0.03331901718396324,0.01396404791431305,-0.00184021074428653,150.119272,82.47853088378906,0.44293656945228577,1.8612760305404663,293.0
2015-10-31,2.9674345956456727,1.350440740274976,-0.6,4.826542980395745,4.392536623245884,1.8000000000000074,2015-10-01,-1.727602962,-0.00727882113585814,-4.5,6.699999999999999,6.499999999999997,6.699999999999995,6.799999999999995,5.600000000000002,5.2,7.399999999999992,8.099999999999998,4.599999999999995,5.099999999999995,2015-10-01,-1.704748,0.053109884,2.0412204,0.0,2.014903,0.013422966,2.0412204,0.013072252,2.0541236,0.0,1.8870697,0.0,1.8245493,0.0,2.1282318,0.0,2.2082744,0.0,1.7227666,0.0,1.8082888,0.016529322,0.0,4.8232727,4.392977,4.824234,4.394559,0.2,-0.0015816689,-0.0035853386,24.3771428607759,2.17,0.02,0.31,3.29,3.29,-0.4,0.023544814451530005,0.006099809344416229,-0.08435178625062711,-0.0032046274558390486,0.006931290176889426,0.008018161412297609,0.0037747764230680048,-0.002794967313555219,144.0001088,98.7674560546875,0.41760918498039246,2.2881503105163574,987.0
2015-11-30,2.8809194000418694,1.3979983651114376,0.1,4.8227863985719335,4.400264398503768,1.9000000000000075,2015-11-01,-0.658134964,1.2385156851565,-4.5,6.699999999999999,6.499999999999997,6.699999999999995,6.799999999999995,5.700000000000002,5.2,7.399999999999992,8.099999999999998,4.799999999999995,5.099999999999995,2015-11-01,-1.704748,0.0,2.0412204,0.0,2.014903,0.0,2.0412204,0.0,2.0541236,0.0,1.9021075,0.015037775,1.8245493,0.0,2.1282318,0.0,2.2082744,0.0,1.7578579,0.03509128,1.8082888,0.0,0.047557626,4.826543,4.3925366,4.8232727,4.392977,-0.3,-0.00044059753,-0.0015816689,16.789545449343596,2.07,0.02,0.3061904761904762,3.19,3.19,-0.25,0.016799800743085846,0.03019467397910791,0.0593285118510245,-0.005933611652181536,-0.010140062237495862,-0.015904790445080863,-0.009780800483279783,-0.0048472353195281315,117.7836505,91.931884765625,0.27573901414871216,2.0396578311920166,795.0
2015-12-31,2.7499441264825824,1.24898332790488,-0.4,4.820384455388081,4.403069840173823,1.6000000000000074,2015-12-01,-4.695209957,1.04128521415191,-4.5,6.699999999999999,6.499999999999997,6.699999999999995,6.799999999999995,5.700000000000002,5.2,7.399999999999992,8.099999999999998,4.799999999999995,5.099999999999995,2015-12-01,-1.704748,0.0,2.0412204,0.0,2.014903,0.0,2.0412204,0.0,2.0541236,0.0,1.9021075,0.0,1.8245493,0.0,2.1282318,0.0,2.2082744,0.0,1.7578579,0.0,1.8082888,0.0,-0.14901504,4.8227863,4.4002643,4.826543,4.3925366,0.0,0.007727623,-0.00044059753,16.209999990463256,2.26,0.12,0.24421052631578946,3.2,3.2,-0.65,-0.08986599364240178,-0.06486694829368389,-0.006191734153228268,0.011065489925872418,0.019161405114632934,0.008931382632934692,0.013958352250706518,-0.007384517731686024,108.0867371,150.71588134765625,0.4885844886302948,3.168949842453003,387.0
2016-01-31,2.5893122343323225,1.24898332790488,0.3,4.831171127261329,4.403161340046257,1.6000000000000074,2016-01-01,-8.323229248,1.26027803032056,-4.5,6.699999999999999,6.499999999999997,6.699999999999995,6.799999999999995,5.700000000000002,5.2,7.399999999999992,8.099999999999998,4.699999999999996,5.099999999999995,2016-01-01,-1.704748,0.0,2.0412204,0.0,2.014903,0.0,2.0412204,0.0,2.0541236,0.0,1.9021075,0.0,1.8245493,0.0,2.1282318,0.0,2.2082744,0.0,1.7404661,-0.0173918,1.8082888,0.0,0.0,4.8203845,4.40307,4.8227863,4.4002643,0.0,0.0028057098,0.007727623,18.02545473792336,2.24,0.23,0.30523809523809525,3.23,3.23,-0.61,-0.15252377267746997,-0.009897499142494937,-0.026986241913673936,0.013912754240309688,0.00888775004004394,0.019838207008424646,0.004886426523767362,-0.004916123240685799,115.0681593,148.23687744140625,0.4672437608242035,3.349400043487549,604.0
2016-02-29,2.546751177656473,1.1379820462933719,-0.2,4.828537547662704,4.393059337471932,1.4000000000000075,2016-02-01,-1.205371015,-1.3290306628174,-4.5,6.499999999999999,6.399999999999998,6.699999999999995,6.799999999999995,5.700000000000002,5.2,7.399999999999992,8.099999999999998,4.699999999999996,5.099999999999995,2016-02-01,-1.704748,0.0,2.014903,-0.026317358,2.00148,-0.013422966,2.0412204,0.0,2.0541236,0.0,1.9021075,0.0,1.8245493,0.0,2.1282318,0.0,2.2082744,0.0,1.7404661,0.0,1.8082888,0.0,-0.11100128,4.831171,4.4031615,4.8203845,4.40307,0.0,9.1552734e-05,0.0028057098,23.717894805105107,2.09,0.26,0.3636842105263158,3.48,3.48,-0.8,-0.21348332227969458,0.020399575661474323,-0.10462971464207271,0.014924049306077602,0.019485493053404745,0.025776941992107893,0.023776483853240826,0.005226534839914088,154.6285319,118.21114349365234,0.6952168941497803,2.507415533065796,688.0
2016-03-31,2.758614908216214,0.7326682560454167,-0.4,4.83055701354647,4.39199354954795,0.8000000000000075,2016-03-01,6.85554797,-0.504959334804575,-3.9,6.3999999999999995,6.299999999999998,6.7999999999999945,6.799999999999995,5.700000000000002,5.1000000000000005,7.399999999999992,8.099999999999998,4.699999999999996,5.099999999999995,2016-03-01,-1.5892352,0.11551285,2.00148,-0.013422966,1.9878744,-0.013605714,2.0541236,0.0129032135,2.0541236,0.0,1.9021075,0.0,1.8082888,-0.016260505,2.1282318,0.0,2.2082744,0.0,1.7404661,0.0,1.8082888,0.0,-0.4053138,4.8285375,4.3930593,4.831171,4.4031615,0.6,-0.010102272,9.1552734e-05,22.516999816894533,1.78,0.31,0.311,3.55,3.55,-0.76,0.04714538546530589,0.08849643078288416,-0.03083132707267744,-0.0034583396367287023,-0.011585975428069162,-0.0020301583481590058,-0.01417740101250864,-0.005198264319299817,121.4840824,103.74964904785156,0.49907034635543823,2.245816707611084,615.0
2016-04-30,2.836853088732133,0.568824898732254,0.4,4.83239201165426,4.38242445553267,0.6000000000000074,2016-04-01,-0.238619737,-0.0179797666875915,-3.9,6.499999999999999,6.299999999999998,6.7999999999999945,6.799999999999995,5.800000000000002,5.1000000000000005,7.399999999999992,8.099999999999998,4.699999999999996,5.099999999999995,2016-04-01,-1.5892352,0.0,2.014903,0.013422966,1.9878744,0.0,2.0541236,0.0,2.0541236,0.0,1.9169226,0.014815092,1.8082888,0.0,2.1282318,0.0,2.2082744,0.0,1.7404661,0.0,1.8082888,0.0,-0.16384336,4.830557,4.3919935,4.8285375,4.3930593,-0.6,-0.001065731,-0.010102272,15.849090966311367,1.89,0.29,0.33714285714285713,3.12,3.12,-0.66,0.17171740408871194,0.037343170096250766,0.0591220228498166,-0.01607665101109701,-0.03857261410207258,-0.03857987981412592,-0.016781002859945993,-0.007447561483016507,118.2740042,109.72029113769531,0.511520504951477,2.448961019515991,523.0
2016-05-31,2.9708255969576647,0.2956730475634296,-0.1,4.831892922328191,4.37239675334628,0.3000000000000074,2016-05-01,3.62840297,-1.96217524736263,-4.0,6.499999999999999,6.299999999999998,6.7999999999999945,6.799999999999995,5.900000000000001,5.1000000000000005,7.399999999999992,8.099999999999998,4.699999999999996,5.099999999999995,2016-05-01,-1.609438,-0.020202756,2.014903,0.0,1.9878744,0.0,2.0541236,0.0,2.0541236,0.0,1.9315214,0.014598846,1.8082888,0.0,2.1282318,0.0,2.2082744,0.0,1.7404661,0.0,1.8082888,0.0,-0.27315184,4.832392,4.3824244,4.830557,4.3919935,-0.1,-0.009569168,-0.001065731,14.300476255871,1.81,0.23,0.40476190476190477,2.86,2.86,-0.28,0.08459028859392914,-0.0023156720165324884,0.03215773853373172,0.003993257020555641,-0.009981499716382736,-0.001005333963767896,-0.013037720163727506,0.0033764655587065207,110.7683142,85.22145080566406,0.3625040650367737,2.012362241744995,660.0
2016-06-30,3.0108417471872033,0.2956730475634296,0.3,4.838793239717731,4.380966285202026,0.3000000000000074,2016-06-01,1.734983433,0.212506665826049,-3.9,6.499999999999999,6.399999999999998,6.7999999999999945,6.899999999999995,5.900000000000001,5.000000000000001,7.399999999999992,8.199999999999998,4.799999999999995,5.099999999999995,2016-06-01,-1.5892352,0.020202756,2.014903,0.0,2.00148,0.013605714,2.0541236,0.0,2.0668628,0.0127391815,1.9315214,0.0,1.7917595,-0.016529322,2.1282318,0.0,2.2192035,0.010929108,1.7578579,0.0173918,1.8082888,0.0,0.0,4.831893,4.372397,4.832392,4.3824244,0.2,-0.010027409,-0.009569168,14.852857044764928,1.81,0.27,0.3685,2.84,2.84,-0.72,0.11695182220880529,0.014933103748748344,-0.03837652355423771,0.016241087513623187,0.032546317966943406,0.03354282269508513,0.013977422660441441,-0.002270369719856724,119.2141,88.3324203491211,0.44612371921539307,1.9210634231567383,366.0
2016-07-31,2.9229231768887676,-0.09983407889920014,-0.4,4.833913838293712,4.390240185920881,-0.0999999999999926,2016-07-01,-2.029705992,0.842945729423647,-3.9,6.199999999999999,5.999999999999997,6.7999999999999945,6.899999999999995,5.900000000000001,5.000000000000001,7.399999999999992,8.199999999999998,4.799999999999995,5.099999999999995,2016-07-01,-1.5892352,0.0,1.974081,-0.04082203,1.9459101,-0.055570006,2.0541236,0.0,2.0668628,0.0,1.9315214,0.0,1.7917595,0.0,2.1282318,0.0,2.2192035,0.0,1.7578579,0.0,1.8082888,0.0,-0.39550713,4.8387933,4.380966,4.831893,4.372397,-0.1,0.008569241,-0.010027409,17.774545496160332,1.64,0.27,0.38227272727272726,2.92,2.92,-0.29,0.03168803422804789,0.012178210295872738,0.023147245823288642,0.009995773436096256,-0.0023669872585099228,-0.005349072714937009,0.006345925067316571,0.004712588491569747,108.3020898,90.16812896728516,0.30207201838493347,1.7746731042861938,1165.0
2016-08-31,2.922475992890176,7.327471962526006e-15,0.5,4.836863086440016,4.383432907908006,7.41073868937292e-15,2016-08-01,2.579668896,-0.794350604408474,-3.8,6.199999999999999,5.999999999999997,6.7999999999999945,6.899999999999995,5.900000000000001,5.000000000000001,7.399999999999992,8.199999999999998,4.799999999999995,5.099999999999995,2016-08-01,-1.5686159,0.020619273,1.974081,0.0,1.9459101,0.0,2.0541236,0.0,2.0668628,0.0,1.9315214,0.0,1.7917595,0.0,2.1282318,0.0,2.2192035,0.0,1.7578579,0.0,1.8082888,0.0,0.09983408,4.833914,4.39024,4.8387933,4.380966,0.1,0.009274006,0.008569241,13.158500051498413,1.5,0.3,0.40049999999999997,2.71,2.71,-0.18,-0.07074616725474137,0.04613034968480623,0.04040909628401579,-0.0013250020759560943,-0.0025692336520597436,0.0007346299057138239,0.004242775547565358,0.001171402354962936,118.257691,114.6104507446289,0.3781368136405945,2.4603447914123535,678.0
2016-09-30,2.930745645659936,-0.19869011034923423,-0.3,4.835976185870779,4.387519695154841,-0.1999999999999926,2016-09-01,2.323936377,0.0834484161127181,-3.9,6.199999999999999,5.799999999999997,6.7999999999999945,6.899999999999995,5.900000000000001,5.000000000000001,7.399999999999992,8.199999999999998,4.999999999999996,5.099999999999995,2016-09-01,-1.5892352,-0.020619273,1.974081,0.0,1.9169226,-0.028987527,2.0541236,0.0,2.0668628,0.0,1.9315214,0.0,1.7917595,0.0,2.1282318,0.0,2.2192035,0.0,1.7917595,0.033901572,1.8082888,0.0,-0.19869012,4.836863,4.383433,4.833914,4.39024,-0.2,-0.0068073273,0.009274006,12.399565240611201,1.56,0.3,0.5154545454545455,2.61,2.61,0.09,0.0196303285617212,0.002622506480935094,0.05284931412919569,0.006083520455743452,0.004722727408856819,0.0033356838201656913,-0.008920295639758713,-0.0015082196772331358,140.1354605,98.73848724365234,0.28943559527397156,2.1500930786132812,399.0
2016-10-31,3.025330329277876,-0.2956730475634154,0.1,4.842879443351814,4.402056638078939,-0.2999999999999926,2016-10-01,2.693134693,0.488672932542925,-3.9,6.199999999999999,5.599999999999997,6.7999999999999945,6.899999999999995,5.700000000000001,5.000000000000001,7.399999999999992,8.199999999999998,4.999999999999996,5.099999999999995,2016-10-01,-1.5892352,0.0,1.974081,0.0,1.8870697,-0.029852867,2.0541236,0.0,2.0668628,0.0,1.9021075,-0.029413939,1.7917595,0.0,2.1282318,0.0,2.2192035,0.0,1.7917595,0.0,1.8082888,0.0,-0.09698293,4.835976,4.38752,4.836863,4.383433,0.1,0.0040869713,-0.0068073273,14.219523793175107,1.63,0.29,0.559047619047619,2.69,2.69,-0.3,0.015684289706694,-0.01016965543954651,0.038029882449482244,-0.0013636944740775814,-0.0011046670855074936,0.0040495851328623544,0.0065424190993192965,-0.0010556910872727698,110.1229152,104.54522705078125,0.5847952961921692,2.6114134788513184,697.0
2016-11-30,2.937484026971243,7.327471962526006e-15,0.4,4.843582036902489,4.41450868433312,7.382983113757291e-15,2016-11-01,-1.298644446,1.40856900816035,-4.1,6.199999999999999,4.999999999999997,6.7999999999999945,6.899999999999995,5.700000000000001,5.000000000000001,7.399999999999992,8.199999999999998,4.999999999999996,5.099999999999995,2016-11-01,-1.6292405,-0.040005326,1.974081,0.0,1.7917595,-0.09531021,2.0541236,0.0,2.0668628,0.0,1.9021075,0.0,1.7917595,0.0,2.1282318,0.0,2.2192035,0.0,1.7917595,0.0,1.8082888,0.0,0.29567304,4.8428793,4.4020567,4.835976,4.38752,-0.2,0.014536858,0.0040869713,14.58523804800851,1.76,0.33,0.5525,2.61,2.61,-0.06,0.06151695442804561,-0.04633014758902476,-0.005833801571409225,0.015622992958341797,0.015372048747727796,0.001780214577437711,0.008041280443689125,0.0001559439981937416,112.1380817,85.74778747558594,0.2650436758995056,1.997644066810608,370.0
2016-12-31,3.063961259740463,-0.48121182505959686,-0.8,4.8433128839584425,4.408064951154573,-0.4999999999999926,2016-12-01,8.369002693,-1.98229800666983,-4.1,6.199999999999999,4.799999999999997,6.7999999999999945,6.899999999999995,5.700000000000001,5.000000000000001,7.399999999999992,8.199999999999998,4.999999999999996,5.099999999999995,2016-12-01,-1.6292405,0.0,1.974081,0.0,1.7578579,-0.033901572,2.0541236,0.0,2.0668628,0.0,1.9021075,0.0,1.7917595,0.0,2.1282318,0.0,2.2192035,0.0,1.7917595,0.0,1.8082888,0.0,-0.4812118,4.843582,4.414509,4.8428793,4.4020567,0.2,0.012452126,0.014536858,15.236190387180873,2.14,0.45,0.4615,2.45,2.45,-0.31,-0.1016888367414106,-0.02251682019787804,-0.03420988451589402,0.016138358046680956,0.03231587808680558,0.03882147884391163,0.022940510685695692,-0.004180408725706464,135.2869805,82.91875457763672,0.4768986105918884,1.917850375175476,1014.0
2017-01-31,3.0699756394884217,-0.7326682560454051,0.2,4.850902890095625,4.396832448173388,-0.7999999999999926,2017-01-01,-6.525532971,-0.493518411487957,-4.1,6.199999999999999,4.599999999999997,6.7999999999999945,6.899999999999995,5.700000000000001,5.000000000000001,7.399999999999992,8.199999999999998,5.099999999999995,5.099999999999995,2017-01-01,-1.6292405,0.0,1.974081,0.0,1.7227666,-0.03509128,2.0541236,0.0,2.0668628,0.0,1.9021075,0.0,1.7917595,0.0,2.1282318,0.0,2.2192035,0.0,1.8082888,0.016529322,1.8082888,0.0,-0.25145644,4.8433127,4.408065,4.843582,4.414509,0.0,-0.0064439774,0.012452126,12.472380956013998,2.49,0.51,0.471,2.28,2.28,-0.22,0.17535992202805462,-0.06763829902204588,-0.017359152363921382,0.008577659685801375,0.004938382033738975,0.004576555793166293,0.015039375142960942,0.0068125945893555695,153.0003186,102.18046569824219,0.5850464105606079,2.2972464561462402,800.0
2017-02-28,3.087007962140917,-0.7326682560454051,0.3,4.854633863305596,4.396708107489089,-0.7999999999999926,2017-02-01,-0.854644913,-0.798846939971036,-4.3,6.199999999999999,4.299999999999997,6.7999999999999945,6.899999999999995,5.600000000000001,5.000000000000001,7.399999999999992,8.199999999999998,4.999999999999996,5.099999999999995,2017-02-01,-1.6677068,-0.038466334,1.974081,0.0,1.6677068,-0.05505979,2.0541236,0.0,2.0668628,0.0,1.8870697,-0.015037775,1.7917595,0.0,2.1282318,0.0,2.2192035,0.0,1.7917595,-0.016529322,1.8082888,0.0,0.0,4.850903,4.3968325,4.8433127,4.408065,-0.2,-0.011232376,-0.0064439774,11.608500003814697,2.43,0.51,0.5135,2.23,2.23,0.16,0.023510647854556144,0.029574908402620892,0.025970151976032696,-0.009580530305081991,-0.01809738325331356,-0.0093936141076707,0.0018764510962450132,-0.002632185863649106,162.8714242,105.20123291015625,0.6432333588600159,2.5729334354400635,724.0
2017-03-31,3.0076784727927666,-0.9503469298211292,-0.3,4.859933184789537,4.386733726414799,-1.0999999999999925,2017-03-01,-5.670708303,-0.121087344448709,-4.3,6.199999999999999,3.8999999999999972,6.7999999999999945,6.899999999999995,5.300000000000002,5.000000000000001,7.399999999999992,8.199999999999998,4.999999999999996,5.099999999999995,2017-03-01,-1.6677068,0.0,1.974081,0.0,1.5892352,-0.07847166,2.0541236,0.0,2.0668628,0.0,1.8405496,-0.046520114,1.7917595,0.0,2.1282318,0.0,2.2192035,0.0,1.7917595,0.0,1.8082888,0.0,-0.21767868,4.854634,4.396708,4.850903,4.3968325,0.2,-0.0001244545,-0.011232376,11.530526361967388,2.42,0.52,0.521578947368421,2.19,2.19,0.14,0.005351197598470581,0.0347065291630102,0.03914447664198484,-0.0014989124778548302,-0.0019024470131236981,-0.015366392952409491,-0.015111133549675415,-0.004022819294649871,126.5126168,114.20635986328125,0.7214450836181641,3.023460626602173,585.0
2017-04-30,3.0407656958375324,-0.7326682560454049,0.6,4.861954058500875,4.381314431117127,-0.7999999999999925,2017-04-01,3.939495425,-0.663829125659912,-4.2,6.199999999999999,3.699999999999997,6.7999999999999945,6.899999999999995,5.100000000000001,5.000000000000001,7.399999999999992,8.199999999999998,4.999999999999996,5.099999999999995,2017-04-01,-1.6486586,0.019048214,1.974081,0.0,1.5475625,-0.041672707,2.0541236,0.0,2.0668628,0.0,1.8082888,-0.032260776,1.7917595,0.0,2.1282318,0.0,2.2192035,0.0,1.7917595,0.0,1.8082888,0.0,0.21767868,4.8599334,4.3867335,4.854634,4.396708,0.1,-0.00997448,-0.0001244545,11.897826111834982,2.48,0.74,0.3978260869565218,2.24,2.24,0.08,-0.061646638772884454,-0.002255011865609724,0.012746936526001562,0.0024291451030744593,-0.010480301474372844,-0.017542073259456892,-0.005524598451982499,0.006577241165916625,115.6498422,96.63587951660156,0.6296865940093994,2.1438183784484863,921.0
2017-05-31,2.989456627142755,-1.0784510589548928,-0.8,4.863735431532651,4.388583081624815,-1.2999999999999925,2017-05-01,0.713942568,1.43379094990376,-4.2,6.199999999999999,3.699999999999997,6.7999999999999945,6.999999999999995,5.100000000000001,5.000000000000001,7.399999999999992,8.199999999999998,5.199999999999996,5.099999999999995,2017-05-01,-1.6486586,0.0,1.974081,0.0,1.5475625,0.0,2.0541236,0.0,2.0794415,0.012578726,1.8082888,0.0,1.7917595,0.0,2.1282318,0.0,2.2192035,0.0,1.8245493,0.032789826,1.8082888,0.0,-0.34578282,4.861954,4.3813143,4.8599334,4.3867335,-0.1,-0.0054192543,-0.00997448,13.136315847698011,2.3,0.8,0.36333333333333334,2.28,2.28,0.01,0.013836310861290446,0.028389209896409362,0.009652534350616193,0.0009874249342931574,-5.314017027924223e-05,0.002701425279631131,-0.007380107297622729,0.010135936505023757,168.5584193,119.45992279052734,1.0770200490951538,3.0787012577056885,598.0
2017-06-30,2.917923134135129,-1.3979983651114314,-0.1,4.863520800939083,4.395370532542589,-1.8999999999999924,2017-06-01,-1.0149601,0.730276006529921,-4.1000000000000005,6.199999999999999,3.699999999999997,6.7999999999999945,6.999999999999995,4.500000000000002,5.000000000000001,7.399999999999992,8.199999999999998,5.199999999999996,5.099999999999995,2017-06-01,-1.6292405,0.01941812,1.974081,0.0,1.5475625,0.0,2.0541236,0.0,2.0794415,0.0,1.704748,-0.10354078,1.7917595,0.0,2.1282318,0.0,2.2192035,0.0,1.8245493,0.0,1.8082888,0.0,-0.3195473,4.863735,4.388583,4.861954,4.3813143,0.1,0.0072689056,-0.0054192543,10.862272782759232,2.3,0.89,0.29285714285714287,2.23,2.23,-0.15,-0.03861510136739188,-0.01658666235691708,0.03748383829614532,-0.011708333871035315,-0.013084002959709018,-0.008884502385736681,-0.004169002936971644,0.0011830347817092246,121.3404356,102.57996368408203,0.6904955506324768,2.518277883529663,676.0
2017-07-31,2.948902711931699,-1.4874828366412673,0.4,4.86241917956139,4.4017238029780845,-2.0999999999999925,2017-07-01,2.989467579,-0.544231264677252,-4.2,6.199999999999999,3.599999999999997,6.7999999999999945,6.999999999999995,3.5000000000000018,5.000000000000001,7.399999999999992,8.199999999999998,5.199999999999996,5.099999999999995,2017-07-01,-1.6486586,-0.01941812,1.974081,0.0,1.5260563,-0.02150619,2.0541236,0.0,2.0794415,0.0,1.5040774,-0.2006706,1.7917595,0.0,2.1282318,0.0,2.2192035,0.0,1.8245493,0.0,1.8082888,0.0,-0.08948447,4.8635206,4.3953705,4.863735,4.388583,-0.2,0.0067873,0.0072689056,10.513636328957297,2.19,0.98,0.28045454545454546,2.09,2.09,0.09,-0.08191872197261851,0.011347526303954858,0.02504359192070993,-0.004488899370100885,-0.011594322487662012,-0.006031176571592134,-0.01333489859189907,0.0020579802852100926,121.3920299,126.78901672363281,0.5417956709861755,2.858617067337036,621.0
2017-08-31,2.9747059255049892,-1.5296604950903998,0.1,4.868906465587715,4.3942043222342875,-2.1999999999999926,2017-08-01,4.383196058,-1.35342231926918,-4.1000000000000005,6.199999999999999,3.499999999999997,6.7999999999999945,6.999999999999995,3.0000000000000018,5.000000000000001,7.399999999999992,8.199999999999998,5.199999999999996,5.099999999999995,2017-08-01,-1.6292405,0.01941812,1.974081,0.0,1.5040774,-0.021978855,2.0541236,0.0,2.0794415,0.0,1.3862944,-0.11778307,1.7917595,0.0,2.1282318,0.0,2.2192035,0.0,1.8245493,0.0,1.8082888,0.0,-0.04217766,4.862419,4.401724,4.8635206,4.3953705,0.2,0.0063533783,0.0067873,10.264499998092651,2.32,1.07,0.2395,2.06,2.06,0.09,0.04450838676429658,-0.018758309028101827,0.019089933636502465,-0.00819063623806171,-0.01958429157119923,-0.00980273022285516,-0.014248070059916351,-0.0023975598889283134,137.4328757,102.81346130371094,0.90605628490448,2.6227943897247314,372.0
2017-09-30,3.0064478509674357,-1.248983327904872,0.7,4.871095680140092,4.3968011273557215,-1.5999999999999925,2017-09-01,0.419740903,-0.923111155021627,-4.1000000000000005,6.199999999999999,3.2999999999999967,6.7999999999999945,6.999999999999995,3.0000000000000018,5.000000000000001,7.399999999999992,8.199999999999998,5.199999999999996,5.099999999999995,2017-09-01,-1.6292405,0.0,1.974081,0.0,1.4586151,-0.04546237,2.0541236,0.0,2.0794415,0.0,1.3862944,0.0,1.7917595,0.0,2.1282318,0.0,2.2192035,0.0,1.8245493,0.0,1.8082888,0.0,0.28067717,4.8689065,4.394204,4.862419,4.401724,-0.1,-0.007519722,0.0063533783,11.97565215566884,2.21,1.01,0.29772727272727273,2.14,2.14,0.39,0.06442000110033907,0.036672522222017,0.04480696523599903,-0.02031197769503601,-0.004097889589510295,-0.008366127269759716,-0.012649056601882869,-0.0041471676206601416,134.8712033,138.5316162109375,1.2550736665725708,3.556932210922241,770.0
2017-10-31,3.0406582576127716,-1.3008204268406434,-0.7,4.871787939367299,4.398689644898857,-1.6999999999999926,2017-10-01,1.644490288,-0.815418345041353,-3.9000000000000004,6.199999999999999,3.2999999999999967,6.7999999999999945,6.999999999999995,3.0000000000000018,5.000000000000001,7.399999999999992,8.199999999999998,5.199999999999996,5.099999999999995,2017-10-01,-1.5892352,0.040005326,1.974081,0.0,1.4586151,0.0,2.0541236,0.0,2.0794415,0.0,1.3862944,0.0,1.7917595,0.0,2.1282318,0.0,2.2192035,0.0,1.8245493,0.0,1.8082888,0.0,-0.051837098,4.8710957,4.396801,4.8689065,4.394204,0.2,0.0025968552,-0.007519722,10.437999963760376,2.2,1.03,0.294,2.0,2.0,0.55,0.08253568880654294,0.023896929017443114,0.00943282434514714,0.009741734331284668,0.006544408478390551,0.010579016655255735,-0.007453186120237376,0.001031641609603895,118.3904023,115.5344467163086,1.2183551788330078,2.881110429763794,509.0
2017-11-30,3.131150028584088,-1.0784510589548928,0.5,4.881065780789536,4.40688640402449,-1.2999999999999927,2017-11-01,4.525937542,-1.04043839588358,-3.9000000000000004,6.1,3.399999999999997,6.7999999999999945,6.999999999999995,2.9000000000000017,5.000000000000001,7.399999999999992,8.199999999999998,5.399999999999996,5.099999999999995,2017-11-01,-1.5892352,0.0,1.9600948,-0.01398623,1.4816046,0.022989511,2.0541236,0.0,2.0794415,0.0,1.3609766,-0.025317788,1.7917595,0.0,2.1282318,0.0,2.2192035,0.0,1.856298,0.031748652,1.8082888,0.0,0.22236937,4.871788,4.3986897,4.8710957,4.396801,-0.2,0.001888752,0.0025968552,10.125454512509434,2.36,1.07,0.28619047619047616,1.91,1.91,0.79,0.023841762124575894,-0.02665199895390913,0.021394333164311163,-0.003085934362746068,0.015489834108846523,0.012570923062889428,0.015482811935402019,0.012242951327366747,100.5107374,91.4615707397461,0.6046587228775024,2.098043918609619,293.0
2017-12-31,3.1507304674532657,-1.248983327904872,-0.7,4.882527545638021,4.40349218002569,-1.5999999999999928,2017-12-01,2.928583736,-1.58147192100705,-3.8000000000000003,5.8999999999999995,3.499999999999997,6.899999999999994,6.7999999999999945,2.9000000000000017,5.000000000000001,7.399999999999992,8.199999999999998,5.399999999999996,5.199999999999995,2017-12-01,-1.5686159,0.020619273,1.9315214,-0.028573394,1.5040774,0.022472858,2.0668628,0.0127391815,2.0541236,-0.025317907,1.3609766,0.0,1.7917595,0.0,2.1282318,0.0,2.2192035,0.0,1.856298,0.0,1.8245493,0.016260505,-0.17053227,4.881066,4.4068866,4.871788,4.3986897,0.1,0.008196831,0.001888752,10.540476163228353,2.35,1.23,0.20333333333333337,1.88,1.88,0.81,0.08666683165594691,0.0018661601958367413,0.027518564286078018,-0.003594681331555938,-0.012061153094142796,-0.012030069937757126,-0.0002104820045651934,0.002389626780567866,126.7687514,92.59601593017578,0.753240168094635,2.1755597591400146,742.0
2018-01-31,3.242641081087227,-1.3979983651114314,0.0,4.886365647878157,4.409535546061924,-1.8999999999999928,2018-01-01,-0.758449929,-0.536839314559424,-3.8000000000000003,5.8999999999999995,3.499999999999997,6.899999999999994,6.7999999999999945,2.9000000000000017,5.000000000000001,7.399999999999992,8.199999999999998,5.399999999999996,5.2999999999999945,2018-01-01,-1.5686159,0.0,1.9315214,0.0,1.5040774,0.0,2.0668628,0.0,2.0541236,0.0,1.3609766,0.0,1.7917595,0.0,2.1282318,0.0,2.2192035,0.0,1.856298,0.0,1.8405496,0.01600027,-0.14901504,4.8825274,4.403492,4.881066,4.4068866,-0.1,-0.0033946037,0.008196831,10.264500045776368,2.4,1.32,0.28578947368421054,1.77,1.77,0.68,0.026118761545017577,-0.01370610731052846,-0.002641931621361948,-0.015661418218354983,-0.003504987421299788,0.006086527429084221,-0.00665296292041706,0.0019533298635989738,108.2727262,82.71825408935547,0.7310609817504883,2.001279354095459,399.0
2018-02-28,3.216648674798842,-1.443635475178808,0.2,4.88984513991926,4.41145871772184,-1.999999999999993,2018-02-01,-1.965899671,-0.400158810193428,-3.8000000000000003,5.8999999999999995,3.499999999999997,6.899999999999994,6.7999999999999945,2.8000000000000016,5.000000000000001,7.399999999999992,8.199999999999998,5.399999999999996,5.2999999999999945,2018-02-01,-1.5686159,0.0,1.9315214,0.0,1.5040774,0.0,2.0668628,0.0,2.0541236,0.0,1.3350011,-0.025975466,1.7917595,0.0,2.1282318,0.0,2.2192035,0.0,1.856298,0.0,1.8405496,0.0,-0.04563711,4.8863654,4.4095354,4.8825274,4.403492,0.0,0.006043434,-0.0033946037,11.062381017775763,2.58,1.41,0.32,1.56,1.56,0.59,0.07052085325436686,0.05151866343031042,0.09013748072685956,-0.03474830457226785,-0.030518688939340954,-0.030196910631706153,-0.017960713726432154,-1.872595501151153e-05,129.6599811,92.42678833007812,0.6854663491249084,2.203904628753662,406.0
2018-03-31,3.2248998311090324,-1.8184464592320657,-0.9,4.886186377367996,4.4089298265227805,-2.999999999999993,2018-03-01,0.146118883,-0.47930252563936,-3.6,5.8999999999999995,3.699999999999997,6.899999999999994,6.7999999999999945,2.9000000000000017,5.000000000000001,7.399999999999992,8.199999999999998,5.399999999999996,5.2999999999999945,2018-03-01,-1.5260563,0.042559624,1.9315214,0.0,1.5475625,0.043485045,2.0668628,0.0,2.0541236,0.0,1.3609766,0.025975466,1.7917595,0.0,2.1282318,0.0,2.2192035,0.0,1.856298,0.0,1.8405496,0.0,-0.374811,4.8898454,4.4114585,4.8863654,4.4095354,0.2,0.0019230843,0.006043434,22.464736637316253,2.86,1.57,0.30526315789473685,1.68,1.68,0.06,-0.05596577832837557,-0.00042824461686041815,-0.02821041955977499,0.006961596767659728,0.015065359794344424,0.010134456727435293,-0.010955150510000067,0.002421606629052775,112.5363763,64.49137115478516,0.29294151067733765,1.5902538299560547,451.0
2018-04-30,3.2773167477858727,-1.9928357649397401,0.4,4.891535339898793,4.404614313933481,-3.599999999999993,2018-04-01,1.493971087,-0.393689868703121,-2.7,5.8,3.699999999999997,6.899999999999994,6.7999999999999945,3.0000000000000018,5.000000000000001,7.399999999999992,8.199999999999998,5.399999999999996,5.2999999999999945,2018-04-01,-1.3083328,0.21772349,1.9169226,-0.014598846,1.5475625,0.0,2.0668628,0.0,2.0541236,0.0,1.3862944,0.025317788,1.7917595,0.0,2.1282318,0.0,2.2192035,0.0,1.856298,0.0,1.8405496,0.0,-0.1743893,4.8861866,4.40893,4.8898454,4.4114585,0.7,-0.0025286674,0.0019230843,19.023809750874836,2.84,1.7,0.4766666666666667,1.85,1.85,0.44,0.01064724114694826,-0.004571841102654517,-0.002300425743207768,-0.008793288727378279,-0.008448704460858991,-0.013719663840960905,0.005329865230553565,0.004886354634384027,155.46365,111.96229553222656,0.9457401633262634,2.749058246612549,665.0
2018-05-31,3.329362026283697,-1.9092740140163365,0.9,4.889621125145196,4.401474995793836,-3.299999999999993,2018-05-01,2.339676837,-0.815114485317627,-2.7,5.8,3.799999999999997,6.899999999999994,6.899999999999994,3.0000000000000018,5.1000000000000005,7.399999999999992,8.199999999999998,5.399999999999996,5.2999999999999945,2018-05-01,-1.3083328,0.0,1.9169226,0.0,1.5686159,0.021053433,2.0668628,0.0,2.0668628,0.0127391815,1.3862944,0.0,1.8082888,0.016529322,2.1282318,0.0,2.2192035,0.0,1.856298,0.0,1.8405496,0.0,0.08356175,4.8915353,4.4046144,4.8861866,4.40893,-0.9,-0.0043153763,-0.0025286674,18.26761904216948,2.87,1.76,0.5915,1.79,1.79,0.52,0.0882300231818034,0.007595677673581491,-0.017041676260456384,0.009504161155718727,0.01713855634827599,0.018828862536891755,0.002708413984323421,0.01095858190317145,155.976722,123.26347351074219,1.105688214302063,3.360255718231201,339.0
2018-06-30,3.296610408075359,-1.9378792776644977,-0.4,4.88812719790755,4.409625641556826,-3.3999999999999932,2018-06-01,1.996797662,0.318160019863852,-2.7,5.8,3.799999999999997,6.899999999999994,6.899999999999994,3.100000000000002,5.1000000000000005,7.399999999999992,8.199999999999998,5.399999999999996,5.199999999999995,2018-06-01,-1.3083328,0.0,1.9169226,0.0,1.5686159,0.0,2.0668628,0.0,2.0668628,0.0,1.410987,0.024692655,1.8082888,0.0,2.1282318,0.0,2.2192035,0.0,1.856298,0.0,1.8245493,-0.01600027,-0.028605264,4.8896213,4.401475,4.8915353,4.4046144,0.0,-0.0031394958,-0.0043153763,14.124545487490566,2.98,1.86,0.4695238095238095,1.89,1.89,0.38,0.06534652837437971,-0.023736905020284915,0.010413699156110567,0.012101763595668835,0.02397577046478272,0.0284081959055289,0.030578209383470778,-0.009045665423148996,160.193785,125.66661834716797,1.5211362838745117,3.3196067810058594,966.0
2018-07-31,3.3401969168044845,-2.045028204867631,-0.3,4.890948354031205,4.415036622774848,-3.799999999999993,2018-07-01,-0.178368055,0.69159853352161,-2.7,5.8,3.799999999999997,6.899999999999994,6.899999999999994,3.100000000000002,5.1000000000000005,7.399999999999992,8.199999999999998,5.399999999999996,5.199999999999995,2018-07-01,-1.3083328,0.0,1.9169226,0.0,1.5686159,0.0,2.0668628,0.0,2.0668628,0.0,1.410987,0.0,1.8082888,0.0,2.1282318,0.0,2.2192035,0.0,1.856298,0.0,1.8245493,0.0,-0.10714893,4.8881273,4.4096255,4.8896213,4.401475,0.0,0.008150578,-0.0031394958,13.678095318022228,2.91,1.9,0.4319047619047619,1.99,1.99,0.44,-0.03396384306886535,-0.01692870657123624,-0.020528524393716552,0.03186034101515278,0.011269475710796506,0.014662913782430564,0.01675290208630198,0.007739323183955982,164.078944,103.96858978271484,1.168890118598938,2.622774839401245,933.0
2018-08-31,3.2965078227527913,-2.1421119082369042,0.0,4.894803751586436,4.4216680766160845,-4.199999999999993,2018-08-01,0.985788895,-0.0998160207124707,-2.5,5.8,3.799999999999997,6.899999999999994,6.899999999999994,3.100000000000002,5.1000000000000005,7.399999999999992,8.199999999999998,5.399999999999996,5.199999999999995,2018-08-01,-1.2527629,0.055569887,1.9169226,0.0,1.5686159,0.0,2.0668628,0.0,2.0668628,0.0,1.410987,0.0,1.8082888,0.0,2.1282318,0.0,2.2192035,0.0,1.856298,0.0,1.8245493,0.0,-0.0970837,4.8909483,4.4150367,4.8881273,4.4096255,0.2,0.005411148,0.008150578,13.147619065784273,2.89,1.96,0.3823809523809524,1.83,1.83,0.45,-0.002027071303343675,-0.03482299078477613,-0.05442918293034005,0.027824072123235455,-0.004679007689096792,-0.007118826596046013,0.0025763913875129774,0.0016130706732431221,177.3780804,110.02842712402344,1.0246338844299316,2.685394763946533,232.0
2018-09-30,3.326481490343873,-2.2308141790009346,-4.440892e-16,4.89131494381339,4.421974247033448,-4.599999999999993,2018-09-01,2.757325602,-0.449875704629836,-2.1,5.8,3.8999999999999972,6.899999999999994,6.899999999999994,3.100000000000002,5.1000000000000005,7.399999999999992,8.199999999999998,5.499999999999996,4.7999999999999945,2018-09-01,-1.1314021,0.12136078,1.9169226,0.0,1.5892352,0.020619273,2.0668628,0.0,2.0668628,0.0,1.410987,0.0,1.8082888,0.0,2.1282318,0.0,2.2192035,0.0,1.8718022,0.015504241,1.7578579,-0.0666914,-0.08870227,4.8948035,4.421668,4.8909483,4.4150367,0.2,0.0066313744,0.005411148,12.546956518422002,2.89,2.03,0.29090909090909095,1.92,1.92,0.53,-0.023516581579978713,-0.02951735558853219,-0.019560129046269026,0.003843393954948482,0.013617507637697202,0.02128321981109149,0.004825719103608073,0.006442729109767065,143.5182612,112.74168395996094,0.9629596471786499,2.8082590103149414,602.0
2018-10-31,3.331815045390418,-2.2926357520424046,0.1,4.896466330937702,4.436147884747733,-4.899999999999993,2018-10-01,-1.800758892,1.15482181865272,-2.1,5.8,3.8999999999999972,6.899999999999994,6.899999999999994,3.100000000000002,5.1000000000000005,7.399999999999992,8.199999999999998,5.499999999999996,4.699999999999995,2018-10-01,-1.1314021,0.0,1.9169226,0.0,1.5892352,0.0,2.0668628,0.0,2.0668628,0.0,1.410987,0.0,1.8082888,0.0,2.1282318,0.0,2.2192035,0.0,1.8718022,0.0,1.7404661,-0.0173918,-0.061821572,4.891315,4.421974,4.8948035,4.421668,-0.4,0.00030612946,0.0066313744,12.910526325828151,3.0,2.13,0.22473684210526312,1.84,1.84,0.47,0.08409086190065285,-0.0027665531582474756,-0.02444693838616452,0.005548269452530397,-0.004102017649303846,-0.005947498970315657,-0.00010243277857835409,0.0006505452749951957,155.7722023,75.05390930175781,0.7727845311164856,1.8185635805130005,415.0
2018-11-30,3.115466825945108,-2.272441327386598,0.4,4.891004698990718,4.438474546166805,-4.799999999999994,2018-11-01,-9.601653426,1.39872344945522,-2.2,5.8,3.8999999999999972,6.899999999999994,6.899999999999994,3.200000000000002,5.1000000000000005,7.499999999999992,8.199999999999998,5.599999999999995,4.699999999999995,2018-11-01,-1.1631508,-0.031748652,1.9169226,0.0,1.5892352,0.0,2.0668628,0.0,2.0668628,0.0,1.4350846,0.024097562,1.8082888,0.0,2.1400661,0.011834383,2.2192035,0.0,1.8870697,0.015267491,1.7404661,0.0,0.020194424,4.8964663,4.4361477,4.891315,4.421974,-0.1,0.014173508,0.00030612946,19.352173639380414,3.15,2.25,0.21500000000000002,2.03,2.03,0.53,0.02677913170444768,0.01408602365459366,-0.05840280237513085,0.015272987372987545,0.023622263668908516,0.02853352150790478,0.00551640994365421,-0.0011033900564871857,154.1520668,92.0164794921875,1.038062334060669,2.389190912246704,572.0
2018-12-31,2.975529808562834,-2.272441327386598,-0.1,4.892701291322611,4.434650535911364,-4.799999999999994,2018-12-01,-5.156011602,0.646871468880816,-2.2,5.8,3.8999999999999972,6.899999999999994,6.899999999999994,3.300000000000002,5.1000000000000005,7.499999999999992,8.199999999999998,5.599999999999995,4.599999999999995,2018-12-01,-1.1631508,0.0,1.9169226,0.0,1.5892352,0.0,2.0668628,0.0,2.0668628,0.0,1.4586151,0.023530483,1.8082888,0.0,2.1400661,0.0,2.2192035,0.0,1.8870697,0.0,1.7227666,-0.01769948,0.0,4.8910046,4.4384747,4.8964663,4.4361477,0.1,0.0023269653,0.014173508,19.389047622680664,3.12,2.33,0.323,2.27,2.27,0.46,-0.22434066445159573,0.004318490808553399,0.014619501238643196,-0.002570086485943035,-0.000988232728077243,-0.00480078042612142,0.008925008533630319,0.0007930645244380585,147.3541709,80.40758514404297,0.6654516458511353,1.9454922676086426,743.0
2019-01-31,3.0128099287557673,-2.312438341272747,-0.2,4.893077217874755,4.4180958486045965,-4.999999999999994,2019-01-01,8.195745871,-3.05611934127177,-2.2,5.8,3.8999999999999972,6.899999999999994,6.899999999999994,3.300000000000002,5.1000000000000005,7.499999999999992,8.199999999999998,5.599999999999995,4.599999999999995,2019-01-01,-1.1631508,0.0,1.9169226,0.0,1.5892352,0.0,2.0668628,0.0,2.0668628,0.0,1.4586151,0.0,1.8082888,0.0,2.1400661,0.0,2.2192035,0.0,1.8870697,0.0,1.7227666,0.0,-0.039997015,4.892701,4.4346504,4.8910046,4.4384747,0.0,-0.003824234,0.0023269653,24.953157726087067,2.83,2.37,0.4244444444444444,2.45,2.45,0.47,-0.12111740411493521,0.02407999637525915,-0.00031800634829259877,-0.011611475741411414,-0.007290303363525652,-0.012752642206220521,-0.004959775337557204,0.0002450018435427026,165.0963134,90.607666015625,0.8167096972465515,2.234217405319214,452.0
2019-02-28,3.077489218877775,-2.312438341272747,0.2,4.894259323968298,4.413907484021754,-4.999999999999994,2019-02-01,-0.890980766,-0.506408565034856,-2.2,5.8,3.8999999999999972,6.999999999999994,6.899999999999994,3.300000000000002,5.1000000000000005,7.499999999999992,8.199999999999998,5.599999999999995,4.499999999999996,2019-02-01,-1.1631508,0.0,1.9169226,0.0,1.5892352,0.0,2.0794415,0.012578726,2.0668628,0.0,1.4586151,0.0,1.8082888,0.0,2.1400661,0.0,2.2192035,0.0,1.8870697,0.0,1.704748,-0.018018603,0.0,4.8930774,4.418096,4.892701,4.4346504,0.0,-0.016554356,-0.003824234,19.57238079252697,2.71,2.37,0.4,2.38,2.38,0.52,0.035066695303666684,0.03253438806002684,0.02323052031545103,-0.026483904018018478,-0.017607118323835103,-0.021070366783322747,-0.011840497625621005,-0.00666522303835837,168.5373532,87.42410278320312,0.9264768362045288,2.2481937408447266,760.0
2019-03-31,3.1304878521126516,-2.3880113222846475,-0.4,4.900119182618622,4.41272039939789,-5.399999999999994,2019-03-01,-1.207750862,-0.0793045461274921,-1.9000000000000001,5.8,3.8999999999999972,6.799999999999994,6.899999999999994,3.300000000000002,5.1000000000000005,7.499999999999992,8.199999999999998,5.599999999999995,4.499999999999996,2019-03-01,-1.0647107,0.09844005,1.9169226,0.0,1.5892352,0.0,2.0541236,-0.025317907,2.0668628,0.0,1.4586151,0.0,1.8082888,0.0,2.1400661,0.0,2.2192035,0.0,1.8870697,0.0,1.704748,0.0,-0.07557298,4.8942595,4.4139075,4.8930774,4.418096,0.3,-0.0041885376,-0.016554356,15.234736844112998,2.68,2.39,0.29,2.22,2.22,0.15,0.07381079397501633,0.021686877310095554,0.061988735658335514,-0.0006872339106662739,0.0056966250575749555,0.0052950780164691125,-0.0028791793668450083,-0.005479088490066175,149.8170143,96.80016326904297,1.071664571762085,2.431309700012207,730.0
2019-04-30,3.2208233825144883,-2.406059125298014,0.3,4.89853628678593,4.4093442866365145,-5.499999999999994,2019-04-01,2.193495676,-1.03166158840917,-1.9000000000000001,5.8,3.8999999999999972,6.799999999999994,6.899999999999994,3.300000000000002,5.1000000000000005,7.499999999999992,8.199999999999998,5.599999999999995,4.399999999999996,2019-04-01,-1.0647107,0.0,1.9169226,0.0,1.5892352,0.0,2.0541236,0.0,2.0668628,0.0,1.4586151,0.0,1.8082888,0.0,2.1400661,0.0,2.2192035,0.0,1.8870697,0.0,1.686399,-0.018349051,-0.018047802,4.9001193,4.41272,4.8942595,4.4139075,-0.3,-0.0011873245,-0.0041885376,14.485238075256348,2.57,2.4,0.20333333333333337,2.26,2.26,0.22,0.0334864027941677,-0.014628432869876029,0.01762185139089567,0.002984542297770343,0.008180175921101096,0.0058813575025622455,0.005954843058588288,0.0003752804925412079,137.5378994,82.32829284667969,0.771669328212738,1.8770334720611572,735.0
2019-05-31,3.1713350415562016,-2.4752052194025667,-0.3,4.899410201226259,4.4015324532208195,-5.899999999999994,2019-05-01,-1.464220128,-0.363471257408611,-1.8,5.8,3.8999999999999972,6.799999999999994,6.899999999999994,3.300000000000002,5.1000000000000005,7.499999999999992,8.199999999999998,5.599999999999995,4.399999999999996,2019-05-01,-1.0296195,0.03509128,1.9169226,0.0,1.5892352,0.0,2.0541236,0.0,2.0668628,0.0,1.4586151,0.0,1.8082888,0.0,2.1400661,0.0,2.2192035,0.0,1.8870697,0.0,1.686399,0.0,-0.0691461,4.898536,4.409344,4.9001193,4.41272,0.1,-0.003376007,-0.0011873245,12.949047588166737,2.53,2.38,0.207,2.14,2.14,0.02,0.07420876554176026,-0.011589693706874904,0.03341258940122138,0.0034954928904473714,0.0016575174362882805,-0.0016663794378262153,0.003372339816550607,-0.005865977141161771,122.5606019,79.25344848632812,0.5595845580101013,1.9384009838104248,628.0
2019-06-30,3.0634635920666726,-2.5080878593376843,0.2,4.8931741954084575,4.402849244062404,-6.099999999999994,2019-06-01,-3.510864681,0.939548317042375,-1.8,5.8,3.8999999999999972,6.799999999999994,6.899999999999994,3.300000000000002,5.1000000000000005,7.499999999999992,8.199999999999998,5.599999999999995,4.299999999999996,2019-06-01,-1.0296195,0.0,1.9169226,0.0,1.5892352,0.0,2.0541236,0.0,2.0668628,0.0,1.4586151,0.0,1.8082888,0.0,2.1400661,0.0,2.2192035,0.0,1.8870697,0.0,1.6677068,-0.018692136,-0.03288264,4.8994102,4.4015326,4.898536,4.409344,-0.1,-0.0078115463,-0.003376007,16.721818056973543,2.4,2.35,0.18047619047619048,2.37,2.37,-0.62,0.0011840522111175034,-0.0017201058097580102,-0.05883803204799598,0.024639373971064416,0.01205933545880633,0.020545155423217665,0.011159697839485005,0.0011530983463270417,181.16918,106.4719009399414,1.1733860969543457,2.7765839099884033,1205.0
2019-07-31,3.108825799067716,-2.5080878593376843,0.2,4.894730656222629,4.3984719781826485,-6.099999999999994,2019-07-01,5.187527685,-1.41083319999139,-1.5,5.8,3.8999999999999972,6.799999999999994,6.7999999999999945,3.300000000000002,5.1000000000000005,7.499999999999992,8.199999999999998,5.599999999999995,3.7999999999999963,2019-07-01,-0.91629076,0.113328695,1.9169226,0.0,1.5892352,0.0,2.0541236,0.0,2.0541236,-0.0127391815,1.4586151,0.0,1.8082888,0.0,2.1400661,0.0,2.2192035,0.0,1.8870697,0.0,1.5686159,-0.099090934,0.0,4.893174,4.402849,4.8994102,4.4015326,0.3,0.0013165474,-0.0078115463,15.835999870300293,2.07,2.17,0.227,2.31,2.31,-0.47,-0.10482245150051916,0.057032035034025874,-0.016333185957737584,-0.005476600191525183,-0.01854884847798921,-0.01655148534770401,-0.003739833539655457,0.00044427195055796176,204.6244437,106.58845520019531,1.2943308353424072,2.8691000938415527,418.0
2019-08-31,3.0627176220164394,-2.555493553174835,-0.3,4.894310116594828,4.411005171506633,-6.399999999999994,2019-08-01,-3.511695992,1.15869011634953,-1.4,5.7,3.8999999999999972,6.799999999999994,6.699999999999995,3.300000000000002,5.1000000000000005,7.499999999999992,8.199999999999998,5.499999999999996,3.699999999999996,2019-08-01,-0.87546873,0.04082203,1.9021075,-0.014815092,1.5892352,0.0,2.0541236,0.0,2.0412204,-0.0129032135,1.4586151,0.0,1.8082888,0.0,2.1400661,0.0,2.2192035,0.0,1.8718022,-0.015267491,1.5475625,-0.021053433,-0.047405694,4.8947306,4.398472,4.893174,4.402849,-0.2,-0.004377365,0.0013165474,13.30590907010165,2.06,2.1,0.195,2.13,2.13,-0.45,-0.004703776963578932,0.03885868398007908,0.026049235459611353,0.002662148892260019,0.007932179003748985,-0.000724488310503979,-0.0037538724140375734,-0.0048606038693659315,165.1091407,93.52125549316406,0.7565702199935913,2.3758959770202637,870.0
2019-09-30,3.099852703884786,-2.6007779200572014,0.0,4.893156739621531,4.390853240324911,-6.699999999999994,2019-09-01,3.482850548,-2.81401439407887,-1.2999999999999998,5.7,3.8999999999999972,6.799999999999994,6.699999999999995,3.300000000000002,5.1000000000000005,7.499999999999992,8.299999999999997,5.499999999999996,3.699999999999996,2019-09-01,-0.8329091,0.042559624,1.9021075,0.0,1.5892352,0.0,2.0541236,0.0,2.0412204,0.0,1.4586151,0.0,1.8082888,0.0,2.1400661,0.0,2.2300143,0.010810852,1.8718022,0.0,1.5475625,0.0,-0.045284368,4.89431,4.411005,4.8947306,4.398472,0.0,0.012533188,-0.004377365,18.979090907356955,1.63,1.95,0.21619047619047618,2.26,2.26,-0.29,-0.07937272182347055,0.06010115196989929,-0.0905320093657398,0.038615386427453435,0.022794704624967466,0.03887158223520437,0.016132634618230668,0.0068257248349024024,216.4569603,103.4044189453125,1.2167065143585205,2.747544527053833,769.0
2019-10-31,3.0434464785986752,-2.6007779200572014,0.3,4.892144897184177,4.413868653633955,-6.699999999999994,2019-10-01,-3.133953828,2.06553858998331,-0.9999999999999998,5.6000000000000005,3.8999999999999972,6.799999999999994,6.699999999999995,3.300000000000002,5.1000000000000005,7.499999999999992,8.299999999999997,5.499999999999996,3.699999999999996,2019-10-01,-0.6931472,0.13976192,1.8870697,-0.015037775,1.5892352,0.0,2.0541236,0.0,2.0412204,0.0,1.4586151,0.0,1.8082888,0.0,2.1400661,0.0,2.2300143,0.0,1.8718022,0.0,1.5475625,0.0,0.0,4.8931565,4.3908534,4.89431,4.411005,0.2,-0.020151615,0.012533188,15.558999872207641,1.7,1.89,0.2305,2.2,2.2,0.13,0.06213363621457191,0.0067552789445404215,0.020172278066860727,-0.0009229479049792655,-0.0017907397980563289,-0.007052116397505692,0.0012994154459677887,-0.0033894417233817364,168.5178969,90.36798858642578,0.7263386249542236,2.3340272903442383,295.0
2019-11-30,3.096470449561753,-2.6007779200572014,0.0,4.893614947667381,4.424413160676242,-6.699999999999994,2019-11-01,4.501930676,0.718255183986743,-0.4999999999999998,5.6000000000000005,3.8999999999999972,6.799999999999994,6.699999999999995,3.200000000000002,5.1000000000000005,7.499999999999992,8.299999999999997,5.499999999999996,3.499999999999996,2019-11-01,-0.4054651,0.2876821,1.8870697,0.0,1.5892352,0.0,2.0541236,0.0,2.0412204,0.0,1.4350846,-0.023530483,1.8082888,0.0,2.1400661,0.0,2.2300143,0.0,1.8718022,0.0,1.5040774,-0.043485045,0.0,4.8921447,4.4138684,4.8931565,4.3908534,0.2,0.023015022,-0.020151615,15.466521760691768,1.71,1.65,0.33,2.18,2.18,0.09,-0.05082913153768587,-0.010494574572298632,-0.002208842463872429,-0.015480796418201548,-0.017392144322695202,-0.01673944897788271,-0.006916280764865945,-0.008478362664281036,199.9485996,97.83673095703125,0.6726645827293396,2.4678382873535156,623.0
2019-12-31,3.142833709489063,-2.61543304000393,-0.1,4.895441605423496,4.423104552442989,-6.799999999999994,2019-12-01,2.768565102,-0.188369318173939,-0.4999999999999998,5.6000000000000005,4.099999999999997,6.799999999999994,6.699999999999995,3.200000000000002,5.1000000000000005,7.499999999999992,8.299999999999997,5.499999999999996,3.499999999999996,2019-12-01,-0.4054651,0.0,1.8870697,0.0,1.6292405,0.040005326,2.0541236,0.0,2.0412204,0.0,1.4350846,0.0,1.8082888,0.0,2.1400661,0.0,2.2300143,0.0,1.8718022,0.0,1.5040774,0.0,-0.01465512,4.893615,4.424413,4.8921447,4.4138684,-0.5,0.010544777,0.023015022,12.523499965667725,1.81,1.54,0.3621052631578947,2.08,2.08,0.15,0.05694216964248078,-0.016199437064064348,0.019653971795273506,-0.001009332859860823,0.010366869381371657,0.010018760096849988,-0.0054463069571459855,0.005006764315212742,146.4611042,73.07838439941406,0.6029929518699646,1.7385563850402832,666.0
2020-01-31,3.10170339129215,-2.6007779200572014,0.2,4.849407114770367,4.41927697040791,-6.699999999999994,2020-01-01,1.320389739,0.169613317540371,-0.29999999999999977,5.6000000000000005,4.099999999999997,6.799999999999994,6.699999999999995,3.200000000000002,5.000000000000001,7.499999999999992,8.299999999999997,5.499999999999996,3.399999999999996,2020-01-01,-0.26236427,0.14310083,1.8870697,0.0,1.6292405,0.0,2.0541236,0.0,2.0412204,0.0,1.4350846,0.0,1.7917595,-0.016529322,2.1400661,0.0,2.2300143,0.0,1.8718022,0.0,1.4816046,-0.022472858,0.01465512,4.8954415,4.423105,4.893615,4.424413,0.2,-0.0013084412,0.010544777,13.756666637602306,1.86,1.54,0.3726315789473684,1.98,1.98,0.04,0.061435667137019756,0.0056544056928595765,0.010359410753061127,-0.009862435757188592,-0.021152748172252878,-0.0212261567236105,-0.007715774319091651,-0.0023266844944638265,165.1404774,74.27989196777344,0.6018832921981812,1.7231336832046509,455.0
2020-02-29,2.9710801995867984,-2.61543304000393,-0.2,4.854091958545109,4.408309396940002,-6.799999999999994,2020-02-01,-7.072143001,1.88640496815394,-0.29999999999999977,5.6000000000000005,4.099999999999997,6.799999999999994,6.699999999999995,3.200000000000002,5.000000000000001,7.499999999999992,8.299999999999997,5.499999999999996,3.399999999999996,2020-02-01,-0.26236427,0.0,1.8870697,0.0,1.6292405,0.0,2.0541236,0.0,2.0412204,0.0,1.4350846,0.0,1.7917595,0.0,2.1400661,0.0,2.2300143,0.0,1.8718022,0.0,1.4816046,0.0,-0.01465512,4.849407,4.419277,4.8954415,4.423105,-0.2,-0.0038275719,-0.0013084412,13.94095243726458,1.76,1.52,0.2980952380952381,2.13,2.13,0.06,-0.054600407852145594,0.05366113914392834,0.03316757461789699,-0.0065860346579216245,0.00924905737697479,0.006324438136367405,-0.004801562067600074,-0.006575138580045881,189.2147326,138.4209442138672,1.2574454545974731,3.6223251819610596,1012.0
2020-03-31,2.4260823869976873,-2.6298787064530655,0.0,4.85107728955517,4.410683974895362,-6.899999999999993,2020-03-01,-20.8239803,3.27183483315941,-0.29999999999999977,5.6000000000000005,4.099999999999997,6.799999999999994,6.699999999999995,3.200000000000002,5.000000000000001,7.499999999999992,8.299999999999997,5.499999999999996,3.399999999999996,2020-03-01,-0.26236427,0.0,1.8870697,0.0,1.6292405,0.0,2.0541236,0.0,2.0412204,0.0,1.4350846,0.0,1.7917595,0.0,2.1400661,0.0,2.2300143,0.0,1.8718022,0.0,1.4816046,0.0,-0.014445666,4.854092,4.4083095,4.849407,4.419277,0.0,-0.0109677315,-0.0038275719,19.628947358382376,1.5,1.52,0.16210526315789475,2.38,2.38,1.3,-0.13412005321012188,0.023074268442413448,-0.03642783580571951,0.010714362530317212,0.016473137345697886,0.022020317332618333,0.011303007154290334,0.003356601456009578,251.4883847,75.95555877685547,0.8738296627998352,1.5158270597457886,643.0
2020-04-30,1.8660117232284332,-2.6441207610586255,0.0,4.759621227658262,4.41391230290453,-6.999999999999993,2020-04-01,-8.786087426,2.82773855259309,-0.4999999999999998,5.4,4.099999999999997,6.799999999999994,6.699999999999995,3.200000000000002,5.000000000000001,7.499999999999992,8.299999999999997,5.099999999999995,3.399999999999996,2020-04-01,-0.4054651,-0.14310083,1.856298,-0.030771732,1.6292405,0.0,2.0541236,0.0,2.0412204,0.0,1.4350846,0.0,1.7917595,0.0,2.1400661,0.0,2.2300143,0.0,1.8082888,-0.0635134,1.4816046,0.0,-0.014242055,4.851077,4.410684,4.854092,4.4083095,-0.2,0.002374649,-0.0109677315,57.7368184002963,0.87,0.29,0.8154545454545455,3.93,3.93,2.67,-0.5531169025764937,-0.0032423680738835614,-0.1198131836091001,0.012820506200716952,0.040584802029549394,0.0635760039551494,0.03638934155742568,-0.039905426201024774,349.9455009,81.54003143310547,0.6712844371795654,1.7102787494659424,358.0
2020-05-31,2.412218652909184,-2.71246530518434,-0.4,4.766219097707187,4.268172721458846,-7.499999999999993,2020-05-01,7.373085841,-10.7043290077254,-0.7999999999999998,5.0,4.099999999999997,6.699999999999994,6.699999999999995,3.200000000000002,5.000000000000001,7.499999999999992,8.299999999999997,5.099999999999995,3.1999999999999957,2020-05-01,-0.5877867,-0.18232158,1.7917595,-0.06453848,1.6292405,0.0,2.0412204,-0.0129032135,2.0412204,0.0,1.4350846,0.0,1.7917595,0.0,2.1400661,0.0,2.2300143,0.0,1.8082888,0.0,1.4350846,-0.046519995,-0.06834454,4.759621,4.4139123,4.851077,4.410684,-0.1,0.0032281876,0.002374649,41.45380964733305,0.66,0.14,0.9605,3.23,3.23,3.39,-0.5549094502470759,0.055731803602259156,-0.004083005912905335,-0.0026302779782876318,-0.0016589271585614185,0.000956002683347279,0.01933922194800175,-0.14142247901545613,286.5693975,69.33940124511719,0.6035003066062927,1.531962275505066,1081.0
2020-06-30,2.70096105809844,-2.725595849263824,0.4,4.813883812783678,4.252662774381495,-7.5999999999999925,2020-06-01,4.204339481,-3.15676259745645,-0.9999999999999998,4.6,4.099999999999997,6.599999999999994,6.699999999999995,2.800000000000002,5.000000000000001,7.499999999999992,8.299999999999997,5.099999999999995,2.799999999999996,2020-06-01,-0.6931472,-0.10536051,1.7227666,-0.06899285,1.6292405,0.0,2.0281482,-0.013072252,2.0412204,0.0,1.3350011,-0.10008347,1.7917595,0.0,2.1400661,0.0,2.2300143,0.0,1.8082888,0.0,1.3350011,-0.10008347,-0.013130544,4.766219,4.2681727,4.759621,4.4139123,0.1,-0.14573956,0.0032281876,30.89700002670288,0.67,0.13,0.2752631578947369,3.08,3.08,2.58,0.46909683878469144,0.01926463192940009,-0.006528236074620608,0.010227602007768732,-0.01135527556903071,-0.016194941669992247,-0.004896088117851249,0.016402914528458545,228.1618118,68.50721740722656,0.7615357041358948,1.7078226804733276,930.0
2020-07-31,2.756581924094169,-2.776472280723726,-0.3,4.844794573412263,4.271515209161135,-7.999999999999993,2020-07-01,-5.30168341,-1.57705852417878,-0.9999999999999998,3.8,4.099999999999997,6.399999999999994,6.699999999999995,2.800000000000002,5.000000000000001,7.499999999999992,8.299999999999997,5.099999999999995,2.099999999999996,2020-07-01,-0.6931472,0.0,1.5686159,-0.15415072,1.6292405,0.0,2.00148,-0.026668072,2.0412204,0.0,1.3350011,0.0,1.7917595,0.0,2.1400661,0.0,2.2300143,0.0,1.8082888,0.0,1.1314021,-0.20359898,-0.05087643,4.813884,4.2526627,4.766219,4.2681727,0.2,-0.015510082,-0.14573956,31.11954550309615,0.73,0.16,0.15181818181818182,2.93,2.93,2.27,0.3152494176832419,0.009460270721104003,0.0258974785519559,-0.009817049384021281,-0.003984087168533712,0.002846461902278996,-0.020809774660714986,0.06347249159182677,168.0466659,71.22785949707031,0.7705795764923096,1.651901125907898,505.0
2020-08-31,2.7918375114351974,-2.7888000409201585,0.3,4.858350509228707,4.286925271815781,-8.099999999999993,2020-08-01,-1.14142265,-0.720366552952688,-0.9999999999999998,3.5999999999999996,4.099999999999997,6.399999999999994,6.599999999999995,2.800000000000002,5.000000000000001,7.499999999999992,8.299999999999997,5.099999999999995,1.999999999999996,2020-08-01,-0.6931472,0.0,1.5260563,-0.042559624,1.6292405,0.0,2.00148,0.0,2.0281482,-0.013072252,1.3350011,0.0,1.7917595,0.0,2.1400661,0.0,2.2300143,0.0,1.8082888,0.0,1.0986123,-0.032789826,-0.01232776,4.8447948,4.2715154,4.813884,4.2526627,0.0,0.01885271,-0.015510082,26.840454621748492,0.62,0.13,0.1409090909090909,2.6,2.6,2.96,0.07128850739800674,0.06389354808804182,0.03354506546309821,-0.012920867815998882,-0.02740658362583659,-0.01748772788123265,-0.005221429526916843,0.03678711230080012,187.8165299,66.47328186035156,0.9271344542503357,1.5392231941223145,1054.0
2020-09-30,2.723344459825961,-2.8009787939192043,0.0,4.873661166255573,4.2855167943145025,-8.199999999999992,2020-09-01,-7.015257629,0.423870791849207,-1.0999999999999999,3.1999999999999997,4.099999999999997,6.399999999999994,6.599999999999995,2.500000000000002,5.000000000000001,7.499999999999992,8.299999999999997,5.099999999999995,1.999999999999996,2020-09-01,-0.74193734,-0.048790157,1.4350846,-0.09097171,1.6292405,0.0,2.00148,0.0,2.0281482,0.0,1.2527629,-0.0822382,1.7917595,0.0,2.1400661,0.0,2.2300143,0.0,1.8082888,0.0,1.0986123,0.0,-0.012178753,4.8583503,4.2869253,4.8447948,4.2715154,-0.1,0.015409946,0.01885271,22.88952382405599,0.65,0.1,0.149,2.67,2.67,1.48,0.03396227959431508,0.06404049840613357,-0.008459988422979237,-0.01837728432355812,-0.012444852303187481,-0.01004188915651305,-0.012923929760864539,0.009731960431251352,171.766003,65.46604919433594,0.6634311676025391,1.455986499786377,431.0
2020-10-31,2.7169014407459944,-2.8009787939192043,0.1,4.881591311186162,4.292544116018062,-8.199999999999992,2020-10-01,-2.537472348,-1.64671369011504,-0.9999999999999999,2.9999999999999996,4.099999999999997,6.399999999999994,6.599999999999995,2.400000000000002,5.000000000000001,7.499999999999992,8.299999999999997,5.099999999999995,1.899999999999996,2020-10-01,-0.6931472,0.048790157,1.3862944,-0.048790216,1.6292405,0.0,2.00148,0.0,2.0281482,0.0,1.2237754,-0.028987527,1.7917595,0.0,2.1400661,0.0,2.2300143,0.0,1.8082888,0.0,1.0647107,-0.033901572,0.0,4.873661,4.2855167,4.8583503,4.2869253,0.2,-0.001408577,0.015409946,27.647619065784273,0.68,0.11,0.1285714285714286,2.75,2.75,0.62,-0.0894151255959672,-0.024013182980407777,-0.034988774830891245,-0.008476988505103034,0.01020530153202337,0.0013837662074944745,-0.006928086348758633,0.00012505093236558906,154.5265259,80.37738037109375,0.8603692650794983,1.6983330249786377,943.0
2020-11-30,2.7538268961669123,-2.8009787939192043,0.0,4.89147665308053,4.317752825163763,-8.199999999999992,2020-11-01,3.193604999,1.09657807443268,-0.9999999999999999,2.4999999999999996,4.199999999999997,6.399999999999994,6.599999999999995,2.400000000000002,5.000000000000001,7.499999999999992,8.299999999999997,5.099999999999995,1.5999999999999959,2020-11-01,-0.6931472,0.0,1.2527629,-0.13353145,1.6486586,0.01941812,2.00148,0.0,2.0281482,0.0,1.2237754,0.0,1.7917595,0.0,2.1400661,0.0,2.2300143,0.0,1.8082888,0.0,0.95551145,-0.109199286,0.0,4.8815913,4.292544,4.873661,4.2855167,-0.1,0.007027149,-0.001408577,29.438636086203836,0.79,0.1,0.12,2.61,2.61,0.11,-0.01775652253249671,-0.011328705033217368,0.00835037097776592,-0.01449418987618345,-0.006955538005462003,-0.015330138047673358,-0.006976419782089849,0.008017424837306386,133.5756173,76.08316802978516,0.64959716796875,1.6619564294815063,408.0
2020-12-31,2.889064233665639,-2.813012072716695,-0.1,4.903129556103374,4.324507062977226,-8.299999999999992,2020-12-01,3.76919967,-2.55625307003241,-0.9999999999999999,2.2999999999999994,4.199999999999997,6.399999999999994,6.599999999999995,2.400000000000002,5.000000000000001,7.499999999999992,8.299999999999997,5.099999999999995,1.5999999999999959,2020-12-01,-0.6931472,0.0,1.1939225,-0.058840394,1.6486586,0.0,2.00148,0.0,2.0281482,0.0,1.2237754,0.0,1.7917595,0.0,2.1400661,0.0,2.2300143,0.0,1.8082888,0.0,0.95551145,0.0,-0.012033279,4.8914766,4.317753,4.8815913,4.292544,0.0,0.02520895,0.007027149,24.995500087738037,0.87,0.09,0.12789473684210528,2.29,2.29,0.78,0.06041357380225998,-0.018038120132610302,0.06511478023492856,-0.017471182043267808,-0.02537446317781633,-0.027486968586999616,-0.015645290748001806,0.0035310967909989444,134.8472922,70.06746673583984,0.4175652861595154,1.3123480081558228,112.0
2021-01-31,2.9873063332399195,-2.813012072716695,0.1,4.915192313810503,4.332447317955469,-8.299999999999992,2021-01-01,1.77741278,-0.421746405839057,-1.0999999999999999,2.099999999999999,4.199999999999997,6.399999999999994,6.599999999999995,2.400000000000002,5.000000000000001,7.499999999999992,8.299999999999997,5.099999999999995,1.1999999999999957,2021-01-01,-0.74193734,-0.048790157,1.1314021,-0.062520385,1.6486586,0.0,2.00148,0.0,2.0281482,0.0,1.2237754,0.0,1.7917595,0.0,2.1400661,0.0,2.2300143,0.0,1.8082888,0.0,0.78845733,-0.16705412,0.0,4.9031296,4.324507,4.8914766,4.317753,-0.1,0.0067543983,0.02520895,22.374090974981133,0.93,0.09,0.14761904761904762,2.18,2.18,1.72,0.15787525231587107,-0.00423119684503348,0.016729700490264676,-0.007785704545121508,-0.01700119998776728,-0.012756491436927142,-0.020406746666269626,0.013112855111043764,138.5052574,64.06729125976562,0.5949008464813232,1.4353163242340088,438.0
2021-02-28,3.109916609378357,-2.7888000409201585,0.2,4.914722503749279,4.304935363058132,-8.099999999999993,2021-02-01,0.730377459,-2.070745027132,-1.2999999999999998,1.9999999999999991,4.199999999999997,6.099999999999994,6.499999999999996,2.400000000000002,5.000000000000001,7.499999999999992,8.299999999999997,5.099999999999995,0.7999999999999957,2021-02-01,-0.8329091,-0.09097177,1.0986123,-0.032789826,1.6486586,0.0,1.9600948,-0.041385293,2.014903,-0.013245106,1.2237754,0.0,1.7917595,0.0,2.1400661,0.0,2.2300143,0.0,1.8082888,0.0,0.5877867,-0.20067066,0.024212033,4.915192,4.3324475,4.9031296,4.324507,-0.1,0.007940292,0.0067543983,24.90999984741211,1.08,0.08,0.13842105263157894,2.17,2.17,1.37,0.09131990420998637,0.004595487767504736,0.07715573314471946,-0.014946391940728665,0.005681080188074006,0.005722640106492705,-0.0047445921679365455,0.00526452556660395,157.6279323,77.418701171875,0.7740280628204346,1.9018974304199219,599.0
2021-03-31,3.157777556026934,-2.776472280723726,-0.1,4.919087439414601,4.331451582288779,-7.999999999999993,2021-03-01,4.432685573,1.56564035552944,-1.9,1.7999999999999992,4.199999999999997,6.099999999999994,6.199999999999996,2.400000000000002,5.000000000000001,7.499999999999992,8.299999999999997,5.099999999999995,0.2999999999999957,2021-03-01,-1.0647107,-0.23180163,1.0296195,-0.06899285,1.6486586,0.0,1.9600948,0.0,1.974081,-0.04082203,1.2237754,0.0,1.7917595,0.0,2.1400661,0.0,2.2300143,0.0,1.8082888,0.0,0.26236427,-0.3254224,0.01232776,4.9147224,4.3049355,4.915192,4.3324475,-0.4,-0.027512074,0.007940292,23.140526219418174,1.26,0.04,0.14842105263157893,2.12,2.12,2.0,0.12836851875932886,-0.03200686803097863,0.041609612204624113,0.00694511829534461,0.007825410059274063,0.013522198620528947,0.003902752699088907,-0.033600576999423204,135.3852701,73.95680236816406,0.7152522802352905,1.5754880905151367,309.0
2021-04-30,3.1415525500739054,-2.776472280723726,-0.1,4.923571952710482,4.324169940328131,-7.999999999999993,2021-04-01,0.740069021,-0.758267678827329,-2.4,1.4999999999999991,4.199999999999997,5.999999999999995,6.299999999999995,2.300000000000002,5.000000000000001,7.499999999999992,8.299999999999997,5.099999999999995,0.0999999999999957,2021-04-01,-1.2237754,-0.15906465,0.91629076,-0.113328695,1.6486586,0.0,1.9459101,-0.014184713,1.9878744,0.013793349,1.1939225,-0.029852867,1.7917595,0.0,2.1400661,0.0,2.2300143,0.0,1.8082888,0.0,0.09531018,-0.16705409,0.0,4.9190874,4.3314514,4.9147224,4.3049355,0.1,0.02651596,-0.027512074,21.843043534652047,1.61,0.03,0.15782608695652173,2.03,2.03,2.33,0.04909100440279346,-0.05102059289634919,-0.03521306087067977,0.012100141490971827,0.008760545585254853,0.0008228655730704304,0.018462062839735616,0.028565786232450208,177.0828077,78.61876678466797,0.8384279608726501,1.759825348854065,566.0
2021-05-31,3.188949865258364,-2.7888000409201585,-0.1,4.911672893814671,4.3304030752285145,-8.099999999999993,2021-05-01,7.496809457,0.0471171932536727,-2.6999999999999997,1.0999999999999992,4.199999999999997,5.899999999999995,6.099999999999995,2.300000000000002,5.000000000000001,7.499999999999992,8.299999999999997,5.099999999999995,-0.10000000000000431,2021-05-01,-1.3083328,-0.084557414,0.74193734,-0.17435342,1.6486586,0.0,1.9315214,-0.01438868,1.9600948,-0.02777958,1.1939225,0.0,1.7917595,0.0,2.1400661,0.0,2.2300143,0.0,1.8082888,0.0,-0.09531018,-0.19062036,-0.01232776,4.923572,4.32417,4.9190874,4.3314514,0.2,-0.0072813034,0.02651596,17.416190556117467,1.64,0.02,0.165,1.96,1.96,2.82,-0.00926924500349191,0.024041844862437323,0.00134481366777095,-0.011806657603447679,-0.01540042645887496,-0.010779690345715132,0.0006198987697212388,0.0017578578773207454,144.3614946,88.16622161865234,0.7356022000312805,1.9786767959594727,656.0
2021-06-30,3.271235148619025,-2.8009787939192043,0.0,4.922901591883064,4.338916842848292,-8.199999999999992,2021-06-01,7.259597985,0.647646466059428,-3.0999999999999996,0.8999999999999992,4.199999999999997,5.899999999999995,5.999999999999996,2.300000000000002,5.1000000000000005,7.499999999999992,8.299999999999997,5.099999999999995,-0.5000000000000043,2021-06-01,-1.410987,-0.10265422,0.64185387,-0.10008347,1.6486586,0.0,1.9315214,0.0,1.9459101,-0.014184713,1.1939225,0.0,1.8082888,0.016529322,2.1400661,0.0,2.2300143,0.0,1.8082888,0.0,-0.4054651,-0.3101549,-0.012178753,4.911673,4.330403,4.923572,4.32417,-0.1,0.0062327385,-0.0072813034,19.7604998588562,1.62,0.02,0.1363157894736842,1.99,1.99,3.1,0.05592713736985733,0.04998963369135012,-0.012906726005068592,-0.01674194045343036,-0.01190366840161694,-0.010699982094599214,-0.006216348240240421,0.008834757856392983,145.2640788,93.00713348388672,0.6360744833946228,2.0172648429870605,198.0
2021-07-31,3.2821404991197385,-2.8009787939192043,0.1,4.922620632283753,4.3535784706952665,-8.199999999999992,2021-07-01,1.042141145,0.0128406179952596,-3.3999999999999995,0.5999999999999992,4.199999999999997,5.899999999999995,5.999999999999996,2.300000000000002,5.1000000000000005,7.499999999999992,8.299999999999997,5.099999999999995,-0.7000000000000044,2021-07-01,-1.4816046,-0.07061756,0.47000363,-0.17185023,1.6486586,0.0,1.9315214,0.0,1.9459101,0.0,1.1939225,0.0,1.8082888,0.0,2.1400661,0.0,2.2300143,0.0,1.8082888,0.0,-0.53062826,-0.12516317,0.0,4.9229016,4.338917,4.911673,4.330403,0.1,0.008513927,0.0062327385,16.956818147139117,1.52,0.04,0.09636363636363637,1.87,1.87,2.83,0.0653716949119767,-0.00851604813454454,0.012044904546957724,0.013911640454797647,0.01608285762937367,0.00726836612558035,0.010030589244071741,0.003668089560924237,145.6546669,74.12712097167969,0.7287411689758301,1.698848843574524,508.0
2021-08-31,3.2108906644634594,-2.8009787939192043,0.0,4.921032304542068,4.348848941638964,-8.199999999999992,2021-08-01,-0.139545178,-1.3145416833222,-3.5999999999999996,0.5999999999999992,4.199999999999997,5.899999999999995,5.999999999999996,2.300000000000002,5.1000000000000005,7.499999999999992,8.299999999999997,5.099999999999995,-0.7000000000000044,2021-08-01,-1.5260563,-0.044451714,0.47000363,0.0,1.6486586,0.0,1.9315214,0.0,1.9459101,0.0,1.1939225,0.0,1.8082888,0.0,2.1400661,0.0,2.2300143,0.0,1.8082888,0.0,-0.53062826,0.0,0.0,4.922621,4.3535786,4.9229016,4.338917,0.1,0.014661789,0.008513927,17.60333351861863,1.32,0.05,0.0780952380952381,1.95,1.95,3.01,0.02699305235918814,-0.01467735914253332,-0.058611218191853,0.0006657635237201642,0.0010487305417585802,0.003968698437899931,0.013997674269830895,0.004530861445060097,165.6990741,58.42076873779297,0.5243344902992249,1.2503361701965332,411.0
2021-09-30,3.2630545168152807,-2.776472280723712,0.2,4.913594177030605,4.353304654449106,-7.999999999999992,2021-09-01,6.485886214,-0.952540314101087,-3.5999999999999996,0.0999999999999992,4.199999999999997,5.799999999999995,5.999999999999996,2.200000000000002,5.1000000000000005,7.499999999999992,8.299999999999997,5.199999999999995,-1.0000000000000044,2021-09-01,-1.5260563,0.0,0.09531018,-0.37469345,1.6486586,0.0,1.9169226,-0.014598846,1.9459101,0.0,1.1631508,-0.030771732,1.8082888,0.0,2.1400661,0.0,2.2300143,0.0,1.8245493,0.016260505,-0.6931472,-0.16251892,0.024506513,4.9210324,4.348849,4.922621,4.3535786,0.2,-0.004729748,0.014661789,17.47772723978216,1.28,0.05,0.06904761904761905,1.94,1.94,3.39,-0.060585639547369396,-0.012557496803772494,-0.048150867343281334,-7.73915937637426e-05,0.0038639602683359087,-0.00016085072194105265,0.002229655327268709,-0.002078928094134014,153.4883736,89.4865493774414,0.588945209980011,2.1482017040252686,76.0
2021-10-31,3.382991512059534,-2.763991851100027,-0.1,4.9198629426279155,4.370173753494071,-7.899999999999992,2021-10-01,2.709522318,0.989904987664086,-3.5999999999999996,-0.2000000000000008,4.199999999999997,5.799999999999995,6.099999999999995,2.100000000000002,5.1000000000000005,7.499999999999992,8.299999999999997,5.199999999999995,-1.0000000000000044,2021-10-01,-1.5260563,0.0,-0.18232156,-0.27763176,1.6486586,0.0,1.9169226,0.0,1.9600948,0.014184713,1.1314021,-0.031748652,1.8082888,0.0,2.1400661,0.0,2.2300143,0.0,1.8245493,0.0,-0.6931472,0.0,0.012480429,4.9135942,4.353305,4.9210324,4.348849,0.0,0.0044560432,-0.004729748,19.8247617994036,1.37,0.04,0.0819047619047619,1.85,1.85,3.46,0.05153442965631161,-0.005695972618541489,-0.029449341357357994,-0.0026348842721324317,0.013459822369048524,0.013024388987131097,-0.0010128634513231205,-0.01192362503883615,142.2006166,80.69696807861328,0.8380149602890015,1.9194756746292114,724.0
2021-11-30,3.347010740718158,-2.685680167776155,0.5,4.933404582760411,4.380757992787959,-7.299999999999993,2021-11-01,0.470405329,0.0474312263108203,-3.8999999999999995,-0.4000000000000008,4.199999999999997,5.499999999999996,6.099999999999995,2.100000000000002,5.1000000000000005,7.499999999999992,8.299999999999997,5.199999999999995,-1.1000000000000045,2021-11-01,-1.5892352,-0.0631789,-0.33647224,-0.15415068,1.6486586,0.0,1.8718022,-0.04512036,1.9600948,0.0,1.1314021,0.0,1.8082888,0.0,2.1400661,0.0,2.2300143,0.0,1.8245493,0.0,-0.74193734,-0.048790157,0.07831168,4.9198627,4.370174,4.9135942,4.353305,-0.3,0.016869068,0.0044560432,17.869047573634557,1.58,0.05,0.074,1.69,1.69,4.01,0.11465617649212234,0.0009628406229218456,0.005062970579212234,-0.005977415761390992,-0.004418318263358145,-0.0023323237174484035,0.008275352503391176,0.01334599098044631,129.9540127,79.02923583984375,0.761751115322113,1.6444863080978394,406.0
2021-12-31,3.2425608919329605,-2.725595849263824,-0.9,4.945157042999136,4.377106387586022,-7.5999999999999925,2021-12-01,-3.235317127,-0.939537233639696,-4.1,-0.7000000000000008,4.299999999999996,5.499999999999996,5.899999999999995,2.100000000000002,5.1000000000000005,7.499999999999992,8.299999999999997,5.2999999999999945,-1.4000000000000046,2021-12-01,-1.6292405,-0.040005326,-0.53062826,-0.19415602,1.6677068,0.019048214,1.8718022,0.0,1.9315214,-0.028573394,1.1314021,0.0,1.8082888,0.0,2.1400661,0.0,2.2300143,0.0,1.8405496,0.01600027,-0.87546873,-0.13353139,-0.03991568,4.9334044,4.380758,4.9198627,4.370174,0.1,0.010583878,0.016869068,18.500476246788388,1.56,0.05,0.10700000000000001,1.81,1.81,4.41,-0.030236510030031027,0.024960933101172422,-0.015251166415289674,-0.006421824873157123,0.01799286195945804,0.013027996736669323,0.008107746730846799,0.006757498302163434,145.0344385,86.56914520263672,0.7960199117660522,1.8621180057525635,573.0
2022-01-31,3.3849884354859103,-2.7385576501371505,0.2,4.9587189441278126,4.378241668217017,-7.699999999999992,2022-01-01,6.126178072,-1.935902976691,-4.3,-0.9000000000000008,4.299999999999996,5.499999999999996,5.899999999999995,2.100000000000002,5.1000000000000005,7.499999999999992,8.299999999999997,5.2999999999999945,-1.4000000000000046,2022-01-01,-1.6677068,-0.038466334,-0.64185387,-0.111225605,1.6677068,0.0,1.8718022,0.0,1.9315214,0.0,1.1314021,0.0,1.8082888,0.0,2.1400661,0.0,2.2300143,0.0,1.8405496,0.0,-0.87546873,0.0,-0.012961801,4.945157,4.377106,4.9334044,4.380758,0.0,-0.003651619,0.010583878,21.354545506564055,1.47,0.06,0.144,1.85,1.85,4.49,-0.08870007219663201,-0.017347252313265393,-0.05899363939037805,0.0013504390978713587,-0.00798396915285604,-0.012590020405301772,0.007053126144512589,-0.002907100013006314,156.4718876,105.34542083740234,0.863984227180481,2.478400468826294,459.0
2022-02-28,3.473423165595274,-2.7385576501371505,0.1,4.9708516829657885,4.390409165388257,-7.699999999999992,2022-02-01,3.781973261,0.525637122944783,-4.3,-1.0000000000000009,4.299999999999996,5.499999999999996,5.899999999999995,2.100000000000002,5.1000000000000005,7.499999999999992,8.299999999999997,5.2999999999999945,-1.5000000000000047,2022-02-01,-1.6677068,0.0,-0.6931472,-0.051293314,1.6677068,0.0,1.8718022,0.0,1.9315214,0.0,1.1314021,0.0,1.8082888,0.0,2.1400661,0.0,2.2300143,0.0,1.8405496,0.0,-0.91629076,-0.04082203,0.0,4.958719,4.3782415,4.945157,4.377106,0.2,0.0011353493,-0.003651619,23.18100004196167,1.76,0.15,,1.93,1.93,3.78,0.15383879213365237,0.01419147886700145,0.019759825331274072,-0.0018219518767446097,0.0024518203827561535,0.00024421907857963276,-0.0011885896803427443,-0.0038553890138945945,165.0818266,138.67498779296875,0.7950358986854553,3.3158812522888184,203.0
