model,weak_iv_share,median_f,mae_vs_baseline,rmse_vs_baseline,mae_vs_stata,rmse_vs_stata,n_valid
Ridge_10,0.0,52.162246759399544,0.10320715770927856,0.12226169120978114,0.10152407179929489,0.12168809165320163,49
LinearRegression,0.0,2115.5909845391343,0.14080602450583765,0.19460605617826449,0.13912301162047785,0.19109778915874098,49
Ridge_0.1,0.0,1368.817892538865,0.16286624294156918,0.19114569192687123,0.16118310198389077,0.19040233607308718,49
RidgeCV,0.0,1938.536555880582,0.1730602994704697,0.22257308808011125,0.17137721290198865,0.2206273946024472,49
BayesianRidge,0.0,1774.0517813534138,0.17609036113349072,0.21428566026918552,0.17440729323148232,0.21278183195478031,49
Ridge_1,0.0,295.6897715448968,0.1987584922248062,0.24357803419659343,0.2004417129526088,0.24480391431496817,49
