date,lwip,lgop,lwti,lpri,pri,u_wip,u_gop,pri_jp,pri_aus,pri_cds,pri_fra,pri_ger,pri_india,pri_indo,pri_pak,pri_rus,pri_vn,pri_uk,Period,lpri_jp,dlpri_jp,lpri_aus,dlpri_aus,lpri_cds,dlpri_cds,lpri_fra,dlpri_fra,lpri_ger,dlpri_ger,lpri_india,dlpri_india,lpri_indo,dlpri_indo,lpri_pak,dlpri_pak,lpri_rus,dlpri_rus,lpri_vn,dlpri_vn,lpri_uk,dlpri_uk,dlpri,llwip,llgop,l2lwip,l2lgop,d2pri,d2pri_jp,dllgop,dl2lgop,L1_lpri,L2_lpri
1990-01-01,4.135465552038807,4.109584311746399,2.8768162433604516,-0.5688248987322411,-0.5999999999999927,2.890270779,-0.340788195529255,3.399999999999997,1.7000000000000002,-6.299999999999997,0.9000000000000008,2.700000000000002,-2.499999999999997,-3.7000000000000006,6.299999999999995,0.30000000000000004,-6.800000000000003,2.0999999999999996,360.0,1.4816045761108398,0.0,0.9932518005371094,0.0,-1.9878743886947632,0.0,0.6418538689613342,0.0,1.3083328008651733,0.0,-1.2527629137039185,0.0,-1.5475624799728394,0.0,1.9878743886947632,0.0,0.2623642683029175,0.0,-2.054123640060425,0.0,1.1314021348953247,0.0,0.0,4.139441013336182,4.118795871734619,4.131744861602783,4.124588489532471,-0.10000000149011612,0.0,,,,
1990-02-01,4.139524248198193,4.113802048264543,2.8490794560394908,-0.7326682560454053,-0.7999999999999927,0.997852803,1.76621221018541,3.399999999999997,1.7000000000000002,-6.299999999999997,1.0000000000000009,2.700000000000002,-2.499999999999997,-3.7000000000000006,6.299999999999995,0.30000000000000004,-6.800000000000003,2.0999999999999996,361.0,1.4816045761108398,0.0,0.9932518005371094,0.0,-1.9878743886947632,0.0,0.6931471824645996,0.05129331350326538,1.3083328008651733,0.0,-1.2527629137039185,0.0,-1.5475624799728394,0.0,1.9878743886947632,0.0,0.2623642683029175,0.0,-2.054123640060425,0.0,1.1314021348953247,0.0,-0.16384336352348328,4.135465621948242,4.109584331512451,4.139441013336182,4.118795871734619,-0.20000000298023224,0.0,-0.009211540222167969,-0.0057926177978515625,-0.5688248987322411,
1990-03-01,4.143738195061332,4.128462905396807,2.7648802389313962,-0.8088669356527773,-0.8999999999999927,-6.8534674,1.59064053334787,3.399999999999997,1.7000000000000002,-6.299999999999997,1.0000000000000009,2.700000000000002,-2.399999999999997,-3.7000000000000006,6.299999999999995,0.6000000000000001,-6.800000000000003,2.0999999999999996,362.0,1.4816045761108398,0.0,0.9932518005371094,0.0,-1.9878743886947632,0.0,0.6931471824645996,0.0,1.3083328008651733,0.0,-1.2237753868103027,0.028987526893615723,-1.5475624799728394,0.0,1.9878743886947632,0.0,0.4700036346912384,0.20763936638832092,-2.054123640060425,0.0,1.1314021348953247,0.0,-0.07619868218898773,4.139524459838867,4.113801956176758,4.135465621948242,4.109584331512451,0.10000000149011612,0.0,0.004217624664306641,-0.009211540222167969,-0.7326682560454053,-0.5688248987322411
1990-04-01,4.133442190877719,4.123999363091875,2.6683266462620705,-0.8088669356527773,-0.8999999999999927,-4.485259791,-0.238662691053113,3.399999999999997,1.7000000000000002,-6.299999999999997,1.0000000000000009,2.700000000000002,-2.1999999999999966,-3.7000000000000006,6.299999999999995,1.1,-6.800000000000003,2.0999999999999996,363.0,1.4816045761108398,0.0,0.9932518005371094,0.0,-1.9878743886947632,0.0,0.6931471824645996,0.0,1.3083328008651733,0.0,-1.1631507873535156,0.06062459945678711,-1.5475624799728394,0.0,1.9878743886947632,0.0,0.7419373393058777,0.2719337046146393,-2.054123640060425,0.0,1.1314021348953247,0.0,0.0,4.143738269805908,4.128462791442871,4.139524459838867,4.113801956176758,0.10000000149011612,0.0,0.014660835266113281,0.004217624664306641,-0.8088669356527773,-0.7326682560454053
1990-05-01,4.144599843059943,4.114774607029828,2.6480353855701897,-0.8088669356527773,-0.8999999999999927,-3.758462253,0.730446640101484,3.399999999999997,1.7000000000000002,-6.299999999999997,1.0000000000000009,2.700000000000002,-2.1999999999999966,-3.7000000000000006,6.299999999999995,1.1,-6.800000000000003,2.0999999999999996,364.0,1.4816045761108398,0.0,0.9932518005371094,0.0,-1.9878743886947632,0.0,0.6931471824645996,0.0,1.3083328008651733,0.0,-1.1631507873535156,0.0,-1.5475624799728394,0.0,1.9878743886947632,0.0,0.7419373393058777,0.0,-2.054123640060425,0.0,1.1314021348953247,0.0,0.0,4.133442401885986,4.12399959564209,4.143738269805908,4.128462791442871,0.0,0.0,-0.00446319580078125,0.014660835266113281,-0.8088669356527773,-0.8088669356527773
1990-06-01,4.148147853929191,4.101144225359306,2.5640014339353754,-0.8088669356527773,-0.8999999999999927,-0.767166099,-0.346604302446064,3.599999999999997,1.7000000000000002,-6.299999999999997,1.0000000000000009,2.700000000000002,-2.1999999999999966,-3.7000000000000006,6.299999999999995,1.2000000000000002,-6.800000000000003,2.0999999999999996,365.0,1.5260562896728516,0.04445171356201172,0.9932518005371094,0.0,-1.9878743886947632,0.0,0.6931471824645996,0.0,1.3083328008651733,0.0,-1.1631507873535156,0.0,-1.5475624799728394,0.0,1.9878743886947632,0.0,0.7884573340415955,0.04651999473571777,-2.054123640060425,0.0,1.1314021348953247,0.0,0.0,4.144599914550781,4.114774703979492,4.133442401885986,4.12399959564209,0.0,0.20000000298023224,-0.009224891662597656,-0.00446319580078125,-0.8088669356527773,-0.8088669356527773
1990-07-01,4.147998434917729,4.10287147125,2.6589994665888073,-0.8088669356527773,-0.8999999999999927,7.740614638,-0.89974187617403,3.599999999999997,1.7000000000000002,-6.299999999999997,1.0000000000000009,2.700000000000002,-2.1999999999999966,-1.3000000000000007,6.299999999999995,1.4000000000000001,-6.800000000000003,2.0999999999999996,366.0,1.5260562896728516,0.0,0.9932518005371094,0.0,-1.9878743886947632,0.0,0.6931471824645996,0.0,1.3083328008651733,0.0,-1.1631507873535156,0.0,-0.832909107208252,0.7146533727645874,1.9878743886947632,0.0,0.8754687309265137,0.08701139688491821,-2.054123640060425,0.0,1.1314021348953247,0.0,0.0,4.148148059844971,4.101144313812256,4.144599914550781,4.114774703979492,0.0,-0.20000000298023224,-0.013630390167236328,-0.009224891662597656,-0.8088669356527773,-0.8088669356527773
1990-08-01,4.153454625909485,4.042448138620265,3.027663800899006,-0.8088669356527773,-0.8999999999999927,6.449692647,-7.92903356128256,3.599999999999997,1.7000000000000002,-6.299999999999997,1.0000000000000009,2.700000000000002,-2.1999999999999966,-0.7000000000000007,6.299999999999995,1.4000000000000001,-6.800000000000003,2.0999999999999996,367.0,1.5260562896728516,0.0,0.9932518005371094,0.0,-1.9878743886947632,0.0,0.6931471824645996,0.0,1.3083328008651733,0.0,-1.1631507873535156,0.0,-0.5306282639503479,0.30228084325790405,1.9878743886947632,0.0,0.8754687309265137,0.0,-2.054123640060425,0.0,1.1314021348953247,0.0,0.0,4.147998332977295,4.102871417999268,4.148148059844971,4.101144313812256,0.0,0.0,0.0017271041870117188,-0.013630390167236328,-0.8088669356527773,-0.8088669356527773
1990-09-01,4.155459730367675,4.086211175725372,3.235699546820326,-0.8088669356527773,-0.8999999999999927,9.528901568,2.06353345534928,3.299999999999997,1.7000000000000002,-6.099999999999997,1.0000000000000009,2.700000000000002,-2.1999999999999966,-0.7000000000000007,6.299999999999995,1.4000000000000001,-5.5000000000000036,2.0999999999999996,368.0,1.4586150646209717,-0.06744122505187988,0.9932518005371094,0.0,-1.9600948095321655,0.027779579162597656,0.6931471824645996,0.0,1.3083328008651733,0.0,-1.1631507873535156,0.0,-0.5306282639503479,0.0,1.9878743886947632,0.0,0.8754687309265137,0.0,-1.8718022108078003,0.1823214292526245,1.1314021348953247,0.0,0.0,4.153454780578613,4.042448043823242,4.147998332977295,4.102871417999268,0.0,-0.30000001192092896,-0.06042337417602539,0.0017271041870117188,-0.8088669356527773,-0.8088669356527773
1990-10-01,4.1547875204798865,4.0919120727837175,3.293167973677838,-0.8088669356527773,-0.8999999999999927,-0.974249357,-0.977700161262485,3.3999999999999972,1.7000000000000002,-6.099999999999997,1.0000000000000009,2.5000000000000018,-2.1999999999999966,-0.7000000000000007,6.299999999999995,1.6,-5.5000000000000036,2.0999999999999996,369.0,1.4816045761108398,0.022989511489868164,0.9932518005371094,0.0,-1.9600948095321655,0.0,0.6931471824645996,0.0,1.2527629137039185,-0.05556988716125488,-1.1631507873535156,0.0,-0.5306282639503479,0.0,1.9878743886947632,0.0,0.9555114507675171,0.08004271984100342,-1.8718022108078003,0.0,1.1314021348953247,0.0,0.0,4.155459880828857,4.086211204528809,4.153454780578613,4.042448043823242,0.0,0.4000000059604645,0.043763160705566406,-0.06042337417602539,-0.8088669356527773,-0.8088669356527773
1990-11-01,4.149967993022577,4.1054887181362645,3.184638932108805,-0.7326682560454053,-0.7999999999999927,0.305731877,0.637046214822562,3.3999999999999972,1.7000000000000002,-6.099999999999997,1.300000000000001,2.5000000000000018,-2.1999999999999966,-0.40000000000000074,6.299999999999995,1.6,-5.5000000000000036,2.0999999999999996,370.0,1.4816045761108398,0.0,0.9932518005371094,0.0,-1.9600948095321655,0.0,0.832909107208252,0.13976192474365234,1.2527629137039185,0.0,-1.1631507873535156,0.0,-0.3364722430706024,0.19415602087974548,1.9878743886947632,0.0,0.9555114507675171,0.0,-1.8718022108078003,0.0,1.1314021348953247,0.0,0.07619868218898773,4.154787540435791,4.091912269592285,4.155459880828857,4.086211204528809,0.10000000149011612,-0.10000000149011612,0.0057010650634765625,0.043763160705566406,-0.8088669356527773,-0.8088669356527773
1990-12-01,4.147896229564655,4.108969724580772,3.014080057391301,-0.65266656608235,-0.6999999999999927,-4.446716592,0.915094960841902,3.3999999999999972,1.7000000000000002,-6.099999999999997,1.400000000000001,2.5000000000000018,-2.1999999999999966,-0.40000000000000074,6.299999999999995,1.7000000000000002,-5.5000000000000036,2.0999999999999996,371.0,1.4816045761108398,0.0,0.9932518005371094,0.0,-1.9600948095321655,0.0,0.8754687309265137,0.04255962371826172,1.2527629137039185,0.0,-1.1631507873535156,0.0,-0.3364722430706024,0.0,1.9878743886947632,0.0,0.9932518005371094,0.037740349769592285,-1.8718022108078003,0.0,1.1314021348953247,0.0,0.08000168949365616,4.149968147277832,4.1054887771606445,4.154787540435791,4.091912269592285,0.0,0.0,0.013576507568359375,0.0057010650634765625,-0.7326682560454053,-0.8088669356527773
1991-01-01,4.149920854797607,4.104909407193083,2.9193545811678483,-0.65266656608235,-0.6999999999999927,-3.163827683,-0.103912625248462,3.3999999999999972,1.7000000000000002,-6.099999999999997,1.400000000000001,2.5000000000000018,-2.1999999999999966,-0.40000000000000074,6.299999999999995,1.7000000000000002,-5.5000000000000036,2.0999999999999996,372.0,1.4816045761108398,0.0,0.9932518005371094,0.0,-1.9600948095321655,0.0,0.8754687309265137,0.0,1.2527629137039185,0.0,-1.1631507873535156,0.0,-0.3364722430706024,0.0,1.9878743886947632,0.0,0.9932518005371094,0.0,-1.8718022108078003,0.0,1.1314021348953247,0.0,0.0,4.1478962898254395,4.108969688415527,4.149968147277832,4.1054887771606445,-0.10000000149011612,0.0,0.0034809112548828125,0.013576507568359375,-0.65266656608235,-0.7326682560454053
1991-02-01,4.14287643906998,4.099772636866589,2.7229241959568555,-0.65266656608235,-0.6999999999999927,-6.378940057,0.404843647046532,3.3999999999999972,1.7000000000000002,-6.099999999999997,1.400000000000001,2.5000000000000018,-2.0999999999999965,-0.40000000000000074,6.299999999999995,1.7000000000000002,-5.5000000000000036,2.0999999999999996,373.0,1.4816045761108398,0.0,0.9932518005371094,0.0,-1.9600948095321655,0.0,0.8754687309265137,0.0,1.2527629137039185,0.0,-1.1314021348953247,0.03174865245819092,-0.3364722430706024,0.0,1.9878743886947632,0.0,0.9932518005371094,0.0,-1.8718022108078003,0.0,1.1314021348953247,0.0,0.0,4.14992094039917,4.104909420013428,4.1478962898254395,4.108969688415527,0.0,0.0,-0.004060268402099609,0.0034809112548828125,-0.65266656608235,-0.65266656608235
1991-03-01,4.138894160586568,4.103992718712323,2.690085646126911,-0.65266656608235,-0.6999999999999927,0.879508613,0.433316799780012,3.3999999999999972,1.7000000000000002,-6.099999999999997,1.500000000000001,2.5000000000000018,-2.0999999999999965,-0.40000000000000074,6.299999999999995,1.9000000000000001,-5.5000000000000036,2.0999999999999996,374.0,1.4816045761108398,0.0,0.9932518005371094,0.0,-1.9600948095321655,0.0,0.9162907600402832,0.04082202911376953,1.2527629137039185,0.0,-1.1314021348953247,0.0,-0.3364722430706024,0.0,1.9878743886947632,0.0,1.0647107362747192,0.07145893573760986,-1.8718022108078003,0.0,1.1314021348953247,0.0,0.0,4.142876625061035,4.0997724533081055,4.14992094039917,4.104909420013428,0.0,0.0,-0.005136966705322266,-0.004060268402099609,-0.65266656608235,-0.65266656608235
1991-04-01,4.146136407312595,4.080639880605522,2.735213086047495,-0.65266656608235,-0.6999999999999927,4.235188862,-1.30754216737691,3.3999999999999972,1.8000000000000003,-5.999999999999997,1.500000000000001,2.600000000000002,-2.0999999999999965,-0.40000000000000074,6.299999999999995,1.9000000000000001,-5.5000000000000036,2.0999999999999996,375.0,1.4816045761108398,0.0,1.0296194553375244,0.03636765480041504,-1.945910096168518,0.014184713363647461,0.9162907600402832,0.0,1.2809338569641113,0.02817094326019287,-1.1314021348953247,0.0,-0.3364722430706024,0.0,1.9878743886947632,0.0,1.0647107362747192,0.0,-1.8718022108078003,0.0,1.1314021348953247,0.0,0.0,4.138894081115723,4.103992938995361,4.142876625061035,4.0997724533081055,0.0,0.0,0.004220485687255859,-0.005136966705322266,-0.65266656608235,-0.65266656608235
1991-05-01,4.150642189024499,4.077645217758926,2.7513470068555343,-0.65266656608235,-0.6999999999999927,-1.369743167,-0.00770691691201242,3.4999999999999973,1.8000000000000003,-5.999999999999997,1.500000000000001,2.600000000000002,-1.8999999999999966,-0.40000000000000074,6.299999999999995,2.5,-5.5000000000000036,2.0999999999999996,376.0,1.504077434539795,0.022472858428955078,1.0296194553375244,0.0,-1.945910096168518,0.0,0.9162907600402832,0.0,1.2809338569641113,0.0,-1.0647107362747192,0.06669139862060547,-0.3364722430706024,0.0,1.9878743886947632,0.0,1.2527629137039185,0.18805217742919922,-1.8718022108078003,0.0,1.1314021348953247,0.0,0.0,4.146136283874512,4.080639839172363,4.138894081115723,4.103992938995361,0.0,0.10000000149011612,-0.023353099822998047,0.004220485687255859,-0.65266656608235,-0.65266656608235
1991-06-01,4.1522127611420485,4.080903045097274,2.6979503492674155,-0.5688248987322413,-0.5999999999999928,-1.970608454,-0.06981982955708,3.4999999999999973,1.8000000000000003,-5.999999999999997,1.500000000000001,2.600000000000002,-1.8999999999999966,-0.10000000000000075,6.299999999999995,2.5,-5.5000000000000036,2.0999999999999996,377.0,1.504077434539795,0.0,1.0296194553375244,0.0,-1.945910096168518,0.0,0.9162907600402832,0.0,1.2809338569641113,0.0,-1.0647107362747192,0.0,-0.09531018137931824,0.24116206169128418,1.9878743886947632,0.0,1.2527629137039185,0.0,-1.8718022108078003,0.0,1.1314021348953247,0.0,0.08384166657924652,4.150642395019531,4.077645301818848,4.146136283874512,4.080639839172363,0.10000000149011612,-0.10000000149011612,-0.002994537353515625,-0.023353099822998047,-0.65266656608235,-0.65266656608235
1991-07-01,4.153505053899386,4.0975330236721135,2.755370857292282,-0.5688248987322413,-0.5999999999999928,-0.471648335,0.452706557813125,3.4999999999999973,1.9000000000000004,-5.999999999999997,1.500000000000001,2.600000000000002,-1.8999999999999966,-0.10000000000000075,6.299999999999995,2.5,-5.5000000000000036,2.1999999999999997,378.0,1.504077434539795,0.0,1.0647107362747192,0.035091280937194824,-1.945910096168518,0.0,0.9162907600402832,0.0,1.2809338569641113,0.0,-1.0647107362747192,0.0,-0.09531018137931824,0.0,1.9878743886947632,0.0,1.2527629137039185,0.0,-1.8718022108078003,0.0,1.1631507873535156,0.03174865245819092,0.0,4.152212619781494,4.080903053283691,4.150642395019531,4.077645301818848,-0.10000000149011612,0.0,0.00325775146484375,-0.002994537353515625,-0.5688248987322413,-0.65266656608235
1991-08-01,4.1530553538332615,4.085898006964773,2.764872351047766,-0.5688248987322413,-0.5999999999999928,-0.553805691,-0.773136504045476,3.4999999999999973,1.9000000000000004,-5.999999999999997,1.000000000000001,2.600000000000002,-1.8999999999999966,-0.10000000000000075,6.299999999999995,2.6,-5.200000000000004,2.1999999999999997,379.0,1.504077434539795,0.0,1.0647107362747192,0.0,-1.945910096168518,0.0,0.6931471824645996,-0.2231435775756836,1.2809338569641113,0.0,-1.0647107362747192,0.0,-0.09531018137931824,0.0,1.9878743886947632,0.0,1.2809338569641113,0.02817094326019287,-1.8245493173599243,0.04725289344787598,1.1631507873535156,0.0,0.0,4.153504848480225,4.097533226013184,4.152212619781494,4.080903053283691,0.0,0.0,0.016630172729492188,0.00325775146484375,-0.5688248987322413,-0.5688248987322413
1991-09-01,4.156020239329489,4.103206099234186,2.769710496528017,-0.5688248987322413,-0.5999999999999928,0.977028934,0.769032834969332,3.4999999999999973,1.9000000000000004,-5.999999999999997,1.000000000000001,2.600000000000002,-1.8999999999999966,-7.494005416219807e-16,6.299999999999995,2.6,-4.900000000000004,2.4999999999999996,380.0,1.504077434539795,0.0,1.0647107362747192,0.0,-1.945910096168518,0.0,0.6931471824645996,0.0,1.2809338569641113,0.0,-1.0647107362747192,0.0,-6.661338147750939e-16,0.09531018137931824,1.9878743886947632,0.0,1.2809338569641113,0.0,-1.7749522924423218,0.04959702491760254,1.2527629137039185,0.08961212635040283,0.0,4.153055191040039,4.085897922515869,4.153504848480225,4.097533226013184,0.0,0.0,-0.011635303497314453,0.016630172729492188,-0.5688248987322413,-0.5688248987322413
1991-10-01,4.158830425723283,4.102468953133709,2.82908891820611,-0.5688248987322413,-0.5999999999999928,1.51991046,-0.410521713774465,3.4999999999999973,1.9000000000000004,-5.999999999999997,1.000000000000001,2.700000000000002,-1.8999999999999966,0.09999999999999926,6.399999999999995,2.6,-4.800000000000004,2.5999999999999996,381.0,1.504077434539795,0.0,1.0647107362747192,0.0,-1.945910096168518,0.0,0.6931471824645996,0.0,1.3083328008651733,0.02739894390106201,-1.0647107362747192,0.0,0.09531018137931824,0.09531018137931824,2.0014801025390625,0.013605713844299316,1.2809338569641113,0.0,-1.7578579187393188,0.01709437370300293,1.2809338569641113,0.02817094326019287,0.0,4.156020164489746,4.103206157684326,4.153055191040039,4.085897922515869,0.0,0.0,0.01730823516845703,-0.011635303497314453,-0.5688248987322413,-0.5688248987322413
1991-11-01,4.159154452785658,4.106523727509422,2.7913253699306564,-0.5688248987322413,-0.5999999999999928,-1.299111829,0.262132261281764,3.5999999999999974,1.9000000000000004,-5.6999999999999975,1.000000000000001,2.700000000000002,-1.8999999999999966,0.09999999999999926,6.399999999999995,2.6,-1.8000000000000043,2.5999999999999996,382.0,1.5260562896728516,0.02197885513305664,1.0647107362747192,0.0,-1.9021074771881104,0.043802618980407715,0.6931471824645996,0.0,1.3083328008651733,0.0,-1.0647107362747192,0.0,0.09531018137931824,0.0,2.0014801025390625,0.0,1.2809338569641113,0.0,-1.0296194553375244,0.7282384634017944,1.2809338569641113,0.0,0.0,4.158830642700195,4.102468967437744,4.156020164489746,4.103206157684326,0.0,0.10000000149011612,-0.0007371902465820312,0.01730823516845703,-0.5688248987322413,-0.5688248987322413
1991-12-01,4.151137066532729,4.113220256780863,2.647754155303587,-0.5688248987322413,-0.5999999999999928,0.308707602,1.63298512072697,3.6999999999999975,1.9000000000000004,-5.6999999999999975,1.000000000000001,2.700000000000002,-1.1999999999999966,0.09999999999999926,6.399999999999995,2.8000000000000003,-1.8000000000000043,2.5999999999999996,383.0,1.5475624799728394,0.021506190299987793,1.0647107362747192,0.0,-1.9021074771881104,0.0,0.6931471824645996,0.0,1.3083328008651733,0.0,-0.7884573340415955,0.2762534022331238,0.09531018137931824,0.0,2.0014801025390625,0.0,1.3350011110305786,0.054067254066467285,-1.0296194553375244,0.0,1.2809338569641113,0.0,0.0,4.159154415130615,4.106523513793945,4.158830642700195,4.102468967437744,0.0,0.0,0.004054546356201172,-0.0007371902465820312,-0.5688248987322413,-0.5688248987322413
1992-01-01,4.155399993187731,4.115082189434626,2.6106650814746124,-0.4812118250595971,-0.4999999999999928,-3.302364308,0.951994912560296,3.6999999999999975,1.9000000000000004,-5.6999999999999975,1.000000000000001,2.700000000000002,-1.1999999999999966,0.09999999999999926,6.399999999999995,2.8000000000000003,-1.8000000000000043,2.5999999999999996,384.0,1.5475624799728394,0.0,1.0647107362747192,0.0,-1.9021074771881104,0.0,0.6931471824645996,0.0,1.3083328008651733,0.0,-0.7884573340415955,0.0,0.09531018137931824,0.0,2.0014801025390625,0.0,1.3350011110305786,0.0,-1.0296194553375244,0.0,1.2809338569641113,0.0,0.0876130759716034,4.151136875152588,4.11322021484375,4.159154415130615,4.106523513793945,0.10000000149011612,-0.10000000149011612,0.0066967010498046875,0.004054546356201172,-0.5688248987322413,-0.5688248987322413
1992-02-01,4.162302231405327,4.101322437783028,2.6177538858718776,-0.4812118250595971,-0.4999999999999928,-2.557590262,-1.45178842740477,3.6999999999999975,1.9000000000000004,-5.6999999999999975,1.000000000000001,2.700000000000002,-0.9999999999999967,0.09999999999999926,6.399999999999995,2.8000000000000003,-1.6000000000000043,2.5999999999999996,385.0,1.5475624799728394,0.0,1.0647107362747192,0.0,-1.9021074771881104,0.0,0.6931471824645996,0.0,1.3083328008651733,0.0,-0.6931471824645996,0.09531015157699585,0.09531018137931824,0.0,2.0014801025390625,0.0,1.3350011110305786,0.0,-0.9555114507675171,0.07410800457000732,1.2809338569641113,0.0,0.0,4.155399799346924,4.115082263946533,4.151136875152588,4.11322021484375,-0.10000000149011612,0.0,0.0018620491027832031,0.0066967010498046875,-0.4812118250595971,-0.5688248987322413
1992-03-01,4.161391964733127,4.090518464234832,2.6099852118403235,-0.39003531977070865,-0.3999999999999928,1.602424888,-1.28601686759357,3.8999999999999977,1.9000000000000004,-5.6999999999999975,1.000000000000001,2.700000000000002,-0.9999999999999967,0.09999999999999926,6.399999999999995,2.8000000000000003,-1.5000000000000042,2.6999999999999997,386.0,1.5892351865768433,0.041672706604003906,1.0647107362747192,0.0,-1.9021074771881104,0.0,0.6931471824645996,0.0,1.3083328008651733,0.0,-0.6931471824645996,0.0,0.09531018137931824,0.0,2.0014801025390625,0.0,1.3350011110305786,0.0,-0.9162907600402832,0.03922069072723389,1.3083328008651733,0.02739894390106201,0.09117650240659714,4.162302017211914,4.101322650909424,4.155399799346924,4.115082263946533,0.10000000149011612,0.20000000298023224,-0.013759613037109375,0.0018620491027832031,-0.4812118250595971,-0.4812118250595971
1992-04-01,4.163452938149269,4.096522667142983,2.6756317424411082,-0.39003531977070865,-0.3999999999999928,0.555784537,0.822120447996633,3.999999999999998,2.0000000000000004,-5.599999999999998,1.000000000000001,2.700000000000002,-0.9999999999999967,0.19999999999999926,6.399999999999995,2.8000000000000003,-1.5000000000000042,2.6999999999999997,387.0,1.6094379425048828,0.02020275592803955,1.0986123085021973,0.03390157222747803,-1.8870697021484375,0.015037775039672852,0.6931471824645996,0.0,1.3083328008651733,0.0,-0.6931471824645996,0.0,0.18232156336307526,0.08701138198375702,2.0014801025390625,0.0,1.3350011110305786,0.0,-0.9162907600402832,0.0,1.3083328008651733,0.0,0.0,4.161391735076904,4.090518474578857,4.162302017211914,4.101322650909424,-0.10000000149011612,-0.10000000149011612,-0.010804176330566406,-0.013759613037109375,-0.39003531977070865,-0.4812118250595971
1992-05-01,4.160489448713722,4.077584387881545,2.707334125167566,-0.39003531977070865,-0.3999999999999928,1.75395673,-2.28912912965065,3.999999999999998,2.0000000000000004,-5.499999999999998,1.000000000000001,2.700000000000002,-0.6999999999999966,0.19999999999999926,6.399999999999995,2.9000000000000004,-1.5000000000000042,2.6999999999999997,388.0,1.6094379425048828,0.0,1.0986123085021973,0.0,-1.8718022108078003,0.015267491340637207,0.6931471824645996,0.0,1.3083328008651733,0.0,-0.5306282639503479,0.1625189185142517,0.18232156336307526,0.0,2.0014801025390625,0.0,1.3609765768051147,0.025975465774536133,-0.9162907600402832,0.0,1.3083328008651733,0.0,0.0,4.163453102111816,4.096522808074951,4.161391735076904,4.090518474578857,0.0,-0.10000000149011612,0.00600433349609375,-0.010804176330566406,-0.39003531977070865,-0.39003531977070865
1992-06-01,4.1618737630655955,4.081685872151401,2.770757996806049,-0.39003531977070865,-0.3999999999999928,2.919525176,-0.481789897695955,3.999999999999998,2.1000000000000005,-5.399999999999999,1.1000000000000012,2.700000000000002,-0.5999999999999966,0.19999999999999926,6.399999999999995,2.9000000000000004,-1.5000000000000042,2.8,389.0,1.6094379425048828,0.0,1.1314021348953247,0.03278982639312744,-1.8562979698181152,0.015504240989685059,0.7419373393058777,0.048790156841278076,1.3083328008651733,0.0,-0.4700036346912384,0.0606246292591095,0.18232156336307526,0.0,2.0014801025390625,0.0,1.3609765768051147,0.0,-0.9162907600402832,0.0,1.3350011110305786,0.026668310165405273,0.0,4.160489559173584,4.077584266662598,4.163453102111816,4.096522808074951,0.0,0.0,-0.018938541412353516,0.00600433349609375,-0.39003531977070865,-0.39003531977070865
1992-07-01,4.166547852572909,4.0895017759146,2.739990162263676,-0.4812118250595971,-0.4999999999999928,-1.589891603,0.45493527072829,3.999999999999998,2.1000000000000005,-5.399999999999999,1.1000000000000012,2.700000000000002,-0.49999999999999667,0.19999999999999926,6.399999999999995,2.9000000000000004,-1.5000000000000042,2.8,390.0,1.6094379425048828,0.0,1.1314021348953247,0.0,-1.8562979698181152,0.0,0.7419373393058777,0.0,1.3083328008651733,0.0,-0.40546509623527527,0.06453853845596313,0.18232156336307526,0.0,2.0014801025390625,0.0,1.3609765768051147,0.0,-0.9162907600402832,0.0,1.3350011110305786,0.0,-0.09117650240659714,4.161873817443848,4.081686019897461,4.160489559173584,4.077584266662598,-0.10000000149011612,0.0,0.004101753234863281,-0.018938541412353516,-0.39003531977070865,-0.39003531977070865
1992-08-01,4.159983259194237,4.08927993892167,2.7188814819387828,-0.4812118250595971,-0.4999999999999928,-1.220810008,-0.846244193128502,4.099999999999998,2.1000000000000005,-2.4999999999999987,1.1000000000000012,2.700000000000002,-0.49999999999999667,0.19999999999999926,6.399999999999995,3.0000000000000004,-1.5000000000000042,2.8,391.0,1.6292405128479004,0.019802570343017578,1.1314021348953247,0.0,-1.2527629137039185,0.6035350561141968,0.7419373393058777,0.0,1.3083328008651733,0.0,-0.40546509623527527,0.0,0.18232156336307526,0.0,2.0014801025390625,0.0,1.3862943649291992,0.025317788124084473,-0.9162907600402832,0.0,1.3350011110305786,0.0,0.0,4.166547775268555,4.089501857757568,4.161873817443848,4.081686019897461,0.10000000149011612,0.10000000149011612,0.007815837860107422,0.004101753234863281,-0.4812118250595971,-0.39003531977070865
1992-09-01,4.165361894216435,4.09365133719326,2.7422792839828904,-0.9503469298211292,-1.0999999999999928,2.336451958,0.376673108286901,4.599999999999998,2.1000000000000005,-1.6999999999999986,1.1000000000000012,2.700000000000002,-0.49999999999999667,0.19999999999999926,6.399999999999995,3.0000000000000004,-1.4000000000000041,2.8,392.0,1.722766637802124,0.09352612495422363,1.1314021348953247,0.0,-0.9932518005371094,0.2595111131668091,0.7419373393058777,0.0,1.3083328008651733,0.0,-0.40546509623527527,0.0,0.18232156336307526,0.0,2.0014801025390625,0.0,1.3862943649291992,0.0,-0.8754687309265137,0.04082202911376953,1.3350011110305786,0.0,-0.4691351056098938,4.159983158111572,4.089280128479004,4.166547775268555,4.089501857757568,-0.6000000238418579,0.4000000059604645,-0.00022172927856445312,0.007815837860107422,-0.4812118250595971,-0.4812118250595971
1992-10-01,4.16705801486627,4.106868108382298,2.728217151487821,-0.9503469298211292,-1.0999999999999928,-1.34059205,1.29547840595146,4.599999999999998,2.1000000000000005,-1.6999999999999986,1.000000000000001,2.600000000000002,-0.49999999999999667,0.19999999999999926,6.399999999999995,3.0000000000000004,-1.4000000000000041,2.4,393.0,1.722766637802124,0.0,1.1314021348953247,0.0,-0.9932518005371094,0.0,0.6931471824645996,-0.048790156841278076,1.2809338569641113,-0.02739894390106201,-0.40546509623527527,0.0,0.18232156336307526,0.0,2.0014801025390625,0.0,1.3862943649291992,0.0,-0.8754687309265137,0.0,1.2237753868103027,-0.11122572422027588,0.0,4.1653618812561035,4.093651294708252,4.159983158111572,4.089280128479004,0.6000000238418579,-0.5,0.004371166229248047,-0.00022172927856445312,-0.9503469298211292,-0.4812118250595971
1992-11-01,4.166439306811537,4.102100369690312,2.6613268650884407,-0.9503469298211292,-1.0999999999999928,1.603578139,-0.314561509759884,4.599999999999998,2.1000000000000005,-1.6999999999999986,0.7000000000000011,2.600000000000002,-0.49999999999999667,0.19999999999999926,6.399999999999995,3.1000000000000005,-1.000000000000004,2.4,394.0,1.722766637802124,0.0,1.1314021348953247,0.0,-0.9932518005371094,0.0,0.5306282639503479,-0.1625189185142517,1.2809338569641113,0.0,-0.40546509623527527,0.0,0.18232156336307526,0.0,2.0014801025390625,0.0,1.4109870195388794,0.024692654609680176,-0.6931471824645996,0.18232154846191406,1.2237753868103027,0.0,0.0,4.167057991027832,4.106868267059326,4.1653618812561035,4.093651294708252,0.0,0.0,0.013216972351074219,0.004371166229248047,-0.9503469298211292,-0.9503469298211292
1992-12-01,4.160696126303581,4.107389905955806,2.6128665066222427,-0.8813735870195377,-0.9999999999999928,-4.421150985,0.865947520810533,4.599999999999998,2.1000000000000005,-1.4999999999999987,0.6000000000000011,3.0000000000000018,-0.49999999999999667,0.19999999999999926,6.399999999999995,3.6000000000000005,-0.600000000000004,2.4,395.0,1.722766637802124,0.0,1.1314021348953247,0.0,-0.9162907600402832,0.07696104049682617,0.4700036346912384,-0.0606246292591095,1.3862943649291992,0.10536050796508789,-0.40546509623527527,0.0,0.18232156336307526,0.0,2.0014801025390625,0.0,1.5260562896728516,0.11506927013397217,-0.4700036346912384,0.2231435477733612,1.2237753868103027,0.0,0.06897334009408951,4.166439533233643,4.102100372314453,4.167057991027832,4.106868267059326,0.10000000149011612,0.0,-0.004767894744873047,0.013216972351074219,-0.9503469298211292,-0.9503469298211292
1993-01-01,4.168414545559019,4.1046788457586425,2.592103713253128,-0.8813735870195377,-0.9999999999999928,-0.543575076,-0.111947390828258,4.599999999999998,2.1000000000000005,-1.4999999999999987,0.6000000000000011,3.100000000000002,-0.49999999999999667,0.19999999999999926,6.399999999999995,3.6000000000000005,-0.600000000000004,2.4,396.0,1.722766637802124,0.0,1.1314021348953247,0.0,-0.9162907600402832,0.0,0.4700036346912384,0.0,1.4109870195388794,0.024692654609680176,-0.40546509623527527,0.0,0.18232156336307526,0.0,2.0014801025390625,0.0,1.5260562896728516,0.0,-0.4700036346912384,0.0,1.2237753868103027,0.0,0.0,4.160696029663086,4.1073899269104,4.166439533233643,4.102100372314453,-0.10000000149011612,0.0,0.005289554595947266,-0.004767894744873047,-0.8813735870195377,-0.9503469298211292
1993-02-01,4.175486665338938,4.110522950151171,2.640005267920583,-0.8813735870195377,-0.9999999999999928,2.381189872,0.593916696230131,4.599999999999998,2.1000000000000005,-1.4999999999999987,0.6000000000000011,3.0000000000000018,-0.49999999999999667,0.19999999999999926,6.399999999999995,3.6000000000000005,-0.600000000000004,2.4,397.0,1.722766637802124,0.0,1.1314021348953247,0.0,-0.9162907600402832,0.0,0.4700036346912384,0.0,1.3862943649291992,-0.024692654609680176,-0.40546509623527527,0.0,0.18232156336307526,0.0,2.0014801025390625,0.0,1.5260562896728516,0.0,-0.4700036346912384,0.0,1.2237753868103027,0.0,0.0,4.16841459274292,4.104678630828857,4.160696029663086,4.1073899269104,0.0,0.0,-0.0027112960815429688,0.005289554595947266,-0.8813735870195377,-0.8813735870195377
1993-03-01,4.174616166773671,4.09872830622706,2.6531633320277312,-0.8813735870195377,-0.9999999999999928,-1.212734443,-0.867836753443828,4.599999999999998,2.1000000000000005,-1.4999999999999987,0.6000000000000011,3.0000000000000018,-0.49999999999999667,0.19999999999999926,6.399999999999995,3.6000000000000005,-0.600000000000004,1.9,398.0,1.722766637802124,0.0,1.1314021348953247,0.0,-0.9162907600402832,0.0,0.4700036346912384,0.0,1.3862943649291992,0.0,-0.40546509623527527,0.0,0.18232156336307526,0.0,2.0014801025390625,0.0,1.5260562896728516,0.0,-0.4700036346912384,0.0,1.0647107362747192,-0.1590646505355835,0.0,4.1754865646362305,4.110522747039795,4.16841459274292,4.104678630828857,0.0,0.0,0.0058441162109375,-0.0027112960815429688,-0.8813735870195377,-0.8813735870195377
1993-04-01,4.1774522603176685,4.086988489203554,2.645888701165054,-0.8813735870195377,-0.9999999999999928,-2.388434392,-0.928473041853483,4.6999999999999975,2.1000000000000005,-1.4999999999999987,0.6000000000000011,3.0000000000000018,-0.49999999999999667,0.19999999999999926,6.399999999999995,3.6000000000000005,-0.600000000000004,1.9,399.0,1.7404661178588867,0.017699480056762695,1.1314021348953247,0.0,-0.9162907600402832,0.0,0.4700036346912384,0.0,1.3862943649291992,0.0,-0.40546509623527527,0.0,0.18232156336307526,0.0,2.0014801025390625,0.0,1.5260562896728516,0.0,-0.4700036346912384,0.0,1.0647107362747192,0.0,0.0,4.17461633682251,4.098728179931641,4.1754865646362305,4.110522747039795,0.0,0.10000000149011612,-0.011794567108154297,0.0058441162109375,-0.8813735870195377,-0.8813735870195377
1993-05-01,4.180325297171526,4.090112921446102,2.6266967256709353,-0.8813735870195377,-0.9999999999999928,-1.903930427,0.451562995265065,4.6999999999999975,2.1000000000000005,-1.2999999999999987,0.6000000000000011,3.0000000000000018,-0.49999999999999667,0.19999999999999926,6.399999999999995,3.6000000000000005,-0.500000000000004,1.9,400.0,1.7404661178588867,0.0,1.1314021348953247,0.0,-0.832909107208252,0.08338165283203125,0.4700036346912384,0.0,1.3862943649291992,0.0,-0.40546509623527527,0.0,0.18232156336307526,0.0,2.0014801025390625,0.0,1.5260562896728516,0.0,-0.40546509623527527,0.06453853845596313,1.0647107362747192,0.0,0.0,4.177452087402344,4.08698844909668,4.17461633682251,4.098728179931641,0.0,-0.10000000149011612,-0.011739730834960938,-0.011794567108154297,-0.8813735870195377,-0.8813735870195377
1993-06-01,4.176806188106486,4.085344970439945,2.581392139820594,-0.8813735870195377,-0.9999999999999928,-1.839213647,-0.297898840758681,4.6999999999999975,2.3000000000000007,-1.2999999999999987,0.6000000000000011,3.0000000000000018,-0.3999999999999967,0.19999999999999926,6.399999999999995,3.6000000000000005,-0.500000000000004,1.9,401.0,1.7404661178588867,0.0,1.193922519683838,0.06252038478851318,-0.832909107208252,0.0,0.4700036346912384,0.0,1.3862943649291992,0.0,-0.3364722430706024,0.06899285316467285,0.18232156336307526,0.0,2.0014801025390625,0.0,1.5260562896728516,0.0,-0.40546509623527527,0.0,1.0647107362747192,0.0,0.0,4.180325508117676,4.090112686157227,4.177452087402344,4.08698844909668,0.0,0.0,0.003124237060546875,-0.011739730834960938,-0.8813735870195377,-0.8813735870195377
1993-07-01,4.176944612490392,4.095488374486039,2.514790143715252,-0.8813735870195377,-0.9999999999999928,-1.107011347,1.10497110909789,4.6999999999999975,2.3000000000000007,-1.2999999999999987,0.6000000000000011,3.0000000000000018,-0.3999999999999967,0.19999999999999926,6.399999999999995,3.6000000000000005,-0.500000000000004,1.9,402.0,1.7404661178588867,0.0,1.193922519683838,0.0,-0.832909107208252,0.0,0.4700036346912384,0.0,1.3862943649291992,0.0,-0.3364722430706024,0.0,0.18232156336307526,0.0,2.0014801025390625,0.0,1.5260562896728516,0.0,-0.40546509623527527,0.0,1.0647107362747192,0.0,0.0,4.1768059730529785,4.0853447914123535,4.180325508117676,4.090112686157227,0.0,0.0,-0.004767894744873047,0.003124237060546875,-0.8813735870195377,-0.8813735870195377
1993-08-01,4.175748650488721,4.092525825990241,2.520688338974291,-0.9503469298211292,-1.0999999999999928,0.001353223,-0.162197931975346,4.6999999999999975,2.3000000000000007,-1.1999999999999986,0.6000000000000011,3.0000000000000018,-0.3999999999999967,0.19999999999999926,6.399999999999995,3.6000000000000005,-0.400000000000004,1.9,403.0,1.7404661178588867,0.0,1.193922519683838,0.0,-0.7884573340415955,0.044451773166656494,0.4700036346912384,0.0,1.3862943649291992,0.0,-0.3364722430706024,0.0,0.18232156336307526,0.0,2.0014801025390625,0.0,1.5260562896728516,0.0,-0.3364722430706024,0.06899285316467285,1.0647107362747192,0.0,-0.06897334009408951,4.176944732666016,4.095488548278809,4.1768059730529785,4.0853447914123535,-0.10000000149011612,0.0,0.010143756866455078,-0.004767894744873047,-0.8813735870195377,-0.8813735870195377
1993-09-01,4.1794649719039025,4.092714784856171,2.4914370046675494,-1.0159731341796878,-1.1999999999999929,1.020099478,-0.103877164780562,4.6999999999999975,2.400000000000001,-0.8999999999999986,0.6000000000000011,3.0000000000000018,0.2000000000000033,0.19999999999999926,6.399999999999995,3.6000000000000005,-0.400000000000004,1.9,404.0,1.7404661178588867,0.0,1.2237753868103027,0.029852867126464844,-0.6418538689613342,0.14660346508026123,0.4700036346912384,0.0,1.3862943649291992,0.0,0.18232156336307526,0.5187938213348389,0.18232156336307526,0.0,2.0014801025390625,0.0,1.5260562896728516,0.0,-0.3364722430706024,0.0,1.0647107362747192,0.0,-0.06562620401382446,4.175748825073242,4.092525959014893,4.176944732666016,4.095488548278809,-1.1102230246251565e-16,0.0,-0.0029625892639160156,0.010143756866455078,-0.9503469298211292,-0.8813735870195377
1993-10-01,4.179504156275099,4.100427092736856,2.5227020908905393,-1.0159731341796878,-1.1999999999999929,0.815712498,0.530148644163841,4.6999999999999975,2.400000000000001,-0.7999999999999986,0.6000000000000011,3.0000000000000018,0.2000000000000033,0.19999999999999926,6.399999999999995,3.6000000000000005,-0.30000000000000404,1.9,405.0,1.7404661178588867,0.0,1.2237753868103027,0.0,-0.5877866744995117,0.05406719446182251,0.4700036346912384,0.0,1.3862943649291992,0.0,0.18232156336307526,0.0,0.18232156336307526,0.0,2.0014801025390625,0.0,1.5260562896728516,0.0,-0.2623642683029175,0.07410797476768494,1.0647107362747192,0.0,0.0,4.179464817047119,4.092714786529541,4.175748825073242,4.092525959014893,0.10000000149011612,0.0,0.0001888275146484375,-0.0029625892639160156,-1.0159731341796878,-0.9503469298211292
1993-11-01,4.182471885756144,4.101484131401573,2.4369124016700505,-0.8813735870195379,-0.9999999999999929,-4.808135422,0.410184901404166,4.6999999999999975,2.500000000000001,-0.6999999999999986,0.6000000000000011,3.200000000000002,0.30000000000000326,0.19999999999999926,6.399999999999995,3.7000000000000006,0.09999999999999598,1.9,406.0,1.7404661178588867,0.0,1.2527629137039185,0.028987526893615723,-0.5306282639503479,0.05715841054916382,0.4700036346912384,0.0,1.435084581375122,0.04879021644592285,0.2623642683029175,0.08004270493984222,0.18232156336307526,0.0,2.0014801025390625,0.0,1.5475624799728394,0.021506190299987793,0.09531018137931824,0.3576744496822357,1.0647107362747192,0.0,0.13459955155849457,4.17950439453125,4.100427150726318,4.179464817047119,4.092714786529541,0.20000000298023224,0.0,0.007712364196777344,0.0001888275146484375,-1.0159731341796878,-1.0159731341796878
1993-12-01,4.188296395649134,4.107876869471098,2.294348944858109,-0.8813735870195379,-0.9999999999999929,-2.723044154,0.882019246070889,4.6999999999999975,2.500000000000001,-0.6999999999999986,1.200000000000001,3.200000000000002,0.40000000000000324,0.19999999999999926,6.499999999999995,3.7000000000000006,0.09999999999999598,1.7,407.0,1.7404661178588867,0.0,1.2527629137039185,0.0,-0.5306282639503479,0.0,0.7884573340415955,0.31845369935035706,1.435084581375122,0.0,0.3364722430706024,0.07410797476768494,0.18232156336307526,0.0,2.0149030685424805,0.013422966003417969,1.5475624799728394,0.0,0.09531018137931824,0.0,0.9932518005371094,-0.07145893573760986,0.0,4.182471752166748,4.101484298706055,4.17950439453125,4.100427150726318,-0.20000000298023224,0.0,0.0010571479797363281,0.007712364196777344,-0.8813735870195379,-1.0159731341796878
1994-01-01,4.187897441301807,4.11314832480591,2.327561079064223,-0.7326682560454053,-0.7999999999999929,0.75586788,-0.026648810497992,4.6999999999999975,2.500000000000001,-0.6999999999999986,1.200000000000001,3.200000000000002,0.40000000000000324,0.29999999999999927,6.499999999999995,3.7000000000000006,0.09999999999999598,1.7,408.0,1.7404661178588867,0.0,1.2527629137039185,0.0,-0.5306282639503479,0.0,0.7884573340415955,0.0,1.435084581375122,0.0,0.3364722430706024,0.0,0.2623642683029175,0.08004270493984222,2.0149030685424805,0.0,1.5475624799728394,0.0,0.09531018137931824,0.0,0.9932518005371094,0.0,0.14870533347129822,4.188296318054199,4.107876777648926,4.182471752166748,4.101484298706055,0.20000000298023224,0.0,0.006392478942871094,0.0010571479797363281,-0.8813735870195379,-0.8813735870195379
1994-02-01,4.191191590772208,4.110231034651861,2.310055416359211,-0.7326682560454053,-0.7999999999999929,0.250780198,0.196138062436449,4.899999999999998,2.500000000000001,-0.6999999999999986,1.200000000000001,3.200000000000002,0.40000000000000324,0.19999999999999926,6.499999999999995,3.7000000000000006,0.09999999999999598,1.4,409.0,1.7749522924423218,0.03448617458343506,1.2527629137039185,0.0,-0.5306282639503479,0.0,0.7884573340415955,0.0,1.435084581375122,0.0,0.3364722430706024,0.0,0.18232156336307526,-0.08004270493984222,2.0149030685424805,0.0,1.5475624799728394,0.0,0.09531018137931824,0.0,0.8754687309265137,-0.1177830696105957,0.0,4.187897205352783,4.113148212432861,4.188296318054199,4.107876777648926,-0.20000000298023224,0.20000000298023224,0.005271434783935547,0.006392478942871094,-0.7326682560454053,-0.8813735870195379
1994-03-01,4.199007384548528,4.108719085287462,2.299180254839205,-0.48121182505959725,-0.49999999999999295,-0.511332937,0.17986031112968,4.899999999999998,2.500000000000001,-0.19999999999999862,1.400000000000001,3.200000000000002,0.40000000000000324,0.19999999999999926,6.499999999999995,3.7000000000000006,0.09999999999999598,1.4,410.0,1.7749522924423218,0.0,1.2527629137039185,0.0,-0.18232156336307526,0.34830671548843384,0.8754687309265137,0.08701139688491821,1.435084581375122,0.0,0.3364722430706024,0.0,0.18232156336307526,0.0,2.0149030685424805,0.0,1.5475624799728394,0.0,0.09531018137931824,0.0,0.8754687309265137,0.0,0.25145643949508667,4.191191673278809,4.110230922698975,4.187897205352783,4.113148212432861,0.30000001192092896,-0.20000000298023224,-0.0029172897338867188,0.005271434783935547,-0.7326682560454053,-0.7326682560454053
1994-04-01,4.20546127912025,4.101171207564378,2.409439058118239,-0.29567304756341556,-0.29999999999999294,3.086917789,-1.81097626436344,4.899999999999998,2.500000000000001,-0.19999999999999862,1.400000000000001,3.200000000000002,0.40000000000000324,0.19999999999999926,6.499999999999995,3.7000000000000006,0.199999999999996,1.2999999999999998,411.0,1.7749522924423218,0.0,1.2527629137039185,0.0,-0.18232156336307526,0.0,0.8754687309265137,0.0,1.435084581375122,0.0,0.3364722430706024,0.0,0.18232156336307526,0.0,2.0149030685424805,0.0,1.5475624799728394,0.0,0.18232156336307526,0.08701138198375702,0.832909107208252,-0.04255962371826172,0.18553878366947174,4.199007511138916,4.1087188720703125,4.191191673278809,4.110230922698975,-0.10000000149011612,0.0,-0.0015120506286621094,-0.0029172897338867188,-0.48121182505959725,-0.7326682560454053
1994-05-01,4.210632258192939,4.10841346281756,2.495024779953585,-0.19869011034923464,-0.19999999999999293,1.432917604,0.1113992612232,4.999999999999997,2.500000000000001,-0.19999999999999862,1.400000000000001,3.200000000000002,0.40000000000000324,0.19999999999999926,6.499999999999995,4.1000000000000005,0.199999999999996,1.2999999999999998,412.0,1.7917594909667969,0.016807198524475098,1.2527629137039185,0.0,-0.18232156336307526,0.0,0.8754687309265137,0.0,1.435084581375122,0.0,0.3364722430706024,0.0,0.18232156336307526,0.0,2.0149030685424805,0.0,1.6292405128479004,0.08167803287506104,0.18232156336307526,0.0,0.832909107208252,0.0,0.0969829335808754,4.205461502075195,4.101171016693115,4.199007511138916,4.1087188720703125,-0.10000000149011612,0.10000000149011612,-0.007547855377197266,-0.0015120506286621094,-0.29567304756341556,-0.48121182505959725
1994-06-01,4.2180928812551794,4.11352608163803,2.556750235883665,-0.19869011034923464,-0.19999999999999293,2.336164522,0.368558212252613,4.999999999999997,2.600000000000001,1.3877787807814457e-15,1.400000000000001,3.200000000000002,0.40000000000000324,0.19999999999999926,6.499999999999995,4.2,0.199999999999996,1.2999999999999998,413.0,1.7917594909667969,0.0,1.2809338569641113,0.02817094326019287,1.3322676295501878e-15,0.18232156336307526,0.8754687309265137,0.0,1.435084581375122,0.0,0.3364722430706024,0.0,0.18232156336307526,0.0,2.0149030685424805,0.0,1.6486586332321167,0.01941812038421631,0.18232156336307526,0.0,0.832909107208252,0.0,0.0,4.21063232421875,4.1084136962890625,4.205461502075195,4.101171016693115,-0.10000000149011612,-0.10000000149011612,0.007242679595947266,-0.007547855377197266,-0.19869011034923464,-0.29567304756341556
1994-07-01,4.220414059019225,4.1070304220292835,2.5833361935700814,-0.19869011034923464,-0.19999999999999293,-0.260833742,-1.52545864475941,4.999999999999997,2.600000000000001,1.3877787807814457e-15,1.400000000000001,3.400000000000002,0.6000000000000032,0.19999999999999926,6.499999999999995,4.2,0.199999999999996,1.2999999999999998,414.0,1.7917594909667969,0.0,1.2809338569641113,0.0,1.3322676295501878e-15,0.0,0.8754687309265137,0.0,1.4816045761108398,0.04651999473571777,0.4700036346912384,0.133531391620636,0.18232156336307526,0.0,2.0149030685424805,0.0,1.6486586332321167,0.0,0.18232156336307526,0.0,0.832909107208252,0.0,0.0,4.218092918395996,4.113525867462158,4.21063232421875,4.1084136962890625,0.0,0.0,0.005112171173095703,0.007242679595947266,-0.19869011034923464,-0.19869011034923464
1994-08-01,4.2307821444503935,4.105317472373031,2.512486996970173,-0.09983407889920064,-0.09999999999999293,-3.934665875,-0.202900255969961,4.6999999999999975,2.600000000000001,1.3877787807814457e-15,1.900000000000001,3.400000000000002,0.6000000000000032,0.19999999999999926,6.499999999999995,4.2,0.199999999999996,1.2999999999999998,415.0,1.7404661178588867,-0.051293373107910156,1.2809338569641113,0.0,1.3322676295501878e-15,0.0,1.0647107362747192,0.18924200534820557,1.4816045761108398,0.0,0.4700036346912384,0.0,0.18232156336307526,0.0,2.0149030685424805,0.0,1.6486586332321167,0.0,0.18232156336307526,0.0,0.832909107208252,0.0,0.09885603189468384,4.220414161682129,4.107030391693115,4.218092918395996,4.113525867462158,0.10000000149011612,-0.30000001192092896,-0.006495475769042969,0.005112171173095703,-0.19869011034923464,-0.19869011034923464
1994-09-01,4.234424714832577,4.115339289142606,2.459125031854403,-0.09983407889920064,-0.09999999999999293,-1.910415755,0.209839765934126,4.6999999999999975,2.600000000000001,1.3877787807814457e-15,1.900000000000001,3.400000000000002,0.7000000000000032,0.19999999999999926,6.499999999999995,4.6000000000000005,0.299999999999996,1.2999999999999998,416.0,1.7404661178588867,0.0,1.2809338569641113,0.0,1.3322676295501878e-15,0.0,1.0647107362747192,0.0,1.4816045761108398,0.0,0.5306282639503479,0.0606246292591095,0.18232156336307526,0.0,2.0149030685424805,0.0,1.722766637802124,0.07410800457000732,0.2623642683029175,0.08004270493984222,0.832909107208252,0.0,0.0,4.2307820320129395,4.10531759262085,4.220414161682129,4.107030391693115,-0.10000000149011612,0.30000001192092896,-0.001712799072265625,-0.006495475769042969,-0.09983407889920064,-0.19869011034923464
1994-10-01,4.241823032281294,4.123401620488209,2.4726723650841165,0.29567304756342927,0.3000000000000071,-0.098106747,-0.303061855926585,4.6999999999999975,2.600000000000001,1.3877787807814457e-15,1.900000000000001,3.400000000000002,0.8000000000000032,0.19999999999999926,6.499999999999995,4.6000000000000005,0.299999999999996,1.0999999999999999,417.0,1.7404661178588867,0.0,1.2809338569641113,0.0,1.3322676295501878e-15,0.0,1.0647107362747192,0.0,1.4816045761108398,0.0,0.5877866744995117,0.05715841054916382,0.18232156336307526,0.0,2.0149030685424805,0.0,1.722766637802124,0.0,0.2623642683029175,0.0,0.7419373393058777,-0.09097176790237427,0.3955071270465851,4.234424591064453,4.115339279174805,4.2307820320129395,4.10531759262085,0.4000000059604645,0.0,0.010021686553955078,-0.001712799072265625,-0.09983407889920064,-0.09983407889920064
1994-11-01,4.250481696313442,4.126214607340526,2.4917810531767524,0.5688248987322535,0.6000000000000071,0.285355389,0.365680967659881,4.6999999999999975,2.700000000000001,0.5000000000000013,1.900000000000001,3.400000000000002,0.8000000000000032,0.4999999999999992,6.499999999999995,4.6000000000000005,0.8999999999999959,1.0999999999999999,418.0,1.7404661178588867,0.0,1.3083328008651733,0.02739894390106201,0.40546509623527527,0.40546509623527527,1.0647107362747192,0.0,1.4816045761108398,0.0,0.5877866744995117,0.0,0.40546509623527527,0.2231435328722,2.0149030685424805,0.0,1.722766637802124,0.0,0.6418538689613342,0.37948960065841675,0.7419373393058777,0.0,0.27315184473991394,4.241823196411133,4.123401641845703,4.234424591064453,4.115339279174805,-0.10000000149011612,0.0,0.008062362670898438,0.010021686553955078,0.29567304756342927,-0.09983407889920064
1994-12-01,4.261680222623713,4.131431590431362,2.4364495414084915,0.5688248987322535,0.6000000000000071,-2.998293017,0.421422964044289,4.6999999999999975,2.700000000000001,0.5000000000000013,1.900000000000001,3.400000000000002,0.8000000000000032,0.4999999999999992,6.499999999999995,4.6000000000000005,0.8999999999999959,1.0999999999999999,419.0,1.7404661178588867,0.0,1.3083328008651733,0.0,0.40546509623527527,0.0,1.0647107362747192,0.0,1.4816045761108398,0.0,0.5877866744995117,0.0,0.40546509623527527,0.0,2.0149030685424805,0.0,1.722766637802124,0.0,0.6418538689613342,0.0,0.7419373393058777,0.0,0.0,4.250481605529785,4.126214504241943,4.241823196411133,4.123401641845703,-0.30000001192092896,0.0,0.0028128623962402344,0.008062362670898438,0.5688248987322535,0.29567304756342927
1995-01-01,4.25820678909184,4.124584362305432,2.4810231497616027,0.5688248987322535,0.6000000000000071,3.368388267,-1.63644898473028,4.6999999999999975,2.700000000000001,0.5000000000000013,1.900000000000001,3.400000000000002,0.8000000000000032,0.4999999999999992,6.499999999999995,4.6000000000000005,0.8999999999999959,1.0999999999999999,420.0,1.7404661178588867,0.0,1.3083328008651733,0.0,0.40546509623527527,0.0,1.0647107362747192,0.0,1.4816045761108398,0.0,0.5877866744995117,0.0,0.40546509623527527,0.0,2.0149030685424805,0.0,1.722766637802124,0.0,0.6418538689613342,0.0,0.7419373393058777,0.0,0.0,4.2616801261901855,4.131431579589844,4.250481605529785,4.126214504241943,0.0,0.0,0.005217075347900391,0.0028128623962402344,0.5688248987322535,0.5688248987322535
1995-02-01,4.260186913032243,4.132669040543567,2.5079438605115563,0.3900353197707218,0.40000000000000707,-1.064856218,0.745486992337057,4.6999999999999975,2.700000000000001,0.5000000000000013,1.900000000000001,3.400000000000002,0.8000000000000032,0.4999999999999992,6.499999999999995,4.6000000000000005,0.8999999999999959,1.0999999999999999,421.0,1.7404661178588867,0.0,1.3083328008651733,0.0,0.40546509623527527,0.0,1.0647107362747192,0.0,1.4816045761108398,0.0,0.5877866744995117,0.0,0.40546509623527527,0.0,2.0149030685424805,0.0,1.722766637802124,0.0,0.6418538689613342,0.0,0.7419373393058777,0.0,-0.17878958582878113,4.258206844329834,4.124584197998047,4.2616801261901855,4.131431579589844,-0.20000000298023224,0.0,-0.006847381591796875,0.005217075347900391,0.5688248987322535,0.5688248987322535
1995-03-01,4.259562911671904,4.120728426766117,2.507036511296103,0.5688248987322535,0.6000000000000071,-1.388126161,-1.05761580759743,4.6999999999999975,2.700000000000001,0.5000000000000013,1.900000000000001,3.400000000000002,0.8000000000000032,0.4999999999999992,6.499999999999995,4.6000000000000005,0.8999999999999959,1.0999999999999999,422.0,1.7404661178588867,0.0,1.3083328008651733,0.0,0.40546509623527527,0.0,1.0647107362747192,0.0,1.4816045761108398,0.0,0.5877866744995117,0.0,0.40546509623527527,0.0,2.0149030685424805,0.0,1.722766637802124,0.0,0.6418538689613342,0.0,0.7419373393058777,0.0,0.17878958582878113,4.260187149047852,4.132668972015381,4.258206844329834,4.124584197998047,0.4000000059604645,0.0,0.008084774017333984,-0.006847381591796875,0.3900353197707218,0.5688248987322535
1995-04-01,4.264062582635021,4.133582903425135,2.5718173775902873,0.5688248987322535,0.6000000000000071,3.765648346,0.256425308589394,4.6999999999999975,2.700000000000001,0.6000000000000013,1.900000000000001,3.400000000000002,0.8000000000000032,0.5999999999999992,6.499999999999995,4.6000000000000005,0.9999999999999959,1.0999999999999999,423.0,1.7404661178588867,0.0,1.3083328008651733,0.0,0.4700036346912384,0.06453853845596313,1.0647107362747192,0.0,1.4816045761108398,0.0,0.5877866744995117,0.0,0.4700036346912384,0.06453853845596313,2.0149030685424805,0.0,1.722766637802124,0.0,0.6931471824645996,0.05129331350326538,0.7419373393058777,0.0,0.0,4.259562969207764,4.120728492736816,4.260187149047852,4.132668972015381,-0.20000000298023224,0.0,-0.011940479278564453,0.008084774017333984,0.5688248987322535,0.3900353197707218
1995-05-01,4.260132127239032,4.13377358701034,2.5632790207281797,0.09983407889921461,0.10000000000000708,0.187317514,0.335356382041053,4.6999999999999975,2.700000000000001,0.8000000000000014,1.900000000000001,3.400000000000002,0.8000000000000032,0.5999999999999992,6.499999999999995,4.800000000000001,1.0999999999999959,1.0999999999999999,424.0,1.7404661178588867,0.0,1.3083328008651733,0.0,0.5877866744995117,0.11778303980827332,1.0647107362747192,0.0,1.4816045761108398,0.0,0.5877866744995117,0.0,0.4700036346912384,0.0,2.0149030685424805,0.0,1.7578579187393188,0.035091280937194824,0.7419373393058777,0.048790156841278076,0.7419373393058777,0.0,-0.46899083256721497,4.264062404632568,4.133583068847656,4.259562969207764,4.120728492736816,-0.5,0.0,0.012854576110839844,-0.011940479278564453,0.5688248987322535,0.5688248987322535
1995-06-01,4.265082762446358,4.119931084099578,2.4920985735627066,-0.09983407889920064,-0.09999999999999293,-7.204435576,-1.05942031115328,4.6999999999999975,2.800000000000001,0.8000000000000014,1.900000000000001,3.400000000000002,0.8000000000000032,0.5999999999999992,6.499999999999995,5.1000000000000005,1.0999999999999959,1.0999999999999999,425.0,1.7404661178588867,0.0,1.3350011110305786,0.026668310165405273,0.5877866744995117,0.0,1.0647107362747192,0.0,1.4816045761108398,0.0,0.5877866744995117,0.0,0.4700036346912384,0.0,2.0149030685424805,0.0,1.808288812637329,0.050430893898010254,0.7419373393058777,0.0,0.7419373393058777,0.0,-0.19966815412044525,4.260132312774658,4.1337738037109375,4.264062404632568,4.133583068847656,0.30000001192092896,0.0,0.00019073486328125,0.012854576110839844,0.09983407889921461,0.5688248987322535
1995-07-01,4.26395371325468,4.1352689514998335,2.428056568641468,-0.19869011034923464,-0.19999999999999293,3.435950207,1.30552920695515,4.599999999999998,2.800000000000001,0.8000000000000014,1.900000000000001,3.6000000000000023,0.8000000000000032,0.6999999999999992,6.499999999999995,5.1000000000000005,1.0999999999999959,1.0999999999999999,426.0,1.722766637802124,-0.017699480056762695,1.3350011110305786,0.0,0.5877866744995117,0.0,1.0647107362747192,0.0,1.5260562896728516,0.04445171356201172,0.5877866744995117,0.0,0.5306282639503479,0.0606246292591095,2.0149030685424805,0.0,1.808288812637329,0.0,0.7419373393058777,0.0,0.7419373393058777,0.0,-0.09885603189468384,4.265082836151123,4.119931221008301,4.260132312774658,4.1337738037109375,0.10000000149011612,-0.10000000149011612,-0.013842582702636719,0.00019073486328125,-0.09983407889920064,0.09983407889921461
1995-08-01,4.270235486750248,4.1374104373582,2.467423110268301,-0.19869011034923464,-0.19999999999999293,2.91461127,-0.000677896516766724,4.499999999999998,2.800000000000001,0.8000000000000014,2.000000000000001,3.6000000000000023,0.8000000000000032,0.6999999999999992,6.499999999999995,5.1000000000000005,1.0999999999999959,1.0999999999999999,427.0,1.7047480344772339,-0.018018603324890137,1.3350011110305786,0.0,0.5877866744995117,0.0,1.0986123085021973,0.03390157222747803,1.5260562896728516,0.0,0.5877866744995117,0.0,0.5306282639503479,0.0,2.0149030685424805,0.0,1.808288812637329,0.0,0.7419373393058777,0.0,0.7419373393058777,0.0,0.0,4.263953685760498,4.1352691650390625,4.265082836151123,4.119931221008301,0.10000000149011612,0.0,0.015337944030761719,-0.013842582702636719,-0.19869011034923464,-0.09983407889920064
1995-09-01,4.270367854299201,4.143712337319995,2.477147472015025,-0.19869011034923464,-0.19999999999999293,0.603477794,0.400655097653619,4.499999999999998,2.800000000000001,0.8000000000000014,2.000000000000001,3.6000000000000023,0.8000000000000032,0.6999999999999992,6.499999999999995,5.1000000000000005,1.199999999999996,1.0999999999999999,428.0,1.7047480344772339,0.0,1.3350011110305786,0.0,0.5877866744995117,0.0,1.0986123085021973,0.0,1.5260562896728516,0.0,0.5877866744995117,0.0,0.5306282639503479,0.0,2.0149030685424805,0.0,1.808288812637329,0.0,0.7884573340415955,0.04651999473571777,0.7419373393058777,0.0,0.0,4.270235538482666,4.137410640716553,4.263953685760498,4.1352691650390625,0.0,0.10000000149011612,0.0021414756774902344,0.015337944030761719,-0.19869011034923464,-0.19869011034923464
1995-10-01,4.270343674418217,4.137921159338645,2.430236037441673,-0.09983407889920064,-0.09999999999999293,-3.431034336,-0.844580381314604,4.499999999999998,2.9000000000000012,0.8000000000000014,2.000000000000001,3.6000000000000023,0.8000000000000032,0.6999999999999992,6.499999999999995,5.1000000000000005,1.199999999999996,1.2,429.0,1.7047480344772339,0.0,1.3609765768051147,0.025975465774536133,0.5877866744995117,0.0,1.0986123085021973,0.0,1.5260562896728516,0.0,0.5877866744995117,0.0,0.5306282639503479,0.0,2.0149030685424805,0.0,1.808288812637329,0.0,0.7884573340415955,0.0,0.7884573340415955,0.04651999473571777,0.09885603189468384,4.270367622375488,4.143712520599365,4.270235538482666,4.137410640716553,0.10000000149011612,0.0,0.0063018798828125,0.0021414756774902344,-0.19869011034923464,-0.19869011034923464
1995-11-01,4.275483753630843,4.141409429398431,2.459983583405983,7.105427357600977e-15,7.077671781985373e-15,0.730568335,-0.338983105465887,4.499999999999998,2.9000000000000012,1.1000000000000014,2.000000000000001,3.900000000000002,0.8000000000000032,0.6999999999999992,6.499999999999995,5.1000000000000005,1.599999999999996,1.2,430.0,1.7047480344772339,0.0,1.3609765768051147,0.0,0.7419373393058777,0.15415066480636597,1.0986123085021973,0.0,1.5892351865768433,0.0631788969039917,0.5877866744995117,0.0,0.5306282639503479,0.0,2.0149030685424805,0.0,1.808288812637329,0.0,0.9555114507675171,0.16705411672592163,0.7884573340415955,0.0,0.09983407706022263,4.270343780517578,4.137921333312988,4.270367622375488,4.143712520599365,0.0,0.0,-0.005791187286376953,0.0063018798828125,-0.09983407889920064,-0.19869011034923464
1995-12-01,4.283274375204411,4.147686257203924,2.515409174506477,7.105427357600977e-15,7.077671781985373e-15,5.955391551,0.451095503783549,4.499999999999998,2.9000000000000012,1.2000000000000015,2.100000000000001,3.900000000000002,0.8000000000000032,0.6999999999999992,6.499999999999995,5.1000000000000005,1.599999999999996,1.2,431.0,1.7047480344772339,0.0,1.3609765768051147,0.0,0.7884573340415955,0.04651999473571777,1.1314021348953247,0.03278982639312744,1.5892351865768433,0.0,0.5877866744995117,0.0,0.5306282639503479,0.0,2.0149030685424805,0.0,1.808288812637329,0.0,0.9555114507675171,0.0,0.7884573340415955,0.0,0.0,4.27548360824585,4.141409397125244,4.270343780517578,4.137921333312988,-0.10000000149011612,0.0,0.0034880638122558594,-0.005791187286376953,7.105427357600977e-15,-0.09983407889920064
1996-01-01,4.28133630779904,4.146897479618055,2.501785589126426,7.105427357600977e-15,7.077671781985373e-15,-3.159610327,-0.477398507612713,4.499999999999998,2.9000000000000012,1.2000000000000015,2.200000000000001,3.900000000000002,0.8000000000000032,0.6999999999999992,6.499999999999995,5.1000000000000005,1.599999999999996,1.3,432.0,1.7047480344772339,0.0,1.3609765768051147,0.0,0.7884573340415955,0.0,1.1631507873535156,0.03174865245819092,1.5892351865768433,0.0,0.5877866744995117,0.0,0.5306282639503479,0.0,2.0149030685424805,0.0,1.808288812637329,0.0,0.9555114507675171,0.0,0.832909107208252,0.044451773166656494,0.0,4.283274173736572,4.14768648147583,4.27548360824585,4.141409397125244,0.0,0.0,0.0062770843505859375,0.0034880638122558594,7.105427357600977e-15,7.105427357600977e-15
1996-02-01,4.281045681383699,4.1531416327305575,2.5098614886811723,7.105427357600977e-15,7.077671781985373e-15,-0.462129927,0.283164905390511,4.599999999999998,2.9000000000000012,1.2000000000000015,2.200000000000001,4.000000000000002,0.8000000000000032,0.6999999999999992,6.499999999999995,5.1000000000000005,1.599999999999996,1.3,433.0,1.722766637802124,0.018018603324890137,1.3609765768051147,0.0,0.7884573340415955,0.0,1.1631507873535156,0.0,1.6094379425048828,0.02020275592803955,0.5877866744995117,0.0,0.5306282639503479,0.0,2.0149030685424805,0.0,1.808288812637329,0.0,0.9555114507675171,0.0,0.832909107208252,0.0,0.0,4.281336307525635,4.146897315979004,4.283274173736572,4.14768648147583,0.0,0.10000000149011612,-0.0007891654968261719,0.0062770843505859375,7.105427357600977e-15,7.105427357600977e-15
1996-03-01,4.286027029770678,4.150780029614044,2.6200444684607964,-0.8813735870195379,-0.9999999999999929,5.03506401,-0.778999726158401,4.599999999999998,2.9000000000000012,1.3000000000000016,2.500000000000001,3.9000000000000017,0.8000000000000032,0.6999999999999992,6.499999999999995,5.1000000000000005,1.599999999999996,1.3,434.0,1.722766637802124,0.0,1.3609765768051147,0.0,0.832909107208252,0.044451773166656494,1.2527629137039185,0.08961212635040283,1.5892351865768433,-0.02020275592803955,0.5877866744995117,0.0,0.5306282639503479,0.0,2.0149030685424805,0.0,1.808288812637329,0.0,0.9555114507675171,0.0,0.832909107208252,0.0,-0.8813735842704773,4.281045913696289,4.153141498565674,4.281336307525635,4.146897315979004,-1.0,-0.10000000149011612,0.006244182586669922,-0.0007891654968261719,7.105427357600977e-15,7.105427357600977e-15
1996-04-01,4.290042230840601,4.148493359112363,2.7146480754147446,-0.8813735870195379,-0.9999999999999929,1.368431517,-0.591332037574291,4.599999999999998,2.9000000000000012,1.3000000000000016,2.500000000000001,3.9000000000000017,0.8000000000000032,0.6999999999999992,6.499999999999995,5.800000000000001,1.599999999999996,1.3,435.0,1.722766637802124,0.0,1.3609765768051147,0.0,0.832909107208252,0.0,1.2527629137039185,0.0,1.5892351865768433,0.0,0.5877866744995117,0.0,0.5306282639503479,0.0,2.0149030685424805,0.0,1.9169225692749023,0.10863375663757324,0.9555114507675171,0.0,0.832909107208252,0.0,0.0,4.286026954650879,4.150780200958252,4.281045913696289,4.153141498565674,1.0,0.0,-0.002361297607421875,0.006244182586669922,-0.8813735870195379,7.105427357600977e-15
1996-05-01,4.296668753542571,4.1484775708020285,2.6091102532473065,-1.0159731341796878,-1.1999999999999929,-3.62711929,0.499117256057415,4.399999999999998,2.9000000000000012,1.3000000000000016,2.500000000000001,3.9000000000000017,0.8000000000000032,0.7999999999999992,6.499999999999995,5.800000000000001,1.599999999999996,1.4000000000000001,436.0,1.686398983001709,-0.03636765480041504,1.3609765768051147,0.0,0.832909107208252,0.0,1.2527629137039185,0.0,1.5892351865768433,0.0,0.5877866744995117,0.0,0.5877866744995117,0.05715841054916382,2.0149030685424805,0.0,1.9169225692749023,0.0,0.9555114507675171,0.0,0.8754687309265137,0.04255962371826172,-0.13459955155849457,4.290042400360107,4.14849328994751,4.286026954650879,4.150780200958252,-0.20000000298023224,-0.20000000298023224,-0.0022869110107421875,-0.002361297607421875,-0.8813735870195379,-0.8813735870195379
1996-06-01,4.298122470748491,4.1535721301817174,2.5688199191149272,-0.8813735870195379,-0.9999999999999929,-0.191311158,0.0130629318067344,4.299999999999998,2.9000000000000012,1.3000000000000016,2.500000000000001,3.200000000000002,0.8000000000000032,0.7999999999999992,6.499999999999995,5.800000000000001,1.6999999999999962,1.4000000000000001,437.0,1.667706847190857,-0.01869213581085205,1.3609765768051147,0.0,0.832909107208252,0.0,1.2527629137039185,0.0,1.435084581375122,-0.1541506052017212,0.5877866744995117,0.0,0.5877866744995117,0.0,2.0149030685424805,0.0,1.9169225692749023,0.0,0.9932518005371094,0.037740349769592285,0.8754687309265137,0.0,0.13459955155849457,4.296668529510498,4.148477554321289,4.290042400360107,4.14849328994751,0.4000000059604645,0.10000000149011612,-1.5735626220703125e-05,-0.0022869110107421875,-1.0159731341796878,-0.8813735870195379
1996-07-01,4.3012397543392105,4.1547652416750775,2.608569979937427,-0.8088669356527773,-0.8999999999999929,1.749713717,-0.0818130174662474,4.099999999999998,2.9000000000000012,1.3000000000000016,2.500000000000001,3.200000000000002,0.8000000000000032,0.7999999999999992,6.499999999999995,5.800000000000001,1.7999999999999963,1.4000000000000001,438.0,1.6292405128479004,-0.03846633434295654,1.3609765768051147,0.0,0.832909107208252,0.0,1.2527629137039185,0.0,1.435084581375122,0.0,0.5877866744995117,0.0,0.5877866744995117,0.0,2.0149030685424805,0.0,1.9169225692749023,0.0,1.0296194553375244,0.03636765480041504,0.8754687309265137,0.0,0.07250665128231049,4.298122406005859,4.153572082519531,4.296668529510498,4.148477554321289,-0.10000000149011612,-0.10000000149011612,0.0050945281982421875,-1.5735626220703125e-05,-0.8813735870195379,-1.0159731341796878
1996-08-01,4.30538786660221,4.149243016869538,2.636873922634315,-0.8088669356527773,-0.8999999999999929,-0.724263565,-0.940955900919636,3.699999999999998,3.1000000000000014,1.3000000000000016,2.600000000000001,3.200000000000002,0.8000000000000032,0.7999999999999992,6.499999999999995,5.800000000000001,1.7999999999999963,1.4000000000000001,439.0,1.5475624799728394,-0.08167803287506104,1.4109870195388794,0.05001044273376465,0.832909107208252,0.0,1.2809338569641113,0.02817094326019287,1.435084581375122,0.0,0.5877866744995117,0.0,0.5877866744995117,0.0,2.0149030685424805,0.0,1.9169225692749023,0.0,1.0296194553375244,0.0,0.8754687309265137,0.0,0.0,4.301239967346191,4.1547651290893555,4.298122406005859,4.153572082519531,-0.10000000149011612,-0.20000000298023224,0.0011930465698242188,0.0050945281982421875,-0.8088669356527773,-0.8813735870195379
1996-09-01,4.310387228487095,4.156661868286962,2.722112768870702,-0.8088669356527773,-0.8999999999999929,6.184326171,-0.384214999376313,3.599999999999998,2.8000000000000016,1.3000000000000016,2.600000000000001,3.200000000000002,0.8000000000000032,0.8999999999999991,6.499999999999995,5.800000000000001,1.7999999999999963,1.5000000000000002,440.0,1.5260562896728516,-0.021506190299987793,1.3350011110305786,-0.07598590850830078,0.832909107208252,0.0,1.2809338569641113,0.0,1.435084581375122,0.0,0.5877866744995117,0.0,0.6418538689613342,0.05406719446182251,2.0149030685424805,0.0,1.9169225692749023,0.0,1.0296194553375244,0.0,0.9162907600402832,0.04082202911376953,0.0,4.3053879737854,4.149242877960205,4.301239967346191,4.1547651290893555,0.0,0.30000001192092896,-0.005522251129150391,0.0011930465698242188,-0.8088669356527773,-0.8088669356527773
1996-10-01,4.313238161938939,4.162361401989467,2.7561779341252,-0.8088669356527773,-0.8999999999999929,-1.879704323,-0.227726668955727,3.599999999999998,2.8000000000000016,1.3000000000000016,2.600000000000001,3.300000000000002,0.8000000000000032,0.8999999999999991,6.499999999999995,5.800000000000001,1.7999999999999963,1.5000000000000002,441.0,1.5260562896728516,0.0,1.3350011110305786,0.0,0.832909107208252,0.0,1.2809338569641113,0.0,1.4586150646209717,0.02353048324584961,0.5877866744995117,0.0,0.6418538689613342,0.0,2.0149030685424805,0.0,1.9169225692749023,0.0,1.0296194553375244,0.0,0.9162907600402832,0.0,0.0,4.310387134552002,4.1566619873046875,4.3053879737854,4.149242877960205,0.0,0.10000000149011612,0.007419109344482422,-0.005522251129150391,-0.8088669356527773,-0.8088669356527773
1996-11-01,4.317775272302285,4.1693283412212105,2.704051458533042,-0.48121182505959725,-0.4999999999999929,0.400725021,0.644691704894964,3.599999999999998,2.8000000000000016,1.6000000000000016,2.600000000000001,3.700000000000002,1.6000000000000032,0.8999999999999991,6.499999999999995,5.800000000000001,1.7999999999999963,1.7000000000000002,442.0,1.5260562896728516,0.0,1.3350011110305786,0.0,0.9555114507675171,0.12260234355926514,1.2809338569641113,0.0,1.5475624799728394,0.08894741535186768,0.9555114507675171,0.36772477626800537,0.6418538689613342,0.0,2.0149030685424805,0.0,1.9169225692749023,0.0,1.0296194553375244,0.0,0.9932518005371094,0.07696104049682617,0.3276551067829132,4.313238143920898,4.1623616218566895,4.310387134552002,4.1566619873046875,0.4000000059604645,0.0,0.005699634552001953,0.007419109344482422,-0.8088669356527773,-0.8088669356527773
1996-12-01,4.323128045842614,4.178103433322166,2.7699926463609374,-0.2956730475634159,-0.2999999999999929,3.791259121,0.0758507840661994,3.599999999999998,2.8000000000000016,1.7000000000000017,2.700000000000001,3.700000000000002,1.6000000000000032,0.8999999999999991,6.599999999999994,5.9,1.7999999999999963,1.7000000000000002,443.0,1.5260562896728516,0.0,1.3350011110305786,0.0,0.9932518005371094,0.037740349769592285,1.3083328008651733,0.02739894390106201,1.5475624799728394,0.0,0.9555114507675171,0.0,0.6418538689613342,0.0,2.0281481742858887,0.013245105743408203,1.9315214157104492,0.014598846435546875,1.0296194553375244,0.0,0.9932518005371094,0.0,0.18553878366947174,4.317775249481201,4.169328212738037,4.313238143920898,4.1623616218566895,-0.20000000298023224,0.0,0.006966590881347656,0.005699634552001953,-0.48121182505959725,-0.8088669356527773
1997-01-01,4.3263672437962235,4.177155741830606,2.759406228779201,-0.2956730475634159,-0.2999999999999929,-4.917471849,-0.300866157497178,3.599999999999998,2.8000000000000016,1.7000000000000017,2.700000000000001,3.700000000000002,1.6000000000000032,0.8999999999999991,6.599999999999994,5.9,1.7999999999999963,1.7000000000000002,444.0,1.5260562896728516,0.0,1.3350011110305786,0.0,0.9932518005371094,0.0,1.3083328008651733,0.0,1.5475624799728394,0.0,0.9555114507675171,0.0,0.6418538689613342,0.0,2.0281481742858887,0.0,1.9315214157104492,0.0,1.0296194553375244,0.0,0.9932518005371094,0.0,0.0,4.3231282234191895,4.178103446960449,4.317775249481201,4.169328212738037,-0.20000000298023224,0.0,0.00877523422241211,0.006966590881347656,-0.2956730475634159,-0.48121182505959725
1997-02-01,4.331953648039441,4.182662169055284,2.632415768673461,-0.09983407889920051,-0.09999999999999287,-3.146335169,1.08350909942322,3.699999999999998,2.8000000000000016,1.7000000000000017,2.9000000000000012,3.700000000000002,1.6000000000000032,0.9999999999999991,6.599999999999994,5.9,1.7999999999999963,1.7000000000000002,445.0,1.5475624799728394,0.021506190299987793,1.3350011110305786,0.0,0.9932518005371094,0.0,1.3609765768051147,0.052643775939941406,1.5475624799728394,0.0,0.9555114507675171,0.0,0.6931471824645996,0.05129331350326538,2.0281481742858887,0.0,1.9315214157104492,0.0,1.0296194553375244,0.0,0.9932518005371094,0.0,0.19583897292613983,4.326367378234863,4.1771559715271,4.3231282234191895,4.178103446960449,0.20000000298023224,0.10000000149011612,-0.0009474754333496094,0.00877523422241211,-0.2956730475634159,-0.2956730475634159
1997-03-01,4.340009134154354,4.182465323617228,2.5752932864884586,0.19869011034924833,0.20000000000000712,-5.417313404,0.0945656996558525,3.599999999999998,3.0000000000000018,1.7000000000000017,2.9000000000000012,3.700000000000002,1.6000000000000032,0.9999999999999991,6.599999999999994,5.9,1.7999999999999963,1.7000000000000002,446.0,1.5260562896728516,-0.021506190299987793,1.3862943649291992,0.051293253898620605,0.9932518005371094,0.0,1.3609765768051147,0.0,1.5475624799728394,0.0,0.9555114507675171,0.0,0.6931471824645996,0.0,2.0281481742858887,0.0,1.9315214157104492,0.0,1.0296194553375244,0.0,0.9932518005371094,0.0,0.2985242009162903,4.331953525543213,4.182662010192871,4.326367378234863,4.1771559715271,0.10000000149011612,-0.20000000298023224,0.005506038665771484,-0.0009474754333496094,-0.09983407889920051,-0.2956730475634159
1997-04-01,4.34537081935606,4.190390834680106,2.5122549153226723,0.19869011034924833,0.20000000000000712,-0.205630965,1.23202994353554,3.499999999999998,3.0000000000000018,1.7000000000000017,3.700000000000001,3.700000000000002,1.6000000000000032,0.9999999999999991,6.599999999999994,6.1000000000000005,1.7999999999999963,1.7000000000000002,447.0,1.504077434539795,-0.02197885513305664,1.3862943649291992,0.0,0.9932518005371094,0.0,1.5475624799728394,0.1865859031677246,1.5475624799728394,0.0,0.9555114507675171,0.0,0.6931471824645996,0.0,2.0281481742858887,0.0,1.9600948095321655,0.02857339382171631,1.0296194553375244,0.0,0.9932518005371094,0.0,0.0,4.3400092124938965,4.182465553283691,4.331953525543213,4.182662010192871,-0.30000001192092896,0.0,-0.0001964569091796875,0.005506038665771484,0.19869011034924833,-0.09983407889920051
1997-05-01,4.34758062446272,4.180427452745992,2.567015821421063,0.29567304756342927,0.30000000000000715,2.547896493,-1.0284799858463,3.499999999999998,3.100000000000002,1.8000000000000018,3.700000000000001,3.700000000000002,1.6000000000000032,0.9999999999999991,6.599999999999994,6.1000000000000005,1.7999999999999963,1.7000000000000002,448.0,1.504077434539795,0.0,1.4109870195388794,0.024692654609680176,1.0296194553375244,0.03636765480041504,1.5475624799728394,0.0,1.5475624799728394,0.0,0.9555114507675171,0.0,0.6931471824645996,0.0,2.0281481742858887,0.0,1.9600948095321655,0.0,1.0296194553375244,0.0,0.9932518005371094,0.0,0.0969829335808754,4.345370769500732,4.1903910636901855,4.3400092124938965,4.182465553283691,0.10000000149011612,0.10000000149011612,0.00792551040649414,-0.0001964569091796875,0.19869011034924833,0.19869011034924833
1997-06-01,4.356525091862665,4.168558005004076,2.482093708411386,0.29567304756342927,0.30000000000000715,-3.990548041,-0.436552381528697,3.499999999999998,3.100000000000002,1.8000000000000018,3.700000000000001,3.700000000000002,1.6000000000000032,0.9999999999999991,6.599999999999994,6.300000000000001,1.7999999999999963,1.8000000000000003,449.0,1.504077434539795,0.0,1.4109870195388794,0.0,1.0296194553375244,0.0,1.5475624799728394,0.0,1.5475624799728394,0.0,0.9555114507675171,0.0,0.6931471824645996,0.0,2.0281481742858887,0.0,1.9878743886947632,0.027779579162597656,1.0296194553375244,0.0,1.0296194553375244,0.03636765480041504,0.0,4.347580432891846,4.180427551269531,4.345370769500732,4.1903910636901855,-0.10000000149011612,0.0,-0.009963512420654297,0.00792551040649414,0.29567304756342927,0.19869011034924833
1997-07-01,4.360142923423874,4.175440561143448,2.504558498844047,0.29567304756342927,0.30000000000000715,0.980632453,-0.817669482239609,3.199999999999998,3.100000000000002,1.8000000000000018,3.700000000000001,3.700000000000002,1.6000000000000032,0.9999999999999991,6.599999999999994,6.300000000000001,2.099999999999996,2.2,450.0,1.435084581375122,-0.06899285316467285,1.4109870195388794,0.0,1.0296194553375244,0.0,1.5475624799728394,0.0,1.5475624799728394,0.0,0.9555114507675171,0.0,0.6931471824645996,0.0,2.0281481742858887,0.0,1.9878743886947632,0.0,1.1314021348953247,0.10178267955780029,1.1631507873535156,0.1335313320159912,0.0,4.35652494430542,4.168558120727539,4.347580432891846,4.180427551269531,0.0,-0.30000001192092896,-0.011869430541992188,-0.009963512420654297,0.29567304756342927,0.29567304756342927
1997-08-01,4.364554507152293,4.188889297633446,2.5172349634679287,0.4812118250596098,0.5000000000000071,2.221539181,0.372285213947132,3.399999999999998,3.100000000000002,2.100000000000002,3.700000000000001,3.700000000000002,1.7000000000000033,1.199999999999999,6.599999999999994,6.300000000000001,2.099999999999996,2.2,451.0,1.4816045761108398,0.04651999473571777,1.4109870195388794,0.0,1.1314021348953247,0.10178267955780029,1.5475624799728394,0.0,1.5475624799728394,0.0,0.9932518005371094,0.037740349769592285,0.7884573340415955,0.09531015157699585,2.0281481742858887,0.0,1.9878743886947632,0.0,1.1314021348953247,0.0,1.1631507873535156,0.0,0.18553878366947174,4.360142707824707,4.175440788269043,4.35652494430542,4.168558120727539,0.20000000298023224,0.5,0.006882667541503906,-0.011869430541992188,0.29567304756342927,0.29567304756342927
1997-09-01,4.369575312698052,4.1943693682654075,2.507701115530038,0.6526665660823615,0.7000000000000071,-1.604309743,-0.0325951137907275,3.399999999999998,3.300000000000002,2.100000000000002,3.700000000000001,3.700000000000002,1.7000000000000033,1.199999999999999,6.599999999999994,6.300000000000001,2.099999999999996,2.2,452.0,1.4816045761108398,0.0,1.4586150646209717,0.047628045082092285,1.1314021348953247,0.0,1.5475624799728394,0.0,1.5475624799728394,0.0,0.9932518005371094,0.0,0.7884573340415955,0.0,2.0281481742858887,0.0,1.9878743886947632,0.0,1.1314021348953247,0.0,1.1631507873535156,0.0,0.17145474255084991,4.364554405212402,4.188889503479004,4.360142707824707,4.175440788269043,0.0,-0.20000000298023224,0.013448715209960938,0.006882667541503906,0.4812118250596098,0.29567304756342927
1997-10-01,4.376308693360838,4.202122154395532,2.577492416239182,1.529660495090407,2.2000000000000073,-0.275127581,-0.509873384785878,3.699999999999998,3.300000000000002,2.100000000000002,3.800000000000001,3.700000000000002,1.7000000000000033,1.2999999999999992,6.599999999999994,6.300000000000001,2.199999999999996,2.2,453.0,1.5475624799728394,0.06595790386199951,1.4586150646209717,0.0,1.1314021348953247,0.0,1.5686159133911133,0.021053433418273926,1.5475624799728394,0.0,0.9932518005371094,0.0,0.832909107208252,0.044451773166656494,2.0281481742858887,0.0,1.9878743886947632,0.0,1.1631507873535156,0.03174865245819092,1.1631507873535156,0.0,0.8769939541816711,4.369575500488281,4.194369316101074,4.364554405212402,4.188889503479004,1.2999999523162842,0.30000001192092896,0.0054798126220703125,0.013448715209960938,0.6526665660823615,0.4812118250596098
1997-11-01,4.374808018039643,4.19992005477074,2.5236237713711507,1.4874828366412745,2.100000000000007,-5.304468774,-0.566869399240478,3.699999999999998,3.300000000000002,2.200000000000002,3.800000000000001,3.700000000000002,1.7000000000000033,1.2999999999999992,6.599999999999994,6.4,2.199999999999996,2.2,454.0,1.5475624799728394,0.0,1.4586150646209717,0.0,1.1631507873535156,0.03174865245819092,1.5686159133911133,0.0,1.5475624799728394,0.0,0.9932518005371094,0.0,0.832909107208252,0.0,2.0281481742858887,0.0,2.0014801025390625,0.013605713844299316,1.1631507873535156,0.0,1.1631507873535156,0.0,-0.04217765852808952,4.376308917999268,4.202122211456299,4.369575500488281,4.194369316101074,-1.600000023841858,-0.30000001192092896,0.007752895355224609,0.0054798126220703125,1.529660495090407,0.6526665660823615
1997-12-01,4.3741680870159945,4.197125252991524,2.426802540609684,1.529660495090407,2.2000000000000073,-2.368180092,0.169864895569205,3.699999999999998,3.300000000000002,2.200000000000002,3.800000000000001,3.700000000000002,1.7000000000000033,1.2999999999999992,6.599999999999994,6.4,2.2999999999999963,2.2,455.0,1.5475624799728394,0.0,1.4586150646209717,0.0,1.1631507873535156,0.0,1.5686159133911133,0.0,1.5475624799728394,0.0,0.9932518005371094,0.0,0.832909107208252,0.0,2.0281481742858887,0.0,2.0014801025390625,0.0,1.193922519683838,0.030771732330322266,1.1631507873535156,0.0,0.04217765852808952,4.374807834625244,4.199920177459717,4.376308917999268,4.202122211456299,0.20000000298023224,0.0,-0.0022020339965820312,0.007752895355224609,1.4874828366412745,1.529660495090407
1998-01-01,4.372039933159309,4.215244217651175,2.3335811933630097,1.529660495090407,2.2000000000000073,-2.660032134,2.59777379475678,3.799999999999998,3.300000000000002,2.200000000000002,3.800000000000001,3.700000000000002,1.7000000000000033,1.2999999999999992,6.599999999999994,6.4,2.2999999999999963,2.3000000000000003,456.0,1.5686159133911133,0.021053433418273926,1.4586150646209717,0.0,1.1631507873535156,0.0,1.5686159133911133,0.0,1.5475624799728394,0.0,0.9932518005371094,0.0,0.832909107208252,0.0,2.0281481742858887,0.0,2.0014801025390625,0.0,1.193922519683838,0.0,1.193922519683838,0.030771732330322266,0.0,4.3741679191589355,4.197125434875488,4.374807834625244,4.199920177459717,-0.10000000149011612,0.10000000149011612,-0.0027947425842285156,-0.0022020339965820312,1.529660495090407,1.4874828366412745
1998-02-01,4.3798698103997245,4.220737830614416,2.293905559274323,1.529660495090407,2.2000000000000073,0.620592475,0.996287307614751,3.799999999999998,3.300000000000002,2.200000000000002,3.800000000000001,3.700000000000002,1.7000000000000033,1.2999999999999992,6.599999999999994,6.6000000000000005,2.2999999999999963,2.3000000000000003,457.0,1.5686159133911133,0.0,1.4586150646209717,0.0,1.1631507873535156,0.0,1.5686159133911133,0.0,1.5475624799728394,0.0,0.9932518005371094,0.0,0.832909107208252,0.0,2.0281481742858887,0.0,2.0281481742858887,0.026668071746826172,1.193922519683838,0.0,1.193922519683838,0.0,0.0,4.372039794921875,4.215244293212891,4.3741679191589355,4.197125434875488,0.0,-0.10000000149011612,0.018118858337402344,-0.0027947425842285156,1.529660495090407,1.529660495090407
1998-03-01,4.376759412180762,4.218988452740833,2.2269564970916957,1.570278543484981,2.3000000000000074,-3.223911515,0.866154871287659,3.799999999999998,3.300000000000002,2.200000000000002,3.9000000000000012,3.700000000000002,1.7000000000000033,1.2999999999999992,6.599999999999994,6.6000000000000005,2.2999999999999963,2.5000000000000004,458.0,1.5686159133911133,0.0,1.4586150646209717,0.0,1.1631507873535156,0.0,1.5892351865768433,0.02061927318572998,1.5475624799728394,0.0,0.9932518005371094,0.0,0.832909107208252,0.0,2.0281481742858887,0.0,2.0281481742858887,0.0,1.193922519683838,0.0,1.2527629137039185,0.058840394020080566,0.04061804711818695,4.3798699378967285,4.220737934112549,4.372039794921875,4.215244293212891,0.10000000149011612,0.0,0.005493640899658203,0.018118858337402344,1.529660495090407,1.529660495090407
1998-04-01,4.376013969778366,4.21699867784492,2.2533015889034087,1.570278543484981,2.3000000000000074,0.401227989,-0.0575682527232461,3.399999999999998,3.300000000000002,2.400000000000002,3.9000000000000012,3.700000000000002,1.7000000000000033,1.3999999999999992,6.599999999999994,6.6000000000000005,2.2999999999999963,2.5000000000000004,459.0,1.4816045761108398,-0.08701133728027344,1.4586150646209717,0.0,1.2237753868103027,0.06062459945678711,1.5892351865768433,0.0,1.5475624799728394,0.0,0.9932518005371094,0.0,0.8754687309265137,0.04255962371826172,2.0281481742858887,0.0,2.0281481742858887,0.0,1.193922519683838,0.0,1.2527629137039185,0.0,0.0,4.3767595291137695,4.218988418579102,4.3798699378967285,4.220737934112549,-0.10000000149011612,-0.4000000059604645,-0.0017495155334472656,0.005493640899658203,1.570278543484981,1.529660495090407
1998-05-01,4.378444100053241,4.2091052574276135,2.2125500281639945,1.6472311463710985,2.5000000000000075,-3.098661021,0.166057392970197,3.299999999999998,3.300000000000002,2.400000000000002,3.9000000000000012,3.800000000000002,1.6000000000000032,1.2999999999999992,6.599999999999994,6.6000000000000005,2.2999999999999963,2.5000000000000004,460.0,1.4586150646209717,-0.022989511489868164,1.4586150646209717,0.0,1.2237753868103027,0.0,1.5892351865768433,0.0,1.5686159133911133,0.021053433418273926,0.9555114507675171,-0.037740349769592285,0.832909107208252,-0.04255962371826172,2.0281481742858887,0.0,2.0281481742858887,0.0,1.193922519683838,0.0,1.2527629137039185,0.0,0.07695260643959045,4.37601375579834,4.21699857711792,4.3767595291137695,4.218988418579102,0.20000000298023224,0.30000001192092896,-0.0019898414611816406,-0.0017495155334472656,1.570278543484981,1.570278543484981
1998-06-01,4.376428745688712,4.204955271462055,2.127119586562295,1.8496036794731807,3.1000000000000076,1.405148331,0.345452672592967,3.299999999999998,3.300000000000002,2.400000000000002,3.9000000000000012,3.800000000000002,1.3000000000000032,1.2999999999999992,6.399999999999994,6.6000000000000005,2.3999999999999964,2.5000000000000004,461.0,1.4586150646209717,0.0,1.4586150646209717,0.0,1.2237753868103027,0.0,1.5892351865768433,0.0,1.5686159133911133,0.0,0.832909107208252,-0.12260234355926514,0.832909107208252,0.0,2.0014801025390625,-0.026668071746826172,2.0281481742858887,0.0,1.2237753868103027,0.029852867126464844,1.2527629137039185,0.0,0.20237253606319427,4.378444194793701,4.209105491638184,4.37601375579834,4.21699857711792,0.4000000059604645,0.10000000149011612,-0.007893085479736328,-0.0019898414611816406,1.6472311463710985,1.570278543484981
1998-07-01,4.375389155263601,4.202893987897317,2.154949094187981,1.8496036794731807,3.1000000000000076,-0.48382269,-0.441696713331769,3.299999999999998,3.300000000000002,2.400000000000002,3.9000000000000012,3.800000000000002,1.3000000000000032,1.2999999999999992,6.399999999999994,6.7,2.3999999999999964,2.6000000000000005,462.0,1.4586150646209717,0.0,1.4586150646209717,0.0,1.2237753868103027,0.0,1.5892351865768433,0.0,1.5686159133911133,0.0,0.832909107208252,0.0,0.832909107208252,0.0,2.0014801025390625,0.0,2.0412204265594482,0.01307225227355957,1.2237753868103027,0.0,1.2809338569641113,0.02817094326019287,0.0,4.376428604125977,4.204955101013184,4.378444194793701,4.209105491638184,-0.6000000238418579,0.0,-0.004150390625,-0.007893085479736328,1.8496036794731807,1.6472311463710985
1998-08-01,4.378804198197987,4.1882218978134444,2.1012341716706886,1.879863584396912,3.2000000000000077,-2.971727929,-1.97463157271434,3.299999999999998,3.400000000000002,2.400000000000002,4.200000000000001,3.800000000000002,1.3000000000000032,1.2999999999999992,6.399999999999994,6.7,2.3999999999999964,2.6000000000000005,463.0,1.4586150646209717,0.0,1.4816045761108398,0.022989511489868164,1.2237753868103027,0.0,1.6486586332321167,0.05942344665527344,1.5686159133911133,0.0,0.832909107208252,0.0,0.832909107208252,0.0,2.0014801025390625,0.0,2.0412204265594482,0.0,1.2237753868103027,0.0,1.2809338569641113,0.0,0.030259905382990837,4.375389099121094,4.20289421081543,4.376428604125977,4.204955101013184,0.10000000149011612,0.0,-0.0020608901977539062,-0.004150390625,1.8496036794731807,1.8496036794731807
1998-09-01,4.381154754696974,4.189451691109953,2.2130684954874784,1.909274014016339,3.300000000000008,6.80383991,-1.5851620972727,3.299999999999998,3.400000000000002,2.500000000000002,4.200000000000001,3.800000000000002,1.3000000000000032,1.2999999999999992,6.399999999999994,6.7,2.4999999999999964,2.6000000000000005,464.0,1.4586150646209717,0.0,1.4816045761108398,0.0,1.2527629137039185,0.028987526893615723,1.6486586332321167,0.0,1.5686159133911133,0.0,0.832909107208252,0.0,0.832909107208252,0.0,2.0014801025390625,0.0,2.0412204265594482,0.0,1.2527629137039185,0.028987526893615723,1.2809338569641113,0.0,0.029410429298877716,4.3788042068481445,4.1882219314575195,4.375389099121094,4.20289421081543,0.0,0.0,-0.014672279357910156,-0.0020608901977539062,1.879863584396912,1.8496036794731807
1998-10-01,4.38410921459812,4.191192952313552,2.172447221137584,1.879863584396912,3.2000000000000077,-9.91248885,0.147838196522242,3.899999999999998,3.400000000000002,2.500000000000002,4.200000000000001,3.800000000000002,1.3000000000000032,1.2999999999999992,6.399999999999994,6.7,2.7999999999999963,3.2000000000000006,465.0,1.5892351865768433,0.13062012195587158,1.4816045761108398,0.0,1.2527629137039185,0.0,1.6486586332321167,0.0,1.5686159133911133,0.0,0.832909107208252,0.0,0.832909107208252,0.0,2.0014801025390625,0.0,2.0412204265594482,0.0,1.3350011110305786,0.08223819732666016,1.435084581375122,0.15415072441101074,-0.029410429298877716,4.381154537200928,4.189451694488525,4.3788042068481445,4.1882219314575195,-0.20000000298023224,0.6000000238418579,0.0012297630310058594,-0.014672279357910156,1.909274014016339,1.879863584396912
1998-11-01,4.385734252954922,4.203895286680333,2.058037999233275,1.879863584396912,3.2000000000000077,0.572638366,1.16191724402468,3.899999999999998,3.500000000000002,2.800000000000002,4.200000000000001,3.800000000000002,1.3000000000000032,1.3999999999999992,6.399999999999994,6.9,2.7999999999999963,3.2000000000000006,466.0,1.5892351865768433,0.0,1.504077434539795,0.022472858428955078,1.3350011110305786,0.08223819732666016,1.6486586332321167,0.0,1.5686159133911133,0.0,0.832909107208252,0.0,0.8754687309265137,0.04255962371826172,2.0014801025390625,0.0,2.0668628215789795,0.02564239501953125,1.3350011110305786,0.0,1.435084581375122,0.0,0.0,4.384109020233154,4.191193103790283,4.381154537200928,4.189451694488525,0.10000000149011612,-0.6000000238418579,0.0017414093017578125,0.0012297630310058594,1.879863584396912,1.909274014016339
1998-12-01,4.384538976099577,4.201279338081832,1.9258989494359247,1.8496036794731807,3.1000000000000076,-4.698899135,0.477636444826012,3.699999999999998,3.500000000000002,2.800000000000002,4.200000000000001,3.800000000000002,1.3000000000000032,1.3999999999999992,6.399999999999994,6.9,2.8999999999999964,3.1000000000000005,467.0,1.5475624799728394,-0.041672706604003906,1.504077434539795,0.0,1.3350011110305786,0.0,1.6486586332321167,0.0,1.5686159133911133,0.0,0.832909107208252,0.0,0.8754687309265137,0.0,2.0014801025390625,0.0,2.0668628215789795,0.0,1.3609765768051147,0.025975465774536133,1.4109870195388794,-0.024097561836242676,-0.030259905382990837,4.3857340812683105,4.203895092010498,4.384109020233154,4.191193103790283,-0.10000000149011612,-0.20000000298023224,0.012701988220214844,0.0017414093017578125,1.879863584396912,1.879863584396912
1999-01-01,4.394025114162685,4.204494092223065,2.024370308496442,1.71905185120893,2.7000000000000077,1.054487798,-0.6465716342731,3.699999999999998,3.500000000000002,2.700000000000002,4.200000000000001,3.800000000000002,1.3000000000000032,1.3999999999999992,6.399999999999994,6.9,3.199999999999996,3.1000000000000005,468.0,1.5475624799728394,0.0,1.504077434539795,0.0,1.3083328008651733,-0.026668310165405273,1.6486586332321167,0.0,1.5686159133911133,0.0,0.832909107208252,0.0,0.8754687309265137,0.0,2.0014801025390625,0.0,2.0668628215789795,0.0,1.435084581375122,0.07410800457000732,1.4109870195388794,0.0,-0.13055182993412018,4.3845391273498535,4.201279163360596,4.3857340812683105,4.203895092010498,-0.30000001192092896,0.20000000298023224,-0.0026159286499023438,0.012701988220214844,1.8496036794731807,1.879863584396912
1999-02-01,4.388256935977282,4.209347440523675,1.986784184896389,1.6837431439977468,2.6000000000000076,1.916648803,0.579394194189778,3.699999999999998,3.500000000000002,2.700000000000002,4.200000000000001,3.800000000000002,1.3000000000000032,1.3999999999999992,6.399999999999994,7.0,3.199999999999996,3.1000000000000005,469.0,1.5475624799728394,0.0,1.504077434539795,0.0,1.3083328008651733,0.0,1.6486586332321167,0.0,1.5686159133911133,0.0,0.832909107208252,0.0,0.8754687309265137,0.0,2.0014801025390625,0.0,2.079441547393799,0.012578725814819336,1.435084581375122,0.0,1.4109870195388794,0.0,-0.035308707505464554,4.3940253257751465,4.204493999481201,4.3845391273498535,4.201279163360596,0.30000001192092896,0.0,0.0032148361206054688,-0.0026159286499023438,1.71905185120893,1.8496036794731807
1999-03-01,4.396277359031184,4.2045239484504044,2.185560264971225,1.3979983651114378,1.9000000000000077,4.213734566,-1.16291096867703,3.499999999999998,3.500000000000002,2.700000000000002,4.200000000000001,3.800000000000002,1.3000000000000032,1.3999999999999992,6.399999999999994,7.0,3.199999999999996,3.1000000000000005,470.0,1.504077434539795,-0.043485045433044434,1.504077434539795,0.0,1.3083328008651733,0.0,1.6486586332321167,0.0,1.5686159133911133,0.0,0.832909107208252,0.0,0.8754687309265137,0.0,2.0014801025390625,0.0,2.079441547393799,0.0,1.435084581375122,0.0,1.4109870195388794,0.0,-0.2857447862625122,4.388257026672363,4.209347248077393,4.3940253257751465,4.204493999481201,-0.6000000238418579,-0.20000000298023224,0.004853248596191406,0.0032148361206054688,1.6837431439977468,1.71905185120893
1999-04-01,4.3968823648536155,4.182747609278457,2.3468009601440882,1.3979983651114378,1.9000000000000077,5.489034802,-2.81039173103138,3.499999999999998,3.500000000000002,2.700000000000002,4.200000000000001,3.800000000000002,1.3000000000000032,1.4999999999999993,6.399999999999994,7.0,3.199999999999996,3.1000000000000005,471.0,1.504077434539795,0.0,1.504077434539795,0.0,1.3083328008651733,0.0,1.6486586332321167,0.0,1.5686159133911133,0.0,0.832909107208252,0.0,0.9162907600402832,0.04082202911376953,2.0014801025390625,0.0,2.079441547393799,0.0,1.435084581375122,0.0,1.4109870195388794,0.0,0.0,4.39627742767334,4.204524040222168,4.388257026672363,4.209347248077393,0.699999988079071,0.20000000298023224,-0.004823207855224609,0.004853248596191406,1.3979983651114378,1.6837431439977468
1999-05-01,4.40613029337715,4.1797987552075675,2.369567913552973,-0.2956730475634153,-0.2999999999999925,-2.127831322,-0.631864000606725,3.499999999999998,3.6000000000000023,2.700000000000002,4.200000000000001,3.900000000000002,1.3000000000000032,1.4999999999999993,6.399999999999994,7.0,3.2999999999999963,3.1000000000000005,472.0,1.504077434539795,0.0,1.5260562896728516,0.02197885513305664,1.3083328008651733,0.0,1.6486586332321167,0.0,1.5892351865768433,0.02061927318572998,0.832909107208252,0.0,0.9162907600402832,0.0,2.0014801025390625,0.0,2.079441547393799,0.0,1.4586150646209717,0.02353048324584961,1.4109870195388794,0.0,-1.693671464920044,4.3968825340271,4.182747840881348,4.39627742767334,4.204524040222168,-2.200000047683716,0.0,-0.021776199340820312,-0.004823207855224609,1.3979983651114378,1.3979983651114378
1999-06-01,4.40675046628913,4.163682485283021,2.377424295152176,-0.2956730475634153,-0.2999999999999925,-0.951253064,-2.36805075907875,3.699999999999998,3.6000000000000023,2.700000000000002,4.200000000000001,3.900000000000002,1.4000000000000032,1.4999999999999993,6.499999999999994,7.0,3.2999999999999963,3.1000000000000005,473.0,1.5475624799728394,0.043485045433044434,1.5260562896728516,0.0,1.3083328008651733,0.0,1.6486586332321167,0.0,1.5892351865768433,0.0,0.8754687309265137,0.04255962371826172,0.9162907600402832,0.0,2.0149030685424805,0.013422966003417969,2.079441547393799,0.0,1.4586150646209717,0.0,1.4109870195388794,0.0,0.0,4.406130313873291,4.179798603057861,4.3968825340271,4.182747840881348,2.200000047683716,0.20000000298023224,-0.002949237823486328,-0.021776199340820312,-0.2956730475634153,1.3979983651114378
1999-07-01,4.413670761114764,4.186908550449309,2.48820055903959,-0.1986901103492341,-0.1999999999999925,5.468385419,0.221761847937673,3.599999999999998,3.7000000000000024,2.700000000000002,4.200000000000001,3.900000000000002,1.4000000000000032,1.4999999999999993,6.499999999999994,7.0,3.2999999999999963,3.1000000000000005,474.0,1.5260562896728516,-0.021506190299987793,1.5475624799728394,0.021506190299987793,1.3083328008651733,0.0,1.6486586332321167,0.0,1.5892351865768433,0.0,0.8754687309265137,0.0,0.9162907600402832,0.0,2.0149030685424805,0.0,2.079441547393799,0.0,1.4586150646209717,0.0,1.4109870195388794,0.0,0.0969829335808754,4.406750679016113,4.163682460784912,4.406130313873291,4.179798603057861,0.10000000149011612,-0.30000001192092896,-0.01611614227294922,-0.002949237823486328,-0.2956730475634153,-0.2956730475634153
1999-08-01,4.417981925981857,4.185190245521677,2.5434051233005452,-0.48121182505959653,-0.49999999999999245,1.665897645,-0.723798061815474,3.599999999999998,3.7000000000000024,2.800000000000002,4.200000000000001,3.900000000000002,1.4000000000000032,1.4999999999999993,6.499999999999994,7.0,3.2999999999999963,3.1000000000000005,475.0,1.5260562896728516,0.0,1.5475624799728394,0.0,1.3350011110305786,0.026668310165405273,1.6486586332321167,0.0,1.5892351865768433,0.0,0.8754687309265137,0.0,0.9162907600402832,0.0,2.0149030685424805,0.0,2.079441547393799,0.0,1.4586150646209717,0.0,1.4109870195388794,0.0,-0.28252172470092773,4.413670539855957,4.186908721923828,4.406750679016113,4.163682460784912,-0.4000000059604645,0.10000000149011612,0.023226261138916016,-0.01611614227294922,-0.1986901103492341,-0.2956730475634153
1999-09-01,4.424452063006794,4.185829252344279,2.655438680479387,-0.2956730475634153,-0.29999999999999244,4.764098724,-1.3899030643446,3.599999999999998,4.3000000000000025,2.800000000000002,4.500000000000001,3.900000000000002,1.4000000000000032,1.4999999999999993,6.499999999999994,7.0,3.2999999999999963,3.1000000000000005,476.0,1.5260562896728516,0.0,1.667706847190857,0.12014436721801758,1.3350011110305786,0.0,1.7047480344772339,0.05608940124511719,1.5892351865768433,0.0,0.8754687309265137,0.0,0.9162907600402832,0.0,2.0149030685424805,0.0,2.079441547393799,0.0,1.4586150646209717,0.0,1.4109870195388794,0.0,0.18553878366947174,4.41798210144043,4.185190200805664,4.413670539855957,4.186908721923828,0.5,0.0,-0.0017185211181640625,0.023226261138916016,-0.48121182505959653,-0.1986901103492341
1999-10-01,4.430224004127621,4.193495840402183,2.600329398908504,-0.39003531977070816,-0.3999999999999925,-2.389916207,0.135681202804495,3.599999999999998,4.3000000000000025,2.900000000000002,4.500000000000001,3.900000000000002,1.4000000000000032,1.4999999999999993,6.499999999999994,7.0,3.2999999999999963,3.3000000000000007,477.0,1.5260562896728516,0.0,1.667706847190857,0.0,1.3609765768051147,0.025975465774536133,1.7047480344772339,0.0,1.5892351865768433,0.0,0.8754687309265137,0.0,0.9162907600402832,0.0,2.0149030685424805,0.0,2.079441547393799,0.0,1.4586150646209717,0.0,1.4586150646209717,0.047628045082092285,-0.094362273812294,4.42445182800293,4.185829162597656,4.41798210144043,4.185190200805664,-0.30000001192092896,0.0,0.0006389617919921875,-0.0017185211181640625,-0.2956730475634153,-0.48121182505959653
1999-11-01,4.439625389049705,4.193224121780238,2.6965031884715467,7.549516567451036e-15,7.549516567451064e-15,4.457399339,-1.77018541888972,3.599999999999998,4.200000000000003,2.900000000000002,4.500000000000001,4.000000000000002,1.4000000000000032,1.4999999999999993,6.499999999999994,7.0,3.2999999999999963,3.3000000000000007,478.0,1.5260562896728516,0.0,1.6486586332321167,-0.019048213958740234,1.3609765768051147,0.0,1.7047480344772339,0.0,1.6094379425048828,0.02020275592803955,0.8754687309265137,0.0,0.9162907600402832,0.0,2.0149030685424805,0.0,2.079441547393799,0.0,1.4586150646209717,0.0,1.4586150646209717,0.0,0.39003533124923706,4.4302239418029785,4.193495750427246,4.42445182800293,4.185829162597656,0.5,0.0,0.007666587829589844,0.0006389617919921875,-0.39003531977070816,-0.2956730475634153
1999-12-01,4.448897122163123,4.180953358186863,2.737624340884687,7.549516567451036e-15,7.549516567451064e-15,-0.075982426,-1.89484444767426,3.299999999999998,4.200000000000003,3.1000000000000023,4.500000000000001,4.000000000000002,1.4000000000000032,1.7999999999999994,6.499999999999994,7.1,4.099999999999996,3.3000000000000007,479.0,1.4586150646209717,-0.06744122505187988,1.6486586332321167,0.0,1.4109870195388794,0.05001044273376465,1.7047480344772339,0.0,1.6094379425048828,0.0,0.8754687309265137,0.0,1.0296194553375244,0.11332869529724121,2.0149030685424805,0.0,2.0918641090393066,0.012422561645507812,1.6292405128479004,0.1706254482269287,1.4586150646209717,0.0,0.0,4.439625263214111,4.19322395324707,4.4302239418029785,4.193495750427246,-0.4000000059604645,-0.30000001192092896,-0.00027179718017578125,0.007666587829589844,7.549516567451036e-15,-0.39003531977070816
2000-01-01,4.446446281558689,4.19644818965595,2.7759793055719992,0.19869011034924872,0.20000000000000756,-0.289059352,0.427461758244551,3.299999999999998,4.200000000000003,3.2000000000000024,4.500000000000001,4.000000000000002,1.4000000000000032,1.7999999999999994,6.499999999999994,7.1,4.099999999999996,3.400000000000001,480.0,1.4586150646209717,0.0,1.6486586332321167,0.0,1.435084581375122,0.024097561836242676,1.7047480344772339,0.0,1.6094379425048828,0.0,0.8754687309265137,0.0,1.0296194553375244,0.0,2.0149030685424805,0.0,2.0918641090393066,0.0,1.6292405128479004,0.0,1.4816045761108398,0.022989511489868164,0.19869011640548706,4.448896884918213,4.180953502655029,4.439625263214111,4.19322395324707,0.20000000298023224,0.30000001192092896,-0.012270450592041016,-0.00027179718017578125,7.549516567451036e-15,7.549516567451036e-15
2000-02-01,4.450088589659158,4.205672630417057,2.848664295211935,0.09983407889921521,0.10000000000000756,2.572958231,0.145312366834955,3.299999999999998,4.200000000000003,3.2000000000000024,4.500000000000001,4.000000000000002,1.7000000000000033,1.7999999999999994,6.499999999999994,7.1,4.099999999999996,3.400000000000001,481.0,1.4586150646209717,0.0,1.6486586332321167,0.0,1.435084581375122,0.0,1.7047480344772339,0.0,1.6094379425048828,0.0,0.9932518005371094,0.1177830696105957,1.0296194553375244,0.0,2.0149030685424805,0.0,2.0918641090393066,0.0,1.6292405128479004,0.0,1.4816045761108398,0.0,-0.09885603189468384,4.446446418762207,4.19644832611084,4.448896884918213,4.180953502655029,-0.30000001192092896,0.0,0.015494823455810547,-0.012270450592041016,0.19869011034924872,7.549516567451036e-15
2000-03-01,4.455103638061894,4.206168274141847,2.861030605781278,0.09983407889921521,0.10000000000000756,-1.421527736,0.069398912773107,3.099999999999998,4.200000000000003,3.2000000000000024,4.500000000000001,4.000000000000002,1.7000000000000033,1.7999999999999994,6.499999999999994,7.1,4.099999999999996,3.400000000000001,482.0,1.4109870195388794,-0.047628045082092285,1.6486586332321167,0.0,1.435084581375122,0.0,1.7047480344772339,0.0,1.6094379425048828,0.0,0.9932518005371094,0.0,1.0296194553375244,0.0,2.0149030685424805,0.0,2.0918641090393066,0.0,1.6292405128479004,0.0,1.4816045761108398,0.0,0.0,4.4500885009765625,4.205672740936279,4.446446418762207,4.19644832611084,0.10000000149011612,-0.20000000298023224,0.009224414825439453,0.015494823455810547,0.09983407889921521,0.19869011034924872
2000-04-01,4.4649660658667605,4.215940187354509,2.7121377980345267,0.09983407889921521,0.10000000000000756,-4.570976455,1.61009598161336,3.199999999999998,4.200000000000003,3.3000000000000025,4.6000000000000005,4.000000000000002,1.7000000000000033,1.8999999999999995,6.499999999999994,7.1,4.099999999999996,3.400000000000001,483.0,1.435084581375122,0.024097561836242676,1.6486586332321167,0.0,1.4586150646209717,0.02353048324584961,1.722766637802124,0.018018603324890137,1.6094379425048828,0.0,0.9932518005371094,0.0,1.0647107362747192,0.035091280937194824,2.0149030685424805,0.0,2.0918641090393066,0.0,1.6292405128479004,0.0,1.4816045761108398,0.0,0.0,4.455103874206543,4.206168174743652,4.4500885009765625,4.205672740936279,0.0,0.30000001192092896,0.0004954338073730469,0.009224414825439453,0.09983407889921521,0.09983407889921521
2000-05-01,4.469991723402526,4.223561042928373,2.8220184237396713,0.09983407889921521,0.10000000000000756,8.72234983,-0.590230954866912,3.299999999999998,4.400000000000003,3.3000000000000025,4.6000000000000005,4.100000000000001,1.9000000000000032,2.0999999999999996,6.499999999999994,7.1,4.099999999999996,3.500000000000001,484.0,1.4586150646209717,0.02353048324584961,1.686398983001709,0.037740349769592285,1.4586150646209717,0.0,1.722766637802124,0.0,1.6292405128479004,0.019802570343017578,1.0647107362747192,0.07145893573760986,1.1314021348953247,0.06669139862060547,2.0149030685424805,0.0,2.0918641090393066,0.0,1.6292405128479004,0.0,1.504077434539795,0.022472858428955078,0.0,4.464966297149658,4.215939998626709,4.455103874206543,4.206168174743652,0.0,0.0,0.00977182388305664,0.0004954338073730469,0.09983407889921521,0.09983407889921521
2000-06-01,4.470991155119759,4.2206010045890725,2.9169228352884624,0.19869011034924872,0.20000000000000756,1.18042463,-0.25401421636458,3.299999999999998,4.400000000000003,3.3000000000000025,4.6000000000000005,4.300000000000002,1.9000000000000032,2.0999999999999996,6.499999999999994,7.1,4.099999999999996,3.500000000000001,485.0,1.4586150646209717,0.0,1.686398983001709,0.0,1.4586150646209717,0.0,1.722766637802124,0.0,1.667706847190857,0.03846633434295654,1.0647107362747192,0.0,1.1314021348953247,0.0,2.0149030685424805,0.0,2.0918641090393066,0.0,1.6292405128479004,0.0,1.504077434539795,0.0,0.09885603189468384,4.469991683959961,4.223560810089111,4.464966297149658,4.215939998626709,0.10000000149011612,-0.10000000149011612,0.007620811462402344,0.00977182388305664,0.09983407889921521,0.09983407889921521
2000-07-01,4.474602169652214,4.229678091325102,2.8471153758631433,0.19869011034924872,0.20000000000000756,-2.910447205,1.21551286321384,3.299999999999998,4.400000000000003,3.3000000000000025,4.6000000000000005,4.300000000000002,2.000000000000003,2.3,6.499999999999994,7.3,4.199999999999996,3.500000000000001,486.0,1.4586150646209717,0.0,1.686398983001709,0.0,1.4586150646209717,0.0,1.722766637802124,0.0,1.667706847190857,0.0,1.0986123085021973,0.03390157222747803,1.193922519683838,0.06252038478851318,2.0149030685424805,0.0,2.116255521774292,0.02439141273498535,1.6486586332321167,0.01941812038421631,1.504077434539795,0.0,0.0,4.470991134643555,4.2206010818481445,4.469991683959961,4.223560810089111,-0.10000000149011612,0.0,-0.002959728240966797,0.007620811462402344,0.19869011034924872,0.09983407889921521
2000-08-01,4.479440962840922,4.2417027068577955,2.8946731159227443,0.19869011034924872,0.20000000000000756,3.749676387,0.268501249917444,3.399999999999998,4.400000000000003,3.3000000000000025,4.6000000000000005,4.300000000000002,2.000000000000003,2.3,6.499999999999994,7.3,4.199999999999996,3.500000000000001,487.0,1.4816045761108398,0.022989511489868164,1.686398983001709,0.0,1.4586150646209717,0.0,1.722766637802124,0.0,1.667706847190857,0.0,1.0986123085021973,0.0,1.193922519683838,0.0,2.0149030685424805,0.0,2.116255521774292,0.0,1.6486586332321167,0.0,1.504077434539795,0.0,0.0,4.474602222442627,4.229678153991699,4.470991134643555,4.2206010818481445,0.0,0.10000000149011612,0.009077072143554688,-0.002959728240966797,0.19869011034924872,0.19869011034924872
2000-09-01,4.477214875225736,4.241942729565555,2.9712412535456956,0.29567304756342977,0.3000000000000076,4.327175958,-0.780029194907023,3.699999999999998,4.400000000000003,3.3000000000000025,4.7,4.300000000000002,2.000000000000003,2.3,6.499999999999994,7.3,4.299999999999995,3.500000000000001,488.0,1.5475624799728394,0.06595790386199951,1.686398983001709,0.0,1.4586150646209717,0.0,1.7404661178588867,0.017699480056762695,1.667706847190857,0.0,1.0986123085021973,0.0,1.193922519683838,0.0,2.0149030685424805,0.0,2.116255521774292,0.0,1.667706847190857,0.019048213958740234,1.504077434539795,0.0,0.0969829335808754,4.479441165924072,4.241702556610107,4.474602222442627,4.229678153991699,0.10000000149011612,0.20000000298023224,0.012024402618408203,0.009077072143554688,0.19869011034924872,0.19869011034924872
2000-10-01,4.480524229270225,4.248214278050957,2.9456186347833446,0.29567304756342977,0.3000000000000076,-3.561579856,1.24376003241426,3.699999999999998,4.400000000000003,3.5000000000000027,4.7,4.300000000000002,2.000000000000003,2.4,6.499999999999994,7.3,4.299999999999995,3.600000000000001,489.0,1.5475624799728394,0.0,1.686398983001709,0.0,1.504077434539795,0.04546236991882324,1.7404661178588867,0.0,1.667706847190857,0.0,1.0986123085021973,0.0,1.2237753868103027,0.029852867126464844,2.0149030685424805,0.0,2.116255521774292,0.0,1.667706847190857,0.0,1.5260562896728516,0.02197885513305664,0.0,4.477214813232422,4.241942882537842,4.479441165924072,4.241702556610107,-0.10000000149011612,-0.30000001192092896,0.000240325927734375,0.012024402618408203,0.29567304756342977,0.19869011034924872
2000-11-01,4.484156462274478,4.256126793017532,2.9830226859490416,0.39003531977072237,0.40000000000000757,3.362240509,0.172965899243485,3.699999999999998,4.400000000000003,3.5000000000000027,4.7,4.300000000000002,2.000000000000003,2.4,6.499999999999994,7.5,4.299999999999995,3.600000000000001,490.0,1.5475624799728394,0.0,1.686398983001709,0.0,1.504077434539795,0.0,1.7404661178588867,0.0,1.667706847190857,0.0,1.0986123085021973,0.0,1.2237753868103027,0.0,2.0149030685424805,0.0,2.140066146850586,0.023810625076293945,1.667706847190857,0.0,1.5260562896728516,0.0,0.094362273812294,4.480524063110352,4.248214244842529,4.477214813232422,4.241942882537842,0.10000000149011612,0.0,0.0062713623046875,0.000240325927734375,0.29567304756342977,0.29567304756342977
2000-12-01,4.487724830811237,4.238159317313203,2.7911721352442957,0.39003531977072237,0.40000000000000757,-9.680260146,-0.939973509150455,3.699999999999998,4.400000000000003,3.5000000000000027,4.7,4.400000000000001,2.000000000000003,2.4,6.499999999999994,7.5,4.599999999999995,3.600000000000001,491.0,1.5475624799728394,0.0,1.686398983001709,0.0,1.504077434539795,0.0,1.7404661178588867,0.0,1.686398983001709,0.01869213581085205,1.0986123085021973,0.0,1.2237753868103027,0.0,2.0149030685424805,0.0,2.140066146850586,0.0,1.722766637802124,0.05505979061126709,1.5260562896728516,0.0,0.0,4.484156608581543,4.256126880645752,4.480524063110352,4.248214244842529,-0.10000000149011612,0.0,0.007912635803222656,0.0062713623046875,0.39003531977072237,0.29567304756342977
2001-01-01,4.474189822434519,4.236964043618096,2.824059962069729,0.19869011034924872,0.20000000000000756,2.798291038,-0.611626685388679,3.599999999999998,4.300000000000003,3.5000000000000027,4.7,4.400000000000001,2.000000000000003,2.4,6.499999999999994,7.5,4.599999999999995,3.600000000000001,492.0,1.5260562896728516,-0.021506190299987793,1.667706847190857,-0.01869213581085205,1.504077434539795,0.0,1.7404661178588867,0.0,1.686398983001709,0.0,1.0986123085021973,0.0,1.2237753868103027,0.0,2.0149030685424805,0.0,2.140066146850586,0.0,1.722766637802124,0.0,1.5260562896728516,0.0,-0.19134521484375,4.487724781036377,4.2381591796875,4.484156608581543,4.256126880645752,-0.20000000298023224,-0.10000000149011612,-0.017967700958251953,0.007912635803222656,0.39003531977072237,0.39003531977072237
2001-02-01,4.482473372475064,4.23002169720708,2.8227983330634396,-0.19869011034923395,-0.19999999999999246,1.347525697,-0.226319412028765,3.599999999999998,4.200000000000004,3.5000000000000027,4.7,4.400000000000001,2.000000000000003,2.4,6.499999999999994,7.5,4.699999999999995,3.600000000000001,493.0,1.5260562896728516,0.0,1.6486586332321167,-0.019048213958740234,1.504077434539795,0.0,1.7404661178588867,0.0,1.686398983001709,0.0,1.0986123085021973,0.0,1.2237753868103027,0.0,2.0149030685424805,0.0,2.140066146850586,0.0,1.7404661178588867,0.017699480056762695,1.5260562896728516,0.0,-0.3973802328109741,4.474189758300781,4.236964225769043,4.487724781036377,4.2381591796875,-0.20000000298023224,0.10000000149011612,-0.0011949539184570312,-0.017967700958251953,0.19869011034924872,0.39003531977072237
2001-03-01,4.473131164937229,4.239610871659983,2.7388046517672424,-0.19869011034923395,-0.19999999999999246,-7.74549405,0.92101857485302,3.299999999999998,4.300000000000003,3.5000000000000027,4.7,4.400000000000001,2.000000000000003,2.4,6.499999999999994,7.5,4.699999999999995,3.600000000000001,494.0,1.4586150646209717,-0.06744122505187988,1.667706847190857,0.019048213958740234,1.504077434539795,0.0,1.7404661178588867,0.0,1.686398983001709,0.0,1.0986123085021973,0.0,1.2237753868103027,0.0,2.0149030685424805,0.0,2.140066146850586,0.0,1.7404661178588867,0.0,1.5260562896728516,0.0,0.0,4.482473373413086,4.2300214767456055,4.474189758300781,4.236964225769043,0.4000000059604645,-0.30000001192092896,-0.0069427490234375,-0.0011949539184570312,-0.19869011034923395,0.19869011034924872
2001-04-01,4.468716928871948,4.226121466865697,2.743323952730095,-0.7326682560454049,-0.7999999999999925,-0.724132734,-1.30532438802447,3.299999999999998,4.300000000000003,3.6000000000000028,4.7,4.400000000000001,2.000000000000003,2.4,6.499999999999994,7.5,4.699999999999995,3.600000000000001,495.0,1.4586150646209717,0.0,1.667706847190857,0.0,1.5260562896728516,0.02197885513305664,1.7404661178588867,0.0,1.686398983001709,0.0,1.0986123085021973,0.0,1.2237753868103027,0.0,2.0149030685424805,0.0,2.140066146850586,0.0,1.7404661178588867,0.0,1.5260562896728516,0.0,-0.5339781641960144,4.47313117980957,4.23961067199707,4.482473373413086,4.2300214767456055,-0.6000000238418579,0.30000001192092896,0.009589195251464844,-0.0069427490234375,-0.19869011034923395,-0.19869011034923395
2001-05-01,4.4685128842248965,4.215983203677955,2.782131315000374,-1.0159731341796872,-1.1999999999999926,3.779109827,-1.21832014171753,3.299999999999998,4.300000000000003,3.800000000000003,4.7,4.400000000000001,2.100000000000003,2.4,6.599999999999993,7.5,4.699999999999995,3.600000000000001,496.0,1.4586150646209717,0.0,1.667706847190857,0.0,1.5686159133911133,0.04255962371826172,1.7404661178588867,0.0,1.686398983001709,0.0,1.1314021348953247,0.03278982639312744,1.2237753868103027,0.0,2.0281481742858887,0.013245105743408203,2.140066146850586,0.0,1.7404661178588867,0.0,1.5260562896728516,0.0,-0.2833048701286316,4.468717098236084,4.226121425628662,4.47313117980957,4.23961067199707,0.20000000298023224,0.0,-0.013489246368408203,0.009589195251464844,-0.7326682560454049,-0.19869011034923395
2001-06-01,4.466076840052512,4.192785958326619,2.74288922355059,-1.0159731341796872,-1.1999999999999926,0.256647725,-1.42193952613598,3.299999999999998,4.300000000000003,3.800000000000003,4.7,4.400000000000001,2.100000000000003,2.4,6.599999999999993,7.5,4.699999999999995,3.600000000000001,497.0,1.4586150646209717,0.0,1.667706847190857,0.0,1.5686159133911133,0.0,1.7404661178588867,0.0,1.686398983001709,0.0,1.1314021348953247,0.0,1.2237753868103027,0.0,2.0281481742858887,0.0,2.140066146850586,0.0,1.7404661178588867,0.0,1.5260562896728516,0.0,0.0,4.468513011932373,4.2159833908081055,4.468717098236084,4.226121425628662,0.4000000059604645,0.0,-0.01013803482055664,-0.013489246368408203,-1.0159731341796872,-0.7326682560454049
2001-07-01,4.459096697644691,4.2216544246420895,2.7020192744169207,-0.7326682560454051,-0.7999999999999926,-1.455994956,2.27049488496623,2.9999999999999982,4.300000000000003,3.800000000000003,4.7,4.400000000000001,2.100000000000003,2.4,6.599999999999993,7.8,4.699999999999995,3.700000000000001,498.0,1.3862943649291992,-0.07232069969177246,1.667706847190857,0.0,1.5686159133911133,0.0,1.7404661178588867,0.0,1.686398983001709,0.0,1.1314021348953247,0.0,1.2237753868103027,0.0,2.0281481742858887,0.0,2.1747517585754395,0.034685611724853516,1.7404661178588867,0.0,1.5475624799728394,0.021506190299987793,0.2833048701286316,4.466076850891113,4.192785739898682,4.468513011932373,4.2159833908081055,0.4000000059604645,-0.30000001192092896,-0.023197650909423828,-0.01013803482055664,-1.0159731341796872,-1.0159731341796872
2001-08-01,4.464569406887761,4.224200057620184,2.739857616219795,-0.7326682560454051,-0.7999999999999926,1.362156072,-0.665344162434411,2.9999999999999982,4.300000000000003,3.800000000000003,4.7,4.400000000000001,2.100000000000003,2.4,6.599999999999993,7.8,4.699999999999995,3.700000000000001,499.0,1.3862943649291992,0.0,1.667706847190857,0.0,1.5686159133911133,0.0,1.7404661178588867,0.0,1.686398983001709,0.0,1.1314021348953247,0.0,1.2237753868103027,0.0,2.0281481742858887,0.0,2.1747517585754395,0.0,1.7404661178588867,0.0,1.5475624799728394,0.0,0.0,4.459096908569336,4.221654415130615,4.466076850891113,4.192785739898682,-0.4000000059604645,0.30000001192092896,0.028868675231933594,-0.023197650909423828,-0.7326682560454051,-1.0159731341796872
2001-09-01,4.457724030524275,4.217340412964666,2.6762954653251754,-0.48121182505959686,-0.4999999999999926,-2.579780007,-0.396840689604577,3.1999999999999984,4.300000000000003,3.800000000000003,4.7,4.400000000000001,2.100000000000003,2.4,6.599999999999993,7.8999999999999995,4.699999999999995,3.700000000000001,500.0,1.435084581375122,0.04879021644592285,1.667706847190857,0.0,1.5686159133911133,0.0,1.7404661178588867,0.0,1.686398983001709,0.0,1.1314021348953247,0.0,1.2237753868103027,0.0,2.0281481742858887,0.0,2.186051368713379,0.011299610137939453,1.7404661178588867,0.0,1.5475624799728394,0.0,0.25145643949508667,4.464569568634033,4.224200248718262,4.459096908569336,4.221654415130615,0.30000001192092896,0.20000000298023224,0.0025458335876464844,0.028868675231933594,-0.7326682560454051,-0.7326682560454051
2001-10-01,4.454439385036461,4.215825032423676,2.526178993336358,-0.3900353197707083,-0.3999999999999926,-6.443552254,1.438029968382,3.1999999999999984,4.400000000000003,3.900000000000003,4.7,4.500000000000001,2.100000000000003,2.4,6.599999999999993,7.8999999999999995,4.699999999999995,3.800000000000001,501.0,1.435084581375122,0.0,1.686398983001709,0.01869213581085205,1.5892351865768433,0.02061927318572998,1.7404661178588867,0.0,1.7047480344772339,0.018349051475524902,1.1314021348953247,0.0,1.2237753868103027,0.0,2.0281481742858887,0.0,2.186051368713379,0.0,1.7404661178588867,0.0,1.5686159133911133,0.021053433418273926,0.09117650240659714,4.457724094390869,4.217340469360352,4.464569568634033,4.224200248718262,-0.20000000298023224,-0.20000000298023224,-0.006859779357910156,0.0025458335876464844,-0.48121182505959686,-0.7326682560454051
2001-11-01,4.451744260129882,4.22098328028179,2.4052942094735887,-0.2956730475634154,-0.2999999999999926,-0.620674069,1.17864616445022,3.1999999999999984,4.400000000000003,3.900000000000003,4.7,4.500000000000001,2.100000000000003,2.6,6.599999999999993,7.8999999999999995,4.999999999999995,3.800000000000001,502.0,1.435084581375122,0.0,1.686398983001709,0.0,1.5892351865768433,0.0,1.7404661178588867,0.0,1.7047480344772339,0.0,1.1314021348953247,0.0,1.2809338569641113,0.057158470153808594,2.0281481742858887,0.0,2.186051368713379,0.0,1.7917594909667969,0.051293373107910156,1.5686159133911133,0.0,0.094362273812294,4.454439163208008,4.215825080871582,4.457724094390869,4.217340469360352,-5.551115123125783e-17,0.0,-0.0015153884887695312,-0.006859779357910156,-0.3900353197707083,-0.48121182505959686
2001-12-01,4.452517367140103,4.214978604842977,2.3884214093328517,7.327471962526006e-15,7.382983113757291e-15,1.246604448,-0.874600486074567,3.1999999999999984,4.400000000000003,4.000000000000003,4.7,4.500000000000001,2.2000000000000033,2.6,6.599999999999993,7.8999999999999995,4.999999999999995,3.800000000000001,503.0,1.435084581375122,0.0,1.686398983001709,0.0,1.6094379425048828,0.02020275592803955,1.7404661178588867,0.0,1.7047480344772339,0.0,1.1631507873535156,0.03174865245819092,1.2809338569641113,0.0,2.0281481742858887,0.0,2.186051368713379,0.0,1.7917594909667969,0.0,1.5686159133911133,0.0,0.29567304253578186,4.451744079589844,4.220983505249023,4.454439163208008,4.215825080871582,0.20000000298023224,0.0,0.005158424377441406,-0.0015153884887695312,-0.2956730475634154,-0.3900353197707083
2002-01-01,4.4630636171231615,4.2040530189902015,2.4041680832284538,7.327471962526006e-15,7.382983113757291e-15,-3.297421517,-0.955389650153611,3.1999999999999984,4.400000000000003,4.000000000000003,4.7,4.500000000000001,2.500000000000003,2.6,6.599999999999993,7.8999999999999995,4.999999999999995,3.800000000000001,504.0,1.435084581375122,0.0,1.686398983001709,0.0,1.6094379425048828,0.0,1.7404661178588867,0.0,1.7047480344772339,0.0,1.2527629137039185,0.08961212635040283,1.2809338569641113,0.0,2.0281481742858887,0.0,2.186051368713379,0.0,1.7917594909667969,0.0,1.5686159133911133,0.0,0.0,4.452517509460449,4.2149786949157715,4.451744079589844,4.220983505249023,-0.30000001192092896,0.0,-0.006004810333251953,0.005158424377441406,7.327471962526006e-15,-0.2956730475634154
2002-02-01,4.460356530167919,4.2051178024434215,2.4554508384973874,0.19869011034924872,0.2000000000000074,-0.231587662,-0.80216038755993,3.2999999999999985,4.400000000000003,4.000000000000003,4.7,4.500000000000001,2.500000000000003,2.6,6.599999999999993,7.8999999999999995,5.199999999999995,3.800000000000001,505.0,1.4586150646209717,0.02353048324584961,1.686398983001709,0.0,1.6094379425048828,0.0,1.7404661178588867,0.0,1.7047480344772339,0.0,1.2527629137039185,0.0,1.2809338569641113,0.0,2.0281481742858887,0.0,2.186051368713379,0.0,1.8245493173599243,0.03278982639312744,1.5686159133911133,0.0,0.19869011640548706,4.463063716888428,4.204052925109863,4.452517509460449,4.2149786949157715,0.20000000298023224,0.10000000149011612,-0.010925769805908203,-0.006004810333251953,7.327471962526006e-15,7.327471962526006e-15
2002-03-01,4.470050904764054,4.202074943428834,2.615984053450956,-0.2956730475634154,-0.2999999999999926,6.446885282,-0.784197805927985,2.8999999999999986,4.400000000000003,4.000000000000003,4.7,4.500000000000001,2.500000000000003,2.8000000000000003,6.599999999999993,7.8999999999999995,5.199999999999995,3.800000000000001,506.0,1.3609765768051147,-0.09763848781585693,1.686398983001709,0.0,1.6094379425048828,0.0,1.7404661178588867,0.0,1.7047480344772339,0.0,1.2527629137039185,0.0,1.3350011110305786,0.054067254066467285,2.0281481742858887,0.0,2.186051368713379,0.0,1.8245493173599243,0.0,1.5686159133911133,0.0,-0.4943631589412689,4.460356712341309,4.205117702484131,4.463063716888428,4.204052925109863,-0.699999988079071,-0.5,0.0010647773742675781,-0.010925769805908203,0.19869011034924872,7.327471962526006e-15
2002-04-01,4.477047681774283,4.1940156135250595,2.6845374090744527,-0.19869011034923423,-0.1999999999999926,0.252225128,-0.391585526043185,2.8999999999999986,4.400000000000003,4.000000000000003,4.7,4.6000000000000005,2.500000000000003,2.8000000000000003,6.599999999999993,7.8999999999999995,5.199999999999995,3.800000000000001,507.0,1.3609765768051147,0.0,1.686398983001709,0.0,1.6094379425048828,0.0,1.7404661178588867,0.0,1.722766637802124,0.018018603324890137,1.2527629137039185,0.0,1.3350011110305786,0.0,2.0281481742858887,0.0,2.186051368713379,0.0,1.8245493173599243,0.0,1.5686159133911133,0.0,0.0969829335808754,4.470050811767578,4.202075004577637,4.460356712341309,4.205117702484131,0.6000000238418579,0.4000000059604645,-0.0030426979064941406,0.0010647773742675781,-0.2956730475634154,0.19869011034924872
2002-05-01,4.480834100927399,4.202593147364277,2.711572310591811,-0.2956730475634154,-0.2999999999999926,-1.102122516,0.176751380533255,2.8999999999999986,4.500000000000003,4.100000000000002,4.7,4.6000000000000005,2.500000000000003,2.8000000000000003,6.599999999999993,7.8999999999999995,5.199999999999995,4.000000000000001,508.0,1.3609765768051147,0.0,1.7047480344772339,0.018349051475524902,1.6292405128479004,0.019802570343017578,1.7404661178588867,0.0,1.722766637802124,0.0,1.2527629137039185,0.0,1.3350011110305786,0.0,2.0281481742858887,0.0,2.186051368713379,0.0,1.8245493173599243,0.0,1.6094379425048828,0.04082202911376953,-0.0969829335808754,4.477047443389893,4.1940155029296875,4.470050811767578,4.202075004577637,-0.20000000298023224,0.0,-0.008059501647949219,-0.0030426979064941406,-0.19869011034923423,-0.2956730475634154
2002-06-01,4.482788404792219,4.200294482878045,2.653900488596581,-0.09983407889920014,-0.0999999999999926,-2.659949171,-0.326121806409589,2.8999999999999986,4.500000000000003,4.100000000000002,4.7,4.6000000000000005,2.600000000000003,2.8000000000000003,6.599999999999993,7.999999999999999,5.199999999999995,4.000000000000001,509.0,1.3609765768051147,0.0,1.7047480344772339,0.0,1.6292405128479004,0.0,1.7404661178588867,0.0,1.722766637802124,0.0,1.2809338569641113,0.02817094326019287,1.3350011110305786,0.0,2.0281481742858887,0.0,2.1972246170043945,0.011173248291015625,1.8245493173599243,0.0,1.6094379425048828,0.0,0.19583897292613983,4.480834007263184,4.2025933265686035,4.477047443389893,4.1940155029296875,0.30000001192092896,0.0,0.008577823638916016,-0.008059501647949219,-0.2956730475634154,-0.19869011034923423
2002-07-01,4.486823491505914,4.2074760505917235,2.705825506080099,-0.19869011034923423,-0.1999999999999926,5.919142536,-0.413091504197065,2.8999999999999986,4.500000000000003,4.100000000000002,4.7,4.6000000000000005,2.600000000000003,2.8000000000000003,6.599999999999993,7.999999999999999,5.199999999999995,4.000000000000001,510.0,1.3609765768051147,0.0,1.7047480344772339,0.0,1.6292405128479004,0.0,1.7404661178588867,0.0,1.722766637802124,0.0,1.2809338569641113,0.0,1.3350011110305786,0.0,2.0281481742858887,0.0,2.1972246170043945,0.0,1.8245493173599243,0.0,1.6094379425048828,0.0,-0.09885603189468384,4.482788562774658,4.200294494628906,4.480834007263184,4.2025933265686035,-0.30000001192092896,0.0,-0.0022988319396972656,0.008577823638916016,-0.09983407889920014,-0.2956730475634154
2002-08-01,4.490254498058326,4.203419144904131,2.7551240799470524,-0.19869011034923423,-0.1999999999999926,-1.491713248,-0.369797403154649,3.0999999999999988,4.500000000000003,4.100000000000002,4.8,4.6000000000000005,2.600000000000003,2.7,6.599999999999993,7.999999999999999,5.199999999999995,4.000000000000001,511.0,1.4109870195388794,0.05001044273376465,1.7047480344772339,0.0,1.6292405128479004,0.0,1.7578579187393188,0.01739180088043213,1.722766637802124,0.0,1.2809338569641113,0.0,1.3083328008651733,-0.026668310165405273,2.0281481742858887,0.0,2.1972246170043945,0.0,1.8245493173599243,0.0,1.6094379425048828,0.0,0.0,4.486823558807373,4.2074761390686035,4.482788562774658,4.200294494628906,0.10000000149011612,0.20000000298023224,0.007181644439697266,-0.0022988319396972656,-0.19869011034923423,-0.09983407889920014
2002-09-01,4.4932192231854415,4.211612670636531,2.7979151723327456,-0.09983407889920014,-0.0999999999999926,7.853402714,-0.233880290909434,3.0999999999999988,4.500000000000003,4.100000000000002,4.8,4.6000000000000005,2.600000000000003,2.8000000000000003,6.599999999999993,7.999999999999999,5.199999999999995,4.000000000000001,512.0,1.4109870195388794,0.0,1.7047480344772339,0.0,1.6292405128479004,0.0,1.7578579187393188,0.0,1.722766637802124,0.0,1.2809338569641113,0.0,1.3350011110305786,0.026668310165405273,2.0281481742858887,0.0,2.1972246170043945,0.0,1.8245493173599243,0.0,1.6094379425048828,0.0,0.09885603189468384,4.4902544021606445,4.203419208526611,4.486823558807373,4.2074761390686035,0.10000000149011612,-0.20000000298023224,-0.0040569305419921875,0.007181644439697266,-0.19869011034923423,-0.19869011034923423
2002-10-01,4.4943106897232115,4.232310838625929,2.767678785333321,-0.09983407889920014,-0.0999999999999926,-7.573307598,2.17885675385414,3.0999999999999988,4.500000000000003,4.100000000000002,4.8,4.6000000000000005,2.600000000000003,2.8000000000000003,6.599999999999993,7.999999999999999,5.199999999999995,4.000000000000001,513.0,1.4109870195388794,0.0,1.7047480344772339,0.0,1.6292405128479004,0.0,1.7578579187393188,0.0,1.722766637802124,0.0,1.2809338569641113,0.0,1.3350011110305786,0.0,2.0281481742858887,0.0,2.1972246170043945,0.0,1.8245493173599243,0.0,1.6094379425048828,0.0,0.0,4.493219375610352,4.211612701416016,4.4902544021606445,4.203419208526611,-0.10000000149011612,0.0,0.008193492889404297,-0.0040569305419921875,-0.09983407889920014,-0.19869011034923423
2002-11-01,4.497813456999324,4.234199402063446,2.6723421359806343,-0.09983407889920014,-0.0999999999999926,0.711094654,0.14355458999971,2.9999999999999987,4.500000000000003,4.100000000000002,4.8,4.6000000000000005,2.600000000000003,2.8000000000000003,6.599999999999993,7.999999999999999,5.199999999999995,4.000000000000001,514.0,1.3862943649291992,-0.024692654609680176,1.7047480344772339,0.0,1.6292405128479004,0.0,1.7578579187393188,0.0,1.722766637802124,0.0,1.2809338569641113,0.0,1.3350011110305786,0.0,2.0281481742858887,0.0,2.1972246170043945,0.0,1.8245493173599243,0.0,1.6094379425048828,0.0,0.0,4.4943108558654785,4.232310771942139,4.493219375610352,4.211612701416016,0.0,-0.10000000149011612,0.020698070526123047,0.008193492889404297,-0.09983407889920014,-0.09983407889920014
2002-12-01,4.494404533305022,4.209945243083695,2.783937719418004,7.327471962526006e-15,7.41073868937292e-15,6.285716066,-3.44026425692754,2.5999999999999988,4.500000000000003,4.100000000000002,4.8999999999999995,4.6000000000000005,2.600000000000003,2.8000000000000003,6.599999999999993,7.999999999999999,5.199999999999995,4.000000000000001,515.0,1.2809338569641113,-0.10536050796508789,1.7047480344772339,0.0,1.6292405128479004,0.0,1.7749522924423218,0.01709437370300293,1.722766637802124,0.0,1.2809338569641113,0.0,1.3350011110305786,0.0,2.0281481742858887,0.0,2.1972246170043945,0.0,1.8245493173599243,0.0,1.6094379425048828,0.0,0.09983407706022263,4.4978132247924805,4.234199523925781,4.4943108558654785,4.232310771942139,0.10000000149011612,-0.30000001192092896,0.0018887519836425781,0.020698070526123047,-0.09983407889920014,-0.09983407889920014
2003-01-01,4.505528508778726,4.215826960450159,2.8925599425767174,0.19869011034924872,0.20000000000000742,0.251624512,0.412605597000306,2.5999999999999988,4.500000000000003,4.100000000000002,4.999999999999999,4.6000000000000005,2.600000000000003,2.8000000000000003,6.599999999999993,7.999999999999999,5.199999999999995,4.000000000000001,516.0,1.2809338569641113,0.0,1.7047480344772339,0.0,1.6292405128479004,0.0,1.7917594909667969,0.016807198524475098,1.722766637802124,0.0,1.2809338569641113,0.0,1.3350011110305786,0.0,2.0281481742858887,0.0,2.1972246170043945,0.0,1.8245493173599243,0.0,1.6094379425048828,0.0,0.19869011640548706,4.494404315948486,4.209945201873779,4.4978132247924805,4.234199523925781,0.10000000149011612,0.4000000059604645,-0.024254322052001953,0.0018887519836425781,7.327471962526006e-15,-0.09983407889920014
2003-02-01,4.505278908963055,4.2394275634206835,2.972311999345892,0.4812118250596101,0.5000000000000074,1.777587806,1.60970391200198,2.5999999999999988,4.500000000000003,4.200000000000002,5.099999999999999,4.6000000000000005,2.600000000000003,2.8000000000000003,6.599999999999993,7.999999999999999,5.199999999999995,4.000000000000001,517.0,1.2809338569641113,0.0,1.7047480344772339,0.0,1.6486586332321167,0.01941812038421631,1.808288812637329,0.016529321670532227,1.722766637802124,0.0,1.2809338569641113,0.0,1.3350011110305786,0.0,2.0281481742858887,0.0,2.1972246170043945,0.0,1.8245493173599243,0.0,1.6094379425048828,0.0,0.28252172470092773,4.505528450012207,4.215826988220215,4.494404315948486,4.209945201873779,0.10000000149011612,0.0,0.005881786346435547,-0.024254322052001953,0.19869011034924872,7.327471962526006e-15
2003-03-01,4.505803780813189,4.246831836592796,2.9038149177955064,0.4812118250596101,0.5000000000000074,-6.523815093,1.60453373272078,2.5999999999999988,4.500000000000003,4.200000000000002,5.199999999999998,4.6000000000000005,2.600000000000003,2.8000000000000003,6.599999999999993,7.999999999999999,5.199999999999995,4.1000000000000005,518.0,1.2809338569641113,0.0,1.7047480344772339,0.0,1.6486586332321167,0.0,1.8245493173599243,0.016260504722595215,1.722766637802124,0.0,1.2809338569641113,0.0,1.3350011110305786,0.0,2.0281481742858887,0.0,2.1972246170043945,0.0,1.8245493173599243,0.0,1.6292405128479004,0.019802570343017578,0.0,4.505279064178467,4.23942756652832,4.505528450012207,4.215826988220215,-0.30000001192092896,0.0,0.02360057830810547,0.005881786346435547,0.4812118250596101,0.19869011034924872
2003-04-01,4.502859680982016,4.23134888402428,2.7356851913405116,0.568824898732254,0.6000000000000074,-5.428395279,0.311796964555817,2.4999999999999987,4.500000000000003,4.200000000000002,5.199999999999998,4.6000000000000005,2.7000000000000033,2.8000000000000003,6.599999999999993,7.999999999999999,5.2999999999999945,4.1000000000000005,519.0,1.2527629137039185,-0.02817094326019287,1.7047480344772339,0.0,1.6486586332321167,0.0,1.8245493173599243,0.0,1.722766637802124,0.0,1.3083328008651733,0.02739894390106201,1.3350011110305786,0.0,2.0281481742858887,0.0,2.1972246170043945,0.0,1.8405495882034302,0.01600027084350586,1.6292405128479004,0.0,0.0876130759716034,4.50580358505249,4.246831893920898,4.505279064178467,4.23942756652832,0.10000000149011612,-0.10000000149011612,0.007404327392578125,0.02360057830810547,0.4812118250596101,0.4812118250596101
2003-05-01,4.501279922313264,4.230808000660868,2.733422682277514,0.39003531977072226,0.4000000000000074,7.337749094,-0.0942548358253674,2.4999999999999987,4.500000000000003,4.200000000000002,5.099999999999999,4.6000000000000005,2.8000000000000034,2.8000000000000003,6.599999999999993,7.999999999999999,5.2999999999999945,4.1000000000000005,520.0,1.2527629137039185,0.0,1.7047480344772339,0.0,1.6486586332321167,0.0,1.808288812637329,-0.016260504722595215,1.722766637802124,0.0,1.3350011110305786,0.026668310165405273,1.3350011110305786,0.0,2.0281481742858887,0.0,2.1972246170043945,0.0,1.8405495882034302,0.0,1.6292405128479004,0.0,-0.17878958582878113,4.502859592437744,4.231348991394043,4.50580358505249,4.246831893920898,-0.30000001192092896,0.10000000149011612,-0.015482902526855469,0.007404327392578125,0.568824898732254,0.4812118250596101
2003-06-01,4.505891582395806,4.219171982446081,2.820051642587098,0.2956730475634296,0.30000000000000737,0.076680354,-0.594405782285502,2.4999999999999987,4.500000000000003,4.200000000000002,5.099999999999999,4.6000000000000005,3.4000000000000035,2.8000000000000003,6.599999999999993,7.999999999999999,5.2999999999999945,4.1000000000000005,521.0,1.2527629137039185,0.0,1.7047480344772339,0.0,1.6486586332321167,0.0,1.808288812637329,0.0,1.722766637802124,0.0,1.4816045761108398,0.14660346508026123,1.3350011110305786,0.0,2.0281481742858887,0.0,2.1972246170043945,0.0,1.8405495882034302,0.0,1.6292405128479004,0.0,-0.094362273812294,4.501279830932617,4.230807781219482,4.502859592437744,4.231348991394043,0.10000000149011612,0.0,-0.0005412101745605469,-0.015482902526855469,0.39003531977072226,0.568824898732254
2003-07-01,4.513266826376072,4.228347888078503,2.818081338404455,0.4812118250596101,0.5000000000000073,-2.122795335,0.119527646403152,2.2999999999999985,4.500000000000003,4.400000000000002,4.999999999999999,4.6000000000000005,3.3000000000000034,2.8000000000000003,6.599999999999993,7.999999999999999,5.2999999999999945,4.2,522.0,1.193922519683838,-0.058840394020080566,1.7047480344772339,0.0,1.686398983001709,0.037740349769592285,1.7917594909667969,-0.016529321670532227,1.722766637802124,0.0,1.4586150646209717,-0.022989511489868164,1.3350011110305786,0.0,2.0281481742858887,0.0,2.1972246170043945,0.0,1.8405495882034302,0.0,1.6486586332321167,0.01941812038421631,0.18553878366947174,4.505891799926758,4.21917200088501,4.501279830932617,4.230807781219482,0.30000001192092896,-0.20000000298023224,-0.011635780334472656,-0.0005412101745605469,0.2956730475634296,0.39003531977072226
2003-08-01,4.511974818391205,4.234959814653193,2.8403613373215033,0.4812118250596101,0.5000000000000073,1.255203288,0.273422922406137,2.3999999999999986,4.600000000000002,4.400000000000002,4.999999999999999,4.6000000000000005,3.3000000000000034,2.8000000000000003,6.599999999999993,7.999999999999999,5.2999999999999945,4.2,523.0,1.2237753868103027,0.029852867126464844,1.722766637802124,0.018018603324890137,1.686398983001709,0.0,1.7917594909667969,0.0,1.722766637802124,0.0,1.4586150646209717,0.0,1.3350011110305786,0.0,2.0281481742858887,0.0,2.1972246170043945,0.0,1.8405495882034302,0.0,1.6486586332321167,0.0,0.0,4.5132670402526855,4.2283477783203125,4.505891799926758,4.21917200088501,-0.20000000298023224,0.30000001192092896,0.009175777435302734,-0.011635780334472656,0.4812118250596101,0.2956730475634296
2003-09-01,4.521417529958712,4.2436369887548455,2.7267823517221155,0.4812118250596101,0.5000000000000073,-4.536047737,1.8052306441845,2.1999999999999984,4.600000000000002,4.400000000000002,4.999999999999999,4.7,3.3000000000000034,2.8000000000000003,6.599999999999993,7.999999999999999,5.2999999999999945,4.2,524.0,1.1631507873535156,-0.06062459945678711,1.722766637802124,0.0,1.686398983001709,0.0,1.7917594909667969,0.0,1.7404661178588867,0.017699480056762695,1.4586150646209717,0.0,1.3350011110305786,0.0,2.0281481742858887,0.0,2.1972246170043945,0.0,1.8405495882034302,0.0,1.6486586332321167,0.0,0.0,4.511974811553955,4.234959602355957,4.5132670402526855,4.2283477783203125,0.0,-0.30000001192092896,0.006611824035644531,0.009175777435302734,0.4812118250596101,0.4812118250596101
2003-10-01,4.530474225618559,4.257363156417603,2.797492369295502,0.7326682560454165,0.8000000000000074,4.576575681,0.60416590413127,2.1999999999999984,4.700000000000002,4.500000000000002,4.999999999999999,4.7,3.4000000000000035,2.8000000000000003,6.599999999999993,7.999999999999999,5.399999999999994,4.2,525.0,1.1631507873535156,0.0,1.7404661178588867,0.017699480056762695,1.7047480344772339,0.018349051475524902,1.7917594909667969,0.0,1.7404661178588867,0.0,1.4816045761108398,0.022989511489868164,1.3350011110305786,0.0,2.0281481742858887,0.0,2.1972246170043945,0.0,1.8562979698181152,0.01574838161468506,1.6486586332321167,0.0,0.25145643949508667,4.521417617797852,4.2436370849609375,4.511974811553955,4.234959602355957,0.30000001192092896,0.20000000298023224,0.008677482604980469,0.006611824035644531,0.4812118250596101,0.4812118250596101
2003-11-01,4.533773642279983,4.2607154700345315,2.821700584980429,0.7326682560454165,0.8000000000000074,0.077469287,-0.182672879227831,2.1999999999999984,4.700000000000002,4.500000000000002,4.999999999999999,4.7,3.5000000000000036,2.8000000000000003,6.699999999999993,7.999999999999999,5.399999999999994,4.3,526.0,1.1631507873535156,0.0,1.7404661178588867,0.0,1.7047480344772339,0.0,1.7917594909667969,0.0,1.7404661178588867,0.0,1.504077434539795,0.022472858428955078,1.3350011110305786,0.0,2.0412204265594482,0.01307225227355957,2.1972246170043945,0.0,1.8562979698181152,0.0,1.667706847190857,0.019048213958740234,0.0,4.5304741859436035,4.257363319396973,4.521417617797852,4.2436370849609375,-0.30000001192092896,0.0,0.013726234436035156,0.008677482604980469,0.7326682560454165,0.4812118250596101
2003-12-01,4.541108884296538,4.278432892983084,2.85252775462423,1.0784510589549015,1.3000000000000074,3.560573999,1.75272618570204,1.9999999999999984,4.700000000000002,4.500000000000002,5.699999999999999,4.9,3.5000000000000036,2.8000000000000003,6.699999999999993,7.999999999999999,5.399999999999994,4.3,527.0,1.0986123085021973,-0.06453847885131836,1.7404661178588867,0.0,1.7047480344772339,0.0,1.9021074771881104,0.11034798622131348,1.7749522924423218,0.03448617458343506,1.504077434539795,0.0,1.3350011110305786,0.0,2.0412204265594482,0.0,2.1972246170043945,0.0,1.8562979698181152,0.0,1.667706847190857,0.0,0.3457828164100647,4.533773422241211,4.260715484619141,4.5304741859436035,4.257363319396973,0.5,-0.20000000298023224,0.0033521652221679688,0.013726234436035156,0.7326682560454165,0.7326682560454165
2004-01-01,4.5394921358338785,4.275390799507351,2.912082244267066,1.0784510589549015,1.3000000000000074,0.785198731,-0.343063247110879,1.7999999999999985,4.700000000000002,4.500000000000002,5.699999999999999,4.9,3.5000000000000036,2.8000000000000003,6.699999999999993,7.999999999999999,5.399999999999994,4.3,528.0,1.0296194553375244,-0.06899285316467285,1.7404661178588867,0.0,1.7047480344772339,0.0,1.9021074771881104,0.0,1.7749522924423218,0.0,1.504077434539795,0.0,1.3350011110305786,0.0,2.0412204265594482,0.0,2.1972246170043945,0.0,1.8562979698181152,0.0,1.667706847190857,0.0,0.0,4.541109085083008,4.278432846069336,4.533773422241211,4.260715484619141,-0.5,0.0,0.017717361450195312,0.0033521652221679688,1.0784510589549015,0.7326682560454165
2004-02-01,4.552454090425138,4.275049275052733,2.923558896253373,1.1379820462933719,1.4000000000000075,-1.845167408,-0.420237258847375,1.3999999999999986,4.700000000000002,4.500000000000002,5.799999999999999,4.9,3.5000000000000036,2.8000000000000003,6.699999999999993,7.799999999999999,5.399999999999994,4.1,529.0,0.8754687309265137,-0.15415072441101074,1.7404661178588867,0.0,1.7047480344772339,0.0,1.9169225692749023,0.014815092086791992,1.7749522924423218,0.0,1.504077434539795,0.0,1.3350011110305786,0.0,2.0412204265594482,0.0,2.1747517585754395,-0.022472858428955078,1.8562979698181152,0.0,1.6292405128479004,-0.03846633434295654,0.059530988335609436,4.539492130279541,4.275390625,4.541109085083008,4.278432846069336,0.10000000149011612,-0.20000000298023224,-0.0030422210693359375,0.017717361450195312,1.0784510589549015,1.0784510589549015
2004-03-01,4.552218464538704,4.274058913734028,2.977937250195534,1.015973134179697,1.2000000000000075,1.317874979,-0.0895160207343291,1.1999999999999986,4.700000000000002,4.600000000000001,5.799999999999999,5.0,3.5000000000000036,2.8000000000000003,6.699999999999993,7.799999999999999,5.2999999999999945,4.1,530.0,0.7884573340415955,-0.08701139688491821,1.7404661178588867,0.0,1.722766637802124,0.018018603324890137,1.9169225692749023,0.0,1.7917594909667969,0.016807198524475098,1.504077434539795,0.0,1.3350011110305786,0.0,2.0412204265594482,0.0,2.1747517585754395,0.0,1.8405495882034302,-0.01574838161468506,1.6292405128479004,0.0,-0.12200891226530075,4.552453994750977,4.275049209594727,4.539492130279541,4.275390625,-0.30000001192092896,0.20000000298023224,-0.0003414154052734375,-0.0030422210693359375,1.1379820462933719,1.0784510589549015
2004-04-01,4.558725957957436,4.273619693062451,2.9744290545509604,1.015973134179697,1.2000000000000075,-1.813086872,0.393481214442429,1.1999999999999986,4.700000000000002,4.600000000000001,5.799999999999999,5.0,3.5000000000000036,2.8000000000000003,6.699999999999993,7.799999999999999,5.099999999999994,3.8999999999999995,531.0,0.7884573340415955,0.0,1.7404661178588867,0.0,1.722766637802124,0.0,1.9169225692749023,0.0,1.7917594909667969,0.0,1.504077434539795,0.0,1.3350011110305786,0.0,2.0412204265594482,0.0,2.1747517585754395,0.0,1.808288812637329,-0.032260775566101074,1.5892351865768433,-0.04000532627105713,0.0,4.552218437194824,4.274058818817139,4.552453994750977,4.275049209594727,0.20000000298023224,0.20000000298023224,-0.0009903907775878906,-0.0003414154052734375,1.015973134179697,1.1379820462933719
2004-05-01,4.56205723589865,4.268521444846332,3.063520026687174,0.7326682560454167,0.8000000000000075,3.962175072,-1.01915705992761,1.0999999999999985,4.700000000000002,4.600000000000001,5.899999999999999,5.3,3.5000000000000036,2.8000000000000003,6.699999999999993,7.799999999999999,5.099999999999994,4.6,532.0,0.7419373393058777,-0.04651999473571777,1.7404661178588867,0.0,1.722766637802124,0.0,1.9315214157104492,0.014598846435546875,1.8405495882034302,0.0487900972366333,1.504077434539795,0.0,1.3350011110305786,0.0,2.0412204265594482,0.0,2.1747517585754395,0.0,1.808288812637329,0.0,1.722766637802124,0.13353145122528076,-0.2833048701286316,4.558725833892822,4.273619651794434,4.552218437194824,4.274058818817139,-0.4000000059604645,-0.10000000149011612,-0.0004391670227050781,-0.0009903907775878906,1.015973134179697,1.015973134179697
2004-06-01,4.561293008311736,4.290095296757226,3.002064748540911,0.6526665660823618,0.7000000000000075,-1.717692059,2.89638452039464,0.9999999999999986,4.700000000000002,4.600000000000001,5.899999999999999,5.3,3.5000000000000036,2.8000000000000003,6.699999999999993,7.799999999999999,5.099999999999994,4.699999999999999,533.0,0.6931471824645996,-0.048790156841278076,1.7404661178588867,0.0,1.722766637802124,0.0,1.9315214157104492,0.0,1.8405495882034302,0.0,1.504077434539795,0.0,1.3350011110305786,0.0,2.0412204265594482,0.0,2.1747517585754395,0.0,1.808288812637329,0.0,1.7404661178588867,0.017699480056762695,-0.08000168949365616,4.562057018280029,4.268521308898926,4.558725833892822,4.273619651794434,0.30000001192092896,1.1102230246251565e-16,-0.0050983428955078125,-0.0004391670227050781,0.7326682560454167,1.015973134179697
2004-07-01,4.5681471122553665,4.297487285881707,3.0688765723372784,0.5688248987322541,0.6000000000000075,7.305078212,-0.0442083727614412,0.6999999999999986,4.700000000000002,4.500000000000002,5.899999999999999,5.3,3.5000000000000036,2.8000000000000003,6.699999999999993,7.799999999999999,5.099999999999994,4.499999999999999,534.0,0.5306282639503479,-0.1625189185142517,1.7404661178588867,0.0,1.7047480344772339,-0.018018603324890137,1.9315214157104492,0.0,1.8405495882034302,0.0,1.504077434539795,0.0,1.3350011110305786,0.0,2.0412204265594482,0.0,2.1747517585754395,0.0,1.808288812637329,0.0,1.7047480344772339,-0.03571808338165283,-0.08384166657924652,4.561293125152588,4.290095329284668,4.562057018280029,4.268521308898926,0.0,-0.20000000298023224,0.021574020385742188,-0.0050983428955078125,0.6526665660823618,0.7326682560454167
2004-08-01,4.568674133573231,4.283371241765307,3.1676937961274967,0.5688248987322541,0.6000000000000075,4.030436475,-2.15590530332352,0.6999999999999986,4.700000000000002,4.500000000000002,5.899999999999999,5.3,3.5000000000000036,2.8000000000000003,6.699999999999993,7.799999999999999,5.099999999999994,4.499999999999999,535.0,0.5306282639503479,0.0,1.7404661178588867,0.0,1.7047480344772339,0.0,1.9315214157104492,0.0,1.8405495882034302,0.0,1.504077434539795,0.0,1.3350011110305786,0.0,2.0412204265594482,0.0,2.1747517585754395,0.0,1.808288812637329,0.0,1.7047480344772339,0.0,0.0,4.5681471824646,4.297487258911133,4.561293125152588,4.290095329284668,0.10000000149011612,0.30000001192092896,0.007391929626464844,0.021574020385742188,0.5688248987322541,0.6526665660823618
2004-09-01,4.572699988746068,4.291996096821159,3.1867531486139598,0.5688248987322541,0.6000000000000075,-0.736103377,0.365002485671221,0.6999999999999986,4.700000000000002,4.500000000000002,6.099999999999999,5.3,3.5000000000000036,2.8000000000000003,6.699999999999993,7.899999999999999,5.099999999999994,4.499999999999999,536.0,0.5306282639503479,0.0,1.7404661178588867,0.0,1.7047480344772339,0.0,1.9600948095321655,0.02857339382171631,1.8405495882034302,0.0,1.504077434539795,0.0,1.3350011110305786,0.0,2.0412204265594482,0.0,2.186051368713379,0.011299610137939453,1.808288812637329,0.0,1.7047480344772339,0.0,0.0,4.568674087524414,4.283371448516846,4.5681471824646,4.297487258911133,0.0,0.0,-0.01411581039428711,0.007391929626464844,0.5688248987322541,0.5688248987322541
2004-10-01,4.577191404855523,4.300359603111778,3.326686167436757,0.4812118250596102,0.5000000000000075,2.319436499,-0.462304926422974,0.7999999999999986,4.800000000000002,4.500000000000002,6.099999999999999,5.3,3.6000000000000036,2.8000000000000003,6.599999999999993,7.999999999999998,5.099999999999994,4.499999999999999,537.0,0.5877866744995117,0.05715841054916382,1.7578579187393188,0.01739180088043213,1.7047480344772339,0.0,1.9600948095321655,0.0,1.8405495882034302,0.0,1.5260562896728516,0.02197885513305664,1.3350011110305786,0.0,2.0281481742858887,-0.01307225227355957,2.1972246170043945,0.011173248291015625,1.808288812637329,0.0,1.7047480344772339,0.0,-0.0876130759716034,4.572700023651123,4.291996002197266,4.568674087524414,4.283371448516846,-0.10000000149011612,0.10000000149011612,0.008624553680419922,-0.01411581039428711,0.5688248987322541,0.5688248987322541
2004-11-01,4.5786631583418105,4.296193594047338,3.2299772513248723,0.7326682560454167,0.8000000000000076,-7.045278546,0.227610984051721,0.2999999999999986,4.900000000000001,4.600000000000001,6.099999999999999,5.3,3.7000000000000037,3.0000000000000004,6.599999999999993,7.999999999999998,5.099999999999994,4.599999999999999,538.0,0.2623642683029175,-0.32542240619659424,1.7749522924423218,0.01709437370300293,1.722766637802124,0.018018603324890137,1.9600948095321655,0.0,1.8405495882034302,0.0,1.5475624799728394,0.021506190299987793,1.3862943649291992,0.051293253898620605,2.0281481742858887,0.0,2.1972246170043945,0.0,1.808288812637329,0.0,1.722766637802124,0.018018603324890137,0.25145643949508667,4.577191352844238,4.300359725952148,4.572700023651123,4.291996002197266,0.4000000059604645,-0.6000000238418579,0.008363723754882812,0.008624553680419922,0.4812118250596102,0.5688248987322541
2004-12-01,4.58219813737824,4.291733672557358,3.1180837716883105,0.6526665660823622,0.7000000000000076,-2.837742892,-0.0211547235775627,0.09999999999999859,4.900000000000001,4.600000000000001,6.099999999999999,5.3999999999999995,3.7000000000000037,3.0000000000000004,6.599999999999993,7.999999999999998,5.099999999999994,4.599999999999999,539.0,0.09531018137931824,-0.16705408692359924,1.7749522924423218,0.0,1.722766637802124,0.0,1.9600948095321655,0.0,1.8562979698181152,0.01574838161468506,1.5475624799728394,0.0,1.3862943649291992,0.0,2.0281481742858887,0.0,2.1972246170043945,0.0,1.808288812637329,0.0,1.722766637802124,0.0,-0.08000168949365616,4.578663349151611,4.296193599700928,4.577191352844238,4.300359725952148,-0.4000000059604645,0.30000001192092896,-0.004166126251220703,0.008363723754882812,0.7326682560454167,0.4812118250596102
2005-01-01,4.589936134837277,4.295293914310433,3.1964978591808477,0.6526665660823622,0.7000000000000076,6.898317652,-0.892901999527363,-0.4000000000000014,4.900000000000001,4.600000000000001,6.099999999999999,5.3999999999999995,3.800000000000004,3.0000000000000004,6.599999999999993,7.999999999999998,5.099999999999994,4.599999999999999,540.0,-0.3364722430706024,-0.43178242444992065,1.7749522924423218,0.0,1.722766637802124,0.0,1.9600948095321655,0.0,1.8562979698181152,0.0,1.5686159133911133,0.021053433418273926,1.3862943649291992,0.0,2.0281481742858887,0.0,2.1972246170043945,0.0,1.808288812637329,0.0,1.722766637802124,0.0,0.0,4.582198143005371,4.291733741760254,4.578663349151611,4.296193599700928,0.10000000149011612,-0.30000001192092896,-0.004459857940673828,-0.004166126251220703,0.6526665660823622,0.7326682560454167
2005-02-01,4.5905349109017095,4.299493184967815,3.216169463270458,0.19869011034924908,0.20000000000000762,-1.06750771,-0.100673060288525,-0.8000000000000014,4.900000000000001,4.600000000000001,6.099999999999999,5.3999999999999995,3.800000000000004,3.0000000000000004,6.599999999999993,7.999999999999998,5.099999999999994,4.599999999999999,541.0,-0.5877866744995117,-0.2513144314289093,1.7749522924423218,0.0,1.722766637802124,0.0,1.9600948095321655,0.0,1.8562979698181152,0.0,1.5686159133911133,0.0,1.3862943649291992,0.0,2.0281481742858887,0.0,2.1972246170043945,0.0,1.808288812637329,0.0,1.722766637802124,0.0,-0.45397645235061646,4.589936256408691,4.295293807983398,4.582198143005371,4.291733741760254,-0.5,0.10000000149011612,0.0035600662231445312,-0.004459857940673828,0.6526665660823622,0.6526665660823622
2005-03-01,4.592892421761912,4.303540374482296,3.3366703686003767,0.19869011034924908,0.20000000000000762,0.798230281,-0.478451065220724,-1.1000000000000014,4.900000000000001,4.600000000000001,6.299999999999999,5.3999999999999995,3.800000000000004,3.0000000000000004,6.599999999999993,7.899999999999999,5.099999999999994,4.599999999999999,542.0,-0.7419373393058777,-0.15415066480636597,1.7749522924423218,0.0,1.722766637802124,0.0,1.9878743886947632,0.027779579162597656,1.8562979698181152,0.0,1.5686159133911133,0.0,1.3862943649291992,0.0,2.0281481742858887,0.0,2.186051368713379,-0.011173248291015625,1.808288812637329,0.0,1.722766637802124,0.0,0.0,4.590534687042236,4.299493312835693,4.589936256408691,4.295293807983398,0.5,0.10000000149011612,0.004199504852294922,0.0035600662231445312,0.19869011034924908,0.6526665660823622
2005-04-01,4.6001655838315205,4.307770113025692,3.309905961452748,0.19869011034924908,0.20000000000000762,-2.271368864,1.01896380906664,-1.3000000000000014,5.000000000000001,4.600000000000001,6.299999999999999,5.3999999999999995,4.5000000000000036,3.8000000000000007,6.999999999999994,7.899999999999999,5.099999999999994,4.599999999999999,543.0,-0.832909107208252,-0.09097176790237427,1.7917594909667969,0.016807198524475098,1.722766637802124,0.0,1.9878743886947632,0.0,1.8562979698181152,0.0,1.7047480344772339,0.1361321210861206,1.5686159133911133,0.18232154846191406,2.079441547393799,0.051293373107910156,2.186051368713379,0.0,1.808288812637329,0.0,1.722766637802124,0.0,0.0,4.592892646789551,4.303540229797363,4.590534687042236,4.299493312835693,0.0,0.10000000149011612,0.004046916961669922,0.004199504852294922,0.19869011034924908,0.19869011034924908
2005-05-01,4.5964029659831915,4.308949603994253,3.247993223438928,0.19869011034924908,0.20000000000000762,-0.292733357,0.43427071857298,-1.6000000000000014,5.000000000000001,4.700000000000001,6.299999999999999,5.499999999999999,4.5000000000000036,3.8000000000000007,6.999999999999994,7.899999999999999,5.099999999999994,4.599999999999999,544.0,-0.9555114507675171,-0.12260234355926514,1.7917594909667969,0.0,1.7404661178588867,0.017699480056762695,1.9878743886947632,0.0,1.8718022108078003,0.015504240989685059,1.7047480344772339,0.0,1.5686159133911133,0.0,2.079441547393799,0.0,2.186051368713379,0.0,1.808288812637329,0.0,1.722766637802124,0.0,0.0,4.600165367126465,4.307770252227783,4.592892646789551,4.303540229797363,0.0,-0.10000000149011612,0.004230022430419922,0.004046916961669922,0.19869011034924908,0.19869011034924908
2005-06-01,4.603079401821348,4.3036408005020474,3.368843418636852,0.19869011034924908,0.20000000000000762,7.647634657,-0.734579496413802,-1.8000000000000014,5.000000000000001,4.900000000000001,6.299999999999999,5.499999999999999,4.5000000000000036,3.8000000000000007,6.999999999999994,7.899999999999999,5.099999999999994,4.599999999999999,545.0,-1.0296194553375244,-0.07410800457000732,1.7917594909667969,0.0,1.7749522924423218,0.03448617458343506,1.9878743886947632,0.0,1.8718022108078003,0.0,1.7047480344772339,0.0,1.5686159133911133,0.0,2.079441547393799,0.0,2.186051368713379,0.0,1.808288812637329,0.0,1.722766637802124,0.0,0.0,4.596403121948242,4.3089494705200195,4.600165367126465,4.307770252227783,0.0,0.10000000149011612,0.0011792182922363281,0.004230022430419922,0.19869011034924908,0.19869011034924908
2005-07-01,4.6039707669725995,4.301844683973152,3.405123306308627,0.29567304756342977,0.3000000000000076,-1.875070918,-0.678259713862118,-1.9000000000000015,5.000000000000001,4.900000000000001,6.299999999999999,5.499999999999999,4.5000000000000036,4.000000000000001,6.999999999999994,7.899999999999999,5.2999999999999945,4.599999999999999,546.0,-1.0647107362747192,-0.035091280937194824,1.7917594909667969,0.0,1.7749522924423218,0.0,1.9878743886947632,0.0,1.8718022108078003,0.0,1.7047480344772339,0.0,1.6094379425048828,0.04082202911376953,2.079441547393799,0.0,2.186051368713379,0.0,1.8405495882034302,0.032260775566101074,1.722766637802124,0.0,0.0969829335808754,4.603079319000244,4.303640842437744,4.596403121948242,4.3089494705200195,0.10000000149011612,0.10000000149011612,-0.005308628082275391,0.0011792182922363281,0.19869011034924908,0.19869011034924908
2005-08-01,4.607167190646274,4.301790765637557,3.5004710776782306,0.4812118250596102,0.5000000000000075,3.849311996,-0.978139844874115,-2.0000000000000013,5.000000000000001,5.000000000000001,6.299999999999999,5.499999999999999,4.5000000000000036,4.000000000000001,6.999999999999994,7.899999999999999,5.2999999999999945,4.599999999999999,547.0,-1.0986123085021973,-0.03390157222747803,1.7917594909667969,0.0,1.7917594909667969,0.016807198524475098,1.9878743886947632,0.0,1.8718022108078003,0.0,1.7047480344772339,0.0,1.6094379425048828,0.0,2.079441547393799,0.0,2.186051368713379,0.0,1.8405495882034302,0.0,1.722766637802124,0.0,0.18553878366947174,4.603971004486084,4.301844596862793,4.603079319000244,4.303640842437744,0.10000000149011612,2.220446049250313e-16,-0.0017962455749511719,-0.005308628082275391,0.29567304756342977,0.19869011034924908
2005-09-01,4.6080061608072995,4.296052551327317,3.4959891660411455,0.5688248987322541,0.6000000000000075,-1.702152151,-0.508931623196055,-2.2000000000000015,5.000000000000001,5.000000000000001,6.299999999999999,5.499999999999999,4.5000000000000036,3.700000000000001,6.999999999999994,7.899999999999999,5.2999999999999945,4.699999999999998,548.0,-1.1631507873535156,-0.06453847885131836,1.7917594909667969,0.0,1.7917594909667969,0.0,1.9878743886947632,0.0,1.8718022108078003,0.0,1.7047480344772339,0.0,1.5475624799728394,-0.06187546253204346,2.079441547393799,0.0,2.186051368713379,0.0,1.8405495882034302,0.0,1.7404661178588867,0.017699480056762695,0.0876130759716034,4.6071672439575195,4.301790714263916,4.603971004486084,4.301844596862793,-0.10000000149011612,-0.10000000149011612,-5.3882598876953125e-05,-0.0017962455749511719,0.4812118250596102,0.29567304756342977
2005-10-01,4.613771091925373,4.296871116330952,3.444447365455972,0.5688248987322541,0.6000000000000075,-3.237561162,-0.186805360765648,-2.3000000000000016,5.1000000000000005,5.000000000000001,6.299999999999999,5.499999999999999,4.5000000000000036,3.700000000000001,6.999999999999994,7.899999999999999,5.499999999999995,4.699999999999998,549.0,-1.193922519683838,-0.030771732330322266,1.808288812637329,0.016529321670532227,1.7917594909667969,0.0,1.9878743886947632,0.0,1.8718022108078003,0.0,1.7047480344772339,0.0,1.5475624799728394,0.0,2.079441547393799,0.0,2.186051368713379,0.0,1.8718022108078003,0.03125262260437012,1.7404661178588867,0.0,0.0,4.608006000518799,4.2960524559021,4.6071672439575195,4.301790714263916,-0.10000000149011612,0.10000000149011612,-0.005738258361816406,-5.3882598876953125e-05,0.5688248987322541,0.4812118250596102
2005-11-01,4.624366747310445,4.30467032893099,3.382000325640033,0.6526665660823618,0.7000000000000075,-1.580203217,1.05931337855326,-2.4000000000000017,5.1000000000000005,5.300000000000001,6.399999999999999,5.599999999999999,4.600000000000003,3.700000000000001,6.999999999999994,7.899999999999999,5.499999999999995,4.799999999999998,550.0,-1.2237753868103027,-0.029852867126464844,1.808288812637329,0.0,1.8405495882034302,0.0487900972366333,2.0014801025390625,0.013605713844299316,1.8870697021484375,0.015267491340637207,1.722766637802124,0.018018603324890137,1.5475624799728394,0.0,2.079441547393799,0.0,2.186051368713379,0.0,1.8718022108078003,0.0,1.7578579187393188,0.01739180088043213,0.08384166657924652,4.613770961761475,4.296871185302734,4.608006000518799,4.2960524559021,0.10000000149011612,0.0,0.0008187294006347656,-0.005738258361816406,0.5688248987322541,0.5688248987322541
2005-12-01,4.630967553965104,4.3073445881556145,3.4011973816621555,0.5688248987322541,0.6000000000000075,1.372451292,-1.0077922758933,-2.4000000000000017,5.1000000000000005,5.300000000000001,6.399999999999999,5.599999999999999,4.600000000000003,3.700000000000001,6.999999999999994,7.899999999999999,5.499999999999995,4.799999999999998,551.0,-1.2237753868103027,0.0,1.808288812637329,0.0,1.8405495882034302,0.0,2.0014801025390625,0.0,1.8870697021484375,0.0,1.722766637802124,0.0,1.5475624799728394,0.0,2.079441547393799,0.0,2.186051368713379,0.0,1.8718022108078003,0.0,1.7578579187393188,0.0,-0.08384166657924652,4.624366760253906,4.304670333862305,4.613770961761475,4.296871185302734,-0.20000000298023224,0.10000000149011612,0.0077991485595703125,0.0008187294006347656,0.6526665660823618,0.5688248987322541
2006-01-01,4.629712543388278,4.3001561388628575,3.4925617615131275,0.6526665660823618,0.7000000000000075,2.09378562,-1.54535292765745,-2.4000000000000017,5.1000000000000005,5.300000000000001,6.399999999999999,5.599999999999999,4.600000000000003,3.700000000000001,6.999999999999994,7.899999999999999,5.499999999999995,4.799999999999998,552.0,-1.2237753868103027,0.0,1.808288812637329,0.0,1.8405495882034302,0.0,2.0014801025390625,0.0,1.8870697021484375,0.0,1.722766637802124,0.0,1.5475624799728394,0.0,2.079441547393799,0.0,2.186051368713379,0.0,1.8718022108078003,0.0,1.7578579187393188,0.0,0.08384166657924652,4.630967617034912,4.307344436645508,4.624366760253906,4.304670333862305,0.20000000298023224,0.0,0.002674102783203125,0.0077991485595703125,0.5688248987322541,0.6526665660823618
2006-02-01,4.638375728839149,4.300107257782722,3.431006093434505,0.6526665660823618,0.7000000000000075,-8.562413666,0.307552697685206,-2.600000000000002,5.1000000000000005,5.300000000000001,6.399999999999999,5.599999999999999,4.600000000000003,3.700000000000001,7.099999999999993,7.899999999999999,5.499999999999995,4.799999999999998,553.0,-1.2809338569641113,-0.057158470153808594,1.808288812637329,0.0,1.8405495882034302,0.0,2.0014801025390625,0.0,1.8870697021484375,0.0,1.722766637802124,0.0,1.5475624799728394,0.0,2.0918641090393066,0.012422561645507812,2.186051368713379,0.0,1.8718022108078003,0.0,1.7578579187393188,0.0,0.0,4.6297125816345215,4.300156116485596,4.630967617034912,4.307344436645508,-0.10000000149011612,-0.20000000298023224,-0.007188320159912109,0.002674102783203125,0.6526665660823618,0.5688248987322541
2006-03-01,4.641516579933182,4.298291960697314,3.4499001092727166,0.6526665660823618,0.7000000000000075,3.148295732,-1.42676991533046,-2.700000000000002,5.1000000000000005,5.300000000000001,6.399999999999999,5.599999999999999,4.600000000000003,3.700000000000001,7.099999999999993,7.899999999999999,5.499999999999995,4.799999999999998,554.0,-1.3083328008651733,-0.02739894390106201,1.808288812637329,0.0,1.8405495882034302,0.0,2.0014801025390625,0.0,1.8870697021484375,0.0,1.722766637802124,0.0,1.5475624799728394,0.0,2.0918641090393066,0.0,2.186051368713379,0.0,1.8718022108078003,0.0,1.7578579187393188,0.0,0.0,4.638375759124756,4.300107479095459,4.6297125816345215,4.300156116485596,0.0,0.10000000149011612,-4.863739013671875e-05,-0.007188320159912109,0.6526665660823618,0.6526665660823618
2006-04-01,4.645604585403068,4.299123634009702,3.5474157656362264,0.9503469298211393,1.1000000000000076,2.134012803,-0.863845910904544,-2.5000000000000018,5.2,5.300000000000001,6.399999999999999,5.599999999999999,4.600000000000003,3.700000000000001,7.099999999999993,7.899999999999999,5.499999999999995,4.799999999999998,555.0,-1.2527629137039185,0.05556988716125488,1.8245493173599243,0.016260504722595215,1.8405495882034302,0.0,2.0014801025390625,0.0,1.8870697021484375,0.0,1.722766637802124,0.0,1.5475624799728394,0.0,2.0918641090393066,0.0,2.186051368713379,0.0,1.8718022108078003,0.0,1.7578579187393188,0.0,0.2976803779602051,4.64151668548584,4.29829216003418,4.638375759124756,4.300107479095459,0.4000000059604645,0.30000001192092896,-0.0018153190612792969,-4.863739013671875e-05,0.6526665660823618,0.6526665660823618
2006-05-01,4.652350483588862,4.292900582424687,3.5622083026878215,0.9503469298211393,1.1000000000000076,-1.303879321,0.0222681503282615,-2.5000000000000018,5.2,5.300000000000001,6.399999999999999,5.699999999999998,4.600000000000003,3.600000000000001,7.099999999999993,7.899999999999999,5.499999999999995,4.799999999999998,556.0,-1.2527629137039185,0.0,1.8245493173599243,0.0,1.8405495882034302,0.0,2.0014801025390625,0.0,1.9021074771881104,0.015037775039672852,1.722766637802124,0.0,1.5260562896728516,-0.021506190299987793,2.0918641090393066,0.0,2.186051368713379,0.0,1.8718022108078003,0.0,1.7578579187393188,0.0,0.0,4.645604610443115,4.299123764038086,4.64151668548584,4.29829216003418,-0.4000000059604645,-0.20000000298023224,0.00083160400390625,-0.0018153190612792969,0.9503469298211393,0.6526665660823618
2006-06-01,4.655618023077321,4.292858916268479,3.5600094160699065,0.8813735870195485,1.0000000000000075,-0.695696813,-0.470652618607337,-2.3000000000000016,5.2,5.4,6.499999999999998,5.699999999999998,4.600000000000003,3.600000000000001,7.099999999999993,7.899999999999999,5.499999999999995,4.799999999999998,557.0,-1.193922519683838,0.058840394020080566,1.8245493173599243,0.0,1.8562979698181152,0.01574838161468506,2.0149030685424805,0.013422966003417969,1.9021074771881104,0.0,1.722766637802124,0.0,1.5260562896728516,0.0,2.0918641090393066,0.0,2.186051368713379,0.0,1.8718022108078003,0.0,1.7578579187393188,0.0,-0.06897334009408951,4.652350425720215,4.292900562286377,4.645604610443115,4.299123764038086,-0.10000000149011612,0.20000000298023224,-0.006223201751708984,0.00083160400390625,0.9503469298211393,0.9503469298211393
2006-07-01,4.658864495630205,4.306936938479077,3.602047280565492,1.0784510589549017,1.3000000000000076,4.014589607,0.138494817470318,-2.5000000000000018,5.2,5.4,6.499999999999998,5.699999999999998,4.600000000000003,3.600000000000001,7.099999999999993,7.899999999999999,5.499999999999995,4.799999999999998,558.0,-1.2527629137039185,-0.058840394020080566,1.8245493173599243,0.0,1.8562979698181152,0.0,2.0149030685424805,0.0,1.9021074771881104,0.0,1.722766637802124,0.0,1.5260562896728516,0.0,2.0918641090393066,0.0,2.186051368713379,0.0,1.8718022108078003,0.0,1.7578579187393188,0.0,0.19707746803760529,4.655618190765381,4.292859077453613,4.652350425720215,4.292900562286377,0.4000000059604645,-0.4000000059604645,-4.1484832763671875e-05,-0.006223201751708984,0.8813735870195485,0.9503469298211393
2006-08-01,4.6627822746798175,4.303136432402448,3.5791752033961752,1.1947632172871134,1.5000000000000075,-3.443074386,-0.125528081269757,-2.5000000000000018,5.2,5.4,6.499999999999998,5.699999999999998,4.600000000000003,3.600000000000001,7.099999999999993,7.899999999999999,5.599999999999994,4.799999999999998,559.0,-1.2527629137039185,0.0,1.8245493173599243,0.0,1.8562979698181152,0.0,2.0149030685424805,0.0,1.9021074771881104,0.0,1.722766637802124,0.0,1.5260562896728516,0.0,2.0918641090393066,0.0,2.186051368713379,0.0,1.8870697021484375,0.015267491340637207,1.7578579187393188,0.0,0.11631216108798981,4.658864498138428,4.306936740875244,4.655618190765381,4.292859077453613,-0.10000000149011612,0.20000000298023224,0.01407766342163086,-4.1484832763671875e-05,1.0784510589549017,0.8813735870195485
2006-09-01,4.666593547550517,4.298170470216387,3.449799681844561,1.1947632172871134,1.5000000000000075,-4.929099141,-0.222091692828102,-2.0000000000000018,5.2,5.4,6.599999999999998,5.799999999999998,4.600000000000003,3.600000000000001,7.099999999999993,7.899999999999999,5.599999999999994,4.899999999999998,560.0,-1.0986123085021973,0.1541506052017212,1.8245493173599243,0.0,1.8562979698181152,0.0,2.0281481742858887,0.013245105743408203,1.9169225692749023,0.014815092086791992,1.722766637802124,0.0,1.5260562896728516,0.0,2.0918641090393066,0.0,2.186051368713379,0.0,1.8870697021484375,0.0,1.7749522924423218,0.01709437370300293,0.0,4.662782192230225,4.303136348724365,4.658864498138428,4.306936740875244,-0.20000000298023224,0.5,-0.0038003921508789062,0.01407766342163086,1.1947632172871134,1.0784510589549017
2006-10-01,4.669158555820181,4.302717036335017,3.3728991350899205,1.3008204268406507,1.7000000000000075,-2.638144887,0.00829741453472704,-1.8000000000000018,5.2,5.5,6.599999999999998,5.799999999999998,4.600000000000003,3.700000000000001,7.099999999999993,7.899999999999999,5.599999999999994,4.999999999999997,561.0,-1.0296194553375244,0.06899285316467285,1.8245493173599243,0.0,1.8718022108078003,0.015504240989685059,2.0281481742858887,0.0,1.9169225692749023,0.0,1.722766637802124,0.0,1.5475624799728394,0.021506190299987793,2.0918641090393066,0.0,2.186051368713379,0.0,1.8870697021484375,0.0,1.7917594909667969,0.016807198524475098,0.10605721175670624,4.666593551635742,4.298170566558838,4.662782192230225,4.303136348724365,0.20000000298023224,-0.30000001192092896,-0.004965782165527344,-0.0038003921508789062,1.1947632172871134,1.1947632172871134
2006-11-01,4.681006520805045,4.296817378343483,3.3806915368694708,1.3979983651114376,1.9000000000000075,-1.2968644,-1.10037176514651,-1.6000000000000019,5.2,5.5,6.599999999999998,5.799999999999998,4.900000000000003,3.700000000000001,7.199999999999993,7.899999999999999,5.7999999999999945,4.999999999999997,562.0,-0.9555114507675171,0.07410800457000732,1.8245493173599243,0.0,1.8718022108078003,0.0,2.0281481742858887,0.0,1.9169225692749023,0.0,1.7749522924423218,0.052185654640197754,1.5475624799728394,0.0,2.1041340827941895,0.012269973754882812,2.186051368713379,0.0,1.9169225692749023,0.029852867126464844,1.7917594909667969,0.0,0.09717793762683868,4.669158458709717,4.302717208862305,4.666593551635742,4.298170566558838,0.0,0.0,0.004546642303466797,-0.004965782165527344,1.3008204268406507,1.1947632172871134
2006-12-01,4.687407100013836,4.295747039866347,3.4190898563867784,1.4436354751788136,2.0000000000000075,2.342151781,-0.886927298349704,-1.5000000000000018,5.2,5.5,6.599999999999998,5.799999999999998,4.900000000000003,3.700000000000001,7.199999999999993,7.899999999999999,5.7999999999999945,4.999999999999997,563.0,-0.9162907600402832,0.03922069072723389,1.8245493173599243,0.0,1.8718022108078003,0.0,2.0281481742858887,0.0,1.9169225692749023,0.0,1.7749522924423218,0.0,1.5475624799728394,0.0,2.1041340827941895,0.0,2.186051368713379,0.0,1.9169225692749023,0.0,1.7917594909667969,0.0,0.0456371083855629,4.68100643157959,4.296817302703857,4.669158458709717,4.302717208862305,-0.10000000149011612,-0.10000000149011612,-0.005899906158447266,0.004546642303466797,1.3979983651114376,1.3008204268406507
2007-01-01,4.693220439824917,4.2909981453362995,3.2892980925436603,1.3979983651114376,1.9000000000000075,-9.026422199,-0.466174584547393,-1.4000000000000017,5.2,5.5,6.599999999999998,5.799999999999998,4.900000000000003,3.700000000000001,7.199999999999993,7.899999999999999,5.7999999999999945,4.999999999999997,564.0,-0.8754687309265137,0.04082202911376953,1.8245493173599243,0.0,1.8718022108078003,0.0,2.0281481742858887,0.0,1.9169225692749023,0.0,1.7749522924423218,0.0,1.5475624799728394,0.0,2.1041340827941895,0.0,2.186051368713379,0.0,1.9169225692749023,0.0,1.7917594909667969,0.0,-0.0456371083855629,4.68740701675415,4.295746803283691,4.68100643157959,4.296817302703857,-0.20000000298023224,0.0,-0.0010704994201660156,-0.005899906158447266,1.4436354751788136,1.3979983651114376
2007-02-01,4.695337162166659,4.295272292829707,3.3678775043573994,1.3979983651114376,1.9000000000000075,2.965875421,-1.33824322651076,-1.3000000000000016,5.2,5.5,6.599999999999998,5.799999999999998,4.900000000000003,3.700000000000001,7.199999999999993,7.899999999999999,5.7999999999999945,4.999999999999997,565.0,-0.832909107208252,0.04255962371826172,1.8245493173599243,0.0,1.8718022108078003,0.0,2.0281481742858887,0.0,1.9169225692749023,0.0,1.7749522924423218,0.0,1.5475624799728394,0.0,2.1041340827941895,0.0,2.186051368713379,0.0,1.9169225692749023,0.0,1.7917594909667969,0.0,0.0,4.693220615386963,4.2909979820251465,4.68740701675415,4.295746803283691,0.10000000149011612,0.0,-0.004748821258544922,-0.0010704994201660156,1.3979983651114376,1.4436354751788136
2007-03-01,4.701859414467535,4.295191310367887,3.384390923847974,1.350440740274976,1.8000000000000074,-1.687128179,-0.184582587520507,-0.7000000000000016,5.2,5.5,6.599999999999998,5.799999999999998,4.900000000000003,3.700000000000001,7.199999999999993,7.899999999999999,5.7999999999999945,4.999999999999997,566.0,-0.5306282639503479,0.30228084325790405,1.8245493173599243,0.0,1.8718022108078003,0.0,2.0281481742858887,0.0,1.9169225692749023,0.0,1.7749522924423218,0.0,1.5475624799728394,0.0,2.1041340827941895,0.0,2.186051368713379,0.0,1.9169225692749023,0.0,1.7917594909667969,0.0,-0.04755762591958046,4.695337295532227,4.295272350311279,4.693220615386963,4.2909979820251465,-0.10000000149011612,0.5,0.0042743682861328125,-0.004748821258544922,1.3979983651114376,1.3979983651114376
2007-04-01,4.703213899011179,4.298010109544284,3.4361743686988286,1.350440740274976,1.8000000000000074,0.692340285,-0.450025912980947,-0.7000000000000016,5.2,5.6,6.599999999999998,5.799999999999998,5.000000000000003,3.700000000000001,7.299999999999993,7.899999999999999,5.7999999999999945,4.999999999999997,567.0,-0.5306282639503479,0.0,1.8245493173599243,0.0,1.8870697021484375,0.015267491340637207,2.0281481742858887,0.0,1.9169225692749023,0.0,1.7917594909667969,0.016807198524475098,1.5475624799728394,0.0,2.116255521774292,0.012121438980102539,2.186051368713379,0.0,1.9169225692749023,0.0,1.7917594909667969,0.0,0.0,4.701859474182129,4.295191287994385,4.695337295532227,4.295272350311279,0.10000000149011612,-0.6000000238418579,-8.106231689453125e-05,0.0042743682861328125,1.350440740274976,1.3979983651114376
2007-05-01,4.712343357791669,4.290604512816769,3.4240454547349075,1.350440740274976,1.8000000000000074,-3.083981109,-0.66439182079171,-0.6000000000000016,5.2,5.6,6.599999999999998,5.799999999999998,5.000000000000003,3.700000000000001,7.299999999999993,7.899999999999999,5.899999999999994,4.999999999999997,568.0,-0.4700036346912384,0.0606246292591095,1.8245493173599243,0.0,1.8870697021484375,0.0,2.0281481742858887,0.0,1.9169225692749023,0.0,1.7917594909667969,0.0,1.5475624799728394,0.0,2.116255521774292,0.0,2.186051368713379,0.0,1.9315214157104492,0.014598846435546875,1.7917594909667969,0.0,0.0,4.703213691711426,4.298009872436523,4.701859474182129,4.295191287994385,0.0,0.10000000149011612,0.002818584442138672,-8.106231689453125e-05,1.350440740274976,1.350440740274976
2007-06-01,4.713833541261219,4.285234830305762,3.483152854078167,1.24898332790488,1.6000000000000074,1.583567319,-1.68272918182414,-0.5000000000000017,5.1000000000000005,5.6,6.599999999999998,5.799999999999998,5.000000000000003,3.700000000000001,7.299999999999993,7.899999999999999,5.899999999999994,4.999999999999997,569.0,-0.40546509623527527,0.06453853845596313,1.808288812637329,-0.016260504722595215,1.8870697021484375,0.0,2.0281481742858887,0.0,1.9169225692749023,0.0,1.7917594909667969,0.0,1.5475624799728394,0.0,2.116255521774292,0.0,2.186051368713379,0.0,1.9315214157104492,0.0,1.7917594909667969,0.0,-0.10145740956068039,4.712343215942383,4.290604591369629,4.703213691711426,4.298009872436523,-0.20000000298023224,0.0,-0.007405281066894531,0.002818584442138672,1.350440740274976,1.350440740274976
2007-07-01,4.718302423429047,4.293355394509614,3.5760371559951634,1.0784510589549015,1.3000000000000074,3.991034536,0.301517009286413,-0.20000000000000168,5.2,5.6,6.599999999999998,5.799999999999998,5.000000000000003,3.700000000000001,7.199999999999993,7.899999999999999,5.899999999999994,4.999999999999997,570.0,-0.18232156336307526,0.2231435328722,1.8245493173599243,0.016260504722595215,1.8870697021484375,0.0,2.0281481742858887,0.0,1.9169225692749023,0.0,1.7917594909667969,0.0,1.5475624799728394,0.0,2.1041340827941895,-0.012121438980102539,2.186051368713379,0.0,1.9315214157104492,0.0,1.7917594909667969,0.0,-0.17053227126598358,4.713833332061768,4.2852349281311035,4.712343215942383,4.290604591369629,-0.10000000149011612,0.20000000298023224,-0.005369663238525391,-0.007405281066894531,1.24898332790488,1.350440740274976
2007-08-01,4.722594935245345,4.284844597787695,3.5513025190386496,1.1379820462933719,1.4000000000000075,-2.222768623,-0.680942015144282,0.09999999999999831,5.2,5.6,6.599999999999998,5.899999999999998,5.000000000000003,3.700000000000001,7.199999999999993,8.099999999999998,5.899999999999994,4.999999999999997,571.0,0.09531018137931824,0.2776317596435547,1.8245493173599243,0.0,1.8870697021484375,0.0,2.0281481742858887,0.0,1.9315214157104492,0.014598846435546875,1.7917594909667969,0.0,1.5475624799728394,0.0,2.1041340827941895,0.0,2.2082743644714355,0.02222299575805664,1.9315214157104492,0.0,1.7917594909667969,0.0,0.059530988335609436,4.718302249908447,4.293355464935303,4.713833332061768,4.2852349281311035,0.4000000059604645,0.0,0.008120536804199219,-0.005369663238525391,1.0784510589549015,1.24898332790488
2007-09-01,4.723232293811326,4.293820498789456,3.6461570021260896,1.1379820462933719,1.4000000000000075,5.159369907,-0.843821738094633,0.09999999999999831,5.4,5.699999999999999,6.599999999999998,5.799999999999998,5.000000000000003,3.700000000000001,7.199999999999993,8.099999999999998,5.899999999999994,5.099999999999997,572.0,0.09531018137931824,0.0,1.8562979698181152,0.03174865245819092,1.9021074771881104,0.015037775039672852,2.0281481742858887,0.0,1.9169225692749023,-0.014598846435546875,1.7917594909667969,0.0,1.5475624799728394,0.0,2.1041340827941895,0.0,2.2082743644714355,0.0,1.9315214157104492,0.0,1.808288812637329,0.016529321670532227,0.0,4.722594738006592,4.284844398498535,4.718302249908447,4.293355464935303,-0.10000000149011612,-0.30000001192092896,-0.008511066436767578,0.008120536804199219,1.1379820462933719,1.0784510589549015
2007-10-01,4.729795537299268,4.303695484366697,3.7185974337567096,1.015973134179697,1.2000000000000075,2.899152438,0.0766965280869062,0.19999999999999832,5.4,5.799999999999999,6.6999999999999975,5.799999999999998,5.000000000000003,3.700000000000001,7.199999999999993,8.099999999999998,5.899999999999994,5.099999999999997,573.0,0.18232156336307526,0.08701138198375702,1.8562979698181152,0.0,1.9169225692749023,0.014815092086791992,2.0412204265594482,0.01307225227355957,1.9169225692749023,0.0,1.7917594909667969,0.0,1.5475624799728394,0.0,2.1041340827941895,0.0,2.2082743644714355,0.0,1.9315214157104492,0.0,1.808288812637329,0.0,-0.12200891226530075,4.723232269287109,4.293820381164551,4.722594738006592,4.284844398498535,-0.20000000298023224,0.10000000149011612,0.008975982666015625,-0.008511066436767578,1.1379820462933719,1.1379820462933719
2007-11-01,4.7339406383005835,4.300086866217869,3.803967962207191,1.015973134179697,1.2000000000000075,2.71496869,-1.53696427897416,0.6999999999999983,5.4,5.799999999999999,6.6999999999999975,5.599999999999998,5.000000000000003,3.800000000000001,7.199999999999993,8.099999999999998,5.899999999999994,5.099999999999997,574.0,0.5306282639503479,0.34830671548843384,1.8562979698181152,0.0,1.9169225692749023,0.0,2.0412204265594482,0.0,1.8870697021484375,-0.029852867126464844,1.7917594909667969,0.0,1.5686159133911133,0.021053433418273926,2.1041340827941895,0.0,2.2082743644714355,0.0,1.9315214157104492,0.0,1.808288812637329,0.0,0.0,4.729795455932617,4.3036956787109375,4.723232269287109,4.293820381164551,0.20000000298023224,0.4000000059604645,0.009875297546386719,0.008975982666015625,1.015973134179697,1.1379820462933719
2007-12-01,4.736067738097891,4.308336000422582,3.770054748122804,1.1379820462933719,1.4000000000000075,-2.399889519,0.249535556472737,0.6999999999999983,5.4,5.799999999999999,6.6999999999999975,5.599999999999998,5.000000000000003,3.800000000000001,7.199999999999993,8.099999999999998,5.899999999999994,5.099999999999997,575.0,0.5306282639503479,0.0,1.8562979698181152,0.0,1.9169225692749023,0.0,2.0412204265594482,0.0,1.8870697021484375,0.0,1.7917594909667969,0.0,1.5686159133911133,0.0,2.1041340827941895,0.0,2.2082743644714355,0.0,1.9315214157104492,0.0,1.808288812637329,0.0,0.12200891226530075,4.733940601348877,4.300086975097656,4.729795455932617,4.3036956787109375,0.20000000298023224,-0.5,-0.00360870361328125,0.009875297546386719,1.015973134179697,1.015973134179697
2008-01-01,4.750814791521406,4.310867069385993,3.7798252074015197,1.1379820462933719,1.4000000000000075,-1.321631118,-0.586212058133612,0.8999999999999984,5.4,5.899999999999999,6.6999999999999975,5.599999999999998,5.100000000000002,3.800000000000001,7.199999999999993,8.099999999999998,5.899999999999994,5.299999999999997,576.0,0.6418538689613342,0.11122560501098633,1.8562979698181152,0.0,1.9315214157104492,0.014598846435546875,2.0412204265594482,0.0,1.8870697021484375,0.0,1.808288812637329,0.016529321670532227,1.5686159133911133,0.0,2.1041340827941895,0.0,2.2082743644714355,0.0,1.9315214157104492,0.0,1.8405495882034302,0.032260775566101074,0.0,4.736067771911621,4.308335781097412,4.733940601348877,4.300086975097656,-0.20000000298023224,0.20000000298023224,0.00824880599975586,-0.00360870361328125,1.1379820462933719,1.015973134179697
2008-02-01,4.745369424039905,4.31206158988671,3.8029029166430406,1.0784510589549015,1.3000000000000074,2.408226221,-0.670951961781411,0.8999999999999984,5.4,5.899999999999999,6.599999999999998,5.599999999999998,5.100000000000002,3.800000000000001,7.199999999999993,8.099999999999998,5.899999999999994,5.399999999999997,577.0,0.6418538689613342,0.0,1.8562979698181152,0.0,1.9315214157104492,0.0,2.0281481742858887,-0.01307225227355957,1.8870697021484375,0.0,1.808288812637329,0.0,1.5686159133911133,0.0,2.1041340827941895,0.0,2.2082743644714355,0.0,1.9315214157104492,0.0,1.8562979698181152,0.01574838161468506,-0.059530988335609436,4.750814914703369,4.310866832733154,4.736067771911621,4.308335781097412,-0.10000000149011612,-0.20000000298023224,0.0025310516357421875,0.00824880599975586,1.1379820462933719,1.1379820462933719
2008-03-01,4.742229348707955,4.315087193633387,3.90105645433899,0.8813735870195482,1.0000000000000073,0.683744354,0.0494129970870353,1.0999999999999983,5.4,5.899999999999999,6.299999999999998,5.599999999999998,5.100000000000002,3.800000000000001,7.199999999999993,8.099999999999998,5.899999999999994,5.399999999999997,578.0,0.7419373393058777,0.10008347034454346,1.8562979698181152,0.0,1.9315214157104492,0.0,1.9878743886947632,-0.04027378559112549,1.8870697021484375,0.0,1.808288812637329,0.0,1.5686159133911133,0.0,2.1041340827941895,0.0,2.2082743644714355,0.0,1.9315214157104492,0.0,1.8562979698181152,0.0,-0.19707746803760529,4.7453694343566895,4.312061786651611,4.750814914703369,4.310866832733154,-0.20000000298023224,0.20000000298023224,0.0011949539184570312,0.0025310516357421875,1.0784510589549015,1.1379820462933719
2008-04-01,4.746517827000118,4.307425791078983,3.9630404861050716,0.6526665660823617,0.7000000000000073,2.579319967,-0.352398566417025,1.6999999999999984,5.6000000000000005,5.899999999999999,6.299999999999998,5.599999999999998,5.100000000000002,3.800000000000001,7.299999999999993,8.099999999999998,5.899999999999994,5.399999999999997,579.0,0.9932518005371094,0.2513144612312317,1.8870697021484375,0.030771732330322266,1.9315214157104492,0.0,1.9878743886947632,0.0,1.8870697021484375,0.0,1.808288812637329,0.0,1.5686159133911133,0.0,2.116255521774292,0.012121438980102539,2.2082743644714355,0.0,1.9315214157104492,0.0,1.8562979698181152,0.0,-0.22870701551437378,4.742229461669922,4.31508731842041,4.7453694343566895,4.312061786651611,0.0,0.4000000059604645,0.003025531768798828,0.0011949539184570312,0.8813735870195482,1.0784510589549015
2008-05-01,4.737676303197356,4.3117065792964535,4.064994063872682,0.8088669356527879,0.9000000000000072,7.599810113,-0.28831163558836,1.6999999999999984,5.6000000000000005,5.999999999999998,6.299999999999998,5.599999999999998,5.100000000000002,3.800000000000001,7.299999999999993,8.099999999999998,5.999999999999994,5.299999999999997,580.0,0.9932518005371094,0.0,1.8870697021484375,0.0,1.945910096168518,0.014388680458068848,1.9878743886947632,0.0,1.8870697021484375,0.0,1.808288812637329,0.0,1.5686159133911133,0.0,2.116255521774292,0.0,2.2082743644714355,0.0,1.945910096168518,0.014388680458068848,1.8405495882034302,-0.01574838161468506,0.1562003642320633,4.746517658233643,4.3074259757995605,4.742229461669922,4.31508731842041,0.5,-0.6000000238418579,-0.007661342620849609,0.003025531768798828,0.6526665660823617,0.8813735870195482
2008-06-01,4.740305791175292,4.311805893592072,4.1204587402721,0.8813735870195482,1.0000000000000073,2.642393464,0.531260144678354,1.7999999999999985,5.6000000000000005,5.999999999999998,6.299999999999998,5.599999999999998,5.100000000000002,3.800000000000001,7.299999999999993,8.099999999999998,5.999999999999994,5.299999999999997,581.0,1.0296194553375244,0.03636765480041504,1.8870697021484375,0.0,1.945910096168518,0.0,1.9878743886947632,0.0,1.8870697021484375,0.0,1.808288812637329,0.0,1.5686159133911133,0.0,2.116255521774292,0.0,2.2082743644714355,0.0,1.945910096168518,0.0,1.8405495882034302,0.0,0.07250665128231049,4.73767614364624,4.31170654296875,4.746517658233643,4.3074259757995605,-0.10000000149011612,0.10000000149011612,0.004280567169189453,-0.007661342620849609,0.8088669356527879,0.6526665660823617
2008-07-01,4.733621446565204,4.32159704696206,4.109677338090002,0.8813735870195482,1.0000000000000073,-0.622242702,0.759566198122337,1.8999999999999986,5.6000000000000005,5.999999999999998,6.299999999999998,5.599999999999998,5.100000000000002,3.800000000000001,7.299999999999993,8.099999999999998,5.999999999999994,5.299999999999997,582.0,1.0647107362747192,0.035091280937194824,1.8870697021484375,0.0,1.945910096168518,0.0,1.9878743886947632,0.0,1.8870697021484375,0.0,1.808288812637329,0.0,1.5686159133911133,0.0,2.116255521774292,0.0,2.2082743644714355,0.0,1.945910096168518,0.0,1.8405495882034302,0.0,0.0,4.7403059005737305,4.311805725097656,4.73767614364624,4.31170654296875,-0.10000000149011612,0.0,9.918212890625e-05,0.004280567169189453,0.8813735870195482,0.8088669356527879
2008-08-01,4.724581229054305,4.306968347652451,3.976350017620101,0.9503469298211393,1.1000000000000074,-5.564788772,-0.36634606470032,1.8999999999999986,5.7,6.099999999999998,6.299999999999998,5.599999999999998,5.100000000000002,3.800000000000001,7.299999999999993,8.099999999999998,5.999999999999994,5.299999999999997,583.0,1.0647107362747192,0.0,1.9021074771881104,0.015037775039672852,1.9600948095321655,0.014184713363647461,1.9878743886947632,0.0,1.8870697021484375,0.0,1.808288812637329,0.0,1.5686159133911133,0.0,2.116255521774292,0.0,2.2082743644714355,0.0,1.945910096168518,0.0,1.8405495882034302,0.0,0.06897334009408951,4.733621597290039,4.321597099304199,4.7403059005737305,4.311805725097656,0.10000000149011612,-0.10000000149011612,0.009791374206542969,9.918212890625e-05,0.8813735870195482,0.8813735870195482
2008-09-01,4.714394925905143,4.2934124056211145,3.8600891558933683,0.8813735870195482,1.0000000000000073,-2.727420923,-0.281734689968988,1.9999999999999987,5.7,6.099999999999998,6.299999999999998,5.799999999999998,5.100000000000002,3.800000000000001,7.299999999999993,8.099999999999998,5.999999999999994,5.299999999999997,584.0,1.0986123085021973,0.03390157222747803,1.9021074771881104,0.0,1.9600948095321655,0.0,1.9878743886947632,0.0,1.9169225692749023,0.029852867126464844,1.808288812637329,0.0,1.5686159133911133,0.0,2.116255521774292,0.0,2.2082743644714355,0.0,1.945910096168518,0.0,1.8405495882034302,0.0,-0.06897334009408951,4.724581241607666,4.3069682121276855,4.733621597290039,4.321597099304199,-0.20000000298023224,0.10000000149011612,-0.014628887176513672,0.009791374206542969,0.9503469298211393,0.8813735870195482
2008-10-01,4.698828092449383,4.306973750847088,3.5645454795055684,0.6526665660823617,0.7000000000000073,-8.580540309,3.47800517802722,1.9999999999999987,5.7,6.099999999999998,5.799999999999998,5.899999999999998,5.100000000000002,3.800000000000001,7.299999999999993,8.099999999999998,6.199999999999994,5.299999999999997,585.0,1.0986123085021973,0.0,1.9021074771881104,0.0,1.9600948095321655,0.0,1.9169225692749023,-0.07095181941986084,1.9315214157104492,0.014598846435546875,1.808288812637329,0.0,1.5686159133911133,0.0,2.116255521774292,0.0,2.2082743644714355,0.0,1.974081039428711,0.02817094326019287,1.8405495882034302,0.0,-0.22870701551437378,4.714395046234131,4.293412208557129,4.724581241607666,4.3069682121276855,-0.20000000298023224,-0.10000000149011612,-0.01355600357055664,-0.014628887176513672,0.8813735870195482,0.9503469298211393
2008-11-01,4.6714156869063626,4.30471858233633,3.2939008930205316,0.7326682560454165,0.8000000000000073,-6.992567587,2.0357382351886,2.0999999999999988,5.7,6.099999999999998,5.599999999999998,5.899999999999998,5.100000000000002,3.800000000000001,7.299999999999993,8.099999999999998,6.199999999999994,5.399999999999997,586.0,1.1314021348953247,0.03278982639312744,1.9021074771881104,0.0,1.9600948095321655,0.0,1.8870697021484375,-0.029852867126464844,1.9315214157104492,0.0,1.808288812637329,0.0,1.5686159133911133,0.0,2.116255521774292,0.0,2.2082743644714355,0.0,1.974081039428711,0.0,1.8562979698181152,0.01574838161468506,0.08000168949365616,4.698828220367432,4.306973934173584,4.714395046234131,4.293412208557129,0.4000000059604645,0.10000000149011612,0.013561725616455078,-0.01355600357055664,0.6526665660823617,0.8813735870195482
2008-12-01,4.63876355684761,4.294289385211651,2.9654873259788794,0.8813735870195482,1.0000000000000073,-5.267104223,1.95447948406363,2.0999999999999988,5.7,6.099999999999998,5.599999999999998,5.899999999999998,5.100000000000002,3.800000000000001,7.299999999999993,8.099999999999998,6.199999999999994,5.399999999999997,587.0,1.1314021348953247,0.0,1.9021074771881104,0.0,1.9600948095321655,0.0,1.8870697021484375,0.0,1.9315214157104492,0.0,1.808288812637329,0.0,1.5686159133911133,0.0,2.116255521774292,0.0,2.2082743644714355,0.0,1.974081039428711,0.0,1.8562979698181152,0.0,0.14870533347129822,4.67141580581665,4.304718494415283,4.698828220367432,4.306973934173584,0.10000000149011612,-0.10000000149011612,-0.0022554397583007812,0.013561725616455078,0.7326682560454165,0.6526665660823617
2009-01-01,4.610062200548517,4.2812135415772925,2.9803599006514325,0.9503469298211393,1.1000000000000074,5.7012512,-0.134176806847996,1.8999999999999988,5.7,6.099999999999998,5.599999999999998,5.999999999999997,5.100000000000002,3.800000000000001,7.299999999999993,8.099999999999998,6.199999999999994,5.599999999999997,588.0,1.0647107362747192,-0.06669139862060547,1.9021074771881104,0.0,1.9600948095321655,0.0,1.8870697021484375,0.0,1.945910096168518,0.014388680458068848,1.808288812637329,0.0,1.5686159133911133,0.0,2.116255521774292,0.0,2.2082743644714355,0.0,1.974081039428711,0.0,1.8870697021484375,0.030771732330322266,0.06897334009408951,4.638763427734375,4.294289588928223,4.67141580581665,4.304718494415283,-0.10000000149011612,-0.20000000298023224,-0.010428905487060547,-0.0022554397583007812,0.8813735870195482,0.7326682560454165
2009-02-01,4.618485147148717,4.287948194716473,2.912919774433242,0.8813735870195482,1.0000000000000073,1.588019125,2.61442912694899,1.8999999999999988,5.7,6.099999999999998,5.599999999999998,5.999999999999997,5.100000000000002,3.800000000000001,7.299999999999993,7.899999999999998,6.199999999999994,5.599999999999997,589.0,1.0647107362747192,0.0,1.9021074771881104,0.0,1.9600948095321655,0.0,1.8870697021484375,0.0,1.945910096168518,0.0,1.808288812637329,0.0,1.5686159133911133,0.0,2.116255521774292,0.0,2.186051368713379,-0.02222299575805664,1.974081039428711,0.0,1.8870697021484375,0.0,-0.06897334009408951,4.610062122344971,4.281213760375977,4.638763427734375,4.294289588928223,-0.20000000298023224,0.20000000298023224,-0.013075828552246094,-0.010428905487060547,0.9503469298211393,0.8813735870195482
2009-03-01,4.613539068991741,4.286103350709606,3.117035984723754,0.5688248987322538,0.6000000000000073,8.704392943,-0.617666928020838,2.0999999999999988,5.7,6.099999999999998,5.6999999999999975,5.999999999999997,5.100000000000002,3.800000000000001,7.299999999999993,7.899999999999998,6.199999999999994,5.599999999999997,590.0,1.1314021348953247,0.06669139862060547,1.9021074771881104,0.0,1.9600948095321655,0.0,1.9021074771881104,0.015037775039672852,1.945910096168518,0.0,1.808288812637329,0.0,1.5686159133911133,0.0,2.116255521774292,0.0,2.186051368713379,0.0,1.974081039428711,0.0,1.8870697021484375,0.0,-0.3125486969947815,4.618484973907471,4.287948131561279,4.610062122344971,4.281213760375977,-0.30000001192092896,0.20000000298023224,0.006734371185302734,-0.013075828552246094,0.8813735870195482,0.9503469298211393
2009-04-01,4.6154006756129276,4.289223060706635,3.1530593122140997,0.4812118250596101,0.5000000000000073,0.925994492,1.35714832796592,1.9999999999999987,5.7,6.099999999999998,5.6999999999999975,5.999999999999997,5.100000000000002,3.800000000000001,7.299999999999993,7.899999999999998,6.199999999999994,5.599999999999997,591.0,1.0986123085021973,-0.03278982639312744,1.9021074771881104,0.0,1.9600948095321655,0.0,1.9021074771881104,0.0,1.945910096168518,0.0,1.808288812637329,0.0,1.5686159133911133,0.0,2.116255521774292,0.0,2.186051368713379,0.0,1.974081039428711,0.0,1.8870697021484375,0.0,-0.0876130759716034,4.613539218902588,4.286103248596191,4.618484973907471,4.287948131561279,0.30000001192092896,-0.30000001192092896,-0.0018448829650878906,0.006734371185302734,0.5688248987322538,0.8813735870195482
2009-05-01,4.621071093819756,4.283464333701417,3.32402037706996,0.3900353197707221,0.40000000000000735,7.863937157,-0.0260919655722475,2.0999999999999988,5.7,6.099999999999998,5.6999999999999975,5.999999999999997,5.100000000000002,3.800000000000001,7.299999999999993,7.899999999999998,6.099999999999994,5.599999999999997,592.0,1.1314021348953247,0.03278982639312744,1.9021074771881104,0.0,1.9600948095321655,0.0,1.9021074771881104,0.0,1.945910096168518,0.0,1.808288812637329,0.0,1.5686159133911133,0.0,2.116255521774292,0.0,2.186051368713379,0.0,1.9600948095321655,-0.01398622989654541,1.8870697021484375,0.0,-0.09117650240659714,4.615400791168213,4.2892231941223145,4.613539218902588,4.286103248596191,0.0,0.20000000298023224,0.003119945526123047,-0.0018448829650878906,0.4812118250596101,0.5688248987322538
2009-06-01,4.630795046826829,4.285688874589735,3.479422711916167,0.7326682560454165,0.8000000000000074,7.442798615,-0.581655663190996,2.0999999999999988,5.7,6.099999999999998,5.6999999999999975,5.999999999999997,5.100000000000002,3.700000000000001,7.299999999999993,7.899999999999998,6.099999999999994,5.599999999999997,593.0,1.1314021348953247,0.0,1.9021074771881104,0.0,1.9600948095321655,0.0,1.9021074771881104,0.0,1.945910096168518,0.0,1.808288812637329,0.0,1.5475624799728394,-0.021053433418273926,2.116255521774292,0.0,2.186051368713379,0.0,1.9600948095321655,0.0,1.8870697021484375,0.0,0.3426329493522644,4.621070861816406,4.283464431762695,4.615400791168213,4.2892231941223145,0.5,-0.10000000149011612,-0.005758762359619141,0.003119945526123047,0.3900353197707221,0.4812118250596101
2009-07-01,4.639604462407412,4.297857745802601,3.396095734743211,1.0159731341796967,1.2000000000000073,-1.857186948,0.987642860099474,2.0999999999999988,5.6000000000000005,6.099999999999998,5.6999999999999975,5.899999999999998,5.100000000000002,3.700000000000001,7.299999999999993,7.899999999999998,6.099999999999994,5.599999999999997,594.0,1.1314021348953247,0.0,1.8870697021484375,-0.015037775039672852,1.9600948095321655,0.0,1.9021074771881104,0.0,1.9315214157104492,-0.014388680458068848,1.808288812637329,0.0,1.5475624799728394,0.0,2.116255521774292,0.0,2.186051368713379,0.0,1.9600948095321655,0.0,1.8870697021484375,0.0,0.2833048701286316,4.630795001983643,4.285688877105713,4.621070861816406,4.283464431762695,-1.1102230246251565e-16,0.0,0.002224445343017578,-0.005758762359619141,0.7326682560454165,0.3900353197707221
2009-08-01,4.647810047187028,4.290741812236827,3.4959891200290767,1.0159731341796967,1.2000000000000073,3.160496375,-2.15466804823628,2.0999999999999988,5.6000000000000005,6.099999999999998,5.6999999999999975,5.899999999999998,5.100000000000002,3.700000000000001,7.299999999999993,7.899999999999998,6.099999999999994,5.599999999999997,595.0,1.1314021348953247,0.0,1.8870697021484375,0.0,1.9600948095321655,0.0,1.9021074771881104,0.0,1.9315214157104492,0.0,1.808288812637329,0.0,1.5475624799728394,0.0,2.116255521774292,0.0,2.186051368713379,0.0,1.9600948095321655,0.0,1.8870697021484375,0.0,0.0,4.639604568481445,4.297857761383057,4.630795001983643,4.285688877105713,-0.4000000059604645,0.0,0.01216888427734375,0.002224445343017578,1.0159731341796967,0.7326682560454165
2009-09-01,4.659044546556674,4.296930799135444,3.4712865512852877,1.0159731341796967,1.2000000000000073,0.357764537,0.461682575838099,2.199999999999999,5.6000000000000005,6.099999999999998,5.6999999999999975,5.899999999999998,5.100000000000002,3.700000000000001,7.299999999999993,7.899999999999998,6.099999999999994,5.599999999999997,596.0,1.1631507873535156,0.03174865245819092,1.8870697021484375,0.0,1.9600948095321655,0.0,1.9021074771881104,0.0,1.9315214157104492,0.0,1.808288812637329,0.0,1.5475624799728394,0.0,2.116255521774292,0.0,2.186051368713379,0.0,1.9600948095321655,0.0,1.8870697021484375,0.0,0.0,4.647809982299805,4.290741920471191,4.639604568481445,4.297857761383057,0.0,0.10000000149011612,-0.007115840911865234,0.01216888427734375,1.0159731341796967,1.0159731341796967
2009-10-01,4.663888992892432,4.302761879525127,3.555900179058963,1.0159731341796967,1.2000000000000073,4.070005197,-0.294968711986876,2.299999999999999,5.7,6.099999999999998,5.6999999999999975,5.899999999999998,5.000000000000003,3.700000000000001,7.299999999999993,7.899999999999998,6.099999999999994,5.599999999999997,597.0,1.193922519683838,0.030771732330322266,1.9021074771881104,0.015037775039672852,1.9600948095321655,0.0,1.9021074771881104,0.0,1.9315214157104492,0.0,1.7917594909667969,-0.016529321670532227,1.5475624799728394,0.0,2.116255521774292,0.0,2.186051368713379,0.0,1.9600948095321655,0.0,1.8870697021484375,0.0,0.0,4.6590447425842285,4.29693078994751,4.647809982299805,4.290741920471191,0.0,0.0,0.006188869476318359,-0.007115840911865234,1.0159731341796967,1.0159731341796967
2009-11-01,4.6731605551374535,4.304095214372144,3.581929014530681,1.24898332790488,1.6000000000000072,-3.060204885,-0.0886741148021017,2.499999999999999,5.7,6.099999999999998,5.6999999999999975,5.899999999999998,4.8000000000000025,3.700000000000001,7.299999999999993,7.899999999999998,6.099999999999994,5.599999999999997,598.0,1.2527629137039185,0.058840394020080566,1.9021074771881104,0.0,1.9600948095321655,0.0,1.9021074771881104,0.0,1.9315214157104492,0.0,1.7578579187393188,-0.03390157222747803,1.5475624799728394,0.0,2.116255521774292,0.0,2.186051368713379,0.0,1.9600948095321655,0.0,1.8870697021484375,0.0,0.2330101877450943,4.663888931274414,4.302762031555176,4.6590447425842285,4.29693078994751,0.4000000059604645,0.10000000149011612,0.005831241607666016,0.006188869476318359,1.0159731341796967,1.0159731341796967
2009-12-01,4.679043130524986,4.300016584717638,3.531785982994759,1.3008204268406505,1.7000000000000073,-0.382024958,-1.15223517956724,2.499999999999999,5.7,6.099999999999998,5.6999999999999975,5.899999999999998,4.8000000000000025,3.700000000000001,7.299999999999993,7.899999999999998,6.099999999999994,5.399999999999997,599.0,1.2527629137039185,0.0,1.9021074771881104,0.0,1.9600948095321655,0.0,1.9021074771881104,0.0,1.9315214157104492,0.0,1.7578579187393188,0.0,1.5475624799728394,0.0,2.116255521774292,0.0,2.186051368713379,0.0,1.9600948095321655,0.0,1.8562979698181152,-0.030771732330322266,0.051837097853422165,4.673160552978516,4.304095268249512,4.663888931274414,4.302762031555176,-0.30000001192092896,-0.20000000298023224,0.0013332366943359375,0.005831241607666016,1.24898332790488,1.0159731341796967
2010-01-01,4.697462179282757,4.302205053591725,3.582551878722567,0.9503469298211391,1.1000000000000072,-3.589504419,-0.250154889467691,2.499999999999999,5.7,6.099999999999998,5.6999999999999975,5.899999999999998,4.8000000000000025,3.700000000000001,7.299999999999993,7.899999999999998,6.099999999999994,5.399999999999997,600.0,1.2527629137039185,0.0,1.9021074771881104,0.0,1.9600948095321655,0.0,1.9021074771881104,0.0,1.9315214157104492,0.0,1.7578579187393188,0.0,1.5475624799728394,0.0,2.116255521774292,0.0,2.186051368713379,0.0,1.9600948095321655,0.0,1.8562979698181152,0.0,-0.3504734933376312,4.679043292999268,4.300016403198242,4.673160552978516,4.304095268249512,-0.699999988079071,0.0,-0.004078865051269531,0.0013332366943359375,1.3008204268406505,1.24898332790488
2010-02-01,4.696153746733099,4.308967946444574,3.560223181290698,0.8088669356527879,0.9000000000000072,-0.835272879,-0.0898702403237804,2.499999999999999,5.7,6.099999999999998,5.6999999999999975,5.899999999999998,4.8000000000000025,3.700000000000001,7.299999999999993,7.899999999999998,6.099999999999994,5.399999999999997,601.0,1.2527629137039185,0.0,1.9021074771881104,0.0,1.9600948095321655,0.0,1.9021074771881104,0.0,1.9315214157104492,0.0,1.7578579187393188,0.0,1.5475624799728394,0.0,2.116255521774292,0.0,2.186051368713379,0.0,1.9600948095321655,0.0,1.8562979698181152,0.0,-0.1414799988269806,4.69746208190918,4.3022050857543945,4.679043292999268,4.300016403198242,0.4000000059604645,0.0,0.0021886825561523438,-0.004078865051269531,0.9503469298211391,1.3008204268406505
2010-03-01,4.710696187952303,4.313670903919659,3.621055162738231,0.7326682560454165,0.8000000000000073,-2.084690726,0.116204390681143,2.599999999999999,5.7,6.099999999999998,5.799999999999997,5.899999999999998,4.8000000000000025,3.700000000000001,7.299999999999993,7.899999999999998,6.099999999999994,5.399999999999997,602.0,1.2809338569641113,0.02817094326019287,1.9021074771881104,0.0,1.9600948095321655,0.0,1.9169225692749023,0.014815092086791992,1.9315214157104492,0.0,1.7578579187393188,0.0,1.5475624799728394,0.0,2.116255521774292,0.0,2.186051368713379,0.0,1.9600948095321655,0.0,1.8562979698181152,0.0,-0.07619868218898773,4.69615364074707,4.3089680671691895,4.69746208190918,4.3022050857543945,0.10000000149011612,0.10000000149011612,0.006762981414794922,0.0021886825561523438,0.8088669356527879,0.9503469298211391
2010-04-01,4.7152346208504,4.312884627066692,3.659932231906123,0.8813735870195482,1.0000000000000073,-0.414071602,-0.680558455505465,2.7999999999999994,5.7,6.099999999999998,5.799999999999997,5.899999999999998,4.900000000000002,3.9000000000000012,7.299999999999993,7.899999999999998,6.099999999999994,5.399999999999997,603.0,1.3350011110305786,0.054067254066467285,1.9021074771881104,0.0,1.9600948095321655,0.0,1.9169225692749023,0.0,1.9315214157104492,0.0,1.7749522924423218,0.01709437370300293,1.5892351865768433,0.041672706604003906,2.116255521774292,0.0,2.186051368713379,0.0,1.9600948095321655,0.0,1.8562979698181152,0.0,0.14870533347129822,4.710696220397949,4.313671112060547,4.69615364074707,4.3089680671691895,0.30000001192092896,0.10000000149011612,0.004703044891357422,0.006762981414794922,0.7326682560454165,0.8088669356527879
2010-05-01,4.723670297817225,4.314776667553465,3.5258379093073438,1.0159731341796967,1.2000000000000073,-6.277258481,0.494424678806849,2.7999999999999994,5.7,6.1999999999999975,5.799999999999997,5.999999999999997,5.000000000000002,3.9000000000000012,7.299999999999993,7.899999999999998,6.099999999999994,5.399999999999997,604.0,1.3350011110305786,0.0,1.9021074771881104,0.0,1.974081039428711,0.01398622989654541,1.9169225692749023,0.0,1.945910096168518,0.014388680458068848,1.7917594909667969,0.016807198524475098,1.5892351865768433,0.0,2.116255521774292,0.0,2.186051368713379,0.0,1.9600948095321655,0.0,1.8562979698181152,0.0,0.13459955155849457,4.715234756469727,4.31288480758667,4.710696220397949,4.313671112060547,-1.1102230246251565e-16,-0.20000000298023224,-0.0007863044738769531,0.004703044891357422,0.8813735870195482,0.7326682560454165
2010-06-01,4.721719572122832,4.315711042146527,3.5465001270629792,0.9503469298211391,1.1000000000000072,1.319593161,-1.40034241280368,2.7999999999999994,5.8,6.1999999999999975,5.799999999999997,5.999999999999997,5.000000000000002,3.9000000000000012,7.299999999999993,7.899999999999998,6.099999999999994,5.399999999999997,605.0,1.3350011110305786,0.0,1.9169225692749023,0.014815092086791992,1.974081039428711,0.0,1.9169225692749023,0.0,1.945910096168518,0.0,1.7917594909667969,0.0,1.5892351865768433,0.0,2.116255521774292,0.0,2.186051368713379,0.0,1.9600948095321655,0.0,1.8562979698181152,0.0,-0.06562620401382446,4.723670482635498,4.31477689743042,4.715234756469727,4.31288480758667,-0.30000001192092896,0.0,0.00189208984375,-0.0007863044738769531,1.0159731341796967,0.8813735870195482
2010-07-01,4.726373144812811,4.318279733455899,3.558078642229409,0.8813735870195482,1.000000000000007,1.482165742,-0.170698148661102,2.8999999999999995,5.8,6.099999999999998,5.799999999999997,6.099999999999997,5.000000000000002,3.9000000000000012,7.299999999999993,7.899999999999998,6.099999999999994,5.399999999999997,606.0,1.3609765768051147,0.025975465774536133,1.9169225692749023,0.0,1.9600948095321655,-0.01398622989654541,1.9169225692749023,0.0,1.9600948095321655,0.014184713363647461,1.7917594909667969,0.0,1.5892351865768433,0.0,2.116255521774292,0.0,2.186051368713379,0.0,1.9600948095321655,0.0,1.8562979698181152,0.0,-0.06897334009408951,4.721719741821289,4.31571102142334,4.723670482635498,4.31477689743042,0.0,0.10000000149011612,0.0009341239929199219,0.00189208984375,0.9503469298211391,1.0159731341796967
2010-08-01,4.7301168349207225,4.316497983519326,3.5624934195196363,0.8813735870195482,1.000000000000007,-2.569628062,-0.59930071693254,1.4999999999999996,5.8,6.099999999999998,5.799999999999997,6.099999999999997,5.000000000000002,3.9000000000000012,7.299999999999993,7.899999999999998,6.099999999999994,5.399999999999997,607.0,0.9162907600402832,-0.44468581676483154,1.9169225692749023,0.0,1.9600948095321655,0.0,1.9169225692749023,0.0,1.9600948095321655,0.0,1.7917594909667969,0.0,1.5892351865768433,0.0,2.116255521774292,0.0,2.186051368713379,0.0,1.9600948095321655,0.0,1.8562979698181152,0.0,0.0,4.726373195648193,4.31827974319458,4.721719741821289,4.31571102142334,0.10000000149011612,-1.5,0.0025687217712402344,0.0009341239929199219,0.8813735870195482,0.9503469298211391
2010-09-01,4.732421147930445,4.320933557837026,3.5410273784044803,0.9503469298211391,1.1000000000000072,1.203597466,-0.404383547531749,1.2999999999999996,5.8,6.099999999999998,5.799999999999997,6.099999999999997,4.900000000000002,3.9000000000000012,7.299999999999993,7.999999999999997,6.099999999999994,5.399999999999997,608.0,0.832909107208252,-0.08338165283203125,1.9169225692749023,0.0,1.9600948095321655,0.0,1.9169225692749023,0.0,1.9600948095321655,0.0,1.7749522924423218,-0.016807198524475098,1.5892351865768433,0.0,2.116255521774292,0.0,2.1972246170043945,0.011173248291015625,1.9600948095321655,0.0,1.8562979698181152,0.0,0.06897334009408951,4.730116844177246,4.316497802734375,4.726373195648193,4.31827974319458,0.10000000149011612,1.2000000476837158,-0.0017819404602050781,0.0025687217712402344,0.8813735870195482,0.8813735870195482
2010-10-01,4.7371997013593745,4.31891225895964,3.621437642448449,0.9503469298211391,1.1000000000000072,-1.323209646,-0.906421678369384,1.2999999999999996,5.8,6.099999999999998,5.899999999999997,6.199999999999997,4.900000000000002,4.000000000000001,7.299999999999993,7.999999999999997,6.099999999999994,5.399999999999997,609.0,0.832909107208252,0.0,1.9169225692749023,0.0,1.9600948095321655,0.0,1.9315214157104492,0.014598846435546875,1.974081039428711,0.01398622989654541,1.7749522924423218,0.0,1.6094379425048828,0.02020275592803955,2.116255521774292,0.0,2.1972246170043945,0.0,1.9600948095321655,0.0,1.8562979698181152,0.0,0.0,4.732420921325684,4.3209333419799805,4.730116844177246,4.316497802734375,-0.10000000149011612,0.20000000298023224,0.004435539245605469,-0.0017819404602050781,0.9503469298211391,0.8813735870195482
2010-11-01,4.742945809110586,4.325140796916991,3.645890092892566,1.0159731341796967,1.2000000000000073,2.679113727,-0.108645091708982,1.1999999999999995,5.8,5.999999999999998,5.899999999999997,6.199999999999997,5.000000000000002,4.000000000000001,7.299999999999993,7.999999999999997,6.099999999999994,5.4999999999999964,610.0,0.7884573340415955,-0.044451773166656494,1.9169225692749023,0.0,1.945910096168518,-0.014184713363647461,1.9315214157104492,0.0,1.974081039428711,0.0,1.7917594909667969,0.016807198524475098,1.6094379425048828,0.0,2.116255521774292,0.0,2.1972246170043945,0.0,1.9600948095321655,0.0,1.8718022108078003,0.015504240989685059,0.06562620401382446,4.737199783325195,4.318912029266357,4.732420921325684,4.3209333419799805,0.10000000149011612,-0.10000000149011612,-0.002021312713623047,0.004435539245605469,0.9503469298211391,0.9503469298211391
2010-12-01,4.7546232779779665,4.32430809781785,3.698485190258631,1.0159731341796967,1.2000000000000073,3.709631211,-0.752124008539992,1.1999999999999995,5.8,5.899999999999999,5.899999999999997,6.199999999999997,5.100000000000001,4.000000000000001,7.299999999999993,7.999999999999997,6.099999999999994,5.4999999999999964,611.0,0.7884573340415955,0.0,1.9169225692749023,0.0,1.9315214157104492,-0.014388680458068848,1.9315214157104492,0.0,1.974081039428711,0.0,1.808288812637329,0.016529321670532227,1.6094379425048828,0.0,2.116255521774292,0.0,2.1972246170043945,0.0,1.9600948095321655,0.0,1.8718022108078003,0.0,0.0,4.742945671081543,4.325140953063965,4.737199783325195,4.318912029266357,-0.10000000149011612,0.10000000149011612,0.006228923797607422,-0.002021312713623047,1.0159731341796967,0.9503469298211391
2011-01-01,4.7683964152903755,4.332751867478368,3.699506059216371,1.4436354751788134,2.000000000000007,-3.513951416,-0.0191984723083318,1.1999999999999995,5.8,5.899999999999999,5.899999999999997,6.199999999999997,5.100000000000001,4.000000000000001,7.299999999999993,7.999999999999997,6.099999999999994,5.4999999999999964,612.0,0.7884573340415955,0.0,1.9169225692749023,0.0,1.9315214157104492,0.0,1.9315214157104492,0.0,1.974081039428711,0.0,1.808288812637329,0.0,1.6094379425048828,0.0,2.116255521774292,0.0,2.1972246170043945,0.0,1.9600948095321655,0.0,1.8718022108078003,0.0,0.42766234278678894,4.7546234130859375,4.324307918548584,4.742945671081543,4.325140953063965,0.800000011920929,0.0,-0.0008330345153808594,0.006228923797607422,1.0159731341796967,1.0159731341796967
2011-02-01,4.766740415612418,4.321559387973333,3.698084449938265,1.4436354751788134,2.000000000000007,0.686573725,-1.78186136947221,1.0999999999999994,5.8,5.899999999999999,5.899999999999997,6.199999999999997,5.100000000000001,4.000000000000001,7.299999999999993,7.999999999999997,6.099999999999994,5.4999999999999964,613.0,0.7419373393058777,-0.04651999473571777,1.9169225692749023,0.0,1.9315214157104492,0.0,1.9315214157104492,0.0,1.974081039428711,0.0,1.808288812637329,0.0,1.6094379425048828,0.0,2.116255521774292,0.0,2.1972246170043945,0.0,1.9600948095321655,0.0,1.8718022108078003,0.0,0.0,4.768396377563477,4.332751750946045,4.7546234130859375,4.324307918548584,-0.800000011920929,-0.10000000149011612,0.008443832397460938,-0.0008330345153808594,1.4436354751788134,1.0159731341796967
2011-03-01,4.763848600138727,4.3076773314790895,3.831938451998062,1.4436354751788134,2.000000000000007,1.410716804,-2.08773211679083,1.0999999999999994,5.8,5.899999999999999,5.899999999999997,6.199999999999997,5.100000000000001,4.000000000000001,7.299999999999993,7.999999999999997,6.099999999999994,5.4999999999999964,614.0,0.7419373393058777,0.0,1.9169225692749023,0.0,1.9315214157104492,0.0,1.9315214157104492,0.0,1.974081039428711,0.0,1.808288812637329,0.0,1.6094379425048828,0.0,2.116255521774292,0.0,2.1972246170043945,0.0,1.9600948095321655,0.0,1.8718022108078003,0.0,0.0,4.766740322113037,4.321559429168701,4.768396377563477,4.332751750946045,0.0,0.10000000149011612,-0.01119232177734375,0.008443832397460938,1.4436354751788134,1.4436354751788134
2011-04-01,4.75884017887532,4.305279004763958,3.893952977780772,1.4436354751788134,2.000000000000007,1.247599476,-0.13313428349876,1.1999999999999995,5.8999999999999995,5.999999999999998,5.899999999999997,6.199999999999997,5.100000000000001,4.300000000000001,7.299999999999993,7.999999999999997,6.099999999999994,5.4999999999999964,615.0,0.7884573340415955,0.04651999473571777,1.9315214157104492,0.014598846435546875,1.945910096168518,0.014388680458068848,1.9315214157104492,0.0,1.974081039428711,0.0,1.808288812637329,0.0,1.667706847190857,0.05826890468597412,2.116255521774292,0.0,2.1972246170043945,0.0,1.9600948095321655,0.0,1.8718022108078003,0.0,0.0,4.763848781585693,4.307677268981934,4.766740322113037,4.321559429168701,0.0,0.10000000149011612,-0.013882160186767578,-0.01119232177734375,1.4436354751788134,1.4436354751788134
2011-05-01,4.768003066198183,4.29668084255462,3.8083148953935044,1.4436354751788134,2.000000000000007,-3.248836496,-0.564877069004184,1.1999999999999995,5.8999999999999995,5.999999999999998,5.899999999999997,6.199999999999997,5.100000000000001,4.300000000000001,7.299999999999993,7.999999999999997,5.999999999999995,5.4999999999999964,616.0,0.7884573340415955,0.0,1.9315214157104492,0.0,1.945910096168518,0.0,1.9315214157104492,0.0,1.974081039428711,0.0,1.808288812637329,0.0,1.667706847190857,0.0,2.116255521774292,0.0,2.1972246170043945,0.0,1.945910096168518,-0.014184713363647461,1.8718022108078003,0.0,0.0,4.758840084075928,4.305278778076172,4.763848781585693,4.307677268981934,0.0,-0.10000000149011612,-0.0023984909057617188,-0.013882160186767578,1.4436354751788134,1.4436354751788134
2011-06-01,4.7706041127501075,4.307443218745448,3.757296849185471,1.4874828366412745,2.100000000000007,2.465200375,0.298287551557587,1.1999999999999995,5.8999999999999995,5.999999999999998,5.899999999999997,6.299999999999996,5.100000000000001,4.4,7.299999999999993,7.999999999999997,5.7999999999999945,5.599999999999996,617.0,0.7884573340415955,0.0,1.9315214157104492,0.0,1.945910096168518,0.0,1.9315214157104492,0.0,1.9878743886947632,0.013793349266052246,1.808288812637329,0.0,1.686398983001709,0.01869213581085205,2.116255521774292,0.0,2.1972246170043945,0.0,1.9169225692749023,-0.028987526893615723,1.8870697021484375,0.015267491340637207,0.04384735971689224,4.768002986907959,4.296680927276611,4.758840084075928,4.305278778076172,0.10000000149011612,0.0,-0.008597850799560547,-0.0023984909057617188,1.4436354751788134,1.4436354751788134
2011-07-01,4.773645491008221,4.3133362933129336,3.763983592929994,1.4874828366412745,2.100000000000007,3.092765844,0.019084874024884,1.1999999999999995,5.8999999999999995,6.099999999999998,5.899999999999997,6.299999999999996,5.100000000000001,4.4,7.299999999999993,7.999999999999997,5.7999999999999945,5.599999999999996,618.0,0.7884573340415955,0.0,1.9315214157104492,0.0,1.9600948095321655,0.014184713363647461,1.9315214157104492,0.0,1.9878743886947632,0.0,1.808288812637329,0.0,1.686398983001709,0.0,2.116255521774292,0.0,2.1972246170043945,0.0,1.9169225692749023,0.0,1.8870697021484375,0.0,0.0,4.770604133605957,4.307443141937256,4.768002986907959,4.296680927276611,-0.10000000149011612,0.0,0.010762214660644531,-0.008597850799560547,1.4874828366412745,1.4436354751788134
2011-08-01,4.775807918630519,4.319074787436596,3.642343432373135,1.4874828366412745,2.100000000000007,-1.665059317,0.93041393877471,1.1999999999999995,5.8999999999999995,6.099999999999998,5.9999999999999964,6.299999999999996,5.100000000000001,4.4,7.299999999999993,7.999999999999997,5.7999999999999945,5.599999999999996,619.0,0.7884573340415955,0.0,1.9315214157104492,0.0,1.9600948095321655,0.0,1.945910096168518,0.014388680458068848,1.9878743886947632,0.0,1.808288812637329,0.0,1.686398983001709,0.0,2.116255521774292,0.0,2.1972246170043945,0.0,1.9169225692749023,0.0,1.8870697021484375,0.0,0.0,4.773645401000977,4.313336372375488,4.770604133605957,4.307443141937256,0.0,0.0,0.005893230438232422,0.010762214660644531,1.4874828366412745,1.4874828366412745
2011-09-01,4.775191402819204,4.310215048805724,3.6317991754242147,1.3504407402749758,1.8000000000000071,3.973440974,-2.0597523256169,1.1999999999999995,5.8999999999999995,6.099999999999998,5.9999999999999964,6.299999999999996,5.000000000000002,4.4,7.299999999999993,7.999999999999997,5.7999999999999945,5.699999999999996,620.0,0.7884573340415955,0.0,1.9315214157104492,0.0,1.9600948095321655,0.0,1.945910096168518,0.0,1.9878743886947632,0.0,1.7917594909667969,-0.016529321670532227,1.686398983001709,0.0,2.116255521774292,0.0,2.1972246170043945,0.0,1.9169225692749023,0.0,1.9021074771881104,0.015037775039672852,-0.1370420902967453,4.775807857513428,4.319074630737305,4.773645401000977,4.313336372375488,-0.30000001192092896,0.0,0.005738258361816406,0.005893230438232422,1.4874828366412745,1.4874828366412745
2011-10-01,4.775327220749151,4.317013134084761,3.6404255068461535,1.3504407402749758,1.8000000000000071,-1.546771398,-0.539205041097043,1.3999999999999995,5.8999999999999995,6.099999999999998,5.9999999999999964,6.299999999999996,4.900000000000002,4.4,7.299999999999993,7.999999999999997,5.7999999999999945,5.699999999999996,621.0,0.8754687309265137,0.08701139688491821,1.9315214157104492,0.0,1.9600948095321655,0.0,1.945910096168518,0.0,1.9878743886947632,0.0,1.7749522924423218,-0.016807198524475098,1.686398983001709,0.0,2.116255521774292,0.0,2.1972246170043945,0.0,1.9169225692749023,0.0,1.9021074771881104,0.0,0.0,4.775191307067871,4.310214996337891,4.775807857513428,4.319074630737305,0.30000001192092896,0.20000000298023224,-0.008859634399414062,0.005738258361816406,1.3504407402749758,1.4874828366412745
2011-11-01,4.771876772092736,4.330256555589938,3.7563495389453276,1.3979983651114376,1.9000000000000072,3.620801826,0.248162605367584,1.7999999999999994,5.8999999999999995,6.099999999999998,5.9999999999999964,6.299999999999996,4.900000000000002,4.4,7.299999999999993,7.999999999999997,5.7999999999999945,5.699999999999996,622.0,1.0296194553375244,0.15415072441101074,1.9315214157104492,0.0,1.9600948095321655,0.0,1.945910096168518,0.0,1.9878743886947632,0.0,1.7749522924423218,0.0,1.686398983001709,0.0,2.116255521774292,0.0,2.1972246170043945,0.0,1.9169225692749023,0.0,1.9021074771881104,0.0,0.04755762591958046,4.775327205657959,4.317013263702393,4.775191307067871,4.310214996337891,0.10000000149011612,0.20000000298023224,0.006798267364501953,-0.008859634399414062,1.3504407402749758,1.3504407402749758
2011-12-01,4.7741929052618195,4.335198632330236,3.7700052275477294,1.3979983651114376,1.9000000000000072,0.732052496,0.386061285830296,1.5999999999999994,5.8999999999999995,6.099999999999998,5.9999999999999964,6.299999999999996,4.900000000000002,4.4,7.299999999999993,7.999999999999997,5.7999999999999945,5.699999999999996,623.0,0.9555114507675171,-0.07410800457000732,1.9315214157104492,0.0,1.9600948095321655,0.0,1.945910096168518,0.0,1.9878743886947632,0.0,1.7749522924423218,0.0,1.686398983001709,0.0,2.116255521774292,0.0,2.1972246170043945,0.0,1.9169225692749023,0.0,1.9021074771881104,0.0,0.0,4.771876811981201,4.330256462097168,4.775327205657959,4.317013263702393,-0.10000000149011612,-0.6000000238418579,0.01324319839477539,0.006798267364501953,1.3979983651114376,1.3504407402749758
2012-01-01,4.781929444805972,4.337784043975086,3.7840850903009327,1.3979983651114376,1.9000000000000072,-1.472499105,-0.130979596352275,1.4999999999999993,5.8999999999999995,6.1999999999999975,5.9999999999999964,6.299999999999996,5.000000000000002,4.4,7.299999999999993,7.999999999999997,5.7999999999999945,5.699999999999996,624.0,0.9162907600402832,-0.03922069072723389,1.9315214157104492,0.0,1.974081039428711,0.01398622989654541,1.945910096168518,0.0,1.9878743886947632,0.0,1.7917594909667969,0.016807198524475098,1.686398983001709,0.0,2.116255521774292,0.0,2.1972246170043945,0.0,1.9169225692749023,0.0,1.9021074771881104,0.0,0.0,4.774192810058594,4.335198402404785,4.771876811981201,4.330256462097168,0.0,0.10000000149011612,0.0049419403076171875,0.01324319839477539,1.3979983651114376,1.3979983651114376
2012-02-01,4.784033580722946,4.341012720696599,3.801803409599163,1.3979983651114376,1.9000000000000072,1.092374736,-0.102636964828969,1.2999999999999994,5.8999999999999995,6.1999999999999975,5.9999999999999964,6.299999999999996,5.000000000000002,4.5,7.299999999999993,7.999999999999997,5.7999999999999945,5.699999999999996,625.0,0.832909107208252,-0.08338165283203125,1.9315214157104492,0.0,1.974081039428711,0.0,1.945910096168518,0.0,1.9878743886947632,0.0,1.7917594909667969,0.0,1.7047480344772339,0.018349051475524902,2.116255521774292,0.0,2.1972246170043945,0.0,1.9169225692749023,0.0,1.9021074771881104,0.0,0.0,4.7819294929504395,4.3377838134765625,4.774192810058594,4.335198402404785,0.0,-0.10000000149011612,0.0025854110717773438,0.0049419403076171875,1.3979983651114376,1.3979983651114376
2012-03-01,4.779044003328709,4.33847648200793,3.837521274960608,1.3979983651114376,1.9000000000000072,-1.421156601,-0.0548504933748095,1.2999999999999994,5.8999999999999995,6.1999999999999975,5.9999999999999964,6.299999999999996,5.000000000000002,4.7,7.299999999999993,7.999999999999997,5.499999999999995,5.699999999999996,626.0,0.832909107208252,0.0,1.9315214157104492,0.0,1.974081039428711,0.0,1.945910096168518,0.0,1.9878743886947632,0.0,1.7917594909667969,0.0,1.7404661178588867,0.03571808338165283,2.116255521774292,0.0,2.1972246170043945,0.0,1.8718022108078003,-0.04512035846710205,1.9021074771881104,0.0,0.0,4.78403377532959,4.341012954711914,4.7819294929504395,4.3377838134765625,0.0,0.20000000298023224,0.0032291412353515625,0.0025854110717773438,1.3979983651114376,1.3979983651114376
2012-04-01,4.772037158700695,4.342618431945528,3.8085596720050425,1.3504407402749758,1.8000000000000071,-0.952669331,1.78566624914313,1.2999999999999994,5.8999999999999995,6.1999999999999975,5.9999999999999964,6.299999999999996,5.000000000000002,4.7,7.299999999999993,7.999999999999997,5.499999999999995,5.699999999999996,627.0,0.832909107208252,0.0,1.9315214157104492,0.0,1.974081039428711,0.0,1.945910096168518,0.0,1.9878743886947632,0.0,1.7917594909667969,0.0,1.7404661178588867,0.0,2.116255521774292,0.0,2.1972246170043945,0.0,1.8718022108078003,0.0,1.9021074771881104,0.0,-0.04755762591958046,4.779044151306152,4.338476657867432,4.78403377532959,4.341012954711914,-0.10000000149011612,0.0,-0.002536296844482422,0.0032291412353515625,1.3979983651114376,1.3979983651114376
2012-05-01,4.778002271890729,4.33324259736068,3.7234162437410943,1.3008204268406505,1.700000000000007,-1.357610558,0.327317003262863,1.1999999999999993,5.8999999999999995,6.1999999999999975,5.9999999999999964,6.299999999999996,5.000000000000002,4.7,7.299999999999993,7.999999999999997,5.499999999999995,5.599999999999996,628.0,0.7884573340415955,-0.044451773166656494,1.9315214157104492,0.0,1.974081039428711,0.0,1.945910096168518,0.0,1.9878743886947632,0.0,1.7917594909667969,0.0,1.7404661178588867,0.0,2.116255521774292,0.0,2.1972246170043945,0.0,1.8718022108078003,0.0,1.8870697021484375,-0.015037775039672852,-0.049620311707258224,4.772037029266357,4.342618465423584,4.779044151306152,4.338476657867432,0.0,-0.10000000149011612,0.004141807556152344,-0.002536296844482422,1.3504407402749758,1.3979983651114376
2012-06-01,4.774006733740375,4.330853938277259,3.585235737121928,1.3504407402749758,1.8000000000000071,-2.892217187,0.593913769529003,0.6999999999999993,5.8999999999999995,6.1999999999999975,5.9999999999999964,6.299999999999996,5.000000000000002,4.7,7.299999999999993,7.999999999999997,4.999999999999995,5.599999999999996,629.0,0.5306282639503479,-0.25782907009124756,1.9315214157104492,0.0,1.974081039428711,0.0,1.945910096168518,0.0,1.9878743886947632,0.0,1.7917594909667969,0.0,1.7404661178588867,0.0,2.116255521774292,0.0,2.1972246170043945,0.0,1.7917594909667969,-0.08004271984100342,1.8870697021484375,0.0,0.049620311707258224,4.7780022621154785,4.333242416381836,4.772037029266357,4.342618465423584,0.20000000298023224,-0.4000000059604645,-0.009376049041748047,0.004141807556152344,1.3008204268406505,1.3504407402749758
2012-07-01,4.775084784052309,4.333388457078905,3.6497812235070453,1.3504407402749758,1.8000000000000071,2.767387196,0.327311209586345,0.09999999999999931,5.8999999999999995,6.1999999999999975,5.9999999999999964,6.299999999999996,5.000000000000002,4.7,7.299999999999993,7.899999999999998,4.999999999999995,5.599999999999996,630.0,0.09531018137931824,-0.43531808257102966,1.9315214157104492,0.0,1.974081039428711,0.0,1.945910096168518,0.0,1.9878743886947632,0.0,1.7917594909667969,0.0,1.7404661178588867,0.0,2.116255521774292,0.0,2.186051368713379,-0.011173248291015625,1.7917594909667969,0.0,1.8870697021484375,0.0,0.0,4.7740068435668945,4.3308539390563965,4.7780022621154785,4.333242416381836,-0.10000000149011612,-0.10000000149011612,-0.002388477325439453,-0.009376049041748047,1.3504407402749758,1.3008204268406505
2012-08-01,4.772096599409675,4.333097608988636,3.7124429253250324,1.24898332790488,1.6000000000000072,0.963143414,-0.0543317431651975,-2.8000000000000007,5.8999999999999995,6.1999999999999975,5.9999999999999964,6.399999999999996,5.000000000000002,4.7,7.299999999999993,7.899999999999998,4.999999999999995,5.599999999999996,631.0,-1.3350011110305786,-1.4303113222122192,1.9315214157104492,0.0,1.974081039428711,0.0,1.945910096168518,0.0,2.0014801025390625,0.013605713844299316,1.7917594909667969,0.0,1.7404661178588867,0.0,2.116255521774292,0.0,2.186051368713379,0.0,1.7917594909667969,0.0,1.8870697021484375,0.0,-0.10145740956068039,4.775084972381592,4.333388328552246,4.7740068435668945,4.3308539390563965,-0.20000000298023224,-2.299999952316284,0.0025343894958496094,-0.002388477325439453,1.3504407402749758,1.3504407402749758
2012-09-01,4.768627870312197,4.325981013215469,3.7136127136452486,1.3008204268406505,1.7000000000000073,1.827098076,-0.847896339299892,-3.1000000000000005,5.8999999999999995,6.1999999999999975,5.9999999999999964,6.399999999999996,5.000000000000002,4.7,7.299999999999993,7.899999999999998,4.999999999999995,5.599999999999996,632.0,-1.4109870195388794,-0.07598590850830078,1.9315214157104492,0.0,1.974081039428711,0.0,1.945910096168518,0.0,2.0014801025390625,0.0,1.7917594909667969,0.0,1.7404661178588867,0.0,2.116255521774292,0.0,2.186051368713379,0.0,1.7917594909667969,0.0,1.8870697021484375,0.0,0.051837097853422165,4.772096633911133,4.333097457885742,4.775084972381592,4.333388328552246,0.30000001192092896,2.5999999046325684,-0.00029087066650390625,0.0025343894958496094,1.24898332790488,1.3504407402749758
2012-10-01,4.77369676267075,4.334150285348454,3.655014820242257,1.3008204268406505,1.7000000000000073,-1.082277767,0.823375440332779,-3.3000000000000007,5.8999999999999995,6.099999999999998,5.9999999999999964,6.399999999999996,5.000000000000002,4.7,7.299999999999993,7.899999999999998,4.999999999999995,5.599999999999996,633.0,-1.4586150646209717,-0.047628045082092285,1.9315214157104492,0.0,1.9600948095321655,-0.01398622989654541,1.945910096168518,0.0,2.0014801025390625,0.0,1.7917594909667969,0.0,1.7404661178588867,0.0,2.116255521774292,0.0,2.186051368713379,0.0,1.7917594909667969,0.0,1.8870697021484375,0.0,0.0,4.768627643585205,4.325981140136719,4.772096633911133,4.333097457885742,-0.10000000149011612,0.10000000149011612,-0.0071163177490234375,-0.00029087066650390625,1.3008204268406505,1.24898332790488
2012-11-01,4.772341454537215,4.341125887052683,3.6236675502409943,1.3008204268406505,1.7000000000000073,0.766258392,0.0339977703991787,-3.3000000000000007,5.8999999999999995,6.099999999999998,5.9999999999999964,6.399999999999996,5.000000000000002,4.7,7.299999999999993,7.899999999999998,4.999999999999995,5.599999999999996,634.0,-1.4586150646209717,0.0,1.9315214157104492,0.0,1.9600948095321655,0.0,1.945910096168518,0.0,2.0014801025390625,0.0,1.7917594909667969,0.0,1.7404661178588867,0.0,2.116255521774292,0.0,2.186051368713379,0.0,1.7917594909667969,0.0,1.8870697021484375,0.0,0.0,4.7736968994140625,4.334150314331055,4.768627643585205,4.325981140136719,0.0,0.20000000298023224,0.008169174194335938,-0.0071163177490234375,1.3008204268406505,1.3008204268406505
2012-12-01,4.77552762490215,4.340029457709657,3.6419699186782837,1.3008204268406505,1.7000000000000073,1.404821281,-0.08770281035597,-3.3000000000000007,5.8999999999999995,6.099999999999998,5.9999999999999964,6.399999999999996,5.000000000000002,4.7,7.299999999999993,7.899999999999998,4.899999999999995,5.4999999999999964,635.0,-1.4586150646209717,0.0,1.9315214157104492,0.0,1.9600948095321655,0.0,1.945910096168518,0.0,2.0014801025390625,0.0,1.7917594909667969,0.0,1.7404661178588867,0.0,2.116255521774292,0.0,2.186051368713379,0.0,1.7749522924423218,-0.016807198524475098,1.8718022108078003,-0.015267491340637207,0.0,4.772341251373291,4.341125965118408,4.7736968994140625,4.334150314331055,0.0,0.0,0.006975650787353516,0.008169174194335938,1.3008204268406505,1.3008204268406505
2013-01-01,4.779534899698678,4.331750191538869,3.7104257910938063,1.3008204268406505,1.7000000000000073,-2.045408059,-1.29609215266104,-3.400000000000001,5.8999999999999995,6.099999999999998,5.9999999999999964,6.399999999999996,5.000000000000002,4.7,7.299999999999993,7.899999999999998,4.899999999999995,5.4999999999999964,636.0,-1.4816045761108398,-0.022989511489868164,1.9315214157104492,0.0,1.9600948095321655,0.0,1.945910096168518,0.0,2.0014801025390625,0.0,1.7917594909667969,0.0,1.7404661178588867,0.0,2.116255521774292,0.0,2.186051368713379,0.0,1.7749522924423218,0.0,1.8718022108078003,0.0,0.0,4.775527477264404,4.340029239654541,4.772341251373291,4.341125965118408,0.0,-0.10000000149011612,-0.0010967254638671875,0.006975650787353516,1.3008204268406505,1.3008204268406505
2013-02-01,4.779364316493205,4.3289840084656594,3.7116418074799835,1.3008204268406505,1.7000000000000073,-2.172829348,-0.739336735999586,-3.500000000000001,5.8999999999999995,6.099999999999998,5.9999999999999964,6.399999999999996,5.000000000000002,4.7,7.299999999999993,7.899999999999998,4.899999999999995,5.4999999999999964,637.0,-1.504077434539795,-0.022472858428955078,1.9315214157104492,0.0,1.9600948095321655,0.0,1.945910096168518,0.0,2.0014801025390625,0.0,1.7917594909667969,0.0,1.7404661178588867,0.0,2.116255521774292,0.0,2.186051368713379,0.0,1.7749522924423218,0.0,1.8718022108078003,0.0,0.0,4.779534816741943,4.331750392913818,4.775527477264404,4.340029239654541,0.0,0.0,-0.008278846740722656,-0.0010967254638671875,1.3008204268406505,1.3008204268406505
2013-03-01,4.782063578246486,4.33175199233675,3.6903550183116542,1.350440740274976,1.8000000000000074,-0.910639438,0.398620407543937,-3.600000000000001,5.8999999999999995,6.099999999999998,6.199999999999997,6.399999999999996,5.000000000000002,4.7,7.299999999999993,7.899999999999998,4.899999999999995,5.4999999999999964,638.0,-1.5260562896728516,-0.02197885513305664,1.9315214157104492,0.0,1.9600948095321655,0.0,1.974081039428711,0.02817094326019287,2.0014801025390625,0.0,1.7917594909667969,0.0,1.7404661178588867,0.0,2.116255521774292,0.0,2.186051368713379,0.0,1.7749522924423218,0.0,1.8718022108078003,0.0,0.049620311707258224,4.779364109039307,4.328983783721924,4.779534816741943,4.331750392913818,0.10000000149011612,0.0,-0.0027666091918945312,-0.008278846740722656,1.3008204268406505,1.3008204268406505
2013-04-01,4.785883606229505,4.3369246215314154,3.68185735465749,1.4436354751788136,2.0000000000000075,1.220688112,1.12181674174349,-3.700000000000001,6.3,6.099999999999998,6.199999999999997,6.399999999999996,4.900000000000002,4.7,7.299999999999993,7.899999999999998,4.899999999999995,5.199999999999997,639.0,-1.5475624799728394,-0.021506190299987793,1.9878743886947632,0.056352972984313965,1.9600948095321655,0.0,1.974081039428711,0.0,2.0014801025390625,0.0,1.7749522924423218,-0.016807198524475098,1.7404661178588867,0.0,2.116255521774292,0.0,2.186051368713379,0.0,1.7749522924423218,0.0,1.8245493173599243,-0.04725289344787598,0.09319473803043365,4.7820634841918945,4.331751823425293,4.779364109039307,4.328983783721924,0.10000000149011612,0.0,0.0027680397033691406,-0.0027666091918945312,1.350440740274976,1.3008204268406505
2013-05-01,4.786595519584176,4.335293230797147,3.710663536867923,1.4436354751788136,2.0000000000000075,3.923053559,-0.271045517650312,-3.700000000000001,6.3,6.099999999999998,6.199999999999997,6.499999999999996,5.100000000000002,4.7,7.299999999999993,7.899999999999998,4.899999999999995,5.199999999999997,640.0,-1.5475624799728394,0.0,1.9878743886947632,0.0,1.9600948095321655,0.0,1.974081039428711,0.0,2.0149030685424805,0.013422966003417969,1.808288812637329,0.033336520195007324,1.7404661178588867,0.0,2.116255521774292,0.0,2.186051368713379,0.0,1.7749522924423218,0.0,1.8245493173599243,0.0,0.0,4.78588342666626,4.3369245529174805,4.7820634841918945,4.331751823425293,-0.20000000298023224,0.10000000149011612,0.0051727294921875,0.0027680397033691406,1.4436354751788136,1.350440740274976
2013-06-01,4.782316175997579,4.336485331610221,3.718779233061807,1.4874828366412745,2.1000000000000076,0.155678519,0.549076513769894,-3.700000000000001,6.3,6.299999999999998,6.199999999999997,6.499999999999996,5.100000000000002,4.7,7.299999999999993,7.899999999999998,5.199999999999995,5.199999999999997,641.0,-1.5475624799728394,0.0,1.9878743886947632,0.0,1.9878743886947632,0.027779579162597656,1.974081039428711,0.0,2.0149030685424805,0.0,1.808288812637329,0.0,1.7404661178588867,0.0,2.116255521774292,0.0,2.186051368713379,0.0,1.8245493173599243,0.04959702491760254,1.8245493173599243,0.0,0.04384735971689224,4.786595344543457,4.335293292999268,4.78588342666626,4.3369245529174805,0.10000000149011612,0.0,-0.0016312599182128906,0.0051727294921875,1.4436354751788136,1.4436354751788136
2013-07-01,4.788006568040219,4.343073374751796,3.8053735529645882,1.4874828366412745,2.1000000000000076,2.338848708,0.165486600081719,-3.800000000000001,6.3,6.299999999999998,6.199999999999997,6.499999999999996,5.100000000000002,4.7,7.299999999999993,7.999999999999997,5.199999999999995,5.199999999999997,642.0,-1.5686159133911133,-0.021053433418273926,1.9878743886947632,0.0,1.9878743886947632,0.0,1.974081039428711,0.0,2.0149030685424805,0.0,1.808288812637329,0.0,1.7404661178588867,0.0,2.116255521774292,0.0,2.1972246170043945,0.011173248291015625,1.8245493173599243,0.0,1.8245493173599243,0.0,0.0,4.782316207885742,4.336485385894775,4.786595344543457,4.335293292999268,-0.10000000149011612,-0.10000000149011612,0.0011920928955078125,-0.0016312599182128906,1.4874828366412745,1.4436354751788136
2013-08-01,4.792658222487076,4.3399928515467945,3.8209786096992895,1.5296604950904071,2.2000000000000077,1.031043163,-1.21854584956486,-3.800000000000001,6.3,6.299999999999998,6.199999999999997,6.499999999999996,5.100000000000002,4.7,7.299999999999993,7.999999999999997,5.199999999999995,5.199999999999997,643.0,-1.5686159133911133,0.0,1.9878743886947632,0.0,1.9878743886947632,0.0,1.974081039428711,0.0,2.0149030685424805,0.0,1.808288812637329,0.0,1.7404661178588867,0.0,2.116255521774292,0.0,2.1972246170043945,0.0,1.8245493173599243,0.0,1.8245493173599243,0.0,0.04217765852808952,4.788006782531738,4.34307336807251,4.782316207885742,4.336485385894775,0.10000000149011612,0.10000000149011612,0.006587982177734375,0.0011920928955078125,1.4874828366412745,1.4874828366412745
2013-09-01,4.7957816452768185,4.33377680949504,3.817970897345784,1.570278543484981,2.300000000000008,-2.505295438,-0.984017868740049,-4.000000000000001,6.3,6.299999999999998,6.199999999999997,6.499999999999996,5.100000000000002,4.8,7.299999999999993,7.999999999999997,5.199999999999995,5.099999999999997,644.0,-1.6094379425048828,-0.04082202911376953,1.9878743886947632,0.0,1.9878743886947632,0.0,1.974081039428711,0.0,2.0149030685424805,0.0,1.808288812637329,0.0,1.7578579187393188,0.01739180088043213,2.116255521774292,0.0,2.1972246170043945,0.0,1.8245493173599243,0.0,1.808288812637329,-0.016260504722595215,0.04061804711818695,4.79265832901001,4.339993000030518,4.788006782531738,4.34307336807251,0.0,-0.20000000298023224,-0.0030803680419921875,0.006587982177734375,1.5296604950904071,1.4874828366412745
2013-10-01,4.79427319163333,4.337278793048697,3.7618202602012323,1.570278543484981,2.300000000000008,-4.30270871,0.233114666538828,-4.1000000000000005,6.3999999999999995,6.299999999999998,6.199999999999997,6.499999999999996,5.200000000000002,5.0,7.299999999999993,7.999999999999997,5.2999999999999945,5.099999999999997,645.0,-1.6292405128479004,-0.019802570343017578,2.0014801025390625,0.013605713844299316,1.9878743886947632,0.0,1.974081039428711,0.0,2.0149030685424805,0.0,1.8245493173599243,0.016260504722595215,1.7917594909667969,0.03390157222747803,2.116255521774292,0.0,2.1972246170043945,0.0,1.8405495882034302,0.01600027084350586,1.808288812637329,0.0,0.0,4.79578161239624,4.333776950836182,4.79265832901001,4.339993000030518,-0.10000000149011612,0.10000000149011612,-0.0062160491943359375,-0.0030803680419921875,1.570278543484981,1.5296604950904071
2013-11-01,4.799033197805859,4.341167842601605,3.6912261218574978,1.570278543484981,2.300000000000008,-0.662998263,0.586252258962154,-4.500000000000001,6.3,6.299999999999998,6.199999999999997,6.499999999999996,5.200000000000002,5.0,7.299999999999993,7.999999999999997,5.2999999999999945,5.099999999999997,646.0,-1.7047480344772339,-0.0755075216293335,1.9878743886947632,-0.013605713844299316,1.9878743886947632,0.0,1.974081039428711,0.0,2.0149030685424805,0.0,1.8245493173599243,0.0,1.7917594909667969,0.0,2.116255521774292,0.0,2.1972246170043945,0.0,1.8405495882034302,0.0,1.808288812637329,0.0,0.0,4.794273376464844,4.337278842926025,4.79578161239624,4.333776950836182,0.0,-0.30000001192092896,0.00350189208984375,-0.0062160491943359375,1.570278543484981,1.570278543484981
2013-12-01,4.79773139893236,4.3461586508371735,3.7279659552354403,1.570278543484981,2.300000000000008,3.627418049,-0.0638698657828863,-4.6000000000000005,6.3,6.299999999999998,6.199999999999997,6.499999999999996,5.200000000000002,5.0,7.299999999999993,7.999999999999997,5.2999999999999945,5.199999999999997,647.0,-1.722766637802124,-0.018018603324890137,1.9878743886947632,0.0,1.9878743886947632,0.0,1.974081039428711,0.0,2.0149030685424805,0.0,1.8245493173599243,0.0,1.7917594909667969,0.0,2.116255521774292,0.0,2.1972246170043945,0.0,1.8405495882034302,0.0,1.8245493173599243,0.016260504722595215,0.0,4.799033164978027,4.34116792678833,4.794273376464844,4.337278842926025,0.0,0.30000001192092896,0.0038890838623046875,0.00350189208984375,1.570278543484981,1.570278543484981
2014-01-01,4.806434346958688,4.350439162071415,3.6942287604832877,1.5296604950904071,2.2000000000000077,-4.590217983,0.422824250307837,-4.7,6.3,6.299999999999998,6.299999999999996,6.499999999999996,5.200000000000002,5.0,7.299999999999993,7.999999999999997,5.2999999999999945,5.199999999999997,648.0,-1.7404661178588867,-0.017699480056762695,1.9878743886947632,0.0,1.9878743886947632,0.0,1.9878743886947632,0.013793349266052246,2.0149030685424805,0.0,1.8245493173599243,0.0,1.7917594909667969,0.0,2.116255521774292,0.0,2.1972246170043945,0.0,1.8405495882034302,0.0,1.8245493173599243,0.0,-0.04061804711818695,4.797731399536133,4.346158504486084,4.799033164978027,4.34116792678833,-0.10000000149011612,0.0,0.004990577697753906,0.0038890838623046875,1.570278543484981,1.570278543484981
2014-02-01,4.812135009189949,4.356553622338327,3.756596465727069,1.4436354751788136,2.0000000000000075,2.234538367,-0.257175852975593,-4.7,6.3,6.299999999999998,6.399999999999996,6.499999999999996,5.200000000000002,5.0,7.399999999999992,7.999999999999997,5.2999999999999945,5.199999999999997,649.0,-1.7404661178588867,0.0,1.9878743886947632,0.0,1.9878743886947632,0.0,2.0014801025390625,0.013605713844299316,2.0149030685424805,0.0,1.8245493173599243,0.0,1.7917594909667969,0.0,2.1282317638397217,0.011976242065429688,2.1972246170043945,0.0,1.8405495882034302,0.0,1.8245493173599243,0.0,-0.08602502197027206,4.806434154510498,4.350439071655273,4.797731399536133,4.346158504486084,-0.10000000149011612,0.10000000149011612,0.004280567169189453,0.004990577697753906,1.5296604950904071,1.570278543484981
2014-03-01,4.810627218690278,4.349188969456462,3.754358099569604,1.4436354751788136,2.0000000000000075,-1.854342306,-0.426332922427147,-4.9,6.3,6.299999999999998,6.399999999999996,6.699999999999996,5.200000000000002,5.0,7.399999999999992,7.999999999999997,5.2999999999999945,5.199999999999997,650.0,-1.7749522924423218,-0.03448617458343506,1.9878743886947632,0.0,1.9878743886947632,0.0,2.0014801025390625,0.0,2.0412204265594482,0.026317358016967773,1.8245493173599243,0.0,1.7917594909667969,0.0,2.1282317638397217,0.0,2.1972246170043945,0.0,1.8405495882034302,0.0,1.8245493173599243,0.0,0.0,4.812135219573975,4.356553554534912,4.806434154510498,4.350439071655273,0.20000000298023224,-0.20000000298023224,0.006114482879638672,0.004280567169189453,1.4436354751788136,1.5296604950904071
2014-04-01,4.8144872842809,4.345879982749088,3.7650161461801797,1.1379820462933719,1.4000000000000075,1.005266289,0.509324459036578,-4.9,6.3999999999999995,6.299999999999998,6.399999999999996,6.699999999999996,5.200000000000002,5.0,7.399999999999992,7.999999999999997,5.2999999999999945,5.199999999999997,651.0,-1.7749522924423218,0.0,2.0014801025390625,0.013605713844299316,1.9878743886947632,0.0,2.0014801025390625,0.0,2.0412204265594482,0.0,1.8245493173599243,0.0,1.7917594909667969,0.0,2.1282317638397217,0.0,2.1972246170043945,0.0,1.8405495882034302,0.0,1.8245493173599243,0.0,-0.3056534230709076,4.810626983642578,4.349188804626465,4.812135219573975,4.356553554534912,-0.6000000238418579,0.20000000298023224,-0.007364749908447266,0.006114482879638672,1.4436354751788136,1.4436354751788136
2014-05-01,4.81215080081802,4.348749039159131,3.7641920601856835,1.0784510589549015,1.3000000000000074,0.545897782,0.190282994147774,-5.0,6.3999999999999995,6.299999999999998,6.399999999999996,6.699999999999996,5.200000000000002,5.0,7.399999999999992,7.999999999999997,4.699999999999995,5.199999999999997,652.0,-1.7917594909667969,-0.016807198524475098,2.0014801025390625,0.0,1.9878743886947632,0.0,2.0014801025390625,0.0,2.0412204265594482,0.0,1.8245493173599243,0.0,1.7917594909667969,0.0,2.1282317638397217,0.0,2.1972246170043945,0.0,1.7404661178588867,-0.10008347034454346,1.8245493173599243,0.0,-0.059530988335609436,4.814487457275391,4.345880031585693,4.810626983642578,4.349188804626465,0.5,-0.10000000149011612,-0.0033087730407714844,-0.007364749908447266,1.1379820462933719,1.4436354751788136
2014-06-01,4.814017848226732,4.353261931427255,3.7975918330029184,1.0159731341796967,1.2000000000000073,3.233854936,-0.120532972709448,-5.0,6.3999999999999995,6.299999999999998,6.399999999999996,6.699999999999996,5.300000000000002,5.0,7.399999999999992,7.999999999999997,4.599999999999995,5.299999999999996,653.0,-1.7917594909667969,0.0,2.0014801025390625,0.0,1.9878743886947632,0.0,2.0014801025390625,0.0,2.0412204265594482,0.0,1.8405495882034302,0.01600027084350586,1.7917594909667969,0.0,2.1282317638397217,0.0,2.1972246170043945,0.0,1.722766637802124,-0.017699480056762695,1.8405495882034302,0.01600027084350586,-0.062477923929691315,4.812150955200195,4.348749160766602,4.814487457275391,4.345880031585693,0.0,0.10000000149011612,0.002869129180908203,-0.0033087730407714844,1.0784510589549015,1.1379820462933719
2014-07-01,4.815865455573296,4.3560426561293,3.775451783671495,1.0159731341796967,1.2000000000000073,0.477505405,0.28426690589403,-5.0,6.3999999999999995,6.399999999999998,6.399999999999996,6.699999999999996,5.300000000000002,5.0,7.399999999999992,7.999999999999997,4.599999999999995,4.899999999999996,654.0,-1.7917594909667969,0.0,2.0014801025390625,0.0,2.0014801025390625,0.013605713844299316,2.0014801025390625,0.0,2.0412204265594482,0.0,1.8405495882034302,0.0,1.7917594909667969,0.0,2.1282317638397217,0.0,2.1972246170043945,0.0,1.722766637802124,0.0,1.7749522924423218,-0.0655972957611084,0.0,4.8140177726745605,4.353261947631836,4.812150955200195,4.348749160766602,0.10000000149011612,0.0,0.004512786865234375,0.002869129180908203,1.0159731341796967,1.0784510589549015
2014-08-01,4.806136115398133,4.359510475327422,3.705128427982792,1.0159731341796967,1.2000000000000073,-0.120607883,-0.0282969450359965,-5.0,6.3999999999999995,6.399999999999998,6.499999999999996,6.699999999999996,5.300000000000002,5.0,7.399999999999992,7.999999999999997,4.599999999999995,4.899999999999996,655.0,-1.7917594909667969,0.0,2.0014801025390625,0.0,2.0014801025390625,0.0,2.0149030685424805,0.013422966003417969,2.0412204265594482,0.0,1.8405495882034302,0.0,1.7917594909667969,0.0,2.1282317638397217,0.0,2.1972246170043945,0.0,1.722766637802124,0.0,1.7749522924423218,0.0,0.0,4.815865516662598,4.356042861938477,4.8140177726745605,4.353261947631836,0.0,0.0,0.002780914306640625,0.004512786865234375,1.0159731341796967,1.0159731341796967
2014-09-01,4.816125599851414,4.369317768057044,3.669954421381224,1.0159731341796967,1.2000000000000073,0.630107625,1.17003053785676,-5.0,6.3999999999999995,6.399999999999998,6.499999999999996,6.699999999999996,5.500000000000002,5.0,7.399999999999992,7.999999999999997,4.599999999999995,4.899999999999996,656.0,-1.7917594909667969,0.0,2.0014801025390625,0.0,2.0014801025390625,0.0,2.0149030685424805,0.0,2.0412204265594482,0.0,1.8718022108078003,0.03125262260437012,1.7917594909667969,0.0,2.1282317638397217,0.0,2.1972246170043945,0.0,1.722766637802124,0.0,1.7749522924423218,0.0,0.0,4.806136131286621,4.35951042175293,4.815865516662598,4.356042861938477,0.0,0.0,0.003467559814453125,0.002780914306640625,1.0159731341796967,1.0159731341796967
2014-10-01,4.809362708148616,4.381245529690798,3.570864744400852,1.0784510589549015,1.3000000000000074,-3.111738617,1.21832604592007,-4.8,6.3999999999999995,6.299999999999998,6.499999999999996,6.799999999999995,5.500000000000002,5.0,7.399999999999992,7.999999999999997,4.699999999999995,4.899999999999996,657.0,-1.7578579187393188,0.03390157222747803,2.0014801025390625,0.0,1.9878743886947632,-0.013605713844299316,2.0149030685424805,0.0,2.054123640060425,0.012903213500976562,1.8718022108078003,0.0,1.7917594909667969,0.0,2.1282317638397217,0.0,2.1972246170043945,0.0,1.7404661178588867,0.017699480056762695,1.7749522924423218,0.0,0.062477923929691315,4.816125392913818,4.369317531585693,4.806136131286621,4.35951042175293,0.10000000149011612,0.20000000298023224,0.009807109832763672,0.003467559814453125,1.0159731341796967,1.0159731341796967
2014-11-01,4.816604928551813,4.378560359075865,3.4651481352074205,1.3008204268406505,1.7000000000000073,-2.599301676,0.395152666926483,-4.8,6.6,6.299999999999998,6.499999999999996,6.799999999999995,5.500000000000002,5.0,7.399999999999992,7.999999999999997,4.699999999999995,4.899999999999996,658.0,-1.7578579187393188,0.0,2.0281481742858887,0.026668071746826172,1.9878743886947632,0.0,2.0149030685424805,0.0,2.054123640060425,0.0,1.8718022108078003,0.0,1.7917594909667969,0.0,2.1282317638397217,0.0,2.1972246170043945,0.0,1.7404661178588867,0.0,1.7749522924423218,0.0,0.22236937284469604,4.809362888336182,4.3812456130981445,4.816125392913818,4.369317531585693,0.30000001192092896,-0.20000000298023224,0.011928081512451172,0.009807109832763672,1.0784510589549015,1.0159731341796967
2014-12-01,4.818874308094196,4.389950110864003,3.222711811760883,1.3008204268406505,1.7000000000000073,-7.762349698,2.73904945356218,-4.8,6.6,6.299999999999998,6.499999999999996,6.799999999999995,5.500000000000002,5.0,7.399999999999992,7.999999999999997,4.699999999999995,4.899999999999996,659.0,-1.7578579187393188,0.0,2.0281481742858887,0.0,1.9878743886947632,0.0,2.0149030685424805,0.0,2.054123640060425,0.0,1.8718022108078003,0.0,1.7917594909667969,0.0,2.1282317638397217,0.0,2.1972246170043945,0.0,1.7404661178588867,0.0,1.7749522924423218,0.0,0.0,4.816605091094971,4.378560543060303,4.809362888336182,4.3812456130981445,-0.4000000059604645,0.0,-0.002685070037841797,0.011928081512451172,1.3008204268406505,1.0784510589549015
2015-01-01,4.824413310900802,4.3809562119758665,3.0014793791914607,1.3008204268406505,1.7000000000000073,-9.806055973,0.30930777619979,-4.8,6.6,6.299999999999998,6.499999999999996,6.799999999999995,5.500000000000002,5.0,7.399999999999992,7.999999999999997,4.699999999999995,4.999999999999996,660.0,-1.7578579187393188,0.0,2.0281481742858887,0.0,1.9878743886947632,0.0,2.0149030685424805,0.0,2.054123640060425,0.0,1.8718022108078003,0.0,1.7917594909667969,0.0,2.1282317638397217,0.0,2.1972246170043945,0.0,1.7404661178588867,0.0,1.7917594909667969,0.016807198524475098,0.0,4.818874359130859,4.389950275421143,4.816605091094971,4.378560543060303,0.0,0.0,0.011389732360839844,-0.002685070037841797,1.3008204268406505,1.3008204268406505
2015-02-01,4.821708293206341,4.37976149618361,3.0676866518874153,1.350440740274976,1.8000000000000074,1.915608167,-0.959054205376117,-4.7,6.6,6.299999999999998,6.499999999999996,6.799999999999995,5.400000000000002,5.0,7.399999999999992,7.999999999999997,4.699999999999995,4.899999999999996,661.0,-1.7404661178588867,0.01739180088043213,2.0281481742858887,0.0,1.9878743886947632,0.0,2.0149030685424805,0.0,2.054123640060425,0.0,1.8562979698181152,-0.015504240989685059,1.7917594909667969,0.0,2.1282317638397217,0.0,2.1972246170043945,0.0,1.7404661178588867,0.0,1.7749522924423218,-0.016807198524475098,0.049620311707258224,4.824413299560547,4.380956172943115,4.818874359130859,4.389950275421143,0.10000000149011612,0.10000000149011612,-0.008994102478027344,0.011389732360839844,1.3008204268406505,1.3008204268406505
2015-03-01,4.821348667465656,4.391046446094432,3.0088840430791928,1.350440740274976,1.8000000000000074,-3.873465389,2.86687580584725,-4.7,6.6,6.299999999999998,6.499999999999996,6.799999999999995,5.400000000000002,5.2,7.399999999999992,7.999999999999997,4.699999999999995,4.899999999999996,662.0,-1.7404661178588867,0.0,2.0281481742858887,0.0,1.9878743886947632,0.0,2.0149030685424805,0.0,2.054123640060425,0.0,1.8562979698181152,0.0,1.8245493173599243,0.03278982639312744,2.1282317638397217,0.0,2.1972246170043945,0.0,1.7404661178588867,0.0,1.7749522924423218,0.0,0.0,4.8217082023620605,4.379761695861816,4.824413299560547,4.380956172943115,-0.10000000149011612,-0.10000000149011612,-0.0011944770812988281,-0.008994102478027344,1.350440740274976,1.3008204268406505
2015-04-01,4.820785135932187,4.386785319153376,3.137680994535602,1.1379820462933719,1.4000000000000075,4.632033533,0.109163355756448,-4.7,6.6,6.299999999999998,6.499999999999996,6.799999999999995,5.400000000000002,5.2,7.399999999999992,7.999999999999997,4.699999999999995,4.899999999999996,663.0,-1.7404661178588867,0.0,2.0281481742858887,0.0,1.9878743886947632,0.0,2.0149030685424805,0.0,2.054123640060425,0.0,1.8562979698181152,0.0,1.8245493173599243,0.0,2.1282317638397217,0.0,2.1972246170043945,0.0,1.7404661178588867,0.0,1.7749522924423218,0.0,-0.21245869994163513,4.821348667144775,4.391046524047852,4.8217082023620605,4.379761695861816,-0.4000000059604645,0.0,0.011284828186035156,-0.0011944770812988281,1.350440740274976,1.350440740274976
2015-05-01,4.8182502098122315,4.385709270439257,3.219209101252326,0.8813735870195485,1.0000000000000075,3.656384732,0.00942927772448643,-4.7,6.6,6.299999999999998,6.599999999999995,6.799999999999995,5.600000000000002,5.2,7.399999999999992,8.099999999999998,4.599999999999995,4.899999999999996,664.0,-1.7404661178588867,0.0,2.0281481742858887,0.0,1.9878743886947632,0.0,2.0281481742858887,0.013245105743408203,2.054123640060425,0.0,1.8870697021484375,0.030771732330322266,1.8245493173599243,0.0,2.1282317638397217,0.0,2.2082743644714355,0.011049747467041016,1.722766637802124,-0.017699480056762695,1.7749522924423218,0.0,-0.2566084563732147,4.820785045623779,4.386785507202148,4.821348667144775,4.391046524047852,0.0,0.0,-0.004261016845703125,0.011284828186035156,1.1379820462933719,1.350440740274976
2015-06-01,4.822980269190356,4.391063565831259,3.225681781482666,1.015973134179697,1.2000000000000075,0.709075581,1.27339910411593,-4.7,6.699999999999999,6.399999999999998,6.599999999999995,6.799999999999995,5.600000000000002,5.2,7.399999999999992,8.099999999999998,4.599999999999995,4.899999999999996,665.0,-1.7404661178588867,0.0,2.0412204265594482,0.01307225227355957,2.0014801025390625,0.013605713844299316,2.0281481742858887,0.0,2.054123640060425,0.0,1.8870697021484375,0.0,1.8245493173599243,0.0,2.1282317638397217,0.0,2.2082743644714355,0.0,1.722766637802124,0.0,1.7749522924423218,0.0,0.13459955155849457,4.8182501792907715,4.385709285736084,4.820785045623779,4.386785507202148,0.6000000238418579,0.0,-0.0010762214660644531,-0.004261016845703125,0.8813735870195485,1.1379820462933719
2015-07-01,4.820880246719684,4.398144356035782,3.0626195889333463,0.8813735870195485,1.0000000000000075,-3.571560527,1.32661476816854,-4.8,6.699999999999999,6.399999999999998,6.599999999999995,6.799999999999995,5.600000000000002,5.2,7.399999999999992,8.099999999999998,4.599999999999995,4.899999999999996,666.0,-1.7578579187393188,-0.01739180088043213,2.0412204265594482,0.0,2.0014801025390625,0.0,2.0281481742858887,0.0,2.054123640060425,0.0,1.8870697021484375,0.0,1.8245493173599243,0.0,2.1282317638397217,0.0,2.2082743644714355,0.0,1.722766637802124,0.0,1.7749522924423218,0.0,-0.13459955155849457,4.8229804039001465,4.391063690185547,4.8182501792907715,4.385709285736084,-0.4000000059604645,-0.10000000149011612,0.005354404449462891,-0.0010762214660644531,1.015973134179697,0.8813735870195485
2015-08-01,4.824234191530156,4.394558790637505,2.8909331470760975,1.015973134179697,1.2000000000000075,-4.940701918,0.733228914691826,-4.8999999999999995,6.699999999999999,6.399999999999998,6.599999999999995,6.799999999999995,5.600000000000002,5.2,7.399999999999992,8.099999999999998,4.599999999999995,4.899999999999996,667.0,-1.7749522924423218,-0.01709437370300293,2.0412204265594482,0.0,2.0014801025390625,0.0,2.0281481742858887,0.0,2.054123640060425,0.0,1.8870697021484375,0.0,1.8245493173599243,0.0,2.1282317638397217,0.0,2.2082743644714355,0.0,1.722766637802124,0.0,1.7749522924423218,0.0,0.13459955155849457,4.82088041305542,4.398144245147705,4.8229804039001465,4.391063690185547,0.4000000059604645,0.0,0.007080554962158203,0.005354404449462891,0.8813735870195485,1.015973134179697
2015-09-01,4.823272640420853,4.392977121145227,2.95228365248382,1.350440740274976,1.8000000000000074,1.114830523,-0.657012672230928,-4.8,6.699999999999999,6.399999999999998,6.599999999999995,6.799999999999995,5.600000000000002,5.2,7.399999999999992,8.099999999999998,4.599999999999995,4.999999999999996,668.0,-1.7578579187393188,0.01709437370300293,2.0412204265594482,0.0,2.0014801025390625,0.0,2.0281481742858887,0.0,2.054123640060425,0.0,1.8870697021484375,0.0,1.8245493173599243,0.0,2.1282317638397217,0.0,2.2082743644714355,0.0,1.722766637802124,0.0,1.7917594909667969,0.016807198524475098,0.3344676196575165,4.8242340087890625,4.394558906555176,4.82088041305542,4.398144245147705,0.4000000059604645,0.20000000298023224,-0.003585338592529297,0.007080554962158203,1.015973134179697,0.8813735870195485
2015-10-01,4.826542980395745,4.392536623245884,2.9674345956456727,1.350440740274976,1.8000000000000074,-1.727602962,-0.00727882113585814,-4.5,6.699999999999999,6.499999999999997,6.699999999999995,6.799999999999995,5.600000000000002,5.2,7.399999999999992,8.099999999999998,4.599999999999995,5.099999999999995,669.0,-1.7047480344772339,0.05310988426208496,2.0412204265594482,0.0,2.0149030685424805,0.013422966003417969,2.0412204265594482,0.01307225227355957,2.054123640060425,0.0,1.8870697021484375,0.0,1.8245493173599243,0.0,2.1282317638397217,0.0,2.2082743644714355,0.0,1.722766637802124,0.0,1.808288812637329,0.016529321670532227,0.0,4.823272705078125,4.392977237701416,4.8242340087890625,4.394558906555176,-0.6000000238418579,0.20000000298023224,-0.0015816688537597656,-0.003585338592529297,1.350440740274976,1.015973134179697
2015-11-01,4.8227863985719335,4.400264398503768,2.8809194000418694,1.3979983651114376,1.9000000000000075,-0.658134964,1.2385156851565,-4.5,6.699999999999999,6.499999999999997,6.699999999999995,6.799999999999995,5.700000000000002,5.2,7.399999999999992,8.099999999999998,4.799999999999995,5.099999999999995,670.0,-1.7047480344772339,0.0,2.0412204265594482,0.0,2.0149030685424805,0.0,2.0412204265594482,0.0,2.054123640060425,0.0,1.9021074771881104,0.015037775039672852,1.8245493173599243,0.0,2.1282317638397217,0.0,2.2082743644714355,0.0,1.7578579187393188,0.035091280937194824,1.808288812637329,0.0,0.04755762591958046,4.826542854309082,4.392536640167236,4.823272705078125,4.392977237701416,0.10000000149011612,-0.30000001192092896,-0.0004405975341796875,-0.0015816688537597656,1.350440740274976,1.350440740274976
2015-12-01,4.820384455388081,4.403069840173823,2.7499441264825824,1.24898332790488,1.6000000000000074,-4.695209957,1.04128521415191,-4.5,6.699999999999999,6.499999999999997,6.699999999999995,6.799999999999995,5.700000000000002,5.2,7.399999999999992,8.099999999999998,4.799999999999995,5.099999999999995,671.0,-1.7047480344772339,0.0,2.0412204265594482,0.0,2.0149030685424805,0.0,2.0412204265594482,0.0,2.054123640060425,0.0,1.9021074771881104,0.0,1.8245493173599243,0.0,2.1282317638397217,0.0,2.2082743644714355,0.0,1.7578579187393188,0.0,1.808288812637329,0.0,-0.14901503920555115,4.822786331176758,4.400264263153076,4.826542854309082,4.392536640167236,-0.4000000059604645,0.0,0.007727622985839844,-0.0004405975341796875,1.3979983651114376,1.350440740274976
2016-01-01,4.831171127261329,4.403161340046257,2.5893122343323225,1.24898332790488,1.6000000000000074,-8.323229248,1.26027803032056,-4.5,6.699999999999999,6.499999999999997,6.699999999999995,6.799999999999995,5.700000000000002,5.2,7.399999999999992,8.099999999999998,4.699999999999996,5.099999999999995,672.0,-1.7047480344772339,0.0,2.0412204265594482,0.0,2.0149030685424805,0.0,2.0412204265594482,0.0,2.054123640060425,0.0,1.9021074771881104,0.0,1.8245493173599243,0.0,2.1282317638397217,0.0,2.2082743644714355,0.0,1.7404661178588867,-0.01739180088043213,1.808288812637329,0.0,0.0,4.820384502410889,4.403069972991943,4.822786331176758,4.400264263153076,0.30000001192092896,0.0,0.0028057098388671875,0.007727622985839844,1.24898332790488,1.3979983651114376
2016-02-01,4.828537547662704,4.393059337471932,2.546751177656473,1.1379820462933719,1.4000000000000075,-1.205371015,-1.3290306628174,-4.5,6.499999999999999,6.399999999999998,6.699999999999995,6.799999999999995,5.700000000000002,5.2,7.399999999999992,8.099999999999998,4.699999999999996,5.099999999999995,673.0,-1.7047480344772339,0.0,2.0149030685424805,-0.026317358016967773,2.0014801025390625,-0.013422966003417969,2.0412204265594482,0.0,2.054123640060425,0.0,1.9021074771881104,0.0,1.8245493173599243,0.0,2.1282317638397217,0.0,2.2082743644714355,0.0,1.7404661178588867,0.0,1.808288812637329,0.0,-0.11100128293037415,4.831171035766602,4.403161525726318,4.820384502410889,4.403069972991943,-0.20000000298023224,0.0,9.1552734375e-05,0.0028057098388671875,1.24898332790488,1.24898332790488
2016-03-01,4.83055701354647,4.39199354954795,2.758614908216214,0.7326682560454167,0.8000000000000075,6.85554797,-0.504959334804575,-3.9,6.3999999999999995,6.299999999999998,6.7999999999999945,6.799999999999995,5.700000000000002,5.1000000000000005,7.399999999999992,8.099999999999998,4.699999999999996,5.099999999999995,674.0,-1.5892351865768433,0.11551284790039062,2.0014801025390625,-0.013422966003417969,1.9878743886947632,-0.013605713844299316,2.054123640060425,0.012903213500976562,2.054123640060425,0.0,1.9021074771881104,0.0,1.808288812637329,-0.016260504722595215,2.1282317638397217,0.0,2.2082743644714355,0.0,1.7404661178588867,0.0,1.808288812637329,0.0,-0.40531378984451294,4.828537464141846,4.393059253692627,4.831171035766602,4.403161525726318,-0.4000000059604645,0.6000000238418579,-0.010102272033691406,9.1552734375e-05,1.1379820462933719,1.24898332790488
2016-04-01,4.83239201165426,4.38242445553267,2.836853088732133,0.568824898732254,0.6000000000000074,-0.238619737,-0.0179797666875915,-3.9,6.499999999999999,6.299999999999998,6.7999999999999945,6.799999999999995,5.800000000000002,5.1000000000000005,7.399999999999992,8.099999999999998,4.699999999999996,5.099999999999995,675.0,-1.5892351865768433,0.0,2.0149030685424805,0.013422966003417969,1.9878743886947632,0.0,2.054123640060425,0.0,2.054123640060425,0.0,1.9169225692749023,0.014815092086791992,1.808288812637329,0.0,2.1282317638397217,0.0,2.2082743644714355,0.0,1.7404661178588867,0.0,1.808288812637329,0.0,-0.16384336352348328,4.830556869506836,4.391993522644043,4.828537464141846,4.393059253692627,0.4000000059604645,-0.6000000238418579,-0.0010657310485839844,-0.010102272033691406,0.7326682560454167,1.1379820462933719
2016-05-01,4.831892922328191,4.37239675334628,2.9708255969576647,0.2956730475634296,0.3000000000000074,3.62840297,-1.96217524736263,-4.0,6.499999999999999,6.299999999999998,6.7999999999999945,6.799999999999995,5.900000000000001,5.1000000000000005,7.399999999999992,8.099999999999998,4.699999999999996,5.099999999999995,676.0,-1.6094379425048828,-0.02020275592803955,2.0149030685424805,0.0,1.9878743886947632,0.0,2.054123640060425,0.0,2.054123640060425,0.0,1.9315214157104492,0.014598846435546875,1.808288812637329,0.0,2.1282317638397217,0.0,2.2082743644714355,0.0,1.7404661178588867,0.0,1.808288812637329,0.0,-0.27315184473991394,4.83239221572876,4.382424354553223,4.830556869506836,4.391993522644043,-0.10000000149011612,-0.10000000149011612,-0.009569168090820312,-0.0010657310485839844,0.568824898732254,0.7326682560454167
2016-06-01,4.838793239717731,4.380966285202026,3.0108417471872033,0.2956730475634296,0.3000000000000074,1.734983433,0.212506665826049,-3.9,6.499999999999999,6.399999999999998,6.7999999999999945,6.899999999999995,5.900000000000001,5.000000000000001,7.399999999999992,8.199999999999998,4.799999999999995,5.099999999999995,677.0,-1.5892351865768433,0.02020275592803955,2.0149030685424805,0.0,2.0014801025390625,0.013605713844299316,2.054123640060425,0.0,2.0668628215789795,0.012739181518554688,1.9315214157104492,0.0,1.7917594909667969,-0.016529321670532227,2.1282317638397217,0.0,2.219203472137451,0.010929107666015625,1.7578579187393188,0.01739180088043213,1.808288812637329,0.0,0.0,4.831892967224121,4.372396945953369,4.83239221572876,4.382424354553223,0.30000001192092896,0.20000000298023224,-0.010027408599853516,-0.009569168090820312,0.2956730475634296,0.568824898732254
2016-07-01,4.833913838293712,4.390240185920881,2.9229231768887676,-0.09983407889920014,-0.0999999999999926,-2.029705992,0.842945729423647,-3.9,6.199999999999999,5.999999999999997,6.7999999999999945,6.899999999999995,5.900000000000001,5.000000000000001,7.399999999999992,8.199999999999998,4.799999999999995,5.099999999999995,678.0,-1.5892351865768433,0.0,1.974081039428711,-0.04082202911376953,1.945910096168518,-0.055570006370544434,2.054123640060425,0.0,2.0668628215789795,0.0,1.9315214157104492,0.0,1.7917594909667969,0.0,2.1282317638397217,0.0,2.219203472137451,0.0,1.7578579187393188,0.0,1.808288812637329,0.0,-0.3955071270465851,4.8387932777404785,4.3809661865234375,4.831892967224121,4.372396945953369,-0.4000000059604645,-0.10000000149011612,0.00856924057006836,-0.010027408599853516,0.2956730475634296,0.2956730475634296
2016-08-01,4.836863086440016,4.383432907908006,2.922475992890176,7.327471962526006e-15,7.41073868937292e-15,2.579668896,-0.794350604408474,-3.8,6.199999999999999,5.999999999999997,6.7999999999999945,6.899999999999995,5.900000000000001,5.000000000000001,7.399999999999992,8.199999999999998,4.799999999999995,5.099999999999995,679.0,-1.5686159133911133,0.02061927318572998,1.974081039428711,0.0,1.945910096168518,0.0,2.054123640060425,0.0,2.0668628215789795,0.0,1.9315214157104492,0.0,1.7917594909667969,0.0,2.1282317638397217,0.0,2.219203472137451,0.0,1.7578579187393188,0.0,1.808288812637329,0.0,0.09983407706022263,4.833913803100586,4.39024019241333,4.8387932777404785,4.3809661865234375,0.5,0.10000000149011612,0.009274005889892578,0.00856924057006836,-0.09983407889920014,0.2956730475634296
2016-09-01,4.835976185870779,4.387519695154841,2.930745645659936,-0.19869011034923423,-0.1999999999999926,2.323936377,0.0834484161127181,-3.9,6.199999999999999,5.799999999999997,6.7999999999999945,6.899999999999995,5.900000000000001,5.000000000000001,7.399999999999992,8.199999999999998,4.999999999999996,5.099999999999995,680.0,-1.5892351865768433,-0.02061927318572998,1.974081039428711,0.0,1.9169225692749023,-0.028987526893615723,2.054123640060425,0.0,2.0668628215789795,0.0,1.9315214157104492,0.0,1.7917594909667969,0.0,2.1282317638397217,0.0,2.219203472137451,0.0,1.7917594909667969,0.03390157222747803,1.808288812637329,0.0,-0.19869011640548706,4.836863040924072,4.383432865142822,4.833913803100586,4.39024019241333,-0.30000001192092896,-0.20000000298023224,-0.0068073272705078125,0.009274005889892578,7.327471962526006e-15,-0.09983407889920014
2016-10-01,4.842879443351814,4.402056638078939,3.025330329277876,-0.2956730475634154,-0.2999999999999926,2.693134693,0.488672932542925,-3.9,6.199999999999999,5.599999999999997,6.7999999999999945,6.899999999999995,5.700000000000001,5.000000000000001,7.399999999999992,8.199999999999998,4.999999999999996,5.099999999999995,681.0,-1.5892351865768433,0.0,1.974081039428711,0.0,1.8870697021484375,-0.029852867126464844,2.054123640060425,0.0,2.0668628215789795,0.0,1.9021074771881104,-0.029413938522338867,1.7917594909667969,0.0,2.1282317638397217,0.0,2.219203472137451,0.0,1.7917594909667969,0.0,1.808288812637329,0.0,-0.0969829335808754,4.8359761238098145,4.387519836425781,4.836863040924072,4.383432865142822,0.10000000149011612,0.10000000149011612,0.004086971282958984,-0.0068073272705078125,-0.19869011034923423,7.327471962526006e-15
2016-11-01,4.843582036902489,4.41450868433312,2.937484026971243,7.327471962526006e-15,7.382983113757291e-15,-1.298644446,1.40856900816035,-4.1,6.199999999999999,4.999999999999997,6.7999999999999945,6.899999999999995,5.700000000000001,5.000000000000001,7.399999999999992,8.199999999999998,4.999999999999996,5.099999999999995,682.0,-1.6292405128479004,-0.04000532627105713,1.974081039428711,0.0,1.7917594909667969,-0.09531021118164062,2.054123640060425,0.0,2.0668628215789795,0.0,1.9021074771881104,0.0,1.7917594909667969,0.0,2.1282317638397217,0.0,2.219203472137451,0.0,1.7917594909667969,0.0,1.808288812637329,0.0,0.29567304253578186,4.842879295349121,4.402056694030762,4.8359761238098145,4.387519836425781,0.4000000059604645,-0.20000000298023224,0.014536857604980469,0.004086971282958984,-0.2956730475634154,-0.19869011034923423
2016-12-01,4.8433128839584425,4.408064951154573,3.063961259740463,-0.48121182505959686,-0.4999999999999926,8.369002693,-1.98229800666983,-4.1,6.199999999999999,4.799999999999997,6.7999999999999945,6.899999999999995,5.700000000000001,5.000000000000001,7.399999999999992,8.199999999999998,4.999999999999996,5.099999999999995,683.0,-1.6292405128479004,0.0,1.974081039428711,0.0,1.7578579187393188,-0.03390157222747803,2.054123640060425,0.0,2.0668628215789795,0.0,1.9021074771881104,0.0,1.7917594909667969,0.0,2.1282317638397217,0.0,2.219203472137451,0.0,1.7917594909667969,0.0,1.808288812637329,0.0,-0.4812118113040924,4.8435821533203125,4.414508819580078,4.842879295349121,4.402056694030762,-0.800000011920929,0.20000000298023224,0.012452125549316406,0.014536857604980469,7.327471962526006e-15,-0.2956730475634154
2017-01-01,4.850902890095625,4.396832448173388,3.0699756394884217,-0.7326682560454051,-0.7999999999999926,-6.525532971,-0.493518411487957,-4.1,6.199999999999999,4.599999999999997,6.7999999999999945,6.899999999999995,5.700000000000001,5.000000000000001,7.399999999999992,8.199999999999998,5.099999999999995,5.099999999999995,684.0,-1.6292405128479004,0.0,1.974081039428711,0.0,1.722766637802124,-0.035091280937194824,2.054123640060425,0.0,2.0668628215789795,0.0,1.9021074771881104,0.0,1.7917594909667969,0.0,2.1282317638397217,0.0,2.219203472137451,0.0,1.808288812637329,0.016529321670532227,1.808288812637329,0.0,-0.25145643949508667,4.843312740325928,4.408064842224121,4.8435821533203125,4.414508819580078,0.20000000298023224,0.0,-0.006443977355957031,0.012452125549316406,-0.48121182505959686,7.327471962526006e-15
2017-02-01,4.854633863305596,4.396708107489089,3.087007962140917,-0.7326682560454051,-0.7999999999999926,-0.854644913,-0.798846939971036,-4.3,6.199999999999999,4.299999999999997,6.7999999999999945,6.899999999999995,5.600000000000001,5.000000000000001,7.399999999999992,8.199999999999998,4.999999999999996,5.099999999999995,685.0,-1.667706847190857,-0.03846633434295654,1.974081039428711,0.0,1.667706847190857,-0.05505979061126709,2.054123640060425,0.0,2.0668628215789795,0.0,1.8870697021484375,-0.015037775039672852,1.7917594909667969,0.0,2.1282317638397217,0.0,2.219203472137451,0.0,1.7917594909667969,-0.016529321670532227,1.808288812637329,0.0,0.0,4.850903034210205,4.396832466125488,4.843312740325928,4.408064842224121,0.30000001192092896,-0.20000000298023224,-0.011232376098632812,-0.006443977355957031,-0.7326682560454051,-0.48121182505959686
2017-03-01,4.859933184789537,4.386733726414799,3.0076784727927666,-0.9503469298211292,-1.0999999999999925,-5.670708303,-0.121087344448709,-4.3,6.199999999999999,3.8999999999999972,6.7999999999999945,6.899999999999995,5.300000000000002,5.000000000000001,7.399999999999992,8.199999999999998,4.999999999999996,5.099999999999995,686.0,-1.667706847190857,0.0,1.974081039428711,0.0,1.5892351865768433,-0.07847166061401367,2.054123640060425,0.0,2.0668628215789795,0.0,1.8405495882034302,-0.046520113945007324,1.7917594909667969,0.0,2.1282317638397217,0.0,2.219203472137451,0.0,1.7917594909667969,0.0,1.808288812637329,0.0,-0.21767868101596832,4.854633808135986,4.396708011627197,4.850903034210205,4.396832466125488,-0.30000001192092896,0.20000000298023224,-0.00012445449829101562,-0.011232376098632812,-0.7326682560454051,-0.7326682560454051
2017-04-01,4.861954058500875,4.381314431117127,3.0407656958375324,-0.7326682560454049,-0.7999999999999925,3.939495425,-0.663829125659912,-4.2,6.199999999999999,3.699999999999997,6.7999999999999945,6.899999999999995,5.100000000000001,5.000000000000001,7.399999999999992,8.199999999999998,4.999999999999996,5.099999999999995,687.0,-1.6486586332321167,0.019048213958740234,1.974081039428711,0.0,1.5475624799728394,-0.041672706604003906,2.054123640060425,0.0,2.0668628215789795,0.0,1.808288812637329,-0.032260775566101074,1.7917594909667969,0.0,2.1282317638397217,0.0,2.219203472137451,0.0,1.7917594909667969,0.0,1.808288812637329,0.0,0.21767868101596832,4.859933376312256,4.386733531951904,4.854633808135986,4.396708011627197,0.6000000238418579,0.10000000149011612,-0.009974479675292969,-0.00012445449829101562,-0.9503469298211292,-0.7326682560454051
2017-05-01,4.863735431532651,4.388583081624815,2.989456627142755,-1.0784510589548928,-1.2999999999999925,0.713942568,1.43379094990376,-4.2,6.199999999999999,3.699999999999997,6.7999999999999945,6.999999999999995,5.100000000000001,5.000000000000001,7.399999999999992,8.199999999999998,5.199999999999996,5.099999999999995,688.0,-1.6486586332321167,0.0,1.974081039428711,0.0,1.5475624799728394,0.0,2.054123640060425,0.0,2.079441547393799,0.012578725814819336,1.808288812637329,0.0,1.7917594909667969,0.0,2.1282317638397217,0.0,2.219203472137451,0.0,1.8245493173599243,0.03278982639312744,1.808288812637329,0.0,-0.3457828164100647,4.861954212188721,4.381314277648926,4.859933376312256,4.386733531951904,-0.800000011920929,-0.10000000149011612,-0.005419254302978516,-0.009974479675292969,-0.7326682560454049,-0.9503469298211292
2017-06-01,4.863520800939083,4.395370532542589,2.917923134135129,-1.3979983651114314,-1.8999999999999924,-1.0149601,0.730276006529921,-4.1000000000000005,6.199999999999999,3.699999999999997,6.7999999999999945,6.999999999999995,4.500000000000002,5.000000000000001,7.399999999999992,8.199999999999998,5.199999999999996,5.099999999999995,689.0,-1.6292405128479004,0.01941812038421631,1.974081039428711,0.0,1.5475624799728394,0.0,2.054123640060425,0.0,2.079441547393799,0.0,1.7047480344772339,-0.10354077816009521,1.7917594909667969,0.0,2.1282317638397217,0.0,2.219203472137451,0.0,1.8245493173599243,0.0,1.808288812637329,0.0,-0.31954729557037354,4.863735198974609,4.388583183288574,4.861954212188721,4.381314277648926,-0.10000000149011612,0.10000000149011612,0.0072689056396484375,-0.005419254302978516,-1.0784510589548928,-0.7326682560454049
2017-07-01,4.86241917956139,4.4017238029780845,2.948902711931699,-1.4874828366412673,-2.0999999999999925,2.989467579,-0.544231264677252,-4.2,6.199999999999999,3.599999999999997,6.7999999999999945,6.999999999999995,3.5000000000000018,5.000000000000001,7.399999999999992,8.199999999999998,5.199999999999996,5.099999999999995,690.0,-1.6486586332321167,-0.01941812038421631,1.974081039428711,0.0,1.5260562896728516,-0.021506190299987793,2.054123640060425,0.0,2.079441547393799,0.0,1.504077434539795,-0.20067059993743896,1.7917594909667969,0.0,2.1282317638397217,0.0,2.219203472137451,0.0,1.8245493173599243,0.0,1.808288812637329,0.0,-0.08948446810245514,4.863520622253418,4.3953704833984375,4.863735198974609,4.388583183288574,0.4000000059604645,-0.20000000298023224,0.006787300109863281,0.0072689056396484375,-1.3979983651114314,-1.0784510589548928
2017-08-01,4.868906465587715,4.3942043222342875,2.9747059255049892,-1.5296604950903998,-2.1999999999999926,4.383196058,-1.35342231926918,-4.1000000000000005,6.199999999999999,3.499999999999997,6.7999999999999945,6.999999999999995,3.0000000000000018,5.000000000000001,7.399999999999992,8.199999999999998,5.199999999999996,5.099999999999995,691.0,-1.6292405128479004,0.01941812038421631,1.974081039428711,0.0,1.504077434539795,-0.02197885513305664,2.054123640060425,0.0,2.079441547393799,0.0,1.3862943649291992,-0.1177830696105957,1.7917594909667969,0.0,2.1282317638397217,0.0,2.219203472137451,0.0,1.8245493173599243,0.0,1.808288812637329,0.0,-0.04217765852808952,4.862419128417969,4.401723861694336,4.863520622253418,4.3953704833984375,0.10000000149011612,0.20000000298023224,0.0063533782958984375,0.006787300109863281,-1.4874828366412673,-1.3979983651114314
2017-09-01,4.871095680140092,4.3968011273557215,3.0064478509674357,-1.248983327904872,-1.5999999999999925,0.419740903,-0.923111155021627,-4.1000000000000005,6.199999999999999,3.2999999999999967,6.7999999999999945,6.999999999999995,3.0000000000000018,5.000000000000001,7.399999999999992,8.199999999999998,5.199999999999996,5.099999999999995,692.0,-1.6292405128479004,0.0,1.974081039428711,0.0,1.4586150646209717,-0.04546236991882324,2.054123640060425,0.0,2.079441547393799,0.0,1.3862943649291992,0.0,1.7917594909667969,0.0,2.1282317638397217,0.0,2.219203472137451,0.0,1.8245493173599243,0.0,1.808288812637329,0.0,0.2806771695613861,4.868906497955322,4.394204139709473,4.862419128417969,4.401723861694336,0.699999988079071,-0.10000000149011612,-0.007519721984863281,0.0063533782958984375,-1.5296604950903998,-1.4874828366412673
2017-10-01,4.871787939367299,4.398689644898857,3.0406582576127716,-1.3008204268406434,-1.6999999999999926,1.644490288,-0.815418345041353,-3.9000000000000004,6.199999999999999,3.2999999999999967,6.7999999999999945,6.999999999999995,3.0000000000000018,5.000000000000001,7.399999999999992,8.199999999999998,5.199999999999996,5.099999999999995,693.0,-1.5892351865768433,0.04000532627105713,1.974081039428711,0.0,1.4586150646209717,0.0,2.054123640060425,0.0,2.079441547393799,0.0,1.3862943649291992,0.0,1.7917594909667969,0.0,2.1282317638397217,0.0,2.219203472137451,0.0,1.8245493173599243,0.0,1.808288812637329,0.0,-0.051837097853422165,4.871095657348633,4.396800994873047,4.868906497955322,4.394204139709473,-0.699999988079071,0.20000000298023224,0.0025968551635742188,-0.007519721984863281,-1.248983327904872,-1.5296604950903998
2017-11-01,4.881065780789536,4.40688640402449,3.131150028584088,-1.0784510589548928,-1.2999999999999927,4.525937542,-1.04043839588358,-3.9000000000000004,6.1,3.399999999999997,6.7999999999999945,6.999999999999995,2.9000000000000017,5.000000000000001,7.399999999999992,8.199999999999998,5.399999999999996,5.099999999999995,694.0,-1.5892351865768433,0.0,1.9600948095321655,-0.01398622989654541,1.4816045761108398,0.022989511489868164,2.054123640060425,0.0,2.079441547393799,0.0,1.3609765768051147,-0.025317788124084473,1.7917594909667969,0.0,2.1282317638397217,0.0,2.219203472137451,0.0,1.8562979698181152,0.03174865245819092,1.808288812637329,0.0,0.22236937284469604,4.871788024902344,4.3986897468566895,4.871095657348633,4.396800994873047,0.5,-0.20000000298023224,0.0018887519836425781,0.0025968551635742188,-1.3008204268406434,-1.248983327904872
2017-12-01,4.882527545638021,4.40349218002569,3.1507304674532657,-1.248983327904872,-1.5999999999999928,2.928583736,-1.58147192100705,-3.8000000000000003,5.8999999999999995,3.499999999999997,6.899999999999994,6.7999999999999945,2.9000000000000017,5.000000000000001,7.399999999999992,8.199999999999998,5.399999999999996,5.199999999999995,695.0,-1.5686159133911133,0.02061927318572998,1.9315214157104492,-0.02857339382171631,1.504077434539795,0.022472858428955078,2.0668628215789795,0.012739181518554688,2.054123640060425,-0.025317907333374023,1.3609765768051147,0.0,1.7917594909667969,0.0,2.1282317638397217,0.0,2.219203472137451,0.0,1.8562979698181152,0.0,1.8245493173599243,0.016260504722595215,-0.17053227126598358,4.881065845489502,4.406886577606201,4.871788024902344,4.3986897468566895,-0.699999988079071,0.10000000149011612,0.008196830749511719,0.0018887519836425781,-1.0784510589548928,-1.3008204268406434
2018-01-01,4.886365647878157,4.409535546061924,3.242641081087227,-1.3979983651114314,-1.8999999999999928,-0.758449929,-0.536839314559424,-3.8000000000000003,5.8999999999999995,3.499999999999997,6.899999999999994,6.7999999999999945,2.9000000000000017,5.000000000000001,7.399999999999992,8.199999999999998,5.399999999999996,5.2999999999999945,696.0,-1.5686159133911133,0.0,1.9315214157104492,0.0,1.504077434539795,0.0,2.0668628215789795,0.0,2.054123640060425,0.0,1.3609765768051147,0.0,1.7917594909667969,0.0,2.1282317638397217,0.0,2.219203472137451,0.0,1.8562979698181152,0.0,1.8405495882034302,0.01600027084350586,-0.14901503920555115,4.8825273513793945,4.403491973876953,4.881065845489502,4.406886577606201,0.0,-0.10000000149011612,-0.003394603729248047,0.008196830749511719,-1.248983327904872,-1.0784510589548928
2018-02-01,4.88984513991926,4.41145871772184,3.216648674798842,-1.443635475178808,-1.999999999999993,-1.965899671,-0.400158810193428,-3.8000000000000003,5.8999999999999995,3.499999999999997,6.899999999999994,6.7999999999999945,2.8000000000000016,5.000000000000001,7.399999999999992,8.199999999999998,5.399999999999996,5.2999999999999945,697.0,-1.5686159133911133,0.0,1.9315214157104492,0.0,1.504077434539795,0.0,2.0668628215789795,0.0,2.054123640060425,0.0,1.3350011110305786,-0.025975465774536133,1.7917594909667969,0.0,2.1282317638397217,0.0,2.219203472137451,0.0,1.8562979698181152,0.0,1.8405495882034302,0.0,-0.0456371083855629,4.8863654136657715,4.4095354080200195,4.8825273513793945,4.403491973876953,0.20000000298023224,0.0,0.006043434143066406,-0.003394603729248047,-1.3979983651114314,-1.248983327904872
2018-03-01,4.886186377367996,4.4089298265227805,3.2248998311090324,-1.8184464592320657,-2.999999999999993,0.146118883,-0.47930252563936,-3.6,5.8999999999999995,3.699999999999997,6.899999999999994,6.7999999999999945,2.9000000000000017,5.000000000000001,7.399999999999992,8.199999999999998,5.399999999999996,5.2999999999999945,698.0,-1.5260562896728516,0.04255962371826172,1.9315214157104492,0.0,1.5475624799728394,0.043485045433044434,2.0668628215789795,0.0,2.054123640060425,0.0,1.3609765768051147,0.025975465774536133,1.7917594909667969,0.0,2.1282317638397217,0.0,2.219203472137451,0.0,1.8562979698181152,0.0,1.8405495882034302,0.0,-0.37481099367141724,4.889845371246338,4.411458492279053,4.8863654136657715,4.4095354080200195,-0.8999999761581421,0.20000000298023224,0.0019230842590332031,0.006043434143066406,-1.443635475178808,-1.3979983651114314
2018-04-01,4.891535339898793,4.404614313933481,3.2773167477858727,-1.9928357649397401,-3.599999999999993,1.493971087,-0.393689868703121,-2.7,5.8,3.699999999999997,6.899999999999994,6.7999999999999945,3.0000000000000018,5.000000000000001,7.399999999999992,8.199999999999998,5.399999999999996,5.2999999999999945,699.0,-1.3083328008651733,0.21772348880767822,1.9169225692749023,-0.014598846435546875,1.5475624799728394,0.0,2.0668628215789795,0.0,2.054123640060425,0.0,1.3862943649291992,0.025317788124084473,1.7917594909667969,0.0,2.1282317638397217,0.0,2.219203472137451,0.0,1.8562979698181152,0.0,1.8405495882034302,0.0,-0.1743893027305603,4.886186599731445,4.408929824829102,4.889845371246338,4.411458492279053,0.4000000059604645,0.699999988079071,-0.002528667449951172,0.0019230842590332031,-1.8184464592320657,-1.443635475178808
2018-05-01,4.889621125145196,4.401474995793836,3.329362026283697,-1.9092740140163365,-3.299999999999993,2.339676837,-0.815114485317627,-2.7,5.8,3.799999999999997,6.899999999999994,6.899999999999994,3.0000000000000018,5.1000000000000005,7.399999999999992,8.199999999999998,5.399999999999996,5.2999999999999945,700.0,-1.3083328008651733,0.0,1.9169225692749023,0.0,1.5686159133911133,0.021053433418273926,2.0668628215789795,0.0,2.0668628215789795,0.012739181518554688,1.3862943649291992,0.0,1.808288812637329,0.016529321670532227,2.1282317638397217,0.0,2.219203472137451,0.0,1.8562979698181152,0.0,1.8405495882034302,0.0,0.08356174826622009,4.89153528213501,4.404614448547363,4.886186599731445,4.408929824829102,0.8999999761581421,-0.8999999761581421,-0.004315376281738281,-0.002528667449951172,-1.9928357649397401,-1.8184464592320657
2018-06-01,4.88812719790755,4.409625641556826,3.296610408075359,-1.9378792776644977,-3.3999999999999932,1.996797662,0.318160019863852,-2.7,5.8,3.799999999999997,6.899999999999994,6.899999999999994,3.100000000000002,5.1000000000000005,7.399999999999992,8.199999999999998,5.399999999999996,5.199999999999995,701.0,-1.3083328008651733,0.0,1.9169225692749023,0.0,1.5686159133911133,0.0,2.0668628215789795,0.0,2.0668628215789795,0.0,1.4109870195388794,0.024692654609680176,1.808288812637329,0.0,2.1282317638397217,0.0,2.219203472137451,0.0,1.8562979698181152,0.0,1.8245493173599243,-0.01600027084350586,-0.02860526368021965,4.889621257781982,4.401474952697754,4.89153528213501,4.404614448547363,-0.4000000059604645,0.0,-0.003139495849609375,-0.004315376281738281,-1.9092740140163365,-1.9928357649397401
2018-07-01,4.890948354031205,4.415036622774848,3.3401969168044845,-2.045028204867631,-3.799999999999993,-0.178368055,0.69159853352161,-2.7,5.8,3.799999999999997,6.899999999999994,6.899999999999994,3.100000000000002,5.1000000000000005,7.399999999999992,8.199999999999998,5.399999999999996,5.199999999999995,702.0,-1.3083328008651733,0.0,1.9169225692749023,0.0,1.5686159133911133,0.0,2.0668628215789795,0.0,2.0668628215789795,0.0,1.4109870195388794,0.0,1.808288812637329,0.0,2.1282317638397217,0.0,2.219203472137451,0.0,1.8562979698181152,0.0,1.8245493173599243,0.0,-0.10714893043041229,4.888127326965332,4.40962553024292,4.889621257781982,4.401474952697754,-0.30000001192092896,0.0,0.008150577545166016,-0.003139495849609375,-1.9378792776644977,-1.9092740140163365
2018-08-01,4.894803751586436,4.4216680766160845,3.2965078227527913,-2.1421119082369042,-4.199999999999993,0.985788895,-0.0998160207124707,-2.5,5.8,3.799999999999997,6.899999999999994,6.899999999999994,3.100000000000002,5.1000000000000005,7.399999999999992,8.199999999999998,5.399999999999996,5.199999999999995,703.0,-1.2527629137039185,0.05556988716125488,1.9169225692749023,0.0,1.5686159133911133,0.0,2.0668628215789795,0.0,2.0668628215789795,0.0,1.4109870195388794,0.0,1.808288812637329,0.0,2.1282317638397217,0.0,2.219203472137451,0.0,1.8562979698181152,0.0,1.8245493173599243,0.0,-0.09708370268344879,4.890948295593262,4.415036678314209,4.888127326965332,4.40962553024292,0.0,0.20000000298023224,0.0054111480712890625,0.008150577545166016,-2.045028204867631,-1.9378792776644977
2018-09-01,4.89131494381339,4.421974247033448,3.326481490343873,-2.2308141790009346,-4.599999999999993,2.757325602,-0.449875704629836,-2.1,5.8,3.8999999999999972,6.899999999999994,6.899999999999994,3.100000000000002,5.1000000000000005,7.399999999999992,8.199999999999998,5.499999999999996,4.7999999999999945,704.0,-1.1314021348953247,0.12136077880859375,1.9169225692749023,0.0,1.5892351865768433,0.02061927318572998,2.0668628215789795,0.0,2.0668628215789795,0.0,1.4109870195388794,0.0,1.808288812637329,0.0,2.1282317638397217,0.0,2.219203472137451,0.0,1.8718022108078003,0.015504240989685059,1.7578579187393188,-0.06669139862060547,-0.08870226889848709,4.894803524017334,4.42166805267334,4.890948295593262,4.415036678314209,-4.440892098500626e-16,0.20000000298023224,0.006631374359130859,0.0054111480712890625,-2.1421119082369042,-2.045028204867631
2018-10-01,4.896466330937702,4.436147884747733,3.331815045390418,-2.2926357520424046,-4.899999999999993,-1.800758892,1.15482181865272,-2.1,5.8,3.8999999999999972,6.899999999999994,6.899999999999994,3.100000000000002,5.1000000000000005,7.399999999999992,8.199999999999998,5.499999999999996,4.699999999999995,705.0,-1.1314021348953247,0.0,1.9169225692749023,0.0,1.5892351865768433,0.0,2.0668628215789795,0.0,2.0668628215789795,0.0,1.4109870195388794,0.0,1.808288812637329,0.0,2.1282317638397217,0.0,2.219203472137451,0.0,1.8718022108078003,0.0,1.7404661178588867,-0.01739180088043213,-0.06182157248258591,4.89131498336792,4.421974182128906,4.894803524017334,4.42166805267334,0.10000000149011612,-0.4000000059604645,0.00030612945556640625,0.006631374359130859,-2.2308141790009346,-2.1421119082369042
2018-11-01,4.891004698990718,4.438474546166805,3.115466825945108,-2.272441327386598,-4.799999999999994,-9.601653426,1.39872344945522,-2.2,5.8,3.8999999999999972,6.899999999999994,6.899999999999994,3.200000000000002,5.1000000000000005,7.499999999999992,8.199999999999998,5.599999999999995,4.699999999999995,706.0,-1.1631507873535156,-0.03174865245819092,1.9169225692749023,0.0,1.5892351865768433,0.0,2.0668628215789795,0.0,2.0668628215789795,0.0,1.435084581375122,0.024097561836242676,1.808288812637329,0.0,2.140066146850586,0.011834383010864258,2.219203472137451,0.0,1.8870697021484375,0.015267491340637207,1.7404661178588867,0.0,0.02019442431628704,4.896466255187988,4.436147689819336,4.89131498336792,4.421974182128906,0.4000000059604645,-0.10000000149011612,0.014173507690429688,0.00030612945556640625,-2.2926357520424046,-2.2308141790009346
2018-12-01,4.892701291322611,4.434650535911364,2.975529808562834,-2.272441327386598,-4.799999999999994,-5.156011602,0.646871468880816,-2.2,5.8,3.8999999999999972,6.899999999999994,6.899999999999994,3.300000000000002,5.1000000000000005,7.499999999999992,8.199999999999998,5.599999999999995,4.599999999999995,707.0,-1.1631507873535156,0.0,1.9169225692749023,0.0,1.5892351865768433,0.0,2.0668628215789795,0.0,2.0668628215789795,0.0,1.4586150646209717,0.02353048324584961,1.808288812637329,0.0,2.140066146850586,0.0,2.219203472137451,0.0,1.8870697021484375,0.0,1.722766637802124,-0.017699480056762695,0.0,4.89100456237793,4.438474655151367,4.896466255187988,4.436147689819336,-0.10000000149011612,0.10000000149011612,0.00232696533203125,0.014173507690429688,-2.272441327386598,-2.2926357520424046
2019-01-01,4.893077217874755,4.4180958486045965,3.0128099287557673,-2.312438341272747,-4.999999999999994,8.195745871,-3.05611934127177,-2.2,5.8,3.8999999999999972,6.899999999999994,6.899999999999994,3.300000000000002,5.1000000000000005,7.499999999999992,8.199999999999998,5.599999999999995,4.599999999999995,708.0,-1.1631507873535156,0.0,1.9169225692749023,0.0,1.5892351865768433,0.0,2.0668628215789795,0.0,2.0668628215789795,0.0,1.4586150646209717,0.0,1.808288812637329,0.0,2.140066146850586,0.0,2.219203472137451,0.0,1.8870697021484375,0.0,1.722766637802124,0.0,-0.03999701514840126,4.892701148986816,4.434650421142578,4.89100456237793,4.438474655151367,-0.20000000298023224,0.0,-0.0038242340087890625,0.00232696533203125,-2.272441327386598,-2.272441327386598
2019-02-01,4.894259323968298,4.413907484021754,3.077489218877775,-2.312438341272747,-4.999999999999994,-0.890980766,-0.506408565034856,-2.2,5.8,3.8999999999999972,6.999999999999994,6.899999999999994,3.300000000000002,5.1000000000000005,7.499999999999992,8.199999999999998,5.599999999999995,4.499999999999996,709.0,-1.1631507873535156,0.0,1.9169225692749023,0.0,1.5892351865768433,0.0,2.079441547393799,0.012578725814819336,2.0668628215789795,0.0,1.4586150646209717,0.0,1.808288812637329,0.0,2.140066146850586,0.0,2.219203472137451,0.0,1.8870697021484375,0.0,1.7047480344772339,-0.018018603324890137,0.0,4.893077373504639,4.41809606552124,4.892701148986816,4.434650421142578,0.20000000298023224,0.0,-0.01655435562133789,-0.0038242340087890625,-2.312438341272747,-2.272441327386598
2019-03-01,4.900119182618622,4.41272039939789,3.1304878521126516,-2.3880113222846475,-5.399999999999994,-1.207750862,-0.0793045461274921,-1.9000000000000001,5.8,3.8999999999999972,6.799999999999994,6.899999999999994,3.300000000000002,5.1000000000000005,7.499999999999992,8.199999999999998,5.599999999999995,4.499999999999996,710.0,-1.0647107362747192,0.09844005107879639,1.9169225692749023,0.0,1.5892351865768433,0.0,2.054123640060425,-0.025317907333374023,2.0668628215789795,0.0,1.4586150646209717,0.0,1.808288812637329,0.0,2.140066146850586,0.0,2.219203472137451,0.0,1.8870697021484375,0.0,1.7047480344772339,0.0,-0.07557298243045807,4.894259452819824,4.413907527923584,4.893077373504639,4.41809606552124,-0.4000000059604645,0.30000001192092896,-0.00418853759765625,-0.01655435562133789,-2.312438341272747,-2.312438341272747
2019-04-01,4.89853628678593,4.4093442866365145,3.2208233825144883,-2.406059125298014,-5.499999999999994,2.193495676,-1.03166158840917,-1.9000000000000001,5.8,3.8999999999999972,6.799999999999994,6.899999999999994,3.300000000000002,5.1000000000000005,7.499999999999992,8.199999999999998,5.599999999999995,4.399999999999996,711.0,-1.0647107362747192,0.0,1.9169225692749023,0.0,1.5892351865768433,0.0,2.054123640060425,0.0,2.0668628215789795,0.0,1.4586150646209717,0.0,1.808288812637329,0.0,2.140066146850586,0.0,2.219203472137451,0.0,1.8870697021484375,0.0,1.686398983001709,-0.018349051475524902,-0.01804780215024948,4.900119304656982,4.412720203399658,4.894259452819824,4.413907527923584,0.30000001192092896,-0.30000001192092896,-0.0011873245239257812,-0.00418853759765625,-2.3880113222846475,-2.312438341272747
2019-05-01,4.899410201226259,4.4015324532208195,3.1713350415562016,-2.4752052194025667,-5.899999999999994,-1.464220128,-0.363471257408611,-1.8,5.8,3.8999999999999972,6.799999999999994,6.899999999999994,3.300000000000002,5.1000000000000005,7.499999999999992,8.199999999999998,5.599999999999995,4.399999999999996,712.0,-1.0296194553375244,0.035091280937194824,1.9169225692749023,0.0,1.5892351865768433,0.0,2.054123640060425,0.0,2.0668628215789795,0.0,1.4586150646209717,0.0,1.808288812637329,0.0,2.140066146850586,0.0,2.219203472137451,0.0,1.8870697021484375,0.0,1.686398983001709,0.0,-0.06914609670639038,4.898536205291748,4.40934419631958,4.900119304656982,4.412720203399658,-0.30000001192092896,0.10000000149011612,-0.003376007080078125,-0.0011873245239257812,-2.406059125298014,-2.3880113222846475
2019-06-01,4.8931741954084575,4.402849244062404,3.0634635920666726,-2.5080878593376843,-6.099999999999994,-3.510864681,0.939548317042375,-1.8,5.8,3.8999999999999972,6.799999999999994,6.899999999999994,3.300000000000002,5.1000000000000005,7.499999999999992,8.199999999999998,5.599999999999995,4.299999999999996,713.0,-1.0296194553375244,0.0,1.9169225692749023,0.0,1.5892351865768433,0.0,2.054123640060425,0.0,2.0668628215789795,0.0,1.4586150646209717,0.0,1.808288812637329,0.0,2.140066146850586,0.0,2.219203472137451,0.0,1.8870697021484375,0.0,1.667706847190857,-0.01869213581085205,-0.03288263827562332,4.899410247802734,4.4015326499938965,4.898536205291748,4.40934419631958,0.20000000298023224,-0.10000000149011612,-0.007811546325683594,-0.003376007080078125,-2.4752052194025667,-2.406059125298014
2019-07-01,4.894730656222629,4.3984719781826485,3.108825799067716,-2.5080878593376843,-6.099999999999994,5.187527685,-1.41083319999139,-1.5,5.8,3.8999999999999972,6.799999999999994,6.7999999999999945,3.300000000000002,5.1000000000000005,7.499999999999992,8.199999999999998,5.599999999999995,3.7999999999999963,714.0,-0.9162907600402832,0.11332869529724121,1.9169225692749023,0.0,1.5892351865768433,0.0,2.054123640060425,0.0,2.054123640060425,-0.012739181518554688,1.4586150646209717,0.0,1.808288812637329,0.0,2.140066146850586,0.0,2.219203472137451,0.0,1.8870697021484375,0.0,1.5686159133911133,-0.09909093379974365,0.0,4.893174171447754,4.402849197387695,4.899410247802734,4.4015326499938965,0.20000000298023224,0.30000001192092896,0.0013165473937988281,-0.007811546325683594,-2.5080878593376843,-2.4752052194025667
2019-08-01,4.894310116594828,4.411005171506633,3.0627176220164394,-2.555493553174835,-6.399999999999994,-3.511695992,1.15869011634953,-1.4,5.7,3.8999999999999972,6.799999999999994,6.699999999999995,3.300000000000002,5.1000000000000005,7.499999999999992,8.199999999999998,5.499999999999996,3.699999999999996,715.0,-0.8754687309265137,0.04082202911376953,1.9021074771881104,-0.014815092086791992,1.5892351865768433,0.0,2.054123640060425,0.0,2.0412204265594482,-0.012903213500976562,1.4586150646209717,0.0,1.808288812637329,0.0,2.140066146850586,0.0,2.219203472137451,0.0,1.8718022108078003,-0.015267491340637207,1.5475624799728394,-0.021053433418273926,-0.04740569368004799,4.894730567932129,4.398471832275391,4.893174171447754,4.402849197387695,-0.30000001192092896,-0.20000000298023224,-0.0043773651123046875,0.0013165473937988281,-2.5080878593376843,-2.5080878593376843
2019-09-01,4.893156739621531,4.390853240324911,3.099852703884786,-2.6007779200572014,-6.699999999999994,3.482850548,-2.81401439407887,-1.2999999999999998,5.7,3.8999999999999972,6.799999999999994,6.699999999999995,3.300000000000002,5.1000000000000005,7.499999999999992,8.299999999999997,5.499999999999996,3.699999999999996,716.0,-0.832909107208252,0.04255962371826172,1.9021074771881104,0.0,1.5892351865768433,0.0,2.054123640060425,0.0,2.0412204265594482,0.0,1.4586150646209717,0.0,1.808288812637329,0.0,2.140066146850586,0.0,2.2300143241882324,0.01081085205078125,1.8718022108078003,0.0,1.5475624799728394,0.0,-0.045284368097782135,4.894309997558594,4.411005020141602,4.894730567932129,4.398471832275391,0.0,0.0,0.012533187866210938,-0.0043773651123046875,-2.555493553174835,-2.5080878593376843
2019-10-01,4.892144897184177,4.413868653633955,3.0434464785986752,-2.6007779200572014,-6.699999999999994,-3.133953828,2.06553858998331,-0.9999999999999998,5.6000000000000005,3.8999999999999972,6.799999999999994,6.699999999999995,3.300000000000002,5.1000000000000005,7.499999999999992,8.299999999999997,5.499999999999996,3.699999999999996,717.0,-0.6931471824645996,0.13976192474365234,1.8870697021484375,-0.015037775039672852,1.5892351865768433,0.0,2.054123640060425,0.0,2.0412204265594482,0.0,1.4586150646209717,0.0,1.808288812637329,0.0,2.140066146850586,0.0,2.2300143241882324,0.0,1.8718022108078003,0.0,1.5475624799728394,0.0,0.0,4.8931565284729,4.390853404998779,4.894309997558594,4.411005020141602,0.30000001192092896,0.20000000298023224,-0.020151615142822266,0.012533187866210938,-2.6007779200572014,-2.555493553174835
2019-11-01,4.893614947667381,4.424413160676242,3.096470449561753,-2.6007779200572014,-6.699999999999994,4.501930676,0.718255183986743,-0.4999999999999998,5.6000000000000005,3.8999999999999972,6.799999999999994,6.699999999999995,3.200000000000002,5.1000000000000005,7.499999999999992,8.299999999999997,5.499999999999996,3.499999999999996,718.0,-0.40546509623527527,0.28768208622932434,1.8870697021484375,0.0,1.5892351865768433,0.0,2.054123640060425,0.0,2.0412204265594482,0.0,1.435084581375122,-0.02353048324584961,1.808288812637329,0.0,2.140066146850586,0.0,2.2300143241882324,0.0,1.8718022108078003,0.0,1.504077434539795,-0.043485045433044434,0.0,4.892144680023193,4.413868427276611,4.8931565284729,4.390853404998779,0.0,0.20000000298023224,0.02301502227783203,-0.020151615142822266,-2.6007779200572014,-2.6007779200572014
2019-12-01,4.895441605423496,4.423104552442989,3.142833709489063,-2.61543304000393,-6.799999999999994,2.768565102,-0.188369318173939,-0.4999999999999998,5.6000000000000005,4.099999999999997,6.799999999999994,6.699999999999995,3.200000000000002,5.1000000000000005,7.499999999999992,8.299999999999997,5.499999999999996,3.499999999999996,719.0,-0.40546509623527527,0.0,1.8870697021484375,0.0,1.6292405128479004,0.04000532627105713,2.054123640060425,0.0,2.0412204265594482,0.0,1.435084581375122,0.0,1.808288812637329,0.0,2.140066146850586,0.0,2.2300143241882324,0.0,1.8718022108078003,0.0,1.504077434539795,0.0,-0.014655119739472866,4.893614768981934,4.424413204193115,4.892144680023193,4.413868427276611,-0.10000000149011612,-0.5,0.010544776916503906,0.02301502227783203,-2.6007779200572014,-2.6007779200572014
2020-01-01,4.849407114770367,4.41927697040791,3.10170339129215,-2.6007779200572014,-6.699999999999994,1.320389739,0.169613317540371,-0.29999999999999977,5.6000000000000005,4.099999999999997,6.799999999999994,6.699999999999995,3.200000000000002,5.000000000000001,7.499999999999992,8.299999999999997,5.499999999999996,3.399999999999996,720.0,-0.2623642683029175,0.1431008279323578,1.8870697021484375,0.0,1.6292405128479004,0.0,2.054123640060425,0.0,2.0412204265594482,0.0,1.435084581375122,0.0,1.7917594909667969,-0.016529321670532227,2.140066146850586,0.0,2.2300143241882324,0.0,1.8718022108078003,0.0,1.4816045761108398,-0.022472858428955078,0.014655119739472866,4.89544153213501,4.423104763031006,4.893614768981934,4.424413204193115,0.20000000298023224,0.20000000298023224,-0.001308441162109375,0.010544776916503906,-2.61543304000393,-2.6007779200572014
2020-02-01,4.854091958545109,4.408309396940002,2.9710801995867984,-2.61543304000393,-6.799999999999994,-7.072143001,1.88640496815394,-0.29999999999999977,5.6000000000000005,4.099999999999997,6.799999999999994,6.699999999999995,3.200000000000002,5.000000000000001,7.499999999999992,8.299999999999997,5.499999999999996,3.399999999999996,721.0,-0.2623642683029175,0.0,1.8870697021484375,0.0,1.6292405128479004,0.0,2.054123640060425,0.0,2.0412204265594482,0.0,1.435084581375122,0.0,1.7917594909667969,0.0,2.140066146850586,0.0,2.2300143241882324,0.0,1.8718022108078003,0.0,1.4816045761108398,0.0,-0.014655119739472866,4.849407196044922,4.419277191162109,4.89544153213501,4.423104763031006,-0.20000000298023224,-0.20000000298023224,-0.0038275718688964844,-0.001308441162109375,-2.6007779200572014,-2.61543304000393
2020-03-01,4.85107728955517,4.410683974895362,2.4260823869976873,-2.6298787064530655,-6.899999999999993,-20.8239803,3.27183483315941,-0.29999999999999977,5.6000000000000005,4.099999999999997,6.799999999999994,6.699999999999995,3.200000000000002,5.000000000000001,7.499999999999992,8.299999999999997,5.499999999999996,3.399999999999996,722.0,-0.2623642683029175,0.0,1.8870697021484375,0.0,1.6292405128479004,0.0,2.054123640060425,0.0,2.0412204265594482,0.0,1.435084581375122,0.0,1.7917594909667969,0.0,2.140066146850586,0.0,2.2300143241882324,0.0,1.8718022108078003,0.0,1.4816045761108398,0.0,-0.01444566622376442,4.854092121124268,4.408309459686279,4.849407196044922,4.419277191162109,0.0,0.0,-0.010967731475830078,-0.0038275718688964844,-2.61543304000393,-2.6007779200572014
2020-04-01,4.759621227658262,4.41391230290453,1.8660117232284332,-2.6441207610586255,-6.999999999999993,-8.786087426,2.82773855259309,-0.4999999999999998,5.4,4.099999999999997,6.799999999999994,6.699999999999995,3.200000000000002,5.000000000000001,7.499999999999992,8.299999999999997,5.099999999999995,3.399999999999996,723.0,-0.40546509623527527,-0.1431008279323578,1.8562979698181152,-0.030771732330322266,1.6292405128479004,0.0,2.054123640060425,0.0,2.0412204265594482,0.0,1.435084581375122,0.0,1.7917594909667969,0.0,2.140066146850586,0.0,2.2300143241882324,0.0,1.808288812637329,-0.06351339817047119,1.4816045761108398,0.0,-0.014242054894566536,4.851077079772949,4.410684108734131,4.854092121124268,4.408309459686279,0.0,-0.20000000298023224,0.0023746490478515625,-0.010967731475830078,-2.6298787064530655,-2.61543304000393
2020-05-01,4.766219097707187,4.268172721458846,2.412218652909184,-2.71246530518434,-7.499999999999993,7.373085841,-10.7043290077254,-0.7999999999999998,5.0,4.099999999999997,6.699999999999994,6.699999999999995,3.200000000000002,5.000000000000001,7.499999999999992,8.299999999999997,5.099999999999995,3.1999999999999957,724.0,-0.5877866744995117,-0.18232157826423645,1.7917594909667969,-0.06453847885131836,1.6292405128479004,0.0,2.0412204265594482,-0.012903213500976562,2.0412204265594482,0.0,1.435084581375122,0.0,1.7917594909667969,0.0,2.140066146850586,0.0,2.2300143241882324,0.0,1.808288812637329,0.0,1.435084581375122,-0.04651999473571777,-0.06834454089403152,4.7596211433410645,4.413912296295166,4.851077079772949,4.410684108734131,-0.4000000059604645,-0.10000000149011612,0.0032281875610351562,0.0023746490478515625,-2.6441207610586255,-2.6298787064530655
2020-06-01,4.813883812783678,4.252662774381495,2.70096105809844,-2.725595849263824,-7.5999999999999925,4.204339481,-3.15676259745645,-0.9999999999999998,4.6,4.099999999999997,6.599999999999994,6.699999999999995,2.800000000000002,5.000000000000001,7.499999999999992,8.299999999999997,5.099999999999995,2.799999999999996,725.0,-0.6931471824645996,-0.10536050796508789,1.722766637802124,-0.06899285316467285,1.6292405128479004,0.0,2.0281481742858887,-0.01307225227355957,2.0412204265594482,0.0,1.3350011110305786,-0.10008347034454346,1.7917594909667969,0.0,2.140066146850586,0.0,2.2300143241882324,0.0,1.808288812637329,0.0,1.3350011110305786,-0.10008347034454346,-0.013130543753504753,4.766219139099121,4.268172740936279,4.7596211433410645,4.413912296295166,0.4000000059604645,0.10000000149011612,-0.14573955535888672,0.0032281875610351562,-2.71246530518434,-2.6441207610586255
2020-07-01,4.844794573412263,4.271515209161135,2.756581924094169,-2.776472280723726,-7.999999999999993,-5.30168341,-1.57705852417878,-0.9999999999999998,3.8,4.099999999999997,6.399999999999994,6.699999999999995,2.800000000000002,5.000000000000001,7.499999999999992,8.299999999999997,5.099999999999995,2.099999999999996,726.0,-0.6931471824645996,0.0,1.5686159133911133,-0.15415072441101074,1.6292405128479004,0.0,2.0014801025390625,-0.026668071746826172,2.0412204265594482,0.0,1.3350011110305786,0.0,1.7917594909667969,0.0,2.140066146850586,0.0,2.2300143241882324,0.0,1.808288812637329,0.0,1.1314021348953247,-0.2035989761352539,-0.0508764311671257,4.8138837814331055,4.252662658691406,4.766219139099121,4.268172740936279,-0.30000001192092896,0.20000000298023224,-0.015510082244873047,-0.14573955535888672,-2.725595849263824,-2.71246530518434
2020-08-01,4.858350509228707,4.286925271815781,2.7918375114351974,-2.7888000409201585,-8.099999999999993,-1.14142265,-0.720366552952688,-0.9999999999999998,3.5999999999999996,4.099999999999997,6.399999999999994,6.599999999999995,2.800000000000002,5.000000000000001,7.499999999999992,8.299999999999997,5.099999999999995,1.999999999999996,727.0,-0.6931471824645996,0.0,1.5260562896728516,-0.04255962371826172,1.6292405128479004,0.0,2.0014801025390625,0.0,2.0281481742858887,-0.01307225227355957,1.3350011110305786,0.0,1.7917594909667969,0.0,2.140066146850586,0.0,2.2300143241882324,0.0,1.808288812637329,0.0,1.0986123085021973,-0.03278982639312744,-0.012327760457992554,4.844794750213623,4.271515369415283,4.8138837814331055,4.252662658691406,0.30000001192092896,0.0,0.018852710723876953,-0.015510082244873047,-2.776472280723726,-2.725595849263824
2020-09-01,4.873661166255573,4.2855167943145025,2.723344459825961,-2.8009787939192043,-8.199999999999992,-7.015257629,0.423870791849207,-1.0999999999999999,3.1999999999999997,4.099999999999997,6.399999999999994,6.599999999999995,2.500000000000002,5.000000000000001,7.499999999999992,8.299999999999997,5.099999999999995,1.999999999999996,728.0,-0.7419373393058777,-0.048790156841278076,1.435084581375122,-0.09097170829772949,1.6292405128479004,0.0,2.0014801025390625,0.0,2.0281481742858887,0.0,1.2527629137039185,-0.08223819732666016,1.7917594909667969,0.0,2.140066146850586,0.0,2.2300143241882324,0.0,1.808288812637329,0.0,1.0986123085021973,0.0,-0.012178752571344376,4.8583502769470215,4.286925315856934,4.844794750213623,4.271515369415283,0.0,-0.10000000149011612,0.01540994644165039,0.018852710723876953,-2.7888000409201585,-2.776472280723726
2020-10-01,4.881591311186162,4.292544116018062,2.7169014407459944,-2.8009787939192043,-8.199999999999992,-2.537472348,-1.64671369011504,-0.9999999999999999,2.9999999999999996,4.099999999999997,6.399999999999994,6.599999999999995,2.400000000000002,5.000000000000001,7.499999999999992,8.299999999999997,5.099999999999995,1.899999999999996,729.0,-0.6931471824645996,0.048790156841278076,1.3862943649291992,-0.04879021644592285,1.6292405128479004,0.0,2.0014801025390625,0.0,2.0281481742858887,0.0,1.2237753868103027,-0.028987526893615723,1.7917594909667969,0.0,2.140066146850586,0.0,2.2300143241882324,0.0,1.808288812637329,0.0,1.0647107362747192,-0.03390157222747803,0.0,4.873661041259766,4.285516738891602,4.8583502769470215,4.286925315856934,0.10000000149011612,0.20000000298023224,-0.0014085769653320312,0.01540994644165039,-2.8009787939192043,-2.7888000409201585
2020-11-01,4.89147665308053,4.317752825163763,2.7538268961669123,-2.8009787939192043,-8.199999999999992,3.193604999,1.09657807443268,-0.9999999999999999,2.4999999999999996,4.199999999999997,6.399999999999994,6.599999999999995,2.400000000000002,5.000000000000001,7.499999999999992,8.299999999999997,5.099999999999995,1.5999999999999959,730.0,-0.6931471824645996,0.0,1.2527629137039185,-0.13353145122528076,1.6486586332321167,0.01941812038421631,2.0014801025390625,0.0,2.0281481742858887,0.0,1.2237753868103027,0.0,1.7917594909667969,0.0,2.140066146850586,0.0,2.2300143241882324,0.0,1.808288812637329,0.0,0.9555114507675171,-0.10919928550720215,0.0,4.881591320037842,4.292543888092041,4.873661041259766,4.285516738891602,0.0,-0.10000000149011612,0.007027149200439453,-0.0014085769653320312,-2.8009787939192043,-2.8009787939192043
2020-12-01,4.903129556103374,4.324507062977226,2.889064233665639,-2.813012072716695,-8.299999999999992,3.76919967,-2.55625307003241,-0.9999999999999999,2.2999999999999994,4.199999999999997,6.399999999999994,6.599999999999995,2.400000000000002,5.000000000000001,7.499999999999992,8.299999999999997,5.099999999999995,1.5999999999999959,731.0,-0.6931471824645996,0.0,1.193922519683838,-0.058840394020080566,1.6486586332321167,0.0,2.0014801025390625,0.0,2.0281481742858887,0.0,1.2237753868103027,0.0,1.7917594909667969,0.0,2.140066146850586,0.0,2.2300143241882324,0.0,1.808288812637329,0.0,0.9555114507675171,0.0,-0.012033279053866863,4.891476631164551,4.317752838134766,4.881591320037842,4.292543888092041,-0.10000000149011612,0.0,0.02520895004272461,0.007027149200439453,-2.8009787939192043,-2.8009787939192043
2021-01-01,4.915192313810503,4.332447317955469,2.9873063332399195,-2.813012072716695,-8.299999999999992,1.77741278,-0.421746405839057,-1.0999999999999999,2.099999999999999,4.199999999999997,6.399999999999994,6.599999999999995,2.400000000000002,5.000000000000001,7.499999999999992,8.299999999999997,5.099999999999995,1.1999999999999957,732.0,-0.7419373393058777,-0.048790156841278076,1.1314021348953247,-0.06252038478851318,1.6486586332321167,0.0,2.0014801025390625,0.0,2.0281481742858887,0.0,1.2237753868103027,0.0,1.7917594909667969,0.0,2.140066146850586,0.0,2.2300143241882324,0.0,1.808288812637329,0.0,0.7884573340415955,-0.16705411672592163,0.0,4.903129577636719,4.324507236480713,4.891476631164551,4.317752838134766,0.10000000149011612,-0.10000000149011612,0.006754398345947266,0.02520895004272461,-2.813012072716695,-2.8009787939192043
2021-02-01,4.914722503749279,4.304935363058132,3.109916609378357,-2.7888000409201585,-8.099999999999993,0.730377459,-2.070745027132,-1.2999999999999998,1.9999999999999991,4.199999999999997,6.099999999999994,6.499999999999996,2.400000000000002,5.000000000000001,7.499999999999992,8.299999999999997,5.099999999999995,0.7999999999999957,733.0,-0.832909107208252,-0.09097176790237427,1.0986123085021973,-0.03278982639312744,1.6486586332321167,0.0,1.9600948095321655,-0.04138529300689697,2.0149030685424805,-0.013245105743408203,1.2237753868103027,0.0,1.7917594909667969,0.0,2.140066146850586,0.0,2.2300143241882324,0.0,1.808288812637329,0.0,0.5877866744995117,-0.20067065954208374,0.024212032556533813,4.915192127227783,4.332447528839111,4.903129577636719,4.324507236480713,0.20000000298023224,-0.10000000149011612,0.007940292358398438,0.006754398345947266,-2.813012072716695,-2.813012072716695
2021-03-01,4.919087439414601,4.331451582288779,3.157777556026934,-2.776472280723726,-7.999999999999993,4.432685573,1.56564035552944,-1.9,1.7999999999999992,4.199999999999997,6.099999999999994,6.199999999999996,2.400000000000002,5.000000000000001,7.499999999999992,8.299999999999997,5.099999999999995,0.2999999999999957,734.0,-1.0647107362747192,-0.23180162906646729,1.0296194553375244,-0.06899285316467285,1.6486586332321167,0.0,1.9600948095321655,0.0,1.974081039428711,-0.04082202911376953,1.2237753868103027,0.0,1.7917594909667969,0.0,2.140066146850586,0.0,2.2300143241882324,0.0,1.808288812637329,0.0,0.2623642683029175,-0.32542240619659424,0.012327760457992554,4.914722442626953,4.304935455322266,4.915192127227783,4.332447528839111,-0.10000000149011612,-0.4000000059604645,-0.027512073516845703,0.007940292358398438,-2.7888000409201585,-2.813012072716695
2021-04-01,4.923571952710482,4.324169940328131,3.1415525500739054,-2.776472280723726,-7.999999999999993,0.740069021,-0.758267678827329,-2.4,1.4999999999999991,4.199999999999997,5.999999999999995,6.299999999999995,2.300000000000002,5.000000000000001,7.499999999999992,8.299999999999997,5.099999999999995,0.0999999999999957,735.0,-1.2237753868103027,-0.1590646505355835,0.9162907600402832,-0.11332869529724121,1.6486586332321167,0.0,1.945910096168518,-0.014184713363647461,1.9878743886947632,0.013793349266052246,1.193922519683838,-0.029852867126464844,1.7917594909667969,0.0,2.140066146850586,0.0,2.2300143241882324,0.0,1.808288812637329,0.0,0.09531018137931824,-0.16705408692359924,0.0,4.9190874099731445,4.331451416015625,4.914722442626953,4.304935455322266,-0.10000000149011612,0.10000000149011612,0.026515960693359375,-0.027512073516845703,-2.776472280723726,-2.7888000409201585
2021-05-01,4.911672893814671,4.3304030752285145,3.188949865258364,-2.7888000409201585,-8.099999999999993,7.496809457,0.0471171932536727,-2.6999999999999997,1.0999999999999992,4.199999999999997,5.899999999999995,6.099999999999995,2.300000000000002,5.000000000000001,7.499999999999992,8.299999999999997,5.099999999999995,-0.10000000000000431,736.0,-1.3083328008651733,-0.0845574140548706,0.7419373393058777,-0.17435342073440552,1.6486586332321167,0.0,1.9315214157104492,-0.014388680458068848,1.9600948095321655,-0.027779579162597656,1.193922519683838,0.0,1.7917594909667969,0.0,2.140066146850586,0.0,2.2300143241882324,0.0,1.808288812637329,0.0,-0.09531018137931824,-0.19062036275863647,-0.012327760457992554,4.923572063446045,4.324170112609863,4.9190874099731445,4.331451416015625,-0.10000000149011612,0.20000000298023224,-0.007281303405761719,0.026515960693359375,-2.776472280723726,-2.776472280723726
2021-06-01,4.922901591883064,4.338916842848292,3.271235148619025,-2.8009787939192043,-8.199999999999992,7.259597985,0.647646466059428,-3.0999999999999996,0.8999999999999992,4.199999999999997,5.899999999999995,5.999999999999996,2.300000000000002,5.1000000000000005,7.499999999999992,8.299999999999997,5.099999999999995,-0.5000000000000043,737.0,-1.4109870195388794,-0.10265421867370605,0.6418538689613342,-0.10008347034454346,1.6486586332321167,0.0,1.9315214157104492,0.0,1.945910096168518,-0.014184713363647461,1.193922519683838,0.0,1.808288812637329,0.016529321670532227,2.140066146850586,0.0,2.2300143241882324,0.0,1.808288812637329,0.0,-0.40546509623527527,-0.31015491485595703,-0.012178752571344376,4.911673069000244,4.330402851104736,4.923572063446045,4.324170112609863,0.0,-0.10000000149011612,0.006232738494873047,-0.007281303405761719,-2.7888000409201585,-2.776472280723726
2021-07-01,4.922620632283753,4.3535784706952665,3.2821404991197385,-2.8009787939192043,-8.199999999999992,1.042141145,0.0128406179952596,-3.3999999999999995,0.5999999999999992,4.199999999999997,5.899999999999995,5.999999999999996,2.300000000000002,5.1000000000000005,7.499999999999992,8.299999999999997,5.099999999999995,-0.7000000000000044,738.0,-1.4816045761108398,-0.07061755657196045,0.4700036346912384,-0.17185023427009583,1.6486586332321167,0.0,1.9315214157104492,0.0,1.945910096168518,0.0,1.193922519683838,0.0,1.808288812637329,0.0,2.140066146850586,0.0,2.2300143241882324,0.0,1.808288812637329,0.0,-0.5306282639503479,-0.12516316771507263,0.0,4.922901630401611,4.338916778564453,4.911673069000244,4.330402851104736,0.10000000149011612,0.10000000149011612,0.008513927459716797,0.006232738494873047,-2.8009787939192043,-2.7888000409201585
2021-08-01,4.921032304542068,4.348848941638964,3.2108906644634594,-2.8009787939192043,-8.199999999999992,-0.139545178,-1.3145416833222,-3.5999999999999996,0.5999999999999992,4.199999999999997,5.899999999999995,5.999999999999996,2.300000000000002,5.1000000000000005,7.499999999999992,8.299999999999997,5.099999999999995,-0.7000000000000044,739.0,-1.5260562896728516,-0.04445171356201172,0.4700036346912384,0.0,1.6486586332321167,0.0,1.9315214157104492,0.0,1.945910096168518,0.0,1.193922519683838,0.0,1.808288812637329,0.0,2.140066146850586,0.0,2.2300143241882324,0.0,1.808288812637329,0.0,-0.5306282639503479,0.0,0.0,4.92262077331543,4.353578567504883,4.922901630401611,4.338916778564453,0.0,0.10000000149011612,0.014661788940429688,0.008513927459716797,-2.8009787939192043,-2.8009787939192043
2021-09-01,4.913594177030605,4.353304654449106,3.2630545168152807,-2.776472280723712,-7.999999999999992,6.485886214,-0.952540314101087,-3.5999999999999996,0.0999999999999992,4.199999999999997,5.799999999999995,5.999999999999996,2.200000000000002,5.1000000000000005,7.499999999999992,8.299999999999997,5.199999999999995,-1.0000000000000044,740.0,-1.5260562896728516,0.0,0.09531018137931824,-0.37469345331192017,1.6486586332321167,0.0,1.9169225692749023,-0.014598846435546875,1.945910096168518,0.0,1.1631507873535156,-0.030771732330322266,1.808288812637329,0.0,2.140066146850586,0.0,2.2300143241882324,0.0,1.8245493173599243,0.016260504722595215,-0.6931471824645996,-0.1625189185142517,0.02450651302933693,4.921032428741455,4.348848819732666,4.92262077331543,4.353578567504883,0.20000000298023224,0.20000000298023224,-0.004729747772216797,0.014661788940429688,-2.8009787939192043,-2.8009787939192043
2021-10-01,4.9198629426279155,4.370173753494071,3.382991512059534,-2.763991851100027,-7.899999999999992,2.709522318,0.989904987664086,-3.5999999999999996,-0.2000000000000008,4.199999999999997,5.799999999999995,6.099999999999995,2.100000000000002,5.1000000000000005,7.499999999999992,8.299999999999997,5.199999999999995,-1.0000000000000044,741.0,-1.5260562896728516,0.0,-0.18232156336307526,-0.2776317596435547,1.6486586332321167,0.0,1.9169225692749023,0.0,1.9600948095321655,0.014184713363647461,1.1314021348953247,-0.03174865245819092,1.808288812637329,0.0,2.140066146850586,0.0,2.2300143241882324,0.0,1.8245493173599243,0.0,-0.6931471824645996,0.0,0.012480429373681545,4.9135942459106445,4.353304862976074,4.921032428741455,4.348848819732666,-0.10000000149011612,0.0,0.004456043243408203,-0.004729747772216797,-2.776472280723712,-2.8009787939192043
2021-11-01,4.933404582760411,4.380757992787959,3.347010740718158,-2.685680167776155,-7.299999999999993,0.470405329,0.0474312263108203,-3.8999999999999995,-0.4000000000000008,4.199999999999997,5.499999999999996,6.099999999999995,2.100000000000002,5.1000000000000005,7.499999999999992,8.299999999999997,5.199999999999995,-1.1000000000000045,742.0,-1.5892351865768433,-0.0631788969039917,-0.3364722430706024,-0.15415067970752716,1.6486586332321167,0.0,1.8718022108078003,-0.04512035846710205,1.9600948095321655,0.0,1.1314021348953247,0.0,1.808288812637329,0.0,2.140066146850586,0.0,2.2300143241882324,0.0,1.8245493173599243,0.0,-0.7419373393058777,-0.048790156841278076,0.07831168174743652,4.919862747192383,4.370173931121826,4.9135942459106445,4.353304862976074,0.5,-0.30000001192092896,0.016869068145751953,0.004456043243408203,-2.763991851100027,-2.776472280723712
2021-12-01,4.945157042999136,4.377106387586022,3.2425608919329605,-2.725595849263824,-7.5999999999999925,-3.235317127,-0.939537233639696,-4.1,-0.7000000000000008,4.299999999999996,5.499999999999996,5.899999999999995,2.100000000000002,5.1000000000000005,7.499999999999992,8.299999999999997,5.2999999999999945,-1.4000000000000046,743.0,-1.6292405128479004,-0.04000532627105713,-0.5306282639503479,-0.19415602087974548,1.667706847190857,0.019048213958740234,1.8718022108078003,0.0,1.9315214157104492,-0.02857339382171631,1.1314021348953247,0.0,1.808288812637329,0.0,2.140066146850586,0.0,2.2300143241882324,0.0,1.8405495882034302,0.01600027084350586,-0.8754687309265137,-0.133531391620636,-0.03991568088531494,4.933404445648193,4.380757808685303,4.919862747192383,4.370173931121826,-0.8999999761581421,0.10000000149011612,0.010583877563476562,0.016869068145751953,-2.685680167776155,-2.763991851100027
2022-01-01,4.9587189441278126,4.378241668217017,3.3849884354859103,-2.7385576501371505,-7.699999999999992,6.126178072,-1.935902976691,-4.3,-0.9000000000000008,4.299999999999996,5.499999999999996,5.899999999999995,2.100000000000002,5.1000000000000005,7.499999999999992,8.299999999999997,5.2999999999999945,-1.4000000000000046,744.0,-1.667706847190857,-0.03846633434295654,-0.6418538689613342,-0.11122560501098633,1.667706847190857,0.0,1.8718022108078003,0.0,1.9315214157104492,0.0,1.1314021348953247,0.0,1.808288812637329,0.0,2.140066146850586,0.0,2.2300143241882324,0.0,1.8405495882034302,0.0,-0.8754687309265137,0.0,-0.012961801141500473,4.945157051086426,4.377106189727783,4.933404445648193,4.380757808685303,0.20000000298023224,0.0,-0.0036516189575195312,0.010583877563476562,-2.725595849263824,-2.685680167776155
2022-02-01,4.9708516829657885,4.390409165388257,3.473423165595274,-2.7385576501371505,-7.699999999999992,3.781973261,0.525637122944783,-4.3,-1.0000000000000009,4.299999999999996,5.499999999999996,5.899999999999995,2.100000000000002,5.1000000000000005,7.499999999999992,8.299999999999997,5.2999999999999945,-1.5000000000000047,745.0,-1.667706847190857,0.0,-0.6931471824645996,-0.05129331350326538,1.667706847190857,0.0,1.8718022108078003,0.0,1.9315214157104492,0.0,1.1314021348953247,0.0,1.808288812637329,0.0,2.140066146850586,0.0,2.2300143241882324,0.0,1.8405495882034302,0.0,-0.9162907600402832,-0.04082202911376953,0.0,4.958718776702881,4.378241539001465,4.945157051086426,4.377106189727783,0.10000000149011612,0.20000000298023224,0.0011353492736816406,-0.0036516189575195312,-2.7385576501371505,-2.725595849263824
