date,lwip,lgop,lwti,lpri,pri,u_wip,u_gop,pri_jp,pri_aus,pri_cds,pri_fra,pri_ger,pri_india,pri_indo,pri_pak,pri_rus,pri_vn,pri_uk,Period,lpri_jp,dlpri_jp,lpri_aus,dlpri_aus,lpri_cds,dlpri_cds,lpri_fra,dlpri_fra,lpri_ger,dlpri_ger,lpri_india,dlpri_india,lpri_indo,dlpri_indo,lpri_pak,dlpri_pak,lpri_rus,dlpri_rus,lpri_vn,dlpri_vn,lpri_uk,dlpri_uk,dlpri,llwip,llgop,l2lwip,l2lgop,d2pri,d2pri_jp,dllgop,dl2lgop,vix,lgold,tb3ms,gs10,tedrate,us_spread,em_oas,term_spread,lreer,dvix,lbdi,lip,lepu,dcny_usd,cny_vol,em_fx_vol,brent_wti_spread,gdelt_total_events_log,gdelt_goldstein_mean,gdelt_sentiment_signal,gdelt_conflict_share,gdelt_hostility_share,gdelt_topic_pca_1,gdelt_topic_pca_2,gdelt_topic_pca_3,gdelt_topic_pca_4,gdelt_topic_pca_5,gpr,ea_gpr,ea_gpr_diff,wui
1990-01-01,4.135465552038807,4.109584311746399,2.876816243360452,-0.5688248987322411,-0.5999999999999927,2.890270779,-0.340788195529255,3.399999999999997,1.7000000000000002,-6.299999999999997,0.9000000000000008,2.700000000000002,-2.499999999999997,-3.7000000000000006,6.299999999999995,0.3,-6.800000000000003,2.1,360.0,1.4816045761108398,0.0,0.9932518005371094,0.0,-1.9878743886947632,0.0,0.6418538689613342,0.0,1.3083328008651731,0.0,-1.2527629137039185,0.0,-1.5475624799728394,0.0,1.9878743886947632,0.0,0.2623642683029175,0.0,-2.054123640060425,0.0,1.1314021348953247,0.0,0.0,4.139441013336182,4.118795871734619,4.131744861602783,4.124588489532471,-0.1000000014901161,0.0,,,,,,,,,,,,,,,,,,,,,,,,,,,,,,,,,
1990-02-01,4.139524248198193,4.113802048264543,2.8490794560394908,-0.7326682560454053,-0.7999999999999927,0.997852803,1.76621221018541,3.399999999999997,1.7000000000000002,-6.299999999999997,1.0000000000000009,2.700000000000002,-2.499999999999997,-3.7000000000000006,6.299999999999995,0.3,-6.800000000000003,2.1,361.0,1.4816045761108398,0.0,0.9932518005371094,0.0,-1.9878743886947632,0.0,0.6931471824645996,0.0512933135032653,1.3083328008651731,0.0,-1.2527629137039185,0.0,-1.5475624799728394,0.0,1.9878743886947632,0.0,0.2623642683029175,0.0,-2.054123640060425,0.0,1.1314021348953247,0.0,-0.1638433635234832,4.135465621948242,4.109584331512451,4.139441013336182,4.118795871734619,-0.2000000029802322,0.0,-0.0092115402221679,-0.0057926177978515,23.910500049591064,6.016425416397235,7.64,8.21,0.63,1.68,,0.5700000000000012,,,7.9376567992256275,4.122753836695779,,0.0,0.1162657864775817,,0.1796262098471244,4.2626798770413155,2.49,10.614072893832876,0.02857142857142857,0.07142857142857142,1.7841256845217408,-1.3842056500533346,1.1291423126341165,0.8893010722180833,0.3960912803009499,58.92372670371584,,,0.12496
1990-03-01,4.143738195061332,4.128462905396807,2.764880238931396,-0.8088669356527773,-0.8999999999999927,-6.8534674,1.59064053334787,3.399999999999997,1.7000000000000002,-6.299999999999997,1.0000000000000009,2.700000000000002,-2.399999999999997,-3.7000000000000006,6.299999999999995,0.6000000000000001,-6.800000000000003,2.1,362.0,1.4816045761108398,0.0,0.9932518005371094,0.0,-1.9878743886947632,0.0,0.6931471824645996,0.0,1.3083328008651731,0.0,-1.2237753868103027,0.0289875268936157,-1.5475624799728394,0.0,1.9878743886947632,0.0,0.4700036346912384,0.2076393663883209,-2.054123640060425,0.0,1.1314021348953247,0.0,-0.0761986821889877,4.139524459838867,4.113801956176758,4.135465621948242,4.109584331512451,0.1000000014901161,0.0,0.0042176246643066,-0.0092115402221679,23.262631767674492,6.032630482473802,7.74,8.47,0.61,1.68,,0.7300000000000004,,-0.6478682819165691,7.964392133869058,4.131794477668938,,0.0,0.1162657864775817,,0.1372840675104001,4.465908118654584,0.7604651162790699,3.3961673367443,0.03488372093023256,0.10465116279069768,-5.3295584134007195,0.9380837963756694,-2.598018956197513,0.2326776801818932,-0.23601680035531789,59.63557699585029,,,0.12496
1990-04-01,4.133442190877719,4.123999363091875,2.6683266462620705,-0.8088669356527773,-0.8999999999999927,-4.485259791,-0.238662691053113,3.399999999999997,1.7000000000000002,-6.299999999999997,1.0000000000000009,2.700000000000002,-2.1999999999999966,-3.7000000000000006,6.299999999999995,1.1,-6.800000000000003,2.1,363.0,1.4816045761108398,0.0,0.9932518005371094,0.0,-1.9878743886947632,0.0,0.6931471824645996,0.0,1.3083328008651731,0.0,-1.1631507873535156,0.0606245994567871,-1.5475624799728394,0.0,1.9878743886947632,0.0,0.7419373393058777,0.2719337046146393,-2.054123640060425,0.0,1.1314021348953247,0.0,0.0,4.143738269805908,4.128462791442871,4.139524459838867,4.113801956176758,0.1000000014901161,0.0,0.0146608352661132,0.0042176246643066,20.06227259202437,5.97396227197184,7.9,8.59,0.7,1.58,,0.6899999999999995,,-3.2003591756501244,7.98403055122862,4.136763680660687,,0.0,0.0,,0.1467784867442576,4.3694478524670215,1.5141025641025645,6.615792197132762,0.038461538461538464,0.1282051282051282,-0.9751909203352338,3.591135745573094,-0.4308950704502163,-0.8302555036684515,0.29952632705814936,50.71423041231948,,,0.12496
1990-05-01,4.144599843059943,4.114774607029828,2.6480353855701897,-0.8088669356527773,-0.8999999999999927,-3.758462253,0.730446640101484,3.399999999999997,1.7000000000000002,-6.299999999999997,1.0000000000000009,2.700000000000002,-2.1999999999999966,-3.7000000000000006,6.299999999999995,1.1,-6.800000000000003,2.1,364.0,1.4816045761108398,0.0,0.9932518005371094,0.0,-1.9878743886947632,0.0,0.6931471824645996,0.0,1.3083328008651731,0.0,-1.1631507873535156,0.0,-1.5475624799728394,0.0,1.9878743886947632,0.0,0.7419373393058777,0.0,-2.054123640060425,0.0,1.1314021348953247,0.0,0.0,4.133442401885986,4.12399959564209,4.143738269805908,4.128462791442871,0.0,0.0,-0.0044631958007812,0.0146608352661132,21.40349998474121,5.924897302835869,7.77,8.79,0.9,1.5,,1.0199999999999996,,1.3412273927168386,8.004569656079127,4.134140430454805,,0.0,0.0,,0.141805016059795,4.110873864173311,1.695,6.967931199773763,0.03333333333333333,0.13333333333333333,0.2951487722281776,0.8851005231728057,0.48139705157872453,-0.8572693215293391,2.747375969162276,59.21856593728268,,,0.12496
1990-06-01,4.148147853929191,4.101144225359306,2.5640014339353754,-0.8088669356527773,-0.8999999999999927,-0.767166099,-0.346604302446064,3.599999999999997,1.7000000000000002,-6.299999999999997,1.0000000000000009,2.700000000000002,-2.1999999999999966,-3.7000000000000006,6.299999999999995,1.2000000000000002,-6.800000000000003,2.1,365.0,1.5260562896728516,0.0444517135620117,0.9932518005371094,0.0,-1.9878743886947632,0.0,0.6931471824645996,0.0,1.3083328008651731,0.0,-1.1631507873535156,0.0,-1.5475624799728394,0.0,1.9878743886947632,0.0,0.7884573340415955,0.0465199947357177,-2.054123640060425,0.0,1.1314021348953247,0.0,0.0,4.144599914550781,4.114774703979492,4.133442401885986,4.12399959564209,0.0,0.2000000029802322,-0.0092248916625976,-0.0044631958007812,18.09772725538774,5.910932136216061,7.74,8.76,0.62,1.71,,1.0199999999999996,,-3.305772729353471,8.00073049705904,4.137177333774534,,0.0,0.0,,0.1463315068389716,4.672828834461906,1.228301886792453,5.739644474027737,0.03773584905660377,0.1320754716981132,-1.5012072028704153,2.4662200416016127,-0.6054794712555857,-2.3621836253559523,1.95764503944886,62.0784202926265,,,0.12496
1990-07-01,4.147998434917729,4.10287147125,2.6589994665888077,-0.8088669356527773,-0.8999999999999927,7.740614638,-0.89974187617403,3.599999999999997,1.7000000000000002,-6.299999999999997,1.0000000000000009,2.700000000000002,-2.1999999999999966,-1.3000000000000007,6.299999999999995,1.4,-6.800000000000003,2.1,366.0,1.5260562896728516,0.0,0.9932518005371094,0.0,-1.9878743886947632,0.0,0.6931471824645996,0.0,1.3083328008651731,0.0,-1.1631507873535156,0.0,-0.832909107208252,0.7146533727645874,1.9878743886947632,0.0,0.8754687309265137,0.0870113968849182,-2.054123640060425,0.0,1.1314021348953247,0.0,0.0,4.148148059844971,4.101144313812256,4.144599914550781,4.114774703979492,0.0,-0.2000000029802322,-0.0136303901672363,-0.0092248916625976,16.822380837940035,5.864568236419437,7.73,8.48,0.63,1.79,,0.75,,-1.2753464174477038,8.07491367268526,4.140563168801484,,0.0,0.0,,0.1510086181018946,4.624972813284271,1.502970297029703,6.951196762936162,0.0,0.13861386138613863,1.6023749780723422,0.2538773505417323,-7.837000338985617,3.2269007103161194,0.3556391247253823,52.670893515128206,,,0.12496
1990-08-01,4.153454625909485,4.042448138620265,3.027663800899006,-0.8088669356527773,-0.8999999999999927,6.449692647,-7.92903356128256,3.599999999999997,1.7000000000000002,-6.299999999999997,1.0000000000000009,2.700000000000002,-2.1999999999999966,-0.7000000000000007,6.299999999999995,1.4,-6.800000000000003,2.1,367.0,1.5260562896728516,0.0,0.9932518005371094,0.0,-1.9878743886947632,0.0,0.6931471824645996,0.0,1.3083328008651731,0.0,-1.1631507873535156,0.0,-0.5306282639503479,0.302280843257904,1.9878743886947632,0.0,0.8754687309265137,0.0,-2.054123640060425,0.0,1.1314021348953247,0.0,0.0,4.147998332977295,4.102871417999268,4.148148059844971,4.101144313812256,0.0,0.0,0.0017271041870117,-0.0136303901672363,18.39285727909633,5.893107229491114,7.62,8.47,0.49,1.77,,0.8500000000000005,,1.5704764411562948,8.146472007361226,4.13881429564595,,0.0,0.0,,0.1841112604477452,4.477336814478207,1.9,8.506939947508593,0.022988505747126436,0.08045977011494253,3.5538437980847664,1.5574422386791114,1.2931790123434324,-1.5139898606824669,-1.3990366796554958,59.61621687728501,,,0.0877
1990-09-01,4.155459730367675,4.086211175725372,3.235699546820326,-0.8088669356527773,-0.8999999999999927,9.528901568,2.06353345534928,3.299999999999997,1.7000000000000002,-6.099999999999997,1.0000000000000009,2.700000000000002,-2.1999999999999966,-0.7000000000000007,6.299999999999995,1.4,-5.500000000000004,2.1,368.0,1.4586150646209717,-0.0674412250518798,0.9932518005371094,0.0,-1.9600948095321653,0.0277795791625976,0.6931471824645996,0.0,1.3083328008651731,0.0,-1.1631507873535156,0.0,-0.5306282639503479,0.0,1.9878743886947632,0.0,0.8754687309265137,0.0,-1.8718022108078003,0.1823214292526245,1.1314021348953247,0.0,0.0,4.153454780578613,4.042448043823242,4.147998332977295,4.102871417999268,0.0,-0.3000000119209289,-0.0604233741760253,0.0017271041870117,28.175217255302098,5.978201986874404,7.45,8.75,0.67,1.69,,1.2999999999999998,,9.782359976205768,8.04248030920634,4.142301045642955,,0.0,0.0,,0.2743536041036369,3.8918202981106265,1.2395833333333333,4.824235577866297,0.0625,0.14583333333333334,0.502429743444507,-2.19687324518445,-3.5661746248776836,0.47260088484536183,-8.313703829753582,187.9398581190895,,,0.0877
1990-10-01,4.154787520479887,4.0919120727837175,3.293167973677838,-0.8088669356527773,-0.8999999999999927,-0.974249357,-0.977700161262485,3.399999999999997,1.7000000000000002,-6.099999999999997,1.0000000000000009,2.5000000000000018,-2.1999999999999966,-0.7000000000000007,6.299999999999995,1.6,-5.500000000000004,2.1,369.0,1.4816045761108398,0.0229895114898681,0.9932518005371094,0.0,-1.9600948095321653,0.0,0.6931471824645996,0.0,1.2527629137039185,-0.0555698871612548,-1.1631507873535156,0.0,-0.5306282639503479,0.0,1.9878743886947632,0.0,0.9555114507675172,0.0800427198410034,-1.8718022108078003,0.0,1.1314021348953247,0.0,0.0,4.155459880828857,4.086211204528809,4.153454780578613,4.042448043823242,0.0,0.4000000059604645,0.0437631607055664,-0.0604233741760253,29.10736836885151,5.964401627558293,7.36,8.89,1.17,1.94,,1.5300000000000002,,0.9321511135494128,7.998856093699712,4.142377296756973,,0.0,0.0,,0.3167586286824133,3.6888794541139363,1.023076923076923,3.774007441516565,0.0,0.05128205128205128,2.269256550676569,0.2067055668769747,-4.073048215354691,1.5937465586908781,-0.4556235865912111,138.82184623106355,,,0.0877
1990-11-01,4.149967993022577,4.1054887181362645,3.184638932108805,-0.7326682560454053,-0.7999999999999927,0.305731877,0.637046214822562,3.399999999999997,1.7000000000000002,-6.099999999999997,1.300000000000001,2.5000000000000018,-2.1999999999999966,-0.4000000000000007,6.299999999999995,1.6,-5.500000000000004,2.1,370.0,1.4816045761108398,0.0,0.9932518005371094,0.0,-1.9600948095321653,0.0,0.832909107208252,0.1397619247436523,1.2527629137039185,0.0,-1.1631507873535156,0.0,-0.3364722430706024,0.1941560208797454,1.9878743886947632,0.0,0.9555114507675172,0.0,-1.8718022108078003,0.0,1.1314021348953247,0.0,0.0761986821889877,4.154787540435791,4.091912269592285,4.155459880828857,4.086211204528809,0.1000000014901161,-0.1000000014901161,0.0057010650634765,0.0437631607055664,29.625652479088824,5.942116727477643,7.17,8.72,0.95,2.13,,1.5500000000000007,,0.5182841102373139,7.989285996824535,4.136517643613296,,0.0,0.0,,0.2909787869803346,3.828641396489095,2.1133333333333333,8.091195484580288,0.0,0.0,0.5760491262184445,0.23461533804894766,0.33279405080039076,1.166869873947944,1.3166640946796262,110.35476534900332,,,0.16199
1990-12-01,4.147896229564655,4.108969724580772,3.014080057391301,-0.65266656608235,-0.6999999999999927,-4.446716592,0.915094960841902,3.399999999999997,1.7000000000000002,-6.099999999999997,1.400000000000001,2.5000000000000018,-2.1999999999999966,-0.4000000000000007,6.299999999999995,1.7000000000000002,-5.500000000000004,2.1,371.0,1.4816045761108398,0.0,0.9932518005371094,0.0,-1.9600948095321653,0.0,0.8754687309265137,0.0425596237182617,1.2527629137039185,0.0,-1.1631507873535156,0.0,-0.3364722430706024,0.0,1.9878743886947632,0.0,0.9932518005371094,0.0377403497695922,-1.8718022108078003,0.0,1.1314021348953247,0.0,0.0800016894936561,4.149968147277832,4.1054887771606445,4.154787540435791,4.091912269592285,0.0,0.0,0.0135765075683593,0.0057010650634765,24.88571439470564,5.944713552418529,7.06,8.39,1.29,2.27,,1.330000000000001,,-4.739938084383187,8.001750866460345,4.12372049984849,,0.1006556609029365,0.05811357291777,,0.3139051217916964,4.718498871295094,1.2432432432432432,5.866241839988495,0.018018018018018018,0.02702702702702703,2.182063135441531,-1.4360714984631961,-0.45107504259587167,1.9534880334865055,0.5421026619135815,164.9151266103231,,,0.16199
1991-01-01,4.149920854797607,4.104909407193083,2.9193545811678483,-0.65266656608235,-0.6999999999999927,-3.163827683,-0.103912625248462,3.399999999999997,1.7000000000000002,-6.099999999999997,1.400000000000001,2.5000000000000018,-2.1999999999999966,-0.4000000000000007,6.299999999999995,1.7000000000000002,-5.500000000000004,2.1,372.0,1.4816045761108398,0.0,0.9932518005371094,0.0,-1.9600948095321653,0.0,0.8754687309265137,0.0,1.2527629137039185,0.0,-1.1631507873535156,0.0,-0.3364722430706024,0.0,1.9878743886947632,0.0,0.9932518005371094,0.0,-1.8718022108078003,0.0,1.1314021348953247,0.0,0.0,4.14789628982544,4.108969688415527,4.149968147277832,4.1054887771606445,-0.1000000014901161,0.0,0.0034809112548828,0.0135765075683593,23.363000106811523,5.932112552657711,6.74,8.08,1.14,2.35,,1.34,,-1.5227142878941144,8.035534537046075,4.116353903260356,,0.0,0.05811357291777,,0.3278449128057832,4.477336814478207,1.3885057471264368,6.216807898723763,0.05747126436781609,0.08045977011494253,-0.8983509139967517,-2.22110078186263,-0.9811555153625163,-0.5432145155784325,2.7071044060007634,156.04328393824133,,,0.16199
1991-02-01,4.14287643906998,4.099772636866589,2.7229241959568555,-0.65266656608235,-0.6999999999999927,-6.378940057,0.404843647046532,3.399999999999997,1.7000000000000002,-6.099999999999997,1.400000000000001,2.5000000000000018,-2.0999999999999965,-0.4000000000000007,6.299999999999995,1.7000000000000002,-5.500000000000004,2.1,373.0,1.4816045761108398,0.0,0.9932518005371094,0.0,-1.9600948095321653,0.0,0.8754687309265137,0.0,1.2527629137039185,0.0,-1.1314021348953247,0.0317486524581909,-0.3364722430706024,0.0,1.9878743886947632,0.0,0.9932518005371094,0.0,-1.8718022108078003,0.0,1.1314021348953247,0.0,0.0,4.14992094039917,4.104909420013428,4.14789628982544,4.108969688415527,0.0,0.0,-0.0040602684020996,0.0034809112548828,27.429091106761582,5.94970461285975,6.22,8.09,0.87,2.3,,1.87,,4.066090999950063,8.033466742603308,4.113092712183793,,0.0,0.05811357291777,,0.2404658445551986,3.713572066704308,0.5425,2.014612846187087,0.05,0.1,-1.449859977195855,0.2894842621646083,0.1609744325488675,-2.9813110872644697,-0.8902127412390558,332.0253739365202,,,0.11872
1991-03-01,4.138894160586568,4.103992718712323,2.690085646126911,-0.65266656608235,-0.6999999999999927,0.879508613,0.433316799780012,3.399999999999997,1.7000000000000002,-6.099999999999997,1.500000000000001,2.5000000000000018,-2.0999999999999965,-0.4000000000000007,6.299999999999995,1.9,-5.500000000000004,2.1,374.0,1.4816045761108398,0.0,0.9932518005371094,0.0,-1.9600948095321653,0.0,0.9162907600402832,0.0408220291137695,1.2527629137039185,0.0,-1.1314021348953247,0.0,-0.3364722430706024,0.0,1.9878743886947632,0.0,1.0647107362747192,0.0714589357376098,-1.8718022108078003,0.0,1.1314021348953247,0.0,0.0,4.142876625061035,4.0997724533081055,4.14992094039917,4.104909420013428,0.0,0.0,-0.0051369667053222,-0.0040602684020996,21.59842109680176,5.896686725575843,5.94,7.85,0.84,2.09,,1.9099999999999997,,-5.830670009959828,8.13765570531799,4.105676776118765,,0.0,0.0,,0.2493347214114933,3.1354942159291497,0.5681818181818181,1.7815308045051985,0.0,0.045454545454545456,2.264677853993522,2.4532297076980587,-1.7132893568772873,-2.903988477978138,-2.6538984790071845,137.87871202598103,,,0.11872
1991-04-01,4.146136407312595,4.080639880605522,2.735213086047495,-0.65266656608235,-0.6999999999999927,4.235188862,-1.30754216737691,3.399999999999997,1.8000000000000005,-5.999999999999997,1.500000000000001,2.600000000000002,-2.0999999999999965,-0.4000000000000007,6.299999999999995,1.9,-5.500000000000004,2.1,375.0,1.4816045761108398,0.0,1.0296194553375244,0.036367654800415,-1.945910096168518,0.0141847133636474,0.9162907600402832,0.0,1.280933856964111,0.0281709432601928,-1.1314021348953247,0.0,-0.3364722430706024,0.0,1.9878743886947632,0.0,1.0647107362747192,0.0,-1.8718022108078003,0.0,1.1314021348953247,0.0,0.0,4.138894081115723,4.103992938995361,4.142876625061035,4.0997724533081055,0.0,0.0,0.0042204856872558,-0.0051369667053222,17.918499851226805,5.895339035010599,5.91,8.11,0.63,1.96,,2.1999999999999997,,-3.6799212455749526,8.207374570191195,4.099905736852473,,0.0,0.0,,0.2586860385635776,4.836281906951478,2.3216,11.227912075178551,0.008,0.04,4.448661503298888,0.2153354529388814,0.8550528638074139,0.9822369755977324,-1.5138390047094574,73.74194784353048,,,0.11872
1991-05-01,4.150642189024499,4.077645217758926,2.7513470068555343,-0.65266656608235,-0.6999999999999927,-1.369743167,-0.0077069169120124,3.4999999999999973,1.8000000000000005,-5.999999999999997,1.500000000000001,2.600000000000002,-1.8999999999999968,-0.4000000000000007,6.299999999999995,2.5,-5.500000000000004,2.1,376.0,1.504077434539795,0.022472858428955,1.0296194553375244,0.0,-1.945910096168518,0.0,0.9162907600402832,0.0,1.280933856964111,0.0,-1.0647107362747192,0.0666913986206054,-0.3364722430706024,0.0,1.9878743886947632,0.0,1.2527629137039185,0.1880521774291992,-1.8718022108078003,0.0,1.1314021348953247,0.0,0.0,4.146136283874512,4.080639839172363,4.138894081115723,4.103992938995361,0.0,0.1000000014901161,-0.023353099822998,0.0042204856872558,17.37272735075517,5.8815938759722695,5.65,8.04,0.68,1.83,,2.389999999999999,,-0.5457725004716352,8.215669091942353,4.102540880446586,,0.0129807872721905,0.0074944610258924,,0.2186549834077973,4.90527477843843,1.594776119402985,7.822815075763376,0.0,0.08955223880597014,1.1276343652868455,0.899815008290743,-0.23636876857652853,-2.154840937414575,-2.34055966277916,34.308642540720584,,,0.08224
1991-06-01,4.1522127611420485,4.080903045097274,2.6979503492674155,-0.5688248987322413,-0.5999999999999928,-1.970608454,-0.06981982955708,3.4999999999999973,1.8000000000000005,-5.999999999999997,1.500000000000001,2.600000000000002,-1.8999999999999968,-0.1000000000000007,6.299999999999995,2.5,-5.500000000000004,2.1,377.0,1.504077434539795,0.0,1.0296194553375244,0.0,-1.945910096168518,0.0,0.9162907600402832,0.0,1.280933856964111,0.0,-1.0647107362747192,0.0,-0.0953101813793182,0.2411620616912841,1.9878743886947632,0.0,1.2527629137039185,0.0,-1.8718022108078003,0.0,1.1314021348953247,0.0,0.0838416665792465,4.150642395019531,4.077645301818848,4.146136283874512,4.080639839172363,0.1000000014901161,-0.1000000014901161,-0.0029945373535156,-0.023353099822998,16.932272737676445,5.87759571594847,5.46,8.07,0.53,1.77,,2.6100000000000003,,-0.4404546130787246,8.227712400791136,4.111911031047784,,0.0085237922906864,0.0065957142333207,,0.202876483362441,5.402677381872279,2.0533936651583717,11.093823510830955,0.00904977375565611,0.06334841628959276,-0.7787752226580285,1.0063007318839055,0.33510423698809316,-0.09027499211702762,-0.28606524768459113,38.53660364429299,,,0.08224
1991-07-01,4.153505053899386,4.0975330236721135,2.755370857292282,-0.5688248987322413,-0.5999999999999928,-0.471648335,0.452706557813125,3.4999999999999973,1.9000000000000004,-5.999999999999997,1.500000000000001,2.600000000000002,-1.8999999999999968,-0.1000000000000007,6.299999999999995,2.5,-5.500000000000004,2.2,378.0,1.504077434539795,0.0,1.0647107362747192,0.0350912809371948,-1.945910096168518,0.0,0.9162907600402832,0.0,1.280933856964111,0.0,-1.0647107362747192,0.0,-0.0953101813793182,0.0,1.9878743886947632,0.0,1.2527629137039185,0.0,-1.8718022108078003,0.0,1.1631507873535156,0.0317486524581909,0.0,4.152212619781494,4.080903053283691,4.150642395019531,4.077645301818848,-0.1000000014901161,0.0,0.0032577514648437,-0.0029945373535156,17.13499994277954,5.9045986140863205,5.57,8.28,0.65,1.66,,2.709999999999999,,0.2027272051030948,8.19787519804176,4.119981444296839,,0.0037320438913193,0.0046253812656039,,0.2016839342412386,5.262690188904886,1.7401041666666668,9.15762912558918,0.005208333333333333,0.0625,-0.3429487344824928,0.6574620220802466,-1.2074213015645585,0.7644198490383092,2.070383685363274,36.49405456925315,,,0.08224
1991-08-01,4.1530553538332615,4.085898006964773,2.764872351047766,-0.5688248987322413,-0.5999999999999928,-0.553805691,-0.773136504045476,3.4999999999999973,1.9000000000000004,-5.999999999999997,1.000000000000001,2.600000000000002,-1.8999999999999968,-0.1000000000000007,6.299999999999995,2.6,-5.200000000000004,2.2,379.0,1.504077434539795,0.0,1.0647107362747192,0.0,-1.945910096168518,0.0,0.6931471824645996,-0.2231435775756836,1.280933856964111,0.0,-1.0647107362747192,0.0,-0.0953101813793182,0.0,1.9878743886947632,0.0,1.280933856964111,0.0281709432601928,-1.8245493173599243,0.0472528934478759,1.1631507873535156,0.0,0.0,4.153504848480225,4.097533226013184,4.152212619781494,4.080903053283691,0.0,0.0,0.0166301727294921,0.0032577514648437,17.294090964577414,5.907240191853642,5.58,8.27,0.53,1.6,,2.6899999999999995,,0.1590910217978738,8.27775454985155,4.122778136162407,,-0.0015844171262751,0.0050563739987529,,0.20974531614727,4.941642422609304,1.6964028776978417,8.383016426268156,0.007194244604316547,0.09352517985611511,0.1042964474193415,3.01740782345653,-0.694601377552147,-0.5777897304293942,1.340168083516174,62.627480403679726,,,0.10484
1991-09-01,4.156020239329489,4.103206099234186,2.769710496528017,-0.5688248987322413,-0.5999999999999928,0.977028934,0.769032834969332,3.4999999999999973,1.9000000000000004,-5.999999999999997,1.000000000000001,2.600000000000002,-1.8999999999999968,-7.494005416219808e-16,6.299999999999995,2.6,-4.900000000000004,2.5,380.0,1.504077434539795,0.0,1.0647107362747192,0.0,-1.945910096168518,0.0,0.6931471824645996,0.0,1.280933856964111,0.0,-1.0647107362747192,0.0,-6.661338147750939e-16,0.0953101813793182,1.9878743886947632,0.0,1.280933856964111,0.0,-1.7749522924423218,0.0495970249176025,1.2527629137039185,0.0896121263504028,0.0,4.153055191040039,4.085897922515869,4.153504848480225,4.097533226013184,0.0,0.0,-0.0116353034973144,0.0166301727294921,15.681363712657582,5.875801138454259,5.33,7.9,0.36,1.75,,2.5700000000000003,,-1.612727251919832,8.29460900743647,4.122766796484794,,0.0047828726944032,0.003413487429436,,0.2194312266826021,4.634728988229636,1.0235294117647058,4.743781435011509,0.029411764705882353,0.14705882352941177,0.872267566004084,1.4406206517031086,-3.4349655304892472,1.2787068876153864,0.024339392143417314,49.993267299389785,,,0.10484
1991-10-01,4.158830425723283,4.102468953133709,2.82908891820611,-0.5688248987322413,-0.5999999999999928,1.51991046,-0.410521713774465,3.4999999999999973,1.9000000000000004,-5.999999999999997,1.000000000000001,2.700000000000002,-1.8999999999999968,0.0999999999999992,6.399999999999995,2.6,-4.800000000000004,2.6,381.0,1.504077434539795,0.0,1.0647107362747192,0.0,-1.945910096168518,0.0,0.6931471824645996,0.0,1.3083328008651731,0.027398943901062,-1.0647107362747192,0.0,0.0953101813793182,0.0953101813793182,2.0014801025390625,0.0136057138442993,1.280933856964111,0.0,-1.7578579187393188,0.0170943737030029,1.280933856964111,0.0281709432601928,0.0,4.156020164489746,4.103206157684326,4.153055191040039,4.085897922515869,0.0,0.0,0.017308235168457,-0.0116353034973144,16.956499767303466,5.854326658889348,5.22,7.65,0.51,1.94,,2.4300000000000006,,1.275136054645884,8.281644260581572,4.1306684554359165,,0.0006867048645426,0.003226942971505,,0.250807300514861,4.867534450455582,1.2193798449612403,5.935373403540024,0.03875968992248062,0.10077519379844961,-0.8459839933559968,-1.7897076192419563,-0.9475974810528681,2.506273540200832,-0.5530435136706686,61.63728955187954,,,0.10484
1991-11-01,4.159154452785658,4.106523727509422,2.7913253699306564,-0.5688248987322413,-0.5999999999999928,-1.299111829,0.262132261281764,3.599999999999997,1.9000000000000004,-5.6999999999999975,1.000000000000001,2.700000000000002,-1.8999999999999968,0.0999999999999992,6.399999999999995,2.6,-1.8000000000000045,2.6,382.0,1.5260562896728516,0.0219788551330566,1.0647107362747192,0.0,-1.9021074771881104,0.0438026189804077,0.6931471824645996,0.0,1.3083328008651731,0.0,-1.0647107362747192,0.0,0.0953101813793182,0.0,2.0014801025390625,0.0,1.280933856964111,0.0,-1.0296194553375244,0.7282384634017944,1.280933856964111,0.0,0.0,4.158830642700195,4.102468967437744,4.156020164489746,4.103206157684326,0.0,0.1000000014901161,-0.000737190246582,0.017308235168457,16.36391299703847,5.882458505699668,4.99,7.53,0.43,2.02,,2.54,,-0.5925867702649974,8.301134702123393,4.130121853597622,,0.0008345465651318,0.0023234215890185,,0.2712775203203836,5.081404364984463,2.19625,11.160034336597127,0.0,0.03125,0.49352504562786365,1.5216827462769797,-1.199852426454408,3.211368223843492,1.4047889500708919,41.52860583993797,,,0.06208
1991-12-01,4.151137066532729,4.113220256780863,2.647754155303587,-0.5688248987322413,-0.5999999999999928,0.308707602,1.63298512072697,3.6999999999999975,1.9000000000000004,-5.6999999999999975,1.000000000000001,2.700000000000002,-1.1999999999999966,0.0999999999999992,6.399999999999995,2.8000000000000003,-1.8000000000000045,2.6,383.0,1.5475624799728394,0.0215061902999877,1.0647107362747192,0.0,-1.9021074771881104,0.0,0.6931471824645996,0.0,1.3083328008651731,0.0,-0.7884573340415955,0.2762534022331238,0.0953101813793182,0.0,2.0014801025390625,0.0,1.3350011110305786,0.0540672540664672,-1.0296194553375244,0.0,1.280933856964111,0.0,0.0,4.159154415130615,4.106523513793945,4.158830642700195,4.102468967437744,0.0,0.0,0.0040545463562011,-0.000737190246582,17.77350010871887,5.8865761422105525,4.56,7.42,0.65,2.06,,2.8600000000000003,,1.409587111680402,8.341756453486518,4.128538237892079,,0.003164940314829,0.0013900985063486,,0.2583538169050148,5.869296913133774,2.348441926345609,13.783702948974216,0.0,0.0339943342776204,2.8740338527556553,-1.4625707913910757,-0.31944355850807454,0.8281325171535686,1.3377048759428343,35.20614493307963,,,0.06208
1992-01-01,4.155399993187731,4.115082189434626,2.6106650814746124,-0.4812118250595971,-0.4999999999999928,-3.302364308,0.951994912560296,3.6999999999999975,1.9000000000000004,-5.6999999999999975,1.000000000000001,2.700000000000002,-1.1999999999999966,0.0999999999999992,6.399999999999995,2.8000000000000003,-1.8000000000000045,2.6,384.0,1.5475624799728394,0.0,1.0647107362747192,0.0,-1.9021074771881104,0.0,0.6931471824645996,0.0,1.3083328008651731,0.0,-0.7884573340415955,0.0,0.0953101813793182,0.0,2.0014801025390625,0.0,1.3350011110305786,0.0,-1.0296194553375244,0.0,1.280933856964111,0.0,0.0876130759716034,4.151136875152588,4.11322021484375,4.159154415130615,4.106523513793945,0.1000000014901161,-0.1000000014901161,0.0066967010498046,0.0040545463562011,18.347619102114724,5.890898077182945,4.07,7.09,0.37,2.39,,3.02,,0.574118993395853,8.335853560774968,4.123663853582556,,0.006685538700762,0.002945602852696,,0.2651915703226639,5.204006687076795,0.3685082872928177,1.9177195913150402,0.06629834254143646,0.15469613259668508,-1.5442111590831276,1.4031870341959307,-2.2083768545426725,-0.3735324263165951,0.7421942946336336,44.118419015149165,,,0.06208
1992-02-01,4.162302231405327,4.101322437783028,2.6177538858718776,-0.4812118250595971,-0.4999999999999928,-2.557590262,-1.45178842740477,3.6999999999999975,1.9000000000000004,-5.6999999999999975,1.000000000000001,2.700000000000002,-0.9999999999999968,0.0999999999999992,6.399999999999995,2.8000000000000003,-1.6000000000000043,2.6,385.0,1.5475624799728394,0.0,1.0647107362747192,0.0,-1.9021074771881104,0.0,0.6931471824645996,0.0,1.3083328008651731,0.0,-0.6931471824645996,0.0953101515769958,0.0953101813793182,0.0,2.0014801025390625,0.0,1.3350011110305786,0.0,-0.9555114507675172,0.0741080045700073,1.280933856964111,0.0,0.0,4.155399799346924,4.115082263946533,4.151136875152588,4.11322021484375,-0.1000000014901161,0.0,0.0018620491027832,0.0066967010498046,17.68318167599765,5.870567292301026,3.8,7.03,0.35,1.9,,3.2300000000000004,,-0.6644374261170753,8.400892241813894,4.118412589555801,,0.0038107847223627,0.0018742082074882,,0.2887565119414703,5.337538079701318,1.941545893719807,10.363075141217196,0.00966183574879227,0.0966183574879227,0.3562943942825564,0.6877557625230616,-2.696119516654066,1.2863760987146748,0.8499727296545848,47.22535413140846,,,0.07314
1992-03-01,4.161391964733127,4.090518464234832,2.6099852118403235,-0.3900353197707086,-0.3999999999999928,1.602424888,-1.28601686759357,3.8999999999999977,1.9000000000000004,-5.6999999999999975,1.000000000000001,2.700000000000002,-0.9999999999999968,0.0999999999999992,6.399999999999995,2.8000000000000003,-1.5000000000000042,2.7,386.0,1.5892351865768433,0.0416727066040039,1.0647107362747192,0.0,-1.9021074771881104,0.0,0.6931471824645996,0.0,1.3083328008651731,0.0,-0.6931471824645996,0.0,0.0953101813793182,0.0,2.0014801025390625,0.0,1.3350011110305786,0.0,-0.9162907600402832,0.0392206907272338,1.3083328008651731,0.027398943901062,0.0911765024065971,4.162302017211914,4.101322650909424,4.155399799346924,4.115082263946533,0.1000000014901161,0.2000000029802322,-0.0137596130371093,0.0018620491027832,17.47736850537752,5.869042643521861,3.84,7.34,0.32,1.9,,3.5,,-0.2058131706201287,8.466506536515151,4.125447479148091,,0.0026297542457223,0.0020860021959407,,0.2755856859268837,4.624972813284271,1.598019801980198,7.39079813924833,0.019801980198019802,0.0891089108910891,0.7871591283340525,-0.5910907808331471,-0.5925613104515128,1.4771692691318052,-1.3570094386757872,41.05422239823872,,,0.07314
1992-04-01,4.163452938149269,4.096522667142983,2.675631742441108,-0.3900353197707086,-0.3999999999999928,0.555784537,0.822120447996633,3.999999999999998,2.0000000000000004,-5.599999999999998,1.000000000000001,2.700000000000002,-0.9999999999999968,0.1999999999999992,6.399999999999995,2.8000000000000003,-1.5000000000000042,2.7,387.0,1.6094379425048828,0.0202027559280395,1.0986123085021973,0.033901572227478,-1.8870697021484373,0.0150377750396728,0.6931471824645996,0.0,1.3083328008651731,0.0,-0.6931471824645996,0.0,0.1823215633630752,0.087011381983757,2.0014801025390625,0.0,1.3350011110305786,0.0,-0.9162907600402832,0.0,1.3083328008651731,0.0,0.0,4.161391735076904,4.090518474578857,4.162302017211914,4.101322650909424,-0.1000000014901161,-0.1000000014901161,-0.0108041763305664,-0.0137596130371093,17.520454623482443,5.841629541348326,4.04,7.54,0.32,1.7,,3.5,,0.0430861181049238,8.515864125872506,4.13393700114859,,-0.0003283413320023,0.0021321947584445,,0.2596683482377062,3.8066624897703196,2.493181818181818,9.490701707450093,0.0,0.0,1.2085543636518583,-0.8132079206276045,-1.7477551232456978,1.2797577713341253,3.646552836102663,36.49836021407855,,,0.07314
1992-05-01,4.160489448713722,4.077584387881545,2.707334125167566,-0.3900353197707086,-0.3999999999999928,1.75395673,-2.28912912965065,3.999999999999998,2.0000000000000004,-5.499999999999998,1.000000000000001,2.700000000000002,-0.6999999999999966,0.1999999999999992,6.399999999999995,2.9000000000000004,-1.5000000000000042,2.7,388.0,1.6094379425048828,0.0,1.0986123085021973,0.0,-1.8718022108078003,0.0152674913406372,0.6931471824645996,0.0,1.3083328008651731,0.0,-0.5306282639503479,0.1625189185142517,0.1823215633630752,0.0,2.0014801025390625,0.0,1.3609765768051147,0.0259754657745361,-0.9162907600402832,0.0,1.3083328008651731,0.0,0.0,4.163453102111816,4.096522808074951,4.161391735076904,4.090518474578857,0.0,-0.1000000014901161,0.0060043334960937,-0.0108041763305664,16.562856946672714,5.824878534700086,3.75,7.48,0.36,1.63,,3.73,,-0.9575976768097298,8.530317688181318,4.141498467815387,,0.0077600774692381,0.0040925351663925,,0.264537482656022,4.343805421853684,0.0302631578947368,0.13145726934557184,0.02631578947368421,0.18421052631578946,-4.159840772279905,0.09207234388091536,-2.667062355146244,0.03807375345200546,-1.4338302680515267,31.630067675132885,,,0.12617
1992-06-01,4.161873763065596,4.081685872151401,2.770757996806049,-0.3900353197707086,-0.3999999999999928,2.919525176,-0.481789897695955,3.999999999999998,2.1000000000000005,-5.399999999999999,1.1000000000000012,2.700000000000002,-0.5999999999999966,0.1999999999999992,6.399999999999995,2.9000000000000004,-1.5000000000000042,2.8,389.0,1.6094379425048828,0.0,1.1314021348953247,0.0327898263931274,-1.8562979698181152,0.015504240989685,0.7419373393058777,0.048790156841278,1.3083328008651731,0.0,-0.4700036346912384,0.0606246292591095,0.1823215633630752,0.0,2.0014801025390625,0.0,1.3609765768051147,0.0,-0.9162907600402832,0.0,1.3350011110305786,0.0266683101654052,0.0,4.160489559173584,4.077584266662598,4.163453102111816,4.096522808074951,0.0,0.0,-0.0189385414123535,0.0060043334960937,15.076999950408936,5.820794843054475,3.63,7.39,0.36,1.77,,3.76,,-1.485856996263777,8.6588564415159,4.14478415898017,,-0.0034636936530139,0.0057911713133848,,0.2828075500731799,5.272999558563747,1.154639175257732,6.08841186143443,0.030927835051546393,0.08247422680412371,-1.1311147109648843,0.7441297354159002,-1.9178965469219997,2.528324291702823,-0.3610477075296169,35.66094584082174,,,0.12617
1992-07-01,4.166547852572909,4.0895017759146,2.739990162263676,-0.4812118250595971,-0.4999999999999928,-1.589891603,0.45493527072829,3.999999999999998,2.1000000000000005,-5.399999999999999,1.1000000000000012,2.700000000000002,-0.4999999999999966,0.1999999999999992,6.399999999999995,2.9000000000000004,-1.5000000000000042,2.8,390.0,1.6094379425048828,0.0,1.1314021348953247,0.0,-1.8562979698181152,0.0,0.7419373393058777,0.0,1.3083328008651731,0.0,-0.4054650962352752,0.0645385384559631,0.1823215633630752,0.0,2.0014801025390625,0.0,1.3609765768051147,0.0,-0.9162907600402832,0.0,1.3350011110305786,0.0,-0.0911765024065971,4.161873817443848,4.081686019897461,4.160489559173584,4.077584266662598,-0.1000000014901161,0.0,0.0041017532348632,-0.0189385414123535,15.203181873668324,5.831325137247676,3.66,7.26,0.37,1.86,,3.6,,0.1261819232593879,8.691011194428503,4.145295881476153,,-0.0052820551564081,0.0070637183336949,,0.2812686810755114,4.543294782270004,1.2741935483870968,5.789036899989198,0.021505376344086023,0.12903225806451613,0.04232867763933256,0.4858719638430598,-2.6683555324433317,3.5639638790258026,0.3776525341446867,46.972483697732656,,,0.12617
1992-08-01,4.159983259194237,4.08927993892167,2.7188814819387828,-0.4812118250595971,-0.4999999999999928,-1.220810008,-0.846244193128502,4.099999999999998,2.1000000000000005,-2.4999999999999987,1.1000000000000012,2.700000000000002,-0.4999999999999966,0.1999999999999992,6.399999999999995,3.0000000000000004,-1.5000000000000042,2.8,391.0,1.6292405128479004,0.0198025703430175,1.1314021348953247,0.0,-1.2527629137039185,0.6035350561141968,0.7419373393058777,0.0,1.3083328008651731,0.0,-0.4054650962352752,0.0,0.1823215633630752,0.0,2.0014801025390625,0.0,1.3862943649291992,0.0253177881240844,-0.9162907600402832,0.0,1.3350011110305786,0.0,0.0,4.166547775268555,4.089501857757568,4.161873817443848,4.081686019897461,0.1000000014901161,0.1000000014901161,0.0078158378601074,0.0041017532348632,13.601818214763297,5.865674541049683,3.21,6.84,0.26,1.97,,3.63,,-1.6013636589050293,8.694937616378668,4.154460819549085,,-0.0077548902289557,0.0021539003345258,,0.2674988165540659,4.07753744390572,2.889655172413793,11.782677165493078,0.0,0.06896551724137931,1.6540968601122403,2.672079472480001,2.118853730547858,1.326348091854835,-0.2659998015571689,52.65489826835369,,,0.07359
1992-09-01,4.165361894216435,4.09365133719326,2.7422792839828904,-0.9503469298211292,-1.0999999999999928,2.336451958,0.376673108286901,4.599999999999998,2.1000000000000005,-1.6999999999999986,1.1000000000000012,2.700000000000002,-0.4999999999999966,0.1999999999999992,6.399999999999995,3.0000000000000004,-1.400000000000004,2.8,392.0,1.722766637802124,0.0935261249542236,1.1314021348953247,0.0,-0.9932518005371094,0.2595111131668091,0.7419373393058777,0.0,1.3083328008651731,0.0,-0.4054650962352752,0.0,0.1823215633630752,0.0,2.0014801025390625,0.0,1.3862943649291992,0.0,-0.8754687309265137,0.0408220291137695,1.3350011110305786,0.0,-0.4691351056098938,4.159983158111572,4.089280128479004,4.166547775268555,4.089501857757568,-0.6000000238418579,0.4000000059604645,-0.0002217292785644,0.0078158378601074,14.42190474555606,5.837905358981679,3.13,6.59,0.34,2.06,,3.46,,0.8200865307927643,8.646874055260689,4.148853264972454,,-0.0025061284239229,0.0026258390089683,,0.2636690549131439,4.174387269895637,1.7703125,7.389969963737119,0.03125,0.078125,2.5879815415268506,-1.4677083307225547,1.2887683927201163,-1.366597832404201,-0.07134558379029174,54.22308540513471,,,0.07359
1992-10-01,4.16705801486627,4.106868108382298,2.728217151487821,-0.9503469298211292,-1.0999999999999928,-1.34059205,1.29547840595146,4.599999999999998,2.1000000000000005,-1.6999999999999986,1.000000000000001,2.600000000000002,-0.4999999999999966,0.1999999999999992,6.399999999999995,3.0000000000000004,-1.400000000000004,2.4,393.0,1.722766637802124,0.0,1.1314021348953247,0.0,-0.9932518005371094,0.0,0.6931471824645996,-0.048790156841278,1.280933856964111,-0.027398943901062,-0.4054650962352752,0.0,0.1823215633630752,0.0,2.0014801025390625,0.0,1.3862943649291992,0.0,-0.8754687309265137,0.0,1.2237753868103027,-0.1112257242202758,0.0,4.165361881256104,4.093651294708252,4.159983158111572,4.089280128479004,0.6000000238418579,-0.5,0.004371166229248,-0.0002217292785644,13.696666581290108,5.84479001776017,2.91,6.42,0.58,2.29,,3.51,,-0.7252381642659511,8.641676963275621,4.152146380144355,,0.0172129475047586,0.0131642468898665,,0.266862676481018,5.231108616854587,1.917741935483871,10.031916363613071,0.010752688172043012,0.10752688172043011,1.1641276873708277,1.5283977784091083,-1.9899096945428358,-0.7307917747878928,1.4897218085797033,33.94190420315111,,,0.07359
1992-11-01,4.166439306811537,4.102100369690312,2.6613268650884407,-0.9503469298211292,-1.0999999999999928,1.603578139,-0.314561509759884,4.599999999999998,2.1000000000000005,-1.6999999999999986,0.7000000000000011,2.600000000000002,-0.4999999999999966,0.1999999999999992,6.399999999999995,3.1000000000000005,-1.000000000000004,2.4,394.0,1.722766637802124,0.0,1.1314021348953247,0.0,-0.9932518005371094,0.0,0.5306282639503479,-0.1625189185142517,1.280933856964111,0.0,-0.4054650962352752,0.0,0.1823215633630752,0.0,2.0014801025390625,0.0,1.4109870195388794,0.0246926546096801,-0.6931471824645996,0.182321548461914,1.2237753868103027,0.0,0.0,4.167057991027832,4.106868267059326,4.165361881256104,4.093651294708252,0.0,0.0,0.0132169723510742,0.004371166229248,17.636818278919566,5.841745698858039,2.86,6.59,0.6,2.19,,3.73,,3.9401516976294575,8.68587050006278,4.158875270829154,,0.0092785473505441,0.00992198942079,,0.280521085745304,4.499809670330265,1.7000000000000002,7.649676439561452,0.0,0.056179775280898875,-0.45796051494934603,-1.7465134785077143,0.30175039605756265,-2.7923342448392976,2.5611129879282393,29.538812808208156,,,0.06778
1992-12-01,4.160696126303581,4.107389905955806,2.6128665066222427,-0.8813735870195377,-0.9999999999999928,-4.421150985,0.865947520810533,4.599999999999998,2.1000000000000005,-1.499999999999999,0.6000000000000011,3.0000000000000018,-0.4999999999999966,0.1999999999999992,6.399999999999995,3.6000000000000005,-0.600000000000004,2.4,395.0,1.722766637802124,0.0,1.1314021348953247,0.0,-0.9162907600402832,0.0769610404968261,0.4700036346912384,-0.0606246292591095,1.3862943649291992,0.1053605079650878,-0.4054650962352752,0.0,0.1823215633630752,0.0,2.0014801025390625,0.0,1.5260562896728516,0.1150692701339721,-0.4700036346912384,0.2231435477733612,1.2237753868103027,0.0,0.0689733400940895,4.166439533233643,4.102100372314453,4.167057991027832,4.106868267059326,0.1000000014901161,0.0,-0.004767894744873,0.0132169723510742,14.424499940872192,5.814190231535541,3.13,6.87,0.73,2.0,,3.74,,-3.2123183380473748,8.720368800467645,4.162660315627448,,0.0298619471895345,0.0103812992745321,,0.2943271848981399,4.875197323201151,1.7476923076923077,8.520344860240781,0.015384615384615385,0.1,2.3522019762644732,0.8684280181895631,-1.286127806065545,1.7226017301619585,-2.978775110655075,32.91313309420664,,,0.06778
1993-01-01,4.168414545559019,4.1046788457586425,2.592103713253128,-0.8813735870195377,-0.9999999999999928,-0.543575076,-0.111947390828258,4.599999999999998,2.1000000000000005,-1.499999999999999,0.6000000000000011,3.100000000000002,-0.4999999999999966,0.1999999999999992,6.399999999999995,3.6000000000000005,-0.600000000000004,2.4,396.0,1.722766637802124,0.0,1.1314021348953247,0.0,-0.9162907600402832,0.0,0.4700036346912384,0.0,1.4109870195388794,0.0246926546096801,-0.4054650962352752,0.0,0.1823215633630752,0.0,2.0014801025390625,0.0,1.5260562896728516,0.0,-0.4700036346912384,0.0,1.2237753868103027,0.0,0.0,4.160696029663086,4.1073899269104,4.166439533233643,4.102100372314453,-0.1000000014901161,0.0,0.0052895545959472,-0.004767894744873,12.19136363809759,5.813593073987639,3.22,6.77,0.36,2.06,,3.5499999999999994,,-2.233136302774602,8.580579350259805,4.164347811993848,,0.0055824775638559,0.0130819845978102,,0.2852266868670354,5.1647859739235145,2.10632183908046,10.878701491051542,0.011494252873563218,0.05172413793103448,2.6563058475281554,1.4071059784261306,0.05380556975906217,-0.8619970985451911,-0.4875959514443696,53.85784211844813,,,0.06778
1993-02-01,4.175486665338938,4.110522950151171,2.640005267920583,-0.8813735870195377,-0.9999999999999928,2.381189872,0.593916696230131,4.599999999999998,2.1000000000000005,-1.499999999999999,0.6000000000000011,3.0000000000000018,-0.4999999999999966,0.1999999999999992,6.399999999999995,3.6000000000000005,-0.600000000000004,2.4,397.0,1.722766637802124,0.0,1.1314021348953247,0.0,-0.9162907600402832,0.0,0.4700036346912384,0.0,1.3862943649291992,-0.0246926546096801,-0.4054650962352752,0.0,0.1823215633630752,0.0,2.0014801025390625,0.0,1.5260562896728516,0.0,-0.4700036346912384,0.0,1.2237753868103027,0.0,0.0,4.16841459274292,4.104678630828857,4.160696029663086,4.1073899269104,0.0,0.0,-0.0027112960815429,0.0052895545959472,12.408999967575074,5.796088145440227,3.0,6.6,0.35,2.11,,3.6,,0.2176363294774841,8.65719954643227,4.168180354481093,,0.0040153745667164,0.0144913409401068,,0.2635615714037449,4.382026634673881,1.420253164556962,6.2235871950684745,0.02531645569620253,0.06329113924050633,0.1558435433270559,-0.26941548259674514,-1.6722720286091484,0.9092362169719608,-0.9049163134952716,84.45170385697493,,,0.13982
1993-03-01,4.174616166773671,4.09872830622706,2.6531633320277312,-0.8813735870195377,-0.9999999999999928,-1.212734443,-0.867836753443828,4.599999999999998,2.1000000000000005,-1.499999999999999,0.6000000000000011,3.0000000000000018,-0.4999999999999966,0.1999999999999992,6.399999999999995,3.6000000000000005,-0.600000000000004,1.9,398.0,1.722766637802124,0.0,1.1314021348953247,0.0,-0.9162907600402832,0.0,0.4700036346912384,0.0,1.3862943649291992,0.0,-0.4054650962352752,0.0,0.1823215633630752,0.0,2.0014801025390625,0.0,1.5260562896728516,0.0,-0.4700036346912384,0.0,1.0647107362747192,-0.1590646505355835,0.0,4.175486564636231,4.110522747039795,4.16841459274292,4.104678630828857,0.0,0.0,0.0058441162109375,-0.0027112960815429,13.721578949376156,5.796999556367335,2.93,6.26,0.26,2.2,,3.33,,1.3125789818010831,8.694481272331686,4.172984748360418,,-0.0060291242924326,0.0063004902825634,,0.2759430364140152,3.912023005428146,2.179591836734694,8.52661340774951,0.04081632653061224,0.04081632653061224,2.8215791893697157,-1.3753920319759425,0.57454605254652,-0.11696511134842955,-5.262945774311323,35.55383384155905,,,0.13982
1993-04-01,4.1774522603176685,4.086988489203554,2.645888701165054,-0.8813735870195377,-0.9999999999999928,-2.388434392,-0.928473041853483,4.6999999999999975,2.1000000000000005,-1.499999999999999,0.6000000000000011,3.0000000000000018,-0.4999999999999966,0.1999999999999992,6.399999999999995,3.6000000000000005,-0.600000000000004,1.9,399.0,1.7404661178588867,0.0176994800567626,1.1314021348953247,0.0,-0.9162907600402832,0.0,0.4700036346912384,0.0,1.3862943649291992,0.0,-0.4054650962352752,0.0,0.1823215633630752,0.0,2.0014801025390625,0.0,1.5260562896728516,0.0,-0.4700036346912384,0.0,1.0647107362747192,0.0,0.0,4.17461633682251,4.098728179931641,4.175486564636231,4.110522747039795,0.0,0.1000000014901161,-0.0117945671081542,0.0058441162109375,13.606086855349334,5.799335049322941,2.95,5.98,0.36,2.18,,3.03,,-0.1154920940268233,8.74346505419682,4.172110834628049,,-0.0037082537989152,0.0052588470268287,,0.2799069195319492,4.454347296253507,2.034117647058824,9.06066644143802,0.0,0.17647058823529413,1.2795082978154861,3.4608458924244334,-1.1944111974028542,-3.9359504958291684,-0.12950365170620728,41.28082471390542,,,0.13982
1993-05-01,4.180325297171526,4.090112921446102,2.6266967256709357,-0.8813735870195377,-0.9999999999999928,-1.903930427,0.451562995265065,4.6999999999999975,2.1000000000000005,-1.2999999999999987,0.6000000000000011,3.0000000000000018,-0.4999999999999966,0.1999999999999992,6.399999999999995,3.6000000000000005,-0.500000000000004,1.9,400.0,1.7404661178588867,0.0,1.1314021348953247,0.0,-0.832909107208252,0.0833816528320312,0.4700036346912384,0.0,1.3862943649291992,0.0,-0.4054650962352752,0.0,0.1823215633630752,0.0,2.0014801025390625,0.0,1.5260562896728516,0.0,-0.4054650962352752,0.0645385384559631,1.0647107362747192,0.0,0.0,4.177452087402344,4.08698844909668,4.17461633682251,4.098728179931641,0.0,-0.1000000014901161,-0.0117397308349609,-0.0117945671081542,12.840952419099354,5.835249237398506,2.87,5.97,0.28,2.12,,3.1,,-0.7651344362499799,8.801564530221986,4.174850239631685,,-0.0044926611066249,0.0011805686337107,,0.2812702557336903,4.127134385045092,1.3557377049180328,5.595311699069329,0.03278688524590164,0.03278688524590164,0.8556135600769003,-3.2089050010487035,-0.75444803515719,-3.484286777451548,-3.2496333607968033,46.785794702597,,,0.13706
1993-06-01,4.176806188106486,4.085344970439945,2.581392139820594,-0.8813735870195377,-0.9999999999999928,-1.839213647,-0.297898840758681,4.6999999999999975,2.3000000000000007,-1.2999999999999987,0.6000000000000011,3.0000000000000018,-0.3999999999999967,0.1999999999999992,6.399999999999995,3.6000000000000005,-0.500000000000004,1.9,401.0,1.7404661178588867,0.0,1.193922519683838,0.0625203847885131,-0.832909107208252,0.0,0.4700036346912384,0.0,1.3862943649291992,0.0,-0.3364722430706024,0.0689928531646728,0.1823215633630752,0.0,2.0014801025390625,0.0,1.5260562896728516,0.0,-0.4054650962352752,0.0,1.0647107362747192,0.0,0.0,4.180325508117676,4.090112686157227,4.177452087402344,4.08698844909668,0.0,0.0,0.0031242370605468,-0.0117397308349609,13.6060001373291,5.90585219103206,2.96,6.04,0.31,2.1,,3.08,,0.7650477182297468,8.864503085178313,4.171058659289805,,0.0062353379500748,0.0059802490953627,,0.2915006579166515,5.556828061699537,1.519767441860465,8.445086368187551,0.031007751937984496,0.08914728682170543,-1.0541499686989892,0.2762153838564689,-3.4604699523809077,-2.2260925144072754,1.6842795359955147,54.37788813845057,,,0.13706
1993-07-01,4.176944612490392,4.095488374486039,2.514790143715252,-0.8813735870195377,-0.9999999999999928,-1.107011347,1.10497110909789,4.6999999999999975,2.3000000000000007,-1.2999999999999987,0.6000000000000011,3.0000000000000018,-0.3999999999999967,0.1999999999999992,6.399999999999995,3.6000000000000005,-0.500000000000004,1.9,402.0,1.7404661178588867,0.0,1.193922519683838,0.0,-0.832909107208252,0.0,0.4700036346912384,0.0,1.3862943649291992,0.0,-0.3364722430706024,0.0,0.1823215633630752,0.0,2.0014801025390625,0.0,1.5260562896728516,0.0,-0.4054650962352752,0.0,1.0647107362747192,0.0,0.0,4.1768059730529785,4.0853447914123535,4.180325508117676,4.090112686157227,0.0,0.0,-0.004767894744873,0.0031242370605468,12.52409081025557,5.918598111620868,3.07,5.96,0.28,2.16,,2.89,,-1.0819093270735305,8.879900411537658,4.173311306639339,,0.0056081890905688,0.0060209419827614,,0.2894981513230346,4.356708826689592,1.5285714285714287,6.659540635082662,0.0,0.12987012987012986,-0.7674642556475113,-0.016751493688557068,1.5371518363942003,1.409427961674581,-2.7052070187520476,51.82169097426441,,,0.13706
1993-08-01,4.175748650488721,4.092525825990241,2.520688338974291,-0.9503469298211292,-1.0999999999999928,0.001353223,-0.162197931975346,4.6999999999999975,2.3000000000000007,-1.1999999999999986,0.6000000000000011,3.0000000000000018,-0.3999999999999967,0.1999999999999992,6.399999999999995,3.6000000000000005,-0.400000000000004,1.9,403.0,1.7404661178588867,0.0,1.193922519683838,0.0,-0.7884573340415955,0.0444517731666564,0.4700036346912384,0.0,1.3862943649291992,0.0,-0.3364722430706024,0.0,0.1823215633630752,0.0,2.0014801025390625,0.0,1.5260562896728516,0.0,-0.3364722430706024,0.0689928531646728,1.0647107362747192,0.0,-0.0689733400940895,4.176944732666016,4.095488548278809,4.1768059730529785,4.0853447914123535,-0.1000000014901161,0.0,0.010143756866455,-0.004767894744873,11.500476201375326,5.971746416241879,3.04,5.81,0.28,2.05,,2.77,,-1.0236146088802442,8.849931191720335,4.176004423136652,,0.0,0.003433281712861,,0.3051266353747643,4.990432586778736,0.7595890410958904,3.7906779032449442,0.0136986301369863,0.136986301369863,-0.3381158064205745,0.8281289603818044,0.906913323375932,-1.745511345742787,-1.2494433050736202,58.85470012936468,,,0.10559
1993-09-01,4.179464971903903,4.092714784856171,2.4914370046675494,-1.0159731341796878,-1.1999999999999929,1.020099478,-0.103877164780562,4.6999999999999975,2.400000000000001,-0.8999999999999986,0.6000000000000011,3.0000000000000018,0.2000000000000033,0.1999999999999992,6.399999999999995,3.6000000000000005,-0.400000000000004,1.9,404.0,1.7404661178588867,0.0,1.2237753868103027,0.0298528671264648,-0.6418538689613342,0.1466034650802612,0.4700036346912384,0.0,1.3862943649291992,0.0,0.1823215633630752,0.5187938213348389,0.1823215633630752,0.0,2.0014801025390625,0.0,1.5260562896728516,0.0,-0.3364722430706024,0.0,1.0647107362747192,0.0,-0.0656262040138244,4.175748825073242,4.092525959014893,4.176944732666016,4.095488548278809,-1.1102230246251563e-16,0.0,-0.002962589263916,0.010143756866455,11.928636420856822,5.9371139523579,3.02,5.68,0.24,1.91,,2.66,,0.4281602194814962,8.906943722504737,4.174797954783822,,0.0053013878381251,0.0031530573758997,,0.2944922392280138,5.313205979041787,-0.3198019801980198,1.6991737932975222,0.0049504950495049506,0.2079207920792079,-3.825791759242993,2.970161897756826,-1.7215553236536414,-2.9657616967902807,-1.4201327911632053,48.62351786629755,,,0.10559
1993-10-01,4.179504156275099,4.100427092736856,2.5227020908905398,-1.0159731341796878,-1.1999999999999929,0.815712498,0.530148644163841,4.6999999999999975,2.400000000000001,-0.7999999999999986,0.6000000000000011,3.0000000000000018,0.2000000000000033,0.1999999999999992,6.399999999999995,3.6000000000000005,-0.300000000000004,1.9,405.0,1.7404661178588867,0.0,1.2237753868103027,0.0,-0.5877866744995117,0.0540671944618225,0.4700036346912384,0.0,1.3862943649291992,0.0,0.1823215633630752,0.0,0.1823215633630752,0.0,2.0014801025390625,0.0,1.5260562896728516,0.0,-0.2623642683029175,0.0741079747676849,1.0647107362747192,0.0,0.0,4.179464817047119,4.092714786529541,4.175748825073242,4.092525959014893,0.1000000014901161,0.0,0.0001888275146484,-0.002962589263916,12.931428409758068,5.872906210983847,2.95,5.36,0.46,2.0,,2.41,,1.0027919889012455,8.925063029334693,4.180089443099557,,-0.000861504584797,0.0033373678794413,,0.2818900812782843,4.912654885736052,0.5503703703703704,2.7037796889643606,0.037037037037037035,0.11851851851851852,-3.5518087385884094,-0.4037523734163314,-2.117999084854149,-1.0490354200816578,-0.706974323825854,38.15541910906951,,,0.10559
1993-11-01,4.182471885756144,4.101484131401573,2.4369124016700505,-0.8813735870195379,-0.9999999999999928,-4.808135422,0.410184901404166,4.6999999999999975,2.500000000000001,-0.6999999999999986,0.6000000000000011,3.200000000000002,0.3000000000000032,0.1999999999999992,6.399999999999995,3.7000000000000006,0.0999999999999959,1.9,406.0,1.7404661178588867,0.0,1.2527629137039185,0.0289875268936157,-0.5306282639503479,0.0571584105491638,0.4700036346912384,0.0,1.435084581375122,0.0487902164459228,0.2623642683029175,0.0800427049398422,0.1823215633630752,0.0,2.0014801025390625,0.0,1.5475624799728394,0.0215061902999877,0.0953101813793182,0.3576744496822357,1.0647107362747192,0.0,0.1345995515584945,4.17950439453125,4.100427150726318,4.179464817047119,4.092714786529541,0.2000000029802322,0.0,0.0077123641967773,0.0001888275146484,11.875238100687662,5.897648250903697,3.02,5.33,0.41,1.96,,2.31,,-1.0561903090704057,9.052757476663553,4.18739309552186,,0.0,0.0033373678794413,,0.2871021302753851,5.062595033026967,1.856687898089172,9.39965893074752,0.025477707006369428,0.10191082802547771,1.999148121982333,0.36902730835267844,-1.3083987887349542,0.7515586136056543,1.2313807030138535,38.61344374737475,,,0.15699
1993-12-01,4.188296395649134,4.107876869471098,2.294348944858109,-0.8813735870195379,-0.9999999999999928,-2.723044154,0.882019246070889,4.6999999999999975,2.500000000000001,-0.6999999999999986,1.200000000000001,3.200000000000002,0.4000000000000032,0.1999999999999992,6.499999999999995,3.7000000000000006,0.0999999999999959,1.7,407.0,1.7404661178588867,0.0,1.2527629137039185,0.0,-0.5306282639503479,0.0,0.7884573340415955,0.318453699350357,1.435084581375122,0.0,0.3364722430706024,0.0741079747676849,0.1823215633630752,0.0,2.0149030685424805,0.0134229660034179,1.5475624799728394,0.0,0.0953101813793182,0.0,0.9932518005371094,-0.0714589357376098,0.0,4.182471752166748,4.101484298706055,4.17950439453125,4.100427150726318,-0.2000000029802322,0.0,0.0010571479797363,0.0077123641967773,14.083809534708658,5.923801148622886,3.1,5.72,0.36,1.91,,2.62,,2.208571434020996,9.141967606235864,4.191952101075109,,0.003132317031639,0.0021017536820567,,0.2841437631112935,5.356586274672012,1.753080568720379,9.390527312801787,0.004739336492890996,0.10426540284360189,1.7852779689544611,1.0651147249718782,-1.9814793750926816,-1.2527749904889016,1.845604525056481,34.20673159561743,,,0.15699
1994-01-01,4.187897441301807,4.11314832480591,2.327561079064223,-0.7326682560454053,-0.7999999999999929,0.75586788,-0.026648810497992,4.6999999999999975,2.500000000000001,-0.6999999999999986,1.200000000000001,3.200000000000002,0.4000000000000032,0.2999999999999992,6.499999999999995,3.7000000000000006,0.0999999999999959,1.7,408.0,1.7404661178588867,0.0,1.2527629137039185,0.0,-0.5306282639503479,0.0,0.7884573340415955,0.0,1.435084581375122,0.0,0.3364722430706024,0.0,0.2623642683029175,0.0800427049398422,2.0149030685424805,0.0,1.5475624799728394,0.0,0.0953101813793182,0.0,0.9932518005371094,0.0,0.1487053334712982,4.188296318054199,4.107876777648926,4.182471752166748,4.101484298706055,0.2000000029802322,0.0,0.006392478942871,0.0010571479797363,11.356363556601783,5.948817972386509,3.06,5.77,0.37,1.94,,2.7099999999999995,,-2.727445978106873,9.250345305520282,4.197857371922138,,-0.0008595496489332,0.0021010011574302,,0.324922083858306,4.700480365792417,2.1743119266055047,10.220310520117456,0.009174311926605505,0.09174311926605505,-1.2006973765993982,0.7973360758809915,0.7318893662392026,-0.3295094664583941,1.042628960831778,29.10719545210648,,,0.15699
1994-02-01,4.191191590772208,4.110231034651861,2.310055416359211,-0.7326682560454053,-0.7999999999999929,0.250780198,0.196138062436449,4.899999999999998,2.500000000000001,-0.6999999999999986,1.200000000000001,3.200000000000002,0.4000000000000032,0.1999999999999992,6.499999999999995,3.7000000000000006,0.0999999999999959,1.4,409.0,1.7749522924423218,0.034486174583435,1.2527629137039185,0.0,-0.5306282639503479,0.0,0.7884573340415955,0.0,1.435084581375122,0.0,0.3364722430706024,0.0,0.1823215633630752,-0.0800427049398422,2.0149030685424805,0.0,1.5475624799728394,0.0,0.0953101813793182,0.0,0.8754687309265137,-0.1177830696105957,0.0,4.187897205352783,4.113148212432861,4.188296318054199,4.107876777648926,-0.2000000029802322,0.2000000029802322,0.0052714347839355,0.006392478942871,11.290476163228352,5.958114567426428,2.98,5.75,0.29,1.85,,2.77,4.484696032520217,-0.0658873933734316,9.333786919734266,4.2007310513890666,,0.4054593752972812,0.1162657864775817,,0.3321038758781918,5.978885764901122,1.7637055837563451,10.544994208197435,0.02284263959390863,0.07868020304568528,1.5224354965070988,0.7744264369999455,-0.8602898884028215,0.403947319849997,0.5379854428258102,45.02851880550678,,,0.1188
1994-03-01,4.199007384548528,4.108719085287462,2.299180254839205,-0.4812118250595972,-0.4999999999999929,-0.511332937,0.17986031112968,4.899999999999998,2.500000000000001,-0.1999999999999986,1.400000000000001,3.200000000000002,0.4000000000000032,0.1999999999999992,6.499999999999995,3.7000000000000006,0.0999999999999959,1.4,410.0,1.7749522924423218,0.0,1.2527629137039185,0.0,-0.1823215633630752,0.3483067154884338,0.8754687309265137,0.0870113968849182,1.435084581375122,0.0,0.3364722430706024,0.0,0.1823215633630752,0.0,2.0149030685424805,0.0,1.5475624799728394,0.0,0.0953101813793182,0.0,0.8754687309265137,0.0,0.2514564394950866,4.191191673278809,4.110230922698975,4.187897205352783,4.113148212432861,0.3000000119209289,-0.2000000029802322,-0.0029172897338867,0.0052714347839355,13.644210464075991,5.945184978753801,3.25,5.97,0.39,1.77,,2.72,4.479153345404605,2.3537343008476377,9.311078712823427,4.201313783219344,,0.0005158213996843,0.1162657864775817,,0.3147580928391993,5.342334251964811,1.461057692307692,7.805458553712046,0.0,0.11538461538461539,0.46928646874347507,2.097349623986845,-2.2563430509809637,1.792798212972838,-1.3379454855351087,57.068131892202544,,,0.1188
1994-04-01,4.20546127912025,4.101171207564378,2.409439058118239,-0.2956730475634155,-0.2999999999999929,3.086917789,-1.81097626436344,4.899999999999998,2.500000000000001,-0.1999999999999986,1.400000000000001,3.200000000000002,0.4000000000000032,0.1999999999999992,6.499999999999995,3.7000000000000006,0.199999999999996,1.2999999999999998,411.0,1.7749522924423218,0.0,1.2527629137039185,0.0,-0.1823215633630752,0.0,0.8754687309265137,0.0,1.435084581375122,0.0,0.3364722430706024,0.0,0.1823215633630752,0.0,2.0149030685424805,0.0,1.5475624799728394,0.0,0.1823215633630752,0.087011381983757,0.832909107208252,-0.0425596237182617,0.1855387836694717,4.199007511138916,4.1087188720703125,4.191191673278809,4.110230922698975,-0.1000000014901161,0.0,-0.0015120506286621,-0.0029172897338867,15.223478317260742,5.9509810369620935,3.5,6.48,0.46,1.59,,2.9800000000000004,4.4802870038414015,1.579267853184751,9.171373535115327,4.211463673825975,,0.0004124656337118,0.1162657864775817,,0.3271253080351521,6.206575926724928,1.650909090909091,10.2464926208477,0.0,0.05656565656565657,0.8847289650102921,0.7325987509117874,-1.3200702564762892,-1.4377486546175497,0.9884462580847201,33.63472914899956,,,0.1188
1994-05-01,4.210632258192939,4.10841346281756,2.495024779953585,-0.1986901103492346,-0.1999999999999929,1.432917604,0.1113992612232,4.999999999999997,2.500000000000001,-0.1999999999999986,1.400000000000001,3.200000000000002,0.4000000000000032,0.1999999999999992,6.499999999999995,4.1000000000000005,0.199999999999996,1.2999999999999998,412.0,1.7917594909667969,0.016807198524475,1.2527629137039185,0.0,-0.1823215633630752,0.0,0.8754687309265137,0.0,1.435084581375122,0.0,0.3364722430706024,0.0,0.1823215633630752,0.0,2.0149030685424805,0.0,1.6292405128479004,0.081678032875061,0.1823215633630752,0.0,0.832909107208252,0.0,0.0969829335808754,4.205461502075195,4.101171016693115,4.199007511138916,4.1087188720703125,-0.1000000014901161,0.1000000014901161,-0.0075478553771972,-0.0015120506286621,16.471052671733656,5.932961111484582,3.68,6.97,0.44,1.48,,3.29,4.479380179929792,1.2475743544729134,9.139883317191073,4.217359811868628,,-0.0005843765384438,0.0006075651177205,,0.3139317769127037,5.298317366548036,1.821105527638191,9.648795043402052,0.02512562814070352,0.08040201005025126,-0.8104235475362502,-0.521134540886979,-0.391351402310458,-1.161199252087551,0.5670276191588319,49.50765473429677,,,0.09656
1994-06-01,4.2180928812551794,4.11352608163803,2.556750235883665,-0.1986901103492346,-0.1999999999999929,2.336164522,0.368558212252613,4.999999999999997,2.600000000000001,1.3877787807814457e-15,1.400000000000001,3.200000000000002,0.4000000000000032,0.1999999999999992,6.499999999999995,4.2,0.199999999999996,1.2999999999999998,413.0,1.7917594909667969,0.0,1.280933856964111,0.0281709432601928,1.3322676295501878e-15,0.1823215633630752,0.8754687309265137,0.0,1.435084581375122,0.0,0.3364722430706024,0.0,0.1823215633630752,0.0,2.0149030685424805,0.0,1.6486586332321167,0.0194181203842163,0.1823215633630752,0.0,0.832909107208252,0.0,0.0,4.21063232421875,4.108413696289063,4.205461502075195,4.101171016693115,-0.1000000014901161,-0.1000000014901161,0.0072426795959472,-0.0075478553771972,13.897142818995883,5.9439273476503205,4.14,7.18,0.46,1.51,,3.04,4.470724089435168,-2.5739098527377706,9.115802891562776,4.221950307827175,,-0.0051826388820961,0.0029844850320747,,0.2892454470600341,5.225746673713202,2.308648648648649,12.064412996448155,0.016216216216216217,0.07567567567567568,1.2344548119139456,1.4913020736881668,-2.0755056282465136,2.5680333980049883,3.794427181364585,35.03603305148452,,,0.09656
1994-07-01,4.220414059019225,4.107030422029284,2.5833361935700814,-0.1986901103492346,-0.1999999999999929,-0.260833742,-1.52545864475941,4.999999999999997,2.600000000000001,1.3877787807814457e-15,1.400000000000001,3.400000000000002,0.6000000000000032,0.1999999999999992,6.499999999999995,4.2,0.199999999999996,1.2999999999999998,414.0,1.7917594909667969,0.0,1.280933856964111,0.0,1.3322676295501878e-15,0.0,0.8754687309265137,0.0,1.4816045761108398,0.0465199947357177,0.4700036346912384,0.133531391620636,0.1823215633630752,0.0,2.0149030685424805,0.0,1.6486586332321167,0.0,0.1823215633630752,0.0,0.832909107208252,0.0,0.0,4.218092918395996,4.113525867462158,4.21063232421875,4.108413696289063,0.0,0.0,0.0051121711730957,0.0072426795959472,13.408636353232644,5.954904291796179,4.14,7.1,0.72,1.52,,2.96,4.467171687830801,-0.4885064657632405,9.109299954574846,4.228678757514311,,-0.0009105946581384,0.0025658265950155,,0.2624346871053782,5.3230099791384085,1.822549019607843,9.701446618841471,0.0,0.05392156862745098,-0.8180407952864204,-0.8387096347636942,0.007074027460785758,0.5062658667278257,-1.210987476576356,43.62322480999162,,,0.09656
1994-08-01,4.2307821444503935,4.105317472373031,2.512486996970173,-0.0998340788992006,-0.0999999999999929,-3.934665875,-0.202900255969961,4.6999999999999975,2.600000000000001,1.3877787807814457e-15,1.900000000000001,3.400000000000002,0.6000000000000032,0.1999999999999992,6.499999999999995,4.2,0.199999999999996,1.2999999999999998,415.0,1.7404661178588867,-0.0512933731079101,1.280933856964111,0.0,1.3322676295501878e-15,0.0,1.0647107362747192,0.1892420053482055,1.4816045761108398,0.0,0.4700036346912384,0.0,0.1823215633630752,0.0,2.0149030685424805,0.0,1.6486586332321167,0.0,0.1823215633630752,0.0,0.832909107208252,0.0,0.0988560318946838,4.220414161682129,4.107030391693115,4.218092918395996,4.113525867462158,0.1000000014901161,-0.3000000119209289,-0.0064954757690429,0.0051121711730957,12.48449993133545,5.954515252329704,4.33,7.3,0.61,1.49,,2.97,4.453533011325132,-0.9241364218971952,9.096799940519212,4.23000826319381,,-0.003696990012048,0.0021687751337575,,0.2845356518309407,5.159055299214529,1.5976878612716765,8.24256002718437,0.0,0.10404624277456648,0.3464487678660543,1.0301181163683926,0.7081171222151746,-0.3732574028474693,0.6428620204813134,41.40938887489533,,,0.09446
1994-09-01,4.234424714832577,4.115339289142606,2.459125031854403,-0.0998340788992006,-0.0999999999999929,-1.910415755,0.209839765934126,4.6999999999999975,2.600000000000001,1.3877787807814457e-15,1.900000000000001,3.400000000000002,0.7000000000000032,0.1999999999999992,6.499999999999995,4.6000000000000005,0.299999999999996,1.2999999999999998,416.0,1.7404661178588867,0.0,1.280933856964111,0.0,1.3322676295501878e-15,0.0,1.0647107362747192,0.0,1.4816045761108398,0.0,0.5306282639503479,0.0606246292591095,0.1823215633630752,0.0,2.0149030685424805,0.0,1.722766637802124,0.0741080045700073,0.2623642683029175,0.0800427049398422,0.832909107208252,0.0,0.0,4.23078203201294,4.10531759262085,4.220414161682129,4.107030391693115,-0.1000000014901161,0.3000000119209289,-0.0017127990722656,-0.0064954757690429,11.889130467953889,5.941118172671244,4.48,7.24,0.44,1.55,,2.76,4.450852825603734,-0.5953694633815605,9.160942409498412,4.2366901207067365,,-0.0070388470978119,0.0030683189158001,,0.3143961934446229,5.236441962829949,3.1727272727272724,16.61380222752411,0.0053475935828877,0.0427807486631016,4.153936066383793,-1.1618779790096885,-0.23567452280073578,2.5941524977408252,2.8023260643388292,38.13565346931392,,,0.09446
1994-10-01,4.241823032281294,4.123401620488209,2.4726723650841165,0.2956730475634292,0.3000000000000071,-0.098106747,-0.303061855926585,4.6999999999999975,2.600000000000001,1.3877787807814457e-15,1.900000000000001,3.400000000000002,0.8000000000000032,0.1999999999999992,6.499999999999995,4.6000000000000005,0.299999999999996,1.1,417.0,1.7404661178588867,0.0,1.280933856964111,0.0,1.3322676295501878e-15,0.0,1.0647107362747192,0.0,1.4816045761108398,0.0,0.5877866744995117,0.0571584105491638,0.1823215633630752,0.0,2.0149030685424805,0.0,1.722766637802124,0.0,0.2623642683029175,0.0,0.7419373393058777,-0.0909717679023742,0.3955071270465851,4.234424591064453,4.115339279174805,4.23078203201294,4.10531759262085,0.4000000059604645,0.0,0.010021686553955,-0.0017127990722656,13.23333336058117,5.970189836829127,4.62,7.46,0.83,1.5,,2.84,4.439469730210373,1.3442028926272815,9.19524027432102,4.239830669968288,,-0.0033977299444307,0.0020213567842089,,0.3068795625083629,5.594711379601839,1.8436567164179103,10.314727211422644,0.022388059701492536,0.09701492537313433,-0.44463164430896174,-0.09997760172621613,0.8017218022769066,0.6885217237058029,1.2889573267241408,49.95757895686962,,,0.09446
1994-11-01,4.250481696313442,4.126214607340526,2.4917810531767524,0.5688248987322535,0.6000000000000071,0.285355389,0.365680967659881,4.6999999999999975,2.700000000000001,0.5000000000000013,1.900000000000001,3.400000000000002,0.8000000000000032,0.4999999999999992,6.499999999999995,4.6000000000000005,0.8999999999999959,1.1,418.0,1.7404661178588867,0.0,1.3083328008651731,0.027398943901062,0.4054650962352752,0.4054650962352752,1.0647107362747192,0.0,1.4816045761108398,0.0,0.5877866744995117,0.0,0.4054650962352752,0.2231435328722,2.0149030685424805,0.0,1.722766637802124,0.0,0.6418538689613342,0.3794896006584167,0.7419373393058777,0.0,0.2731518447399139,4.241823196411133,4.123401641845703,4.234424591064453,4.115339279174805,-0.1000000014901161,0.0,0.0080623626708984,0.010021686553955,15.245238031659808,5.965556821566797,4.95,7.74,0.59,1.4,,2.79,4.431411859854625,2.011904671078637,9.14668572570611,4.247843601206147,,-0.0004679457268359,0.0032918615430944,,0.3301106486008369,5.749392985908253,2.108945686900958,12.125157539929832,0.003194888178913738,0.09584664536741214,2.0362103646080847,-1.1927712376502464,-2.081363180621439,0.7117009325631366,2.586569052076707,53.0410093740832,,,0.12937
1994-12-01,4.261680222623713,4.131431590431362,2.4364495414084915,0.5688248987322535,0.6000000000000071,-2.998293017,0.421422964044289,4.6999999999999975,2.700000000000001,0.5000000000000013,1.900000000000001,3.400000000000002,0.8000000000000032,0.4999999999999992,6.499999999999995,4.6000000000000005,0.8999999999999959,1.1,419.0,1.7404661178588867,0.0,1.3083328008651731,0.0,0.4054650962352752,0.0,1.0647107362747192,0.0,1.4816045761108398,0.0,0.5877866744995117,0.0,0.4054650962352752,0.0,2.0149030685424805,0.0,1.722766637802124,0.0,0.6418538689613342,0.0,0.7419373393058777,0.0,0.0,4.250481605529785,4.126214504241943,4.241823196411133,4.123401641845703,-0.3000000119209289,0.0,0.0028128623962402,0.0080623626708984,16.38380949837821,5.951657662189595,5.29,7.96,0.63,1.3,,2.67,4.43366986782572,1.1385714667184017,9.12728480671706,4.254656224162832,,-0.0019912158848605,0.0014652797989792,,0.3526260903762193,5.3471075307174685,2.4095693779904304,12.884226566838837,0.0,0.028708133971291867,2.602301363401938,-1.0880846588602626,-0.8237305531304782,1.0237349818654393,1.9028041333381467,37.782550262091895,,,0.12937
1995-01-01,4.25820678909184,4.124584362305432,2.4810231497616027,0.5688248987322535,0.6000000000000071,3.368388267,-1.63644898473028,4.6999999999999975,2.700000000000001,0.5000000000000013,1.900000000000001,3.400000000000002,0.8000000000000032,0.4999999999999992,6.499999999999995,4.6000000000000005,0.8999999999999959,1.1,420.0,1.7404661178588867,0.0,1.3083328008651731,0.0,0.4054650962352752,0.0,1.0647107362747192,0.0,1.4816045761108398,0.0,0.5877866744995117,0.0,0.4054650962352752,0.0,2.0149030685424805,0.0,1.722766637802124,0.0,0.6418538689613342,0.0,0.7419373393058777,0.0,0.0,4.2616801261901855,4.131431579589844,4.250481605529785,4.126214504241943,0.0,0.0,0.0052170753479003,0.0028128623962402,14.177142824445452,5.938301083991916,5.6,7.81,0.97,1.3,,2.21,4.455393260669863,-2.206666673932757,9.009150921706242,4.264822650085065,,-0.0073903556098864,0.0036375545891356,,0.3318801239109064,5.262690188904886,1.234375,6.496133201929468,0.020833333333333332,0.15625,-0.8016251107847058,2.5491257032544636,-1.4192617847892242,-1.7656159408920573,0.1972110738131742,42.69173084889926,,,0.12937
1995-02-01,4.260186913032243,4.132669040543567,2.5079438605115563,0.3900353197707218,0.400000000000007,-1.064856218,0.745486992337057,4.6999999999999975,2.700000000000001,0.5000000000000013,1.900000000000001,3.400000000000002,0.8000000000000032,0.4999999999999992,6.499999999999995,4.6000000000000005,0.8999999999999959,1.1,421.0,1.7404661178588867,0.0,1.3083328008651731,0.0,0.4054650962352752,0.0,1.0647107362747192,0.0,1.4816045761108398,0.0,0.5877866744995117,0.0,0.4054650962352752,0.0,2.0149030685424805,0.0,1.722766637802124,0.0,0.6418538689613342,0.0,0.7419373393058777,0.0,-0.1787895858287811,4.258206844329834,4.124584197998047,4.2616801261901855,4.131431579589844,-0.2000000029802322,0.0,-0.0068473815917968,0.0052170753479003,12.274285679771786,5.936348164549315,5.71,7.78,0.48,1.33,,2.0700000000000003,4.477336814478207,-1.902857144673666,8.916569134128526,4.266523186283003,,-0.0009217352909063,0.0034674089111404,,0.3254780367927297,5.700443573390687,0.9164429530201345,5.224131341922809,0.040268456375838924,0.174496644295302,-1.4428799497755835,2.1688499117619617,-2.038197205315121,-1.7243315934712722,-0.0018532682162014352,31.74523723158731,,,0.08478
1995-03-01,4.259562911671904,4.120728426766117,2.507036511296103,0.5688248987322535,0.6000000000000071,-1.388126161,-1.05761580759743,4.6999999999999975,2.700000000000001,0.5000000000000013,1.900000000000001,3.400000000000002,0.8000000000000032,0.4999999999999992,6.499999999999995,4.6000000000000005,0.8999999999999959,1.1,422.0,1.7404661178588867,0.0,1.3083328008651731,0.0,0.4054650962352752,0.0,1.0647107362747192,0.0,1.4816045761108398,0.0,0.5877866744995117,0.0,0.4054650962352752,0.0,2.0149030685424805,0.0,1.722766637802124,0.0,0.6418538689613342,0.0,0.7419373393058777,0.0,0.1787895858287811,4.260187149047852,4.132668972015381,4.258206844329834,4.124584197998047,0.4000000059604645,0.0,0.0080847740173339,-0.0068473815917968,11.470000016061883,5.931289824071912,5.77,7.47,0.49,1.53,,1.7000000000000002,4.46843366241462,-0.8042856637099032,8.987530091509964,4.265394498977991,,-0.0008634200246615,0.0037516071586075,,0.3319821969042076,6.159095388491933,1.2277542372881356,7.561855461082786,0.02754237288135593,0.1461864406779661,0.15733518117913198,0.9285041705497921,-0.26877674655621586,-1.6632476244765209,1.0669720633487694,30.535430072064724,,,0.08478
1995-04-01,4.264062582635021,4.133582903425135,2.5718173775902877,0.5688248987322535,0.6000000000000071,3.765648346,0.256425308589394,4.6999999999999975,2.700000000000001,0.6000000000000013,1.900000000000001,3.400000000000002,0.8000000000000032,0.5999999999999992,6.499999999999995,4.6000000000000005,0.999999999999996,1.1,423.0,1.7404661178588867,0.0,1.3083328008651731,0.0,0.4700036346912384,0.0645385384559631,1.0647107362747192,0.0,1.4816045761108398,0.0,0.5877866744995117,0.0,0.4700036346912384,0.0645385384559631,2.0149030685424805,0.0,1.722766637802124,0.0,0.6931471824645996,0.0512933135032653,0.7419373393058777,0.0,0.0,4.259562969207764,4.120728492736816,4.260187149047852,4.132668972015381,-0.2000000029802322,0.0,-0.0119404792785644,0.0080847740173339,12.166521735813308,5.945734695401808,5.73,7.2,0.55,1.49,,1.4699999999999998,4.454347296253507,0.6965217197514235,9.032493315051504,4.267054800136278,,-0.0005562953243032,0.0001963299183575,,0.3265603909058368,5.713732805509369,2.825165562913908,16.14224115781654,0.009933774834437087,0.023178807947019868,2.0333708097218812,-0.4586794256623948,-0.1716910912916998,0.5632276649577446,1.0987272225864624,28.11414729000133,,,0.08478
1995-05-01,4.260132127239032,4.13377358701034,2.56327902072818,0.0998340788992146,0.100000000000007,0.187317514,0.335356382041053,4.6999999999999975,2.700000000000001,0.8000000000000014,1.900000000000001,3.400000000000002,0.8000000000000032,0.5999999999999992,6.499999999999995,4.800000000000001,1.099999999999996,1.1,424.0,1.7404661178588867,0.0,1.3083328008651731,0.0,0.5877866744995117,0.1177830398082733,1.0647107362747192,0.0,1.4816045761108398,0.0,0.5877866744995117,0.0,0.4700036346912384,0.0,2.0149030685424805,0.0,1.7578579187393188,0.0350912809371948,0.7419373393058777,0.048790156841278,0.7419373393058777,0.0,-0.4689908325672149,4.264062404632568,4.133583068847656,4.259562969207764,4.120728492736816,-0.5,0.0,0.0128545761108398,-0.0119404792785644,12.442631570916427,5.968784283384761,5.65,7.06,0.5,1.51,,1.4099999999999993,4.413888607822626,0.2761098351031208,9.048034574089511,4.265327074346062,,-0.0022520129466951,0.0009035092823354,,0.3539393990012875,5.3612921657094255,0.9028301886792454,4.840336417532001,0.009433962264150943,0.08018867924528301,-0.40863145683576846,-0.7959555677081961,-0.5116983494046299,-1.2965766902705258,-0.5850117220822593,41.68649131601436,,,0.1101
1995-06-01,4.265082762446358,4.119931084099578,2.4920985735627066,-0.0998340788992006,-0.0999999999999929,-7.204435576,-1.05942031115328,4.6999999999999975,2.800000000000001,0.8000000000000014,1.900000000000001,3.400000000000002,0.8000000000000032,0.5999999999999992,6.499999999999995,5.1000000000000005,1.099999999999996,1.1,425.0,1.7404661178588867,0.0,1.3350011110305786,0.0266683101654052,0.5877866744995117,0.0,1.0647107362747192,0.0,1.4816045761108398,0.0,0.5877866744995117,0.0,0.4700036346912384,0.0,2.0149030685424805,0.0,1.808288812637329,0.0504308938980102,0.7419373393058777,0.0,0.7419373393058777,0.0,-0.1996681541204452,4.260132312774658,4.1337738037109375,4.264062404632568,4.133583068847656,0.3000000119209289,0.0,0.0001907348632812,0.0128545761108398,12.265909194946287,5.953814599656076,5.67,6.63,0.43,1.66,,0.96,4.408546844483277,-0.1767223759701384,9.097475931586482,4.270225981331181,,-0.0121652080174854,0.0062704830845846,,0.3464000942841632,5.793013608384144,1.1363914373088686,6.583131060781493,0.03669724770642202,0.16819571865443425,-0.8522448809765006,1.5928711092646473,-1.6916935832779163,-0.021385462979033563,1.0111830661072658,43.73002516669878,,,0.1101
1995-07-01,4.26395371325468,4.1352689514998335,2.428056568641468,-0.1986901103492346,-0.1999999999999929,3.435950207,1.30552920695515,4.599999999999998,2.800000000000001,0.8000000000000014,1.900000000000001,3.6000000000000023,0.8000000000000032,0.6999999999999992,6.499999999999995,5.1000000000000005,1.099999999999996,1.1,426.0,1.722766637802124,-0.0176994800567626,1.3350011110305786,0.0,0.5877866744995117,0.0,1.0647107362747192,0.0,1.5260562896728516,0.0444517135620117,0.5877866744995117,0.0,0.5306282639503479,0.0606246292591095,2.0149030685424805,0.0,1.808288812637329,0.0,0.7419373393058777,0.0,0.7419373393058777,0.0,-0.0988560318946838,4.265082836151123,4.119931221008301,4.260132312774658,4.1337738037109375,0.1000000014901161,-0.1000000014901161,-0.0138425827026367,0.0001907348632812,11.89681811766191,5.959870675516803,5.47,6.17,0.62,1.74,,0.7000000000000002,4.409155302062135,-0.3690910772843789,9.135622213696768,4.273534832763384,,-0.0005286364906309,0.0062802767961886,,0.3593433379652406,6.591673732008658,0.5861263736263737,3.8635538206704596,0.03021978021978022,0.17857142857142858,-0.5273369674670879,1.801862480269849,-0.9693300583918282,-1.8034105587918225,-0.88342636859574,44.51605414483972,,,0.1101
1995-08-01,4.270235486750248,4.1374104373582,2.467423110268301,-0.1986901103492346,-0.1999999999999929,2.91461127,-0.0006778965167667,4.499999999999998,2.800000000000001,0.8000000000000014,2.000000000000001,3.6000000000000023,0.8000000000000032,0.6999999999999992,6.499999999999995,5.1000000000000005,1.099999999999996,1.1,427.0,1.704748034477234,-0.0180186033248901,1.3350011110305786,0.0,0.5877866744995117,0.0,1.0986123085021973,0.033901572227478,1.5260562896728516,0.0,0.5877866744995117,0.0,0.5306282639503479,0.0,2.0149030685424805,0.0,1.808288812637329,0.0,0.7419373393058777,0.0,0.7419373393058777,0.0,0.0,4.263953685760498,4.135269165039063,4.265082836151123,4.119931221008301,0.1000000014901161,0.0,0.0153379440307617,-0.0138425827026367,12.514000129699706,5.956433046936053,5.42,6.28,0.46,1.72,,0.8600000000000003,4.408790271943096,0.6171820120377962,9.156620582143557,4.269344940023278,,-9.614575704164352e-05,0.0068466428388995,,0.3353832872009739,6.795705775173514,0.9733482642777156,6.614588420807188,0.032474804031354984,0.12318029115341546,-0.3199791018399667,-0.03632286938133969,-1.6661088182180395,1.1281849648203137,-1.751880325845375,43.07132067120918,,,0.09927
1995-09-01,4.270367854299201,4.143712337319995,2.477147472015025,-0.1986901103492346,-0.1999999999999929,0.603477794,0.400655097653619,4.499999999999998,2.800000000000001,0.8000000000000014,2.000000000000001,3.6000000000000023,0.8000000000000032,0.6999999999999992,6.499999999999995,5.1000000000000005,1.199999999999996,1.1,428.0,1.704748034477234,0.0,1.3350011110305786,0.0,0.5877866744995117,0.0,1.0986123085021973,0.0,1.5260562896728516,0.0,0.5877866744995117,0.0,0.5306282639503479,0.0,2.0149030685424805,0.0,1.808288812637329,0.0,0.7884573340415955,0.0465199947357177,0.7419373393058777,0.0,0.0,4.270235538482666,4.137410640716553,4.263953685760498,4.135269165039063,0.0,0.1000000014901161,0.0021414756774902,0.0153379440307617,12.79826085463814,5.949782808113339,5.4,6.49,0.59,1.73,,1.09,4.433432422733782,0.2842607249384343,9.119487742516116,4.282514263015729,,0.0011411344113128,0.0008666069192197,,0.3111702751162317,6.914730892718563,1.292644135188867,8.938286334881928,0.008946322067594433,0.11530815109343936,1.0539534674510391,0.8510249688430113,-0.8386859402176917,1.8682768425372906,-1.668018111147136,43.71812032269533,,,0.09927
1995-10-01,4.270343674418217,4.137921159338645,2.430236037441673,-0.0998340788992006,-0.0999999999999929,-3.431034336,-0.844580381314604,4.499999999999998,2.900000000000001,0.8000000000000014,2.000000000000001,3.6000000000000023,0.8000000000000032,0.6999999999999992,6.499999999999995,5.1000000000000005,1.199999999999996,1.2,429.0,1.704748034477234,0.0,1.3609765768051147,0.0259754657745361,0.5877866744995117,0.0,1.0986123085021973,0.0,1.5260562896728516,0.0,0.5877866744995117,0.0,0.5306282639503479,0.0,2.0149030685424805,0.0,1.808288812637329,0.0,0.7884573340415955,0.0,0.7884573340415955,0.0465199947357177,0.0988560318946838,4.270367622375488,4.143712520599365,4.270235538482666,4.137410640716553,0.1000000014901161,0.0,0.0063018798828125,0.0021414756774902,12.057000017166136,5.948191634874515,5.28,6.2,0.71,1.71,,0.92,4.44500143383527,-0.7412608374720033,9.159428456483528,4.286539439203208,,0.0010438977928224,0.000687994243021,,0.3382327326013694,6.3578422665081,1.4409722222222223,9.161474099308547,0.022569444444444444,0.08854166666666667,1.8961437868763849,0.5407799423729107,-1.4722549411080665,-0.1729366840437662,-0.36322205142825753,32.50264775477972,,,0.09927
1995-11-01,4.275483753630843,4.141409429398431,2.459983583405983,7.105427357600977e-15,7.077671781985373e-15,0.730568335,-0.338983105465887,4.499999999999998,2.900000000000001,1.1000000000000014,2.000000000000001,3.900000000000002,0.8000000000000032,0.6999999999999992,6.499999999999995,5.1000000000000005,1.599999999999996,1.2,430.0,1.704748034477234,0.0,1.3609765768051147,0.0,0.7419373393058777,0.1541506648063659,1.0986123085021973,0.0,1.5892351865768433,0.0631788969039917,0.5877866744995117,0.0,0.5306282639503479,0.0,2.0149030685424805,0.0,1.808288812637329,0.0,0.9555114507675172,0.1670541167259216,0.7884573340415955,0.0,0.0998340770602226,4.270343780517578,4.137921333312988,4.270367622375488,4.143712520599365,0.0,0.0,-0.0057911872863769,0.0063018798828125,14.357272711667148,5.948400457636955,5.28,6.04,0.62,1.7,,0.7599999999999998,4.44500143383527,2.300272694501011,9.1935215469657,4.284780331792303,,-0.0004318255491915,0.0008814209531116,,0.3492605883791126,5.805134968916488,1.689425981873112,9.807345844767676,0.012084592145015106,0.07250755287009064,1.5911975125983813,-0.16434986395097081,0.5252016072664767,-1.0226197334822222,0.6300493613332534,31.32046231103457,,,0.08001
1995-12-01,4.283274375204411,4.147686257203924,2.515409174506477,7.105427357600977e-15,7.077671781985373e-15,5.955391551,0.451095503783549,4.499999999999998,2.900000000000001,1.2000000000000015,2.100000000000001,3.900000000000002,0.8000000000000032,0.6999999999999992,6.499999999999995,5.1000000000000005,1.599999999999996,1.2,431.0,1.704748034477234,0.0,1.3609765768051147,0.0,0.7884573340415955,0.0465199947357177,1.1314021348953247,0.0327898263931274,1.5892351865768433,0.0,0.5877866744995117,0.0,0.5306282639503479,0.0,2.0149030685424805,0.0,1.808288812637329,0.0,0.9555114507675172,0.0,0.7884573340415955,0.0,0.0,4.27548360824585,4.141409397125244,4.270343780517578,4.137921333312988,-0.1000000014901161,0.0,0.0034880638122558,-0.0057911872863769,12.46904754638672,5.95404820509755,5.36,5.93,0.55,1.81,,0.5699999999999994,4.456206032848133,-1.8882251652804296,9.163178388600732,4.287412337686935,,-0.0003960039652146,0.0008418590183691,,0.3650142876968418,5.755742213586912,1.66984126984127,9.611175886814971,0.012698412698412698,0.11428571428571428,2.1580308295978683,0.7162406411169961,-2.4441106655111033,0.40933246886655406,-0.20556635237443963,28.9869576875416,,,0.08001
1996-01-01,4.28133630779904,4.146897479618055,2.501785589126426,7.105427357600977e-15,7.077671781985373e-15,-3.159610327,-0.477398507612713,4.499999999999998,2.900000000000001,1.2000000000000015,2.200000000000001,3.900000000000002,0.8000000000000032,0.6999999999999992,6.499999999999995,5.1000000000000005,1.599999999999996,1.3,432.0,1.704748034477234,0.0,1.3609765768051147,0.0,0.7884573340415955,0.0,1.1631507873535156,0.0317486524581909,1.5892351865768433,0.0,0.5877866744995117,0.0,0.5306282639503479,0.0,2.0149030685424805,0.0,1.808288812637329,0.0,0.9555114507675172,0.0,0.832909107208252,0.0444517731666564,0.0,4.283274173736572,4.14768648147583,4.27548360824585,4.141409397125244,0.0,0.0,0.0062770843505859,0.0034880638122558,11.74849991798401,5.9595609980949735,5.14,5.71,0.66,1.8,,0.5700000000000003,4.458292990127331,-0.7205476284027093,9.200542534811053,4.290877162110019,,0.0006959026017243,0.0006410036296291,,0.3708018929255412,5.552959584921617,0.6610894941634241,3.6710032431057695,0.0,0.1245136186770428,-1.10637628547401,1.3245743766269436,-3.36764284455782,0.54938826809018,0.14136987538362217,26.9721368008252,,,0.08001
1996-02-01,4.281045681383699,4.1531416327305575,2.5098614886811723,7.105427357600977e-15,7.077671781985373e-15,-0.462129927,0.283164905390511,4.599999999999998,2.900000000000001,1.2000000000000015,2.200000000000001,4.000000000000002,0.8000000000000032,0.6999999999999992,6.499999999999995,5.1000000000000005,1.599999999999996,1.3,433.0,1.722766637802124,0.0180186033248901,1.3609765768051147,0.0,0.7884573340415955,0.0,1.1631507873535156,0.0,1.6094379425048828,0.0202027559280395,0.5877866744995117,0.0,0.5306282639503479,0.0,2.0149030685424805,0.0,1.808288812637329,0.0,0.9555114507675172,0.0,0.832909107208252,0.0,0.0,4.281336307525635,4.146897315979004,4.283274173736572,4.14768648147583,0.0,0.1000000014901161,-0.0007891654968261,0.0062770843505859,13.473636237057772,5.9900886009280505,5.0,5.65,0.46,1.82,,0.6500000000000004,4.463376180370204,1.725136319073764,9.27962217735408,4.285137083318651,,-0.0004318825346656,0.0006410208702462,,0.3803961563334521,5.958424693029782,0.277461139896373,1.6532313073147398,0.038860103626943004,0.22797927461139897,-1.5539822523109803,1.0702528146332058,-1.4915303057497906,-1.1308884797127974,-0.22046685537577912,39.61108192788544,,,0.11782
1996-03-01,4.286027029770678,4.150780029614044,2.6200444684607964,-0.8813735870195379,-0.9999999999999928,5.03506401,-0.778999726158401,4.599999999999998,2.900000000000001,1.3000000000000016,2.500000000000001,3.9000000000000017,0.8000000000000032,0.6999999999999992,6.499999999999995,5.1000000000000005,1.599999999999996,1.3,434.0,1.722766637802124,0.0,1.3609765768051147,0.0,0.832909107208252,0.0444517731666564,1.2527629137039185,0.0896121263504028,1.5892351865768433,-0.0202027559280395,0.5877866744995117,0.0,0.5306282639503479,0.0,2.0149030685424805,0.0,1.808288812637329,0.0,0.9555114507675172,0.0,0.832909107208252,0.0,-0.8813735842704773,4.281045913696289,4.153141498565674,4.281336307525635,4.146897315979004,-1.0,-0.1000000014901161,0.0062441825866699,-0.0007891654968261,15.032999801635745,6.003294298861559,4.83,5.81,0.41,1.78,,0.9799999999999996,4.463145685958674,1.5593635645779695,9.336254214457323,4.299666243245117,,0.0008755675256058,0.0007087082684779,,0.380457357762296,6.20455776256869,0.4228744939271254,2.6237492238878524,0.01417004048582996,0.1700404858299595,-0.5660955889716166,1.871487837877268,-1.4245399678239499,-3.8916830322504277,0.4700659415553641,37.60673121025772,,,0.11782
1996-04-01,4.290042230840601,4.148493359112363,2.7146480754147446,-0.8813735870195379,-0.9999999999999928,1.368431517,-0.591332037574291,4.599999999999998,2.900000000000001,1.3000000000000016,2.500000000000001,3.9000000000000017,0.8000000000000032,0.6999999999999992,6.499999999999995,5.800000000000001,1.599999999999996,1.3,435.0,1.722766637802124,0.0,1.3609765768051147,0.0,0.832909107208252,0.0,1.2527629137039185,0.0,1.5892351865768433,0.0,0.5877866744995117,0.0,0.5306282639503479,0.0,2.0149030685424805,0.0,1.9169225692749023,0.1086337566375732,0.9555114507675172,0.0,0.832909107208252,0.0,0.0,4.286026954650879,4.150780200958252,4.281045913696289,4.153141498565674,1.0,0.0,-0.0023612976074218,0.0062441825866699,17.762380781627837,5.981944373723823,4.96,6.27,0.47,1.78,,1.3099999999999996,4.463721822403716,2.7293809799920936,9.299034332706896,4.298441200616076,,0.0015214230034024,0.0009951513690025,,0.3682554918473273,6.82001636467413,-0.0156284153005464,0.10658604810365001,0.029508196721311476,0.17595628415300546,-2.554111853248599,1.4547651754604989,-1.820241976434355,-2.9534094519532865,1.7789535055933414,52.79697081549155,,,0.11782
1996-05-01,4.296668753542571,4.1484775708020285,2.6091102532473065,-1.0159731341796878,-1.1999999999999929,-3.62711929,0.499117256057415,4.399999999999998,2.900000000000001,1.3000000000000016,2.500000000000001,3.9000000000000017,0.8000000000000032,0.7999999999999992,6.499999999999995,5.800000000000001,1.599999999999996,1.4,436.0,1.686398983001709,-0.036367654800415,1.3609765768051147,0.0,0.832909107208252,0.0,1.2527629137039185,0.0,1.5892351865768433,0.0,0.5877866744995117,0.0,0.5877866744995117,0.0571584105491638,2.0149030685424805,0.0,1.9169225692749023,0.0,0.9555114507675172,0.0,0.8754687309265137,0.0425596237182617,-0.1345995515584945,4.290042400360107,4.14849328994751,4.286026954650879,4.150780200958252,-0.2000000029802322,-0.2000000029802322,-0.0022869110107421,-0.0023612976074218,16.575238000778924,5.973427859621831,4.95,6.51,0.47,1.61,,1.5599999999999996,4.461877016161616,-1.1871427808489123,9.29987360352113,4.308342418876597,,-0.0004430103222019,0.0010012305037377,,0.3251250067148357,6.156978985585555,2.077494692144373,12.791091162198438,0.016985138004246284,0.09978768577494693,-1.0505698641493486,-1.862781743423501,1.672636329959354,-1.746925813835591,1.6627133483634595,44.93639870856679,,,0.10781
1996-06-01,4.298122470748491,4.153572130181717,2.5688199191149272,-0.8813735870195379,-0.9999999999999928,-0.191311158,0.0130629318067344,4.299999999999998,2.900000000000001,1.3000000000000016,2.500000000000001,3.200000000000002,0.8000000000000032,0.7999999999999992,6.499999999999995,5.800000000000001,1.6999999999999962,1.4,437.0,1.667706847190857,-0.018692135810852,1.3609765768051147,0.0,0.832909107208252,0.0,1.2527629137039185,0.0,1.435084581375122,-0.1541506052017212,0.5877866744995117,0.0,0.5877866744995117,0.0,2.0149030685424805,0.0,1.9169225692749023,0.0,0.9932518005371094,0.0377403497695922,0.8754687309265137,0.0,0.1345995515584945,4.296668529510498,4.148477554321289,4.290042400360107,4.14849328994751,0.4000000059604645,0.1000000014901161,-1.5735626220703125e-05,-0.0022869110107421,16.14636369185014,5.971083252416115,5.02,6.74,0.46,1.48,,1.7200000000000006,4.463145685958674,-0.4288743089287834,9.297144519741696,4.315788002499521,,-0.0005510434026207,0.0011666037917333,,0.3434410949017632,6.5337888379333435,0.7580786026200873,4.953125512075233,0.040756914119359534,0.21106259097525473,-1.8101513113088354,2.1933115528310134,-1.5001173562411934,-1.7845615246990538,0.2765811260811771,28.512149757424783,,,0.10781
1996-07-01,4.3012397543392105,4.1547652416750775,2.608569979937427,-0.8088669356527773,-0.8999999999999929,1.749713717,-0.0818130174662474,4.099999999999998,2.900000000000001,1.3000000000000016,2.500000000000001,3.200000000000002,0.8000000000000032,0.7999999999999992,6.499999999999995,5.800000000000001,1.7999999999999965,1.4,438.0,1.6292405128479004,-0.0384663343429565,1.3609765768051147,0.0,0.832909107208252,0.0,1.2527629137039185,0.0,1.435084581375122,0.0,0.5877866744995117,0.0,0.5877866744995117,0.0,2.0149030685424805,0.0,1.9169225692749023,0.0,1.0296194553375244,0.036367654800415,0.8754687309265137,0.0,0.0725066512823104,4.298122406005859,4.153572082519531,4.296668529510498,4.148477554321289,-0.1000000014901161,-0.1000000014901161,0.0050945281982421,-1.5735626220703125e-05,16.395000171661376,5.953944387194059,5.09,6.91,0.54,1.51,,1.8200000000000005,4.466597536124152,0.2486364798112355,9.306793837374336,4.323381380740705,,-0.0004074882004654,7.476748812003668e-05,,0.3465966928503299,6.267200548541362,0.9055133079847908,5.675033500513784,0.02091254752851711,0.17870722433460076,-0.2517495822068454,1.0945248299453576,-1.1959172878280573,-0.9429290008878047,-0.609512457840578,30.90101241248163,,,0.10781
1996-08-01,4.30538786660221,4.149243016869538,2.636873922634315,-0.8088669356527773,-0.8999999999999929,-0.724263565,-0.940955900919636,3.699999999999998,3.1000000000000014,1.3000000000000016,2.600000000000001,3.200000000000002,0.8000000000000032,0.7999999999999992,6.499999999999995,5.800000000000001,1.7999999999999965,1.4,439.0,1.5475624799728394,-0.081678032875061,1.4109870195388794,0.0500104427337646,0.832909107208252,0.0,1.280933856964111,0.0281709432601928,1.435084581375122,0.0,0.5877866744995117,0.0,0.5877866744995117,0.0,2.0149030685424805,0.0,1.9169225692749023,0.0,1.0296194553375244,0.0,0.8754687309265137,0.0,0.0,4.301239967346191,4.154765129089356,4.298122406005859,4.153572082519531,-0.1000000014901161,-0.2000000029802322,0.0011930465698242,0.0050945281982421,17.97863635149869,5.949261390889543,5.15,6.87,0.5,1.5,,1.7199999999999998,4.467171687830801,1.5836361798373133,9.2907323090968,4.323535126776415,,-0.0001678375336617,0.0001936006526268,,0.3654722340663174,6.261491684321042,2.7994263862332693,17.52858503826852,0.0076481835564053535,0.030592734225621414,3.585381997799748,-0.8112696811464466,0.18180784056524896,0.39761390404486646,1.290368458657287,49.85809482757914,,,0.11799
1996-09-01,4.310387228487095,4.156661868286962,2.722112768870702,-0.8088669356527773,-0.8999999999999929,6.184326171,-0.384214999376313,3.599999999999998,2.8000000000000016,1.3000000000000016,2.600000000000001,3.200000000000002,0.8000000000000032,0.8999999999999991,6.499999999999995,5.800000000000001,1.7999999999999965,1.5000000000000002,440.0,1.5260562896728516,-0.0215061902999877,1.3350011110305786,-0.0759859085083007,0.832909107208252,0.0,1.280933856964111,0.0,1.435084581375122,0.0,0.5877866744995117,0.0,0.6418538689613342,0.0540671944618225,2.0149030685424805,0.0,1.9169225692749023,0.0,1.0296194553375244,0.0,0.9162907600402832,0.0408220291137695,0.0,4.3053879737854,4.149242877960205,4.301239967346191,4.154765129089356,0.0,0.3000000119209289,-0.0055222511291503,0.0011930465698242,15.760454698042436,5.959328677077911,5.05,6.64,0.41,1.48,,1.59,4.460028800318421,-2.218181653456254,9.32398406548602,4.32864036206099,,-0.0005276728550813,0.0001831930911456,,0.3841547301029417,6.182084906716632,1.6904761904761905,10.450667342306687,0.016563146997929608,0.08281573498964803,0.5506620499898347,-0.5050957686020535,-0.5299009633474852,1.5555002265207298,0.6620009014986423,40.14048082790948,,,0.11799
1996-10-01,4.313238161938939,4.162361401989467,2.7561779341252,-0.8088669356527773,-0.8999999999999929,-1.879704323,-0.227726668955727,3.599999999999998,2.8000000000000016,1.3000000000000016,2.600000000000001,3.300000000000002,0.8000000000000032,0.8999999999999991,6.499999999999995,5.800000000000001,1.7999999999999965,1.5000000000000002,441.0,1.5260562896728516,0.0,1.3350011110305786,0.0,0.832909107208252,0.0,1.280933856964111,0.0,1.4586150646209717,0.0235304832458496,0.5877866744995117,0.0,0.6418538689613342,0.0,2.0149030685424805,0.0,1.9169225692749023,0.0,1.0296194553375244,0.0,0.9162907600402832,0.0,0.0,4.310387134552002,4.156661987304688,4.3053879737854,4.149242877960205,0.0,0.1000000014901161,0.0074191093444824,-0.0055222511291503,16.578000020980834,5.948400457636955,5.09,6.83,0.71,1.5,,1.7400000000000002,4.463721822403716,0.8175453229383987,9.341924035674287,4.334879994179205,,-0.0005519558575457,0.0002151038545713,,0.3971847329959619,6.220590170099739,2.213147410358565,13.767083025858184,0.00796812749003984,0.06772908366533864,1.0882325982619683,-0.6882749237481849,-0.9814293849338472,-0.44781207227643005,0.8595339096196992,58.797266325800216,,,0.11799
1996-11-01,4.317775272302285,4.1693283412212105,2.704051458533042,-0.4812118250595972,-0.4999999999999929,0.400725021,0.644691704894964,3.599999999999998,2.8000000000000016,1.6000000000000016,2.600000000000001,3.700000000000002,1.6000000000000032,0.8999999999999991,6.499999999999995,5.800000000000001,1.7999999999999965,1.7000000000000002,442.0,1.5260562896728516,0.0,1.3350011110305786,0.0,0.9555114507675172,0.1226023435592651,1.280933856964111,0.0,1.5475624799728394,0.0889474153518676,0.9555114507675172,0.3677247762680053,0.6418538689613342,0.0,2.0149030685424805,0.0,1.9169225692749023,0.0,1.0296194553375244,0.0,0.9932518005371094,0.0769610404968261,0.3276551067829132,4.313238143920898,4.1623616218566895,4.310387134552002,4.156661987304688,0.4000000059604645,0.0,0.0056996345520019,0.0074191093444824,16.381739201753035,5.942983085285078,4.99,6.53,0.47,1.54,,1.54,4.469923036580066,-0.196260819227799,9.415305140481182,4.335176088229223,,-0.0002040608108293,0.0001942272650525,,0.4286284089258636,6.566672429803241,1.447605633802817,9.505952004720804,0.01267605633802817,0.09436619718309859,0.6309089502168315,0.07271802412566758,-0.3739014446087631,-0.3754028937635079,-0.5175017930209501,30.04643462347208,,,0.09862
1996-12-01,4.323128045842614,4.178103433322166,2.769992646360937,-0.2956730475634159,-0.2999999999999929,3.791259121,0.0758507840661994,3.599999999999998,2.8000000000000016,1.7000000000000015,2.700000000000001,3.700000000000002,1.6000000000000032,0.8999999999999991,6.599999999999994,5.9,1.7999999999999965,1.7000000000000002,443.0,1.5260562896728516,0.0,1.3350011110305786,0.0,0.9932518005371094,0.0377403497695922,1.3083328008651731,0.027398943901062,1.5475624799728394,0.0,0.9555114507675172,0.0,0.6418538689613342,0.0,2.0281481742858887,0.0132451057434082,1.9315214157104488,0.0145988464355468,1.0296194553375244,0.0,0.9932518005371094,0.0,0.1855387836694717,4.317775249481201,4.169328212738037,4.313238143920898,4.1623616218566895,-0.2000000029802322,0.0,0.0069665908813476,0.0056996345520019,15.996999740600586,5.934497291466729,5.03,6.2,0.5,1.65,,1.17,4.465333240800292,-0.3847394611524493,9.471653539179492,4.344320873401292,,0.0001440472477463,0.0003480015580823,,0.4209322282533065,6.954638864880987,2.282425978987584,15.873448419681086,0.019102196752626553,0.04871060171919771,1.984288173180289,-1.8049586453298936,-0.5149719903307952,-0.3984055986892884,2.281889330676374,35.6896758572075,,,0.09862
1997-01-01,4.326367243796224,4.177155741830606,2.759406228779201,-0.2956730475634159,-0.2999999999999929,-4.917471849,-0.300866157497178,3.599999999999998,2.8000000000000016,1.7000000000000015,2.700000000000001,3.700000000000002,1.6000000000000032,0.8999999999999991,6.599999999999994,5.9,1.7999999999999965,1.7000000000000002,444.0,1.5260562896728516,0.0,1.3350011110305786,0.0,0.9932518005371094,0.0,1.3083328008651731,0.0,1.5475624799728394,0.0,0.9555114507675172,0.0,0.6418538689613342,0.0,2.0281481742858887,0.0,1.9315214157104488,0.0,1.0296194553375244,0.0,0.9932518005371094,0.0,0.0,4.3231282234191895,4.178103446960449,4.317775249481201,4.169328212738037,-0.2000000029802322,0.0,0.0087752342224121,0.0069665908813476,19.26095244998024,5.910796644040527,4.91,6.3,0.49,1.54,,1.3899999999999997,4.471181545984774,3.263952709379652,9.48805732464044,4.350707521493748,,-0.0003361425275953,0.0002480614912701,,0.3989783933786226,6.597145701886651,1.2120218579234974,7.995884790592674,0.030054644808743168,0.1051912568306011,0.7902905835455211,-0.7064772958387338,0.02285062484847965,0.44328829077173154,-1.2550493870388928,37.4543800688198,,,0.09862
1997-02-01,4.331953648039441,4.182662169055284,2.632415768673461,-0.0998340788992005,-0.0999999999999928,-3.146335169,1.08350909942322,3.699999999999998,2.8000000000000016,1.7000000000000015,2.900000000000001,3.700000000000002,1.6000000000000032,0.9999999999999992,6.599999999999994,5.9,1.7999999999999965,1.7000000000000002,445.0,1.5475624799728394,0.0215061902999877,1.3350011110305786,0.0,0.9932518005371094,0.0,1.3609765768051147,0.0526437759399414,1.5475624799728394,0.0,0.9555114507675172,0.0,0.6931471824645996,0.0512933135032653,2.0281481742858887,0.0,1.9315214157104488,0.0,1.0296194553375244,0.0,0.9932518005371094,0.0,0.1958389729261398,4.326367378234863,4.1771559715271,4.3231282234191895,4.178103446960449,0.2000000029802322,0.1000000014901161,-0.0009474754333496,0.0087752342224121,19.473181551153008,5.872427600633912,5.03,6.58,0.54,1.5,,1.5499999999999998,4.4796069630127455,0.2122291011727703,9.50723848978291,4.352291391867616,4.380234681584537,-0.0006005356958729,0.0003774673777777,,0.399193722976475,6.498282149476434,1.5211161387631975,9.884641851805403,0.04072398190045249,0.1085972850678733,-0.6464397543175735,-0.2960222156702439,0.07383466869843361,0.14241027506298579,0.09018154569873621,23.74402800730554,,,0.08467
1997-03-01,4.340009134154354,4.182465323617228,2.5752932864884586,0.1986901103492483,0.2000000000000071,-5.417313404,0.0945656996558525,3.599999999999998,3.0000000000000018,1.7000000000000015,2.900000000000001,3.700000000000002,1.6000000000000032,0.9999999999999992,6.599999999999994,5.9,1.7999999999999965,1.7000000000000002,446.0,1.5260562896728516,-0.0215061902999877,1.3862943649291992,0.0512932538986206,0.9932518005371094,0.0,1.3609765768051147,0.0,1.5475624799728394,0.0,0.9555114507675172,0.0,0.6931471824645996,0.0,2.0281481742858887,0.0,1.9315214157104488,0.0,1.0296194553375244,0.0,0.9932518005371094,0.0,0.2985242009162903,4.331953525543213,4.182662010192871,4.326367378234863,4.1771559715271,0.1000000014901161,-0.2000000029802322,0.0055060386657714,-0.0009474754333496,20.139473563746403,5.848113672212099,5.01,6.42,0.45,1.49,,1.41,4.49647076906475,0.6662920125933951,9.502871913389184,4.364159208667212,4.328470513339224,0.0002402575572557,0.0004299368364016,,0.4049634222162752,6.598509028614515,2.057298772169168,13.575104522715812,0.0068212824010914054,0.06002728512960437,1.088490593729105,-0.9941445966414209,-0.37636193218029074,0.09516225045249065,0.20419928617526023,29.412195790948086,,,0.08467
1997-04-01,4.34537081935606,4.190390834680106,2.5122549153226723,0.1986901103492483,0.2000000000000071,-0.205630965,1.23202994353554,3.499999999999998,3.0000000000000018,1.7000000000000015,3.700000000000001,3.700000000000002,1.6000000000000032,0.9999999999999992,6.599999999999994,6.1000000000000005,1.7999999999999965,1.7000000000000002,447.0,1.504077434539795,-0.0219788551330566,1.3862943649291992,0.0,0.9932518005371094,0.0,1.5475624799728394,0.1865859031677246,1.5475624799728394,0.0,0.9555114507675172,0.0,0.6931471824645996,0.0,2.0281481742858887,0.0,1.9600948095321653,0.0285733938217163,1.0296194553375244,0.0,0.9932518005371094,0.0,0.0,4.3400092124938965,4.182465553283691,4.331953525543213,4.182662010192871,-0.3000000119209289,0.0,-0.0001964569091796,0.0055060386657714,20.169999980926512,5.8630912571410825,5.14,6.69,0.54,1.4,,1.5500000000000007,4.505902184329423,0.0305264171801091,9.470712367362944,4.3704852888273225,4.172085347581142,1.2011362749309027e-05,0.0004347879787619,,0.3761213064144071,6.9782137426306985,2.0171641791044777,14.076202795769237,0.022388059701492536,0.06529850746268656,1.3309174909566623,-0.5316958265658468,0.7750482147288866,0.1119388790714657,-0.13211753761762485,37.52116102353524,,,0.08467
1997-05-01,4.34758062446272,4.180427452745992,2.567015821421063,0.2956730475634292,0.3000000000000071,2.547896493,-1.0284799858463,3.499999999999998,3.100000000000002,1.8000000000000018,3.700000000000001,3.700000000000002,1.6000000000000032,0.9999999999999992,6.599999999999994,6.1000000000000005,1.7999999999999965,1.7000000000000002,448.0,1.504077434539795,0.0,1.4109870195388794,0.0246926546096801,1.0296194553375244,0.036367654800415,1.5475624799728394,0.0,1.5475624799728394,0.0,0.9555114507675172,0.0,0.6931471824645996,0.0,2.0281481742858887,0.0,1.9600948095321653,0.0,1.0296194553375244,0.0,0.9932518005371094,0.0,0.0969829335808754,4.345370769500732,4.1903910636901855,4.3400092124938965,4.182465553283691,0.1000000014901161,0.1000000014901161,0.0079255104064941,-0.0001964569091796,19.66227262670344,5.8420070039332,5.16,6.89,0.68,1.5,,1.7299999999999995,4.508218659911641,-0.5077273542230749,9.430336061969566,4.371656803342691,4.274662207665092,-0.0001201201202642,0.0001823125176631,,0.353135678255065,6.75110146893676,2.295901639344262,15.499864929911363,0.00936768149882904,0.06323185011709602,1.2575201553242508,-0.7542737066041973,-0.6317219045330653,-0.7515099868213162,1.5148699280288411,29.16702055201421,,,0.08311
1997-06-01,4.356525091862665,4.168558005004076,2.482093708411386,0.2956730475634292,0.3000000000000071,-3.990548041,-0.436552381528697,3.499999999999998,3.100000000000002,1.8000000000000018,3.700000000000001,3.700000000000002,1.6000000000000032,0.9999999999999992,6.599999999999994,6.300000000000001,1.7999999999999965,1.8000000000000005,449.0,1.504077434539795,0.0,1.4109870195388794,0.0,1.0296194553375244,0.0,1.5475624799728394,0.0,1.5475624799728394,0.0,0.9555114507675172,0.0,0.6931471824645996,0.0,2.0281481742858887,0.0,1.9878743886947632,0.0277795791625976,1.0296194553375244,0.0,1.0296194553375244,0.036367654800415,0.0,4.347580432891846,4.180427551269531,4.345370769500732,4.1903910636901855,-0.1000000014901161,0.0,-0.0099635124206542,0.0079255104064941,19.9247620900472,5.8401764328942,5.05,6.71,0.99,1.51,,1.66,4.493791598004702,0.262489463343762,9.54837048279268,4.377181164320258,4.407430762248153,-0.0002883471719905,0.000150540315277,,0.3786254422304478,6.240275845170769,1.8458984375,11.518915432169715,0.017578125,0.107421875,0.3830086535870694,-0.29870387167777707,-0.8142450568211507,-0.41406762879726666,0.4478678938355907,30.95967961938323,,,0.08311
1997-07-01,4.360142923423874,4.175440561143448,2.504558498844047,0.2956730475634292,0.3000000000000071,0.980632453,-0.817669482239609,3.199999999999998,3.100000000000002,1.8000000000000018,3.700000000000001,3.700000000000002,1.6000000000000032,0.9999999999999992,6.599999999999994,6.300000000000001,2.099999999999996,2.2,450.0,1.435084581375122,-0.0689928531646728,1.4109870195388794,0.0,1.0296194553375244,0.0,1.5475624799728394,0.0,1.5475624799728394,0.0,0.9555114507675172,0.0,0.6931471824645996,0.0,2.0281481742858887,0.0,1.9878743886947632,0.0,1.1314021348953247,0.1017826795578002,1.1631507873535156,0.1335313320159912,0.0,4.35652494430542,4.168558120727539,4.347580432891846,4.180427551269531,0.0,-0.3000000119209289,-0.0118694305419921,-0.0099635124206542,20.19428598313105,5.83117841717464,4.93,6.49,0.84,1.5,,1.5600000000000005,4.49032034430915,0.2695238930838464,9.593807749141614,4.381766600868022,4.412807998263239,-0.0001682409213956,8.664242983018323e-05,,0.3846681838456454,6.535241271013659,1.654941860465116,10.815444347639755,0.020348837209302327,0.08139534883720931,1.7436659339586238,-0.502971391707414,-0.15733617211330878,-1.5528896422060252,0.0707366220406687,28.89990280685397,,,0.08311
1997-08-01,4.364554507152293,4.188889297633446,2.5172349634679287,0.4812118250596098,0.5000000000000071,2.221539181,0.372285213947132,3.399999999999998,3.100000000000002,2.100000000000002,3.700000000000001,3.700000000000002,1.7000000000000033,1.199999999999999,6.599999999999994,6.300000000000001,2.099999999999996,2.2,451.0,1.4816045761108398,0.0465199947357177,1.4109870195388794,0.0,1.1314021348953247,0.1017826795578002,1.5475624799728394,0.0,1.5475624799728394,0.0,0.9932518005371094,0.0377403497695922,0.7884573340415955,0.0953101515769958,2.0281481742858887,0.0,1.9878743886947632,0.0,1.1314021348953247,0.0,1.1631507873535156,0.0,0.1855387836694717,4.360142707824707,4.175440788269043,4.35652494430542,4.168558120727539,0.2000000029802322,0.5,0.0068826675415039,-0.0118694305419921,20.529090881347656,5.781052110147502,5.05,6.22,0.6,1.54,,1.17,4.500920164614292,0.3348048982166105,9.643220824177083,4.3902725435277326,4.200135640924355,-0.0035396136161467,0.0019127342056707,,0.4112914708376967,6.206575926724928,2.0244444444444443,12.564868153880909,0.00404040404040404,0.05858585858585859,1.378422194324497,-0.4141761148870618,0.43952967240659446,-0.2948686201274559,0.15513840401224382,27.86493002190059,,,0.11004
1997-09-01,4.369575312698052,4.194369368265408,2.507701115530038,0.6526665660823615,0.7000000000000071,-1.604309743,-0.0325951137907275,3.399999999999998,3.300000000000002,2.100000000000002,3.700000000000001,3.700000000000002,1.7000000000000033,1.199999999999999,6.599999999999994,6.300000000000001,2.099999999999996,2.2,452.0,1.4816045761108398,0.0,1.4586150646209717,0.0476280450820922,1.1314021348953247,0.0,1.5475624799728394,0.0,1.5475624799728394,0.0,0.9932518005371094,0.0,0.7884573340415955,0.0,2.0281481742858887,0.0,1.9878743886947632,0.0,1.1314021348953247,0.0,1.1631507873535156,0.0,0.1714547425508499,4.364554405212402,4.188889503479004,4.360142707824707,4.175440788269043,0.0,-0.2000000029802322,0.0134487152099609,0.0068826675415039,23.08476202828544,5.780774379513571,5.14,6.3,0.62,1.44,,1.16,4.517758728977122,2.5556711469377795,9.676907794219009,4.400227489621318,4.0855714825517495,0.0032631563540772,0.0034014291206499,,0.4056846524962454,6.767343125265392,2.706336405529954,18.314707068618585,0.024193548387096774,0.06336405529953917,3.0540716346617405,0.14147583711598535,1.5737813676639678,-0.8564680363669833,-0.13838815615196515,30.12895208792144,,,0.11004
1997-10-01,4.376308693360838,4.202122154395532,2.577492416239182,1.529660495090407,2.2000000000000077,-0.275127581,-0.509873384785878,3.699999999999998,3.300000000000002,2.100000000000002,3.800000000000001,3.700000000000002,1.7000000000000033,1.2999999999999992,6.599999999999994,6.300000000000001,2.199999999999996,2.2,453.0,1.5475624799728394,0.0659579038619995,1.4586150646209717,0.0,1.1314021348953247,0.0,1.5686159133911133,0.0210534334182739,1.5475624799728394,0.0,0.9932518005371094,0.0,0.832909107208252,0.0444517731666564,2.0281481742858887,0.0,1.9878743886947632,0.0,1.1631507873535156,0.0317486524581909,1.1631507873535156,0.0,0.8769939541816711,4.369575500488281,4.194369316101074,4.364554405212402,4.188889503479004,1.2999999523162842,0.3000000119209289,0.0054798126220703,0.0134487152099609,23.812380836123516,5.777094892345134,4.95,6.21,0.84,1.54,,1.2599999999999998,4.519394408966687,0.727618807838077,9.57874558253422,4.409345065077892,4.143742433604856,-0.0004208425329497,0.0034052963683258,,0.4079567038147549,6.55250788703459,2.0844285714285715,13.658234654245959,0.007142857142857143,0.07285714285714286,2.749178479674683,0.3569402184939301,-0.06468184384398472,-0.6798390554684497,-0.7885567114144538,25.523245168534324,,,0.11004
1997-11-01,4.374808018039643,4.19992005477074,2.5236237713711507,1.4874828366412745,2.100000000000007,-5.304468774,-0.566869399240478,3.699999999999998,3.300000000000002,2.200000000000002,3.800000000000001,3.700000000000002,1.7000000000000033,1.2999999999999992,6.599999999999994,6.4,2.199999999999996,2.2,454.0,1.5475624799728394,0.0,1.4586150646209717,0.0,1.1631507873535156,0.0317486524581909,1.5686159133911133,0.0,1.5475624799728394,0.0,0.9932518005371094,0.0,0.832909107208252,0.0,2.0281481742858887,0.0,2.0014801025390625,0.0136057138442993,1.1631507873535156,0.0,1.1631507873535156,0.0,-0.0421776585280895,4.376308917999268,4.202122211456299,4.369575500488281,4.194369316101074,-1.600000023841858,-0.3000000119209289,0.0077528953552246,0.0054798126220703,23.870869760927945,5.783425102308398,4.97,6.03,0.68,1.6,,1.0600000000000005,4.524393875960803,0.0584889248044326,9.44217286169478,4.418172915059888,4.353648072999352,-0.0001804153165472,0.0020610611707219,,0.4114779164008939,7.596894438144544,2.3043194374686085,17.505671518213635,0.03063787041687594,0.06177800100452034,2.7444160667986193,-0.8176821682876191,0.14986461021505582,0.5775395282363021,0.7845757752942661,26.93405494135943,,,0.08719
1997-12-01,4.3741680870159945,4.197125252991524,2.426802540609684,1.529660495090407,2.2000000000000077,-2.368180092,0.169864895569205,3.699999999999998,3.300000000000002,2.200000000000002,3.800000000000001,3.700000000000002,1.7000000000000033,1.2999999999999992,6.599999999999994,6.4,2.2999999999999963,2.2,455.0,1.5475624799728394,0.0,1.4586150646209717,0.0,1.1631507873535156,0.0,1.5686159133911133,0.0,1.5475624799728394,0.0,0.9932518005371094,0.0,0.832909107208252,0.0,2.0281481742858887,0.0,2.0014801025390625,0.0,1.193922519683838,0.0307717323303222,1.1631507873535156,0.0,0.0421776585280895,4.374807834625244,4.199920177459717,4.376308917999268,4.202122211456299,0.2000000029802322,0.0,-0.002202033996582,0.0077528953552246,32.034737034847865,5.723715812363651,5.14,5.88,0.82,1.52,,0.7400000000000002,4.540844975431534,8.16386727391992,9.242556313709304,4.426017203954916,4.50138108878308,-0.000457197866353,0.0001504080763269,,0.4299424030041106,7.304515946460155,2.869650067294751,20.961404677314967,0.007402422611036339,0.03230148048452221,3.306035447623504,-0.06895625536862715,-0.13231558263953838,0.2865884884942958,1.021792574671685,73.09467262273853,,,0.08719
1998-01-01,4.372039933159309,4.215244217651175,2.3335811933630097,1.529660495090407,2.2000000000000077,-2.660032134,2.59777379475678,3.799999999999998,3.300000000000002,2.200000000000002,3.800000000000001,3.700000000000002,1.7000000000000033,1.2999999999999992,6.599999999999994,6.4,2.2999999999999963,2.3000000000000003,456.0,1.5686159133911133,0.0210534334182739,1.4586150646209717,0.0,1.1631507873535156,0.0,1.5686159133911133,0.0,1.5475624799728394,0.0,0.9932518005371094,0.0,0.832909107208252,0.0,2.0281481742858887,0.0,2.0014801025390625,0.0,1.193922519683838,0.0,1.193922519683838,0.0307717323303222,0.0,4.374167919158936,4.197125434875488,4.374807834625244,4.199920177459717,-0.1000000014901161,0.1000000014901161,-0.0027947425842285,-0.002202033996582,26.276363719593395,5.665526629201668,5.16,5.81,0.59,1.53,,0.6499999999999995,4.572026967394837,-5.75837331525447,9.287947156955823,4.430266647537833,4.59444146917716,4.813593589236831e-05,0.0002530502277466,,0.41705424069155,6.693323668269949,3.4452853598014888,23.060410042703253,0.007444168734491315,0.03225806451612903,3.8322757981933604,-0.14054924358811874,0.12214284305024106,0.20070123064407616,1.0445775007021043,34.40233991840381,,,0.08719
1998-02-01,4.3798698103997245,4.220737830614416,2.293905559274323,1.529660495090407,2.2000000000000077,0.620592475,0.996287307614751,3.799999999999998,3.300000000000002,2.200000000000002,3.800000000000001,3.700000000000002,1.7000000000000033,1.2999999999999992,6.599999999999994,6.6000000000000005,2.2999999999999963,2.3000000000000003,457.0,1.5686159133911133,0.0,1.4586150646209717,0.0,1.1631507873535156,0.0,1.5686159133911133,0.0,1.5475624799728394,0.0,0.9932518005371094,0.0,0.832909107208252,0.0,2.0281481742858887,0.0,2.0281481742858887,0.0266680717468261,1.193922519683838,0.0,1.193922519683838,0.0,0.0,4.372039794921875,4.215244293212891,4.374167919158936,4.197125434875488,0.0,-0.1000000014901161,0.0181188583374023,-0.0027947425842285,23.866499996185304,5.666772649022301,5.04,5.54,0.57,1.68,,0.5,4.596432120044806,-2.4098637234080904,9.132169199526423,4.434640431813779,4.543789506150557,0.0,0.0002788993871838,,0.386836656547862,6.198478716492308,2.875152749490835,17.82157312438328,0.004073319755600814,0.04073319755600815,3.300852263484355,-0.7167723676568909,-0.06391713200221702,-0.2801782164643535,1.5115801095088928,54.34750141684946,1.1302313063224454,,0.06869
1998-03-01,4.376759412180762,4.218988452740833,2.226956497091696,1.570278543484981,2.300000000000008,-3.223911515,0.866154871287659,3.799999999999998,3.300000000000002,2.200000000000002,3.900000000000001,3.700000000000002,1.7000000000000033,1.2999999999999992,6.599999999999994,6.6000000000000005,2.2999999999999963,2.5000000000000004,458.0,1.5686159133911133,0.0,1.4586150646209717,0.0,1.1631507873535156,0.0,1.5892351865768433,0.0206192731857299,1.5475624799728394,0.0,0.9932518005371094,0.0,0.832909107208252,0.0,2.0281481742858887,0.0,2.0281481742858887,0.0,1.193922519683838,0.0,1.2527629137039185,0.0588403940200805,0.0406180471181869,4.3798699378967285,4.220737934112549,4.372039794921875,4.215244293212891,0.1000000014901161,0.0,0.0054936408996582,0.0181188583374023,19.99894724394146,5.695380610975362,5.09,5.57,0.5,1.67,,0.4800000000000004,4.58118482323758,-3.8675527522438458,9.272961115979175,4.436257921432048,4.37687112949086,0.0,2.779129559078553e-05,,0.3501037746178337,6.891625897052253,2.4028484231943037,16.559532419977035,0.008138351983723296,0.03763987792472025,3.16937882787763,0.4459135911754544,0.15039647549594906,-0.3602368266678613,-0.7117194829717091,154.6564240542353,1.3895446422966498,0.2593133359742043,0.06869
1998-04-01,4.376013969778366,4.21699867784492,2.2533015889034087,1.570278543484981,2.300000000000008,0.401227989,-0.0575682527232461,3.399999999999998,3.300000000000002,2.400000000000002,3.900000000000001,3.700000000000002,1.7000000000000033,1.3999999999999992,6.599999999999994,6.6000000000000005,2.2999999999999963,2.5000000000000004,459.0,1.4816045761108398,-0.0870113372802734,1.4586150646209717,0.0,1.2237753868103027,0.0606245994567871,1.5892351865768433,0.0,1.5475624799728394,0.0,0.9932518005371094,0.0,0.8754687309265137,0.0425596237182617,2.0281481742858887,0.0,2.0281481742858887,0.0,1.193922519683838,0.0,1.2527629137039185,0.0,0.0,4.3767595291137695,4.218988418579102,4.3798699378967285,4.220737934112549,-0.1000000014901161,-0.4000000059604645,-0.0017495155334472,0.0054936408996582,20.158636353232644,5.690156731074389,5.03,5.65,0.69,1.67,,0.6200000000000001,4.577079305821566,0.159689109291186,9.333858445968394,4.436609512444173,4.390612327777903,-0.0036166404701885,0.002088068349026,,0.3458985905072747,7.050122520269059,2.22265625,15.669998882941776,0.018229166666666668,0.058159722222222224,2.6601399365810168,-0.17997506535013522,0.00864456340616194,-0.13334934984224298,0.15434596102694334,43.17331595955115,1.1519041416476952,-0.2376405006489546,0.06869
1998-05-01,4.378444100053241,4.2091052574276135,2.2125500281639945,1.6472311463710985,2.5000000000000075,-3.098661021,0.166057392970197,3.299999999999998,3.300000000000002,2.400000000000002,3.900000000000001,3.800000000000002,1.6000000000000032,1.2999999999999992,6.599999999999994,6.6000000000000005,2.2999999999999963,2.5000000000000004,460.0,1.4586150646209717,-0.0229895114898681,1.4586150646209717,0.0,1.2237753868103027,0.0,1.5892351865768433,0.0,1.5686159133911133,0.0210534334182739,0.9555114507675172,-0.0377403497695922,0.832909107208252,-0.0425596237182617,2.0281481742858887,0.0,2.0281481742858887,0.0,1.193922519683838,0.0,1.2527629137039185,0.0,0.0769526064395904,4.37601375579834,4.21699857711792,4.3767595291137695,4.218988418579102,0.2000000029802322,0.3000000119209289,-0.0019898414611816,-0.0017495155334472,22.02857144673665,5.731040898427028,4.95,5.64,0.85,1.66,,0.6899999999999995,4.57522630961502,1.869935093504008,9.307006288335112,4.440034895624787,4.336290974696888,0.0036166404701885,0.0036166404701888,,0.3513491354096802,6.877296071497429,2.1143446852425183,14.540974397609839,0.018575851393188854,0.07946336429308566,0.9171556845723018,0.17682653613036345,-0.9155028139157476,0.4124503742748033,0.6237480225221849,32.70029260288807,0.9997213912094244,-0.1521827504382709,0.13808
1998-06-01,4.376428745688712,4.204955271462055,2.127119586562295,1.8496036794731807,3.100000000000008,1.405148331,0.345452672592967,3.299999999999998,3.300000000000002,2.400000000000002,3.900000000000001,3.800000000000002,1.3000000000000032,1.2999999999999992,6.399999999999994,6.6000000000000005,2.3999999999999964,2.5000000000000004,461.0,1.4586150646209717,0.0,1.4586150646209717,0.0,1.2237753868103027,0.0,1.5892351865768433,0.0,1.5686159133911133,0.0,0.832909107208252,-0.1226023435592651,0.832909107208252,0.0,2.0014801025390625,-0.0266680717468261,2.0281481742858887,0.0,1.2237753868103027,0.0298528671264648,1.2527629137039185,0.0,0.2023725360631942,4.378444194793701,4.209105491638184,4.37601375579834,4.21699857711792,0.4000000059604645,0.1000000014901161,-0.0078930854797363,-0.0019898414611816,20.873999786376952,5.700777965635902,5.0,5.65,0.8,1.63,,0.6500000000000004,4.582413198865475,-1.1545716603597,9.177891357468264,4.446604608158198,4.415775221888596,0.0,0.0036166404701888,,0.4521164203838577,6.668228248417403,2.5575063613231555,17.05403616408227,0.005089058524173028,0.058524173027989825,1.7491050206114227,-0.13502761705250804,0.407691903652506,-0.23176468471211398,1.384780507866169,61.35071096086895,1.224290236933042,0.2245688457236176,0.13808
1998-07-01,4.375389155263601,4.202893987897317,2.154949094187981,1.8496036794731807,3.100000000000008,-0.48382269,-0.441696713331769,3.299999999999998,3.300000000000002,2.400000000000002,3.900000000000001,3.800000000000002,1.3000000000000032,1.2999999999999992,6.399999999999994,6.7,2.3999999999999964,2.6000000000000005,462.0,1.4586150646209717,0.0,1.4586150646209717,0.0,1.2237753868103027,0.0,1.5892351865768433,0.0,1.5686159133911133,0.0,0.832909107208252,0.0,0.832909107208252,0.0,2.0014801025390625,0.0,2.041220426559448,0.0130722522735595,1.2237753868103027,0.0,1.280933856964111,0.0281709432601928,0.0,4.376428604125977,4.204955101013184,4.378444194793701,4.209105491638184,-0.6000000238418579,0.0,-0.004150390625,-0.0078930854797363,21.662727269259367,5.677849092629697,4.98,5.5,0.75,1.67,,0.5199999999999996,4.604069580544058,0.7887274828824147,9.02628421089843,4.440587952872053,4.393131329808984,0.0,0.002088068349026,,0.374837838723951,7.741533589281828,2.419774011299435,18.7327617869458,0.010430247718383311,0.04302477183833116,2.288539434163863,-0.8100472706867022,-0.848888312616748,0.3839914849440787,2.252718048340084,52.45865255129252,1.3492459884055843,0.1249557514725425,0.13808
1998-08-01,4.378804198197987,4.1882218978134444,2.1012341716706886,1.879863584396912,3.200000000000008,-2.971727929,-1.97463157271434,3.299999999999998,3.400000000000002,2.400000000000002,4.200000000000001,3.800000000000002,1.3000000000000032,1.2999999999999992,6.399999999999994,6.7,2.3999999999999964,2.6000000000000005,463.0,1.4586150646209717,0.0,1.4816045761108398,0.0229895114898681,1.2237753868103027,0.0,1.6486586332321167,0.0594234466552734,1.5686159133911133,0.0,0.832909107208252,0.0,0.832909107208252,0.0,2.0014801025390625,0.0,2.041220426559448,0.0,1.2237753868103027,0.0,1.280933856964111,0.0,0.0302599053829908,4.375389099121094,4.20289421081543,4.376428604125977,4.204955101013184,0.1000000014901161,0.0,-0.0020608901977539,-0.004150390625,19.929999871687457,5.679728824552481,4.96,5.46,0.72,1.71,,0.5,4.608464752937522,-1.7327273975719102,9.026888901615708,4.436734966178539,4.584502417485156,0.0,0.0,,0.3365661057331564,6.9584483932976555,2.5579448144624166,17.799326984340073,0.003805899143672693,0.038058991436726926,2.714492924179817,-0.40855401754822834,0.16574952461775613,-0.525783176578049,0.5328674097595314,33.63372492268562,1.0338335291865486,-0.3154124592190359,0.09724
1998-09-01,4.381154754696974,4.189451691109953,2.2130684954874784,1.909274014016339,3.300000000000008,6.80383991,-1.5851620972727,3.299999999999998,3.400000000000002,2.500000000000002,4.200000000000001,3.800000000000002,1.3000000000000032,1.2999999999999992,6.399999999999994,6.7,2.4999999999999964,2.6000000000000005,464.0,1.4586150646209717,0.0,1.4816045761108398,0.0,1.2527629137039185,0.0289875268936157,1.6486586332321167,0.0,1.5686159133911133,0.0,0.832909107208252,0.0,0.832909107208252,0.0,2.0014801025390625,0.0,2.041220426559448,0.0,1.2527629137039185,0.0289875268936157,1.280933856964111,0.0,0.0294104292988777,4.3788042068481445,4.18822193145752,4.375389099121094,4.20289421081543,0.0,0.0,-0.0146722793579101,-0.0020608901977539,31.58809498378209,5.649361487114312,4.9,5.34,0.84,2.06,,0.4399999999999995,4.62575681959648,11.658095112094632,8.908964843013795,4.457226867236817,4.695698586742648,0.0,0.0,,0.376480007535807,5.940171252720432,2.484168865435356,14.756388481362233,0.018469656992084433,0.05013192612137203,2.384284410501174,-0.6192757519952751,1.6740998526765944,-1.3223921476089013,-0.265031311119457,75.5845893755589,1.4441406148388156,0.410307085652267,0.09724
1998-10-01,4.38410921459812,4.191192952313552,2.172447221137584,1.879863584396912,3.200000000000008,-9.91248885,0.147838196522242,3.899999999999998,3.400000000000002,2.500000000000002,4.200000000000001,3.800000000000002,1.3000000000000032,1.2999999999999992,6.399999999999994,6.7,2.7999999999999963,3.2000000000000006,465.0,1.5892351865768433,0.1306201219558715,1.4816045761108398,0.0,1.2527629137039185,0.0,1.6486586332321167,0.0,1.5686159133911133,0.0,0.832909107208252,0.0,0.832909107208252,0.0,2.0014801025390625,0.0,2.041220426559448,0.0,1.3350011110305786,0.0822381973266601,1.435084581375122,0.1541507244110107,-0.0294104292988777,4.381154537200928,4.189451694488525,4.3788042068481445,4.18822193145752,-0.2000000029802322,0.6000000238418579,0.0012297630310058,-0.0146722793579101,38.20476223173596,5.666357481565465,4.61,4.81,1.05,2.57,,0.1999999999999993,4.608564419056107,6.616667247953867,8.942788263614379,4.456694539321856,4.977816088886051,-0.003858215540816,0.0022275417810823,,0.3779710988310678,6.272877006546167,1.9209829867674857,12.050090007660142,0.017013232514177693,0.11720226843100189,1.506329865433346,0.9276911274942653,0.7009732049402174,-1.9120179950388407,-0.3101708941884316,61.37923034601872,1.004010160417756,-0.4401304544210596,0.09724
1998-11-01,4.385734252954922,4.203895286680333,2.058037999233275,1.879863584396912,3.200000000000008,0.572638366,1.16191724402468,3.899999999999998,3.500000000000002,2.800000000000002,4.200000000000001,3.800000000000002,1.3000000000000032,1.3999999999999992,6.399999999999994,6.9,2.7999999999999963,3.2000000000000006,466.0,1.5892351865768433,0.0,1.504077434539795,0.022472858428955,1.3350011110305786,0.0822381973266601,1.6486586332321167,0.0,1.5686159133911133,0.0,0.832909107208252,0.0,0.8754687309265137,0.0425596237182617,2.0014801025390625,0.0,2.0668628215789795,0.0256423950195312,1.3350011110305786,0.0,1.435084581375122,0.0,0.0,4.384109020233154,4.191193103790283,4.381154537200928,4.189451694488525,0.1000000014901161,-0.6000000238418579,0.0017414093017578,0.0012297630310058,36.608181953430176,5.690122939870236,3.96,4.53,0.99,2.65,,0.5700000000000003,4.578415448679272,-1.5965802783057796,9.12644359110765,4.463507538416708,4.7293006235324375,-2.416071709143708e-05,0.0022206000424429,,0.3693337112198076,6.182084906716632,2.780538302277433,17.189523871056807,0.002070393374741201,0.043478260869565216,3.3065296238823496,-0.24374775710793595,0.6335543667525462,0.007089690647901925,-0.07824327852127894,72.33920210489583,1.0173125676324009,0.0133024072146448,0.1425
1998-12-01,4.384538976099577,4.201279338081832,1.9258989494359249,1.8496036794731807,3.100000000000008,-4.698899135,0.477636444826012,3.699999999999998,3.500000000000002,2.800000000000002,4.200000000000001,3.800000000000002,1.3000000000000032,1.3999999999999992,6.399999999999994,6.9,2.8999999999999964,3.1000000000000005,467.0,1.5475624799728394,-0.0416727066040039,1.504077434539795,0.0,1.3350011110305786,0.0,1.6486586332321167,0.0,1.5686159133911133,0.0,0.832909107208252,0.0,0.8754687309265137,0.0,2.0014801025390625,0.0,2.0668628215789795,0.0,1.3609765768051147,0.0259754657745361,1.4109870195388794,-0.0240975618362426,-0.0302599053829908,4.385734081268311,4.203895092010498,4.384109020233154,4.191193103790283,-0.1000000014901161,-0.2000000029802322,0.0127019882202148,0.0017414093017578,26.223000144958498,5.683987847328021,4.41,4.83,0.86,2.45,,0.4199999999999999,4.575123264635795,-10.385181808471678,9.239773283260968,4.462749111252175,4.519689932848047,4.832085045647361e-05,0.002234810079377,,0.3434007715039011,6.508769136971682,1.825820895522388,11.883846694414117,0.007462686567164179,0.09850746268656717,2.06825005914409,0.4417875942855564,-0.3860661839717868,-1.2457387862883116,-0.34543309230982505,81.031915905258,1.121221214314666,0.1039086466822651,0.1425
1999-01-01,4.394025114162685,4.204494092223065,2.024370308496442,1.71905185120893,2.700000000000008,1.054487798,-0.6465716342731,3.699999999999998,3.500000000000002,2.700000000000002,4.200000000000001,3.800000000000002,1.3000000000000032,1.3999999999999992,6.399999999999994,6.9,3.199999999999996,3.1000000000000005,468.0,1.5475624799728394,0.0,1.504077434539795,0.0,1.3083328008651731,-0.0266683101654052,1.6486586332321167,0.0,1.5686159133911133,0.0,0.832909107208252,0.0,0.8754687309265137,0.0,2.0014801025390625,0.0,2.0668628215789795,0.0,1.435084581375122,0.0741080045700073,1.4109870195388794,0.0,-0.1305518299341201,4.3845391273498535,4.201279163360596,4.385734081268311,4.203895092010498,-0.3000000119209289,0.2000000029802322,-0.0026159286499023,0.0127019882202148,25.479090777310457,5.675657310930353,4.39,4.65,0.7,2.58,,0.2600000000000007,4.565805462465814,-0.7439093676480404,9.224835623190556,4.467269260845626,4.508655737803597,8.455587034150724e-05,5.5356196127947314e-05,,0.3589585048405066,6.393590753950631,1.1105527638190955,7.100419882528088,0.01675041876046901,0.11725293132328309,-0.8281941921603833,0.024576271653774004,-1.3885663315099814,-0.4028416926813422,-0.43097137490073495,85.06148162245142,1.2680380304230692,0.1468168161084031,0.1425
1999-02-01,4.388256935977282,4.209347440523675,1.986784184896389,1.6837431439977468,2.600000000000008,1.916648803,0.579394194189778,3.699999999999998,3.500000000000002,2.700000000000002,4.200000000000001,3.800000000000002,1.3000000000000032,1.3999999999999992,6.399999999999994,7.0,3.199999999999996,3.1000000000000005,469.0,1.5475624799728394,0.0,1.504077434539795,0.0,1.3083328008651731,0.0,1.6486586332321167,0.0,1.5686159133911133,0.0,0.832909107208252,0.0,0.8754687309265137,0.0,2.0014801025390625,0.0,2.079441547393799,0.0125787258148193,1.435084581375122,0.0,1.4109870195388794,0.0,-0.0353087075054645,4.3940253257751465,4.204493999481201,4.3845391273498535,4.201279163360596,0.3000000119209289,0.0,0.0032148361206054,-0.0026159286499023,28.03526316191021,5.659760922561871,4.34,4.72,0.6,2.55,,0.3799999999999999,4.566325402164524,2.5561723845997517,9.218764438680566,4.471580505950604,4.525382492387369,-0.0001328767207979,0.0001164921086021,,0.3838802536523853,6.663132695990803,2.044757033248082,13.624487443592447,0.017902813299232736,0.07672634271099744,1.2777294967615611,-0.1736862107613119,-0.13234983832028965,-0.8415838988915053,-0.3835343992159079,45.52457022967715,1.3013698251780637,0.0333317947549944,0.09511
1999-03-01,4.396277359031184,4.2045239484504044,2.185560264971225,1.3979983651114378,1.900000000000008,4.213734566,-1.16291096867703,3.499999999999998,3.500000000000002,2.700000000000002,4.200000000000001,3.800000000000002,1.3000000000000032,1.3999999999999992,6.399999999999994,7.0,3.199999999999996,3.1000000000000005,470.0,1.504077434539795,-0.0434850454330444,1.504077434539795,0.0,1.3083328008651731,0.0,1.6486586332321167,0.0,1.5686159133911133,0.0,0.832909107208252,0.0,0.8754687309265137,0.0,2.0014801025390625,0.0,2.079441547393799,0.0,1.435084581375122,0.0,1.4109870195388794,0.0,-0.2857447862625122,4.388257026672363,4.209347248077393,4.3940253257751465,4.204493999481201,-0.6000000238418579,-0.2000000029802322,0.0048532485961914,0.0032148361206054,28.82263153477719,5.660631381000218,4.44,5.0,0.48,2.24,,0.5599999999999996,4.576873586832978,0.7873683728669825,9.147823835367058,4.477643585600952,4.32775903457911,0.0001449555472197,0.000146125415211,,0.3425965708848069,6.214608098422191,1.9116232464929857,11.87998930878743,0.004008016032064128,0.0841683366733467,2.1374184924198927,0.47674641728393835,-1.1312780615195877,-0.16156020294592616,1.1201511696306257,48.43132885151045,1.176435402195906,-0.1249344229821576,0.09511
1999-04-01,4.396882364853616,4.182747609278457,2.346800960144088,1.3979983651114378,1.900000000000008,5.489034802,-2.81039173103138,3.499999999999998,3.500000000000002,2.700000000000002,4.200000000000001,3.800000000000002,1.3000000000000032,1.4999999999999991,6.399999999999994,7.0,3.199999999999996,3.1000000000000005,471.0,1.504077434539795,0.0,1.504077434539795,0.0,1.3083328008651731,0.0,1.6486586332321167,0.0,1.5686159133911133,0.0,0.832909107208252,0.0,0.9162907600402832,0.0408220291137695,2.0014801025390625,0.0,2.079441547393799,0.0,1.435084581375122,0.0,1.4109870195388794,0.0,0.0,4.39627742767334,4.204524040222168,4.388257026672363,4.209347248077393,0.699999988079071,0.2000000029802322,-0.0048232078552246,0.0048532485961914,25.30956541973612,5.655851940898651,4.44,5.23,0.63,2.31,,0.79,4.589244035437832,-3.513066115041074,9.271522056404937,4.479909638290398,4.052631129169112,0.0001207802404992,0.0001539031452118,,0.3410723184869937,7.026426808699636,1.622311111111111,11.399050283162405,0.008888888888888889,0.06933333333333333,-0.11688371880780099,-0.7650287032444358,-0.6232178524805126,0.7388630027798616,0.6408100268216665,63.581089818232016,1.4539790576642873,0.2775436554683812,0.09511
1999-05-01,4.40613029337715,4.179798755207568,2.369567913552973,-0.2956730475634153,-0.2999999999999925,-2.127831322,-0.631864000606725,3.499999999999998,3.6000000000000023,2.700000000000002,4.200000000000001,3.900000000000002,1.3000000000000032,1.4999999999999991,6.399999999999994,7.0,3.2999999999999963,3.1000000000000005,472.0,1.504077434539795,0.0,1.5260562896728516,0.0219788551330566,1.3083328008651731,0.0,1.6486586332321167,0.0,1.5892351865768433,0.0206192731857299,0.832909107208252,0.0,0.9162907600402832,0.0,2.0014801025390625,0.0,2.079441547393799,0.0,1.4586150646209717,0.0235304832458496,1.4109870195388794,0.0,-1.693671464920044,4.3968825340271,4.182747840881348,4.39627742767334,4.204524040222168,-2.200000047683716,0.0,-0.0217761993408203,-0.0048232078552246,23.478571483067103,5.6441032391546,4.29,5.18,0.56,2.22,,0.8899999999999997,4.585987366571318,-1.8309939366690136,9.426969278259566,4.482205624381904,4.159441246307748,-0.0001207802404992,0.0001469418367501,,0.3806923265027286,7.6128310304073565,2.139990113692536,16.291383142283504,0.008403361344537815,0.04992585269401879,2.0473745639671086,-0.392323808436861,-0.5194781518030731,0.24538942401456182,0.5211591404669462,64.45479499763633,2.434858332050344,0.9808792743860566,0.11075
1999-06-01,4.40675046628913,4.163682485283021,2.377424295152176,-0.2956730475634153,-0.2999999999999925,-0.951253064,-2.36805075907875,3.699999999999998,3.6000000000000023,2.700000000000002,4.200000000000001,3.900000000000002,1.4000000000000032,1.4999999999999991,6.499999999999994,7.0,3.2999999999999963,3.1000000000000005,473.0,1.5475624799728394,0.0434850454330444,1.5260562896728516,0.0,1.3083328008651731,0.0,1.6486586332321167,0.0,1.5892351865768433,0.0,0.8754687309265137,0.0425596237182617,0.9162907600402832,0.0,2.0149030685424805,0.0134229660034179,2.079441547393799,0.0,1.4586150646209717,0.0,1.4109870195388794,0.0,0.0,4.406130313873291,4.179798603057861,4.3968825340271,4.182747840881348,2.200000047683716,0.2000000029802322,-0.0029492378234863,-0.0217761993408203,26.204500198364254,5.621993799223193,4.5,5.54,0.54,2.18,,1.04,4.583537885860977,2.7259287152971545,9.454162356312493,4.488508271640289,4.240079341207529,-4.8316181098684297e-05,0.0001239597419174,,0.3533881844843987,7.520234556474628,0.0740780911062906,0.5570846206152024,0.05802603036876356,0.18329718004338394,-2.639278544914855,0.5527396414308003,-2.3685972600201053,0.613214425332056,-0.7730890898135473,50.48517814238793,1.7512657533672995,-0.6835925786830441,0.11075
1999-07-01,4.413670761114764,4.186908550449309,2.48820055903959,-0.1986901103492341,-0.1999999999999925,5.468385419,0.221761847937673,3.599999999999998,3.7000000000000015,2.700000000000002,4.200000000000001,3.900000000000002,1.4000000000000032,1.4999999999999991,6.499999999999994,7.0,3.2999999999999963,3.1000000000000005,474.0,1.5260562896728516,-0.0215061902999877,1.5475624799728394,0.0215061902999877,1.3083328008651731,0.0,1.6486586332321167,0.0,1.5892351865768433,0.0,0.8754687309265137,0.0,0.9162907600402832,0.0,2.0149030685424805,0.0,2.079441547393799,0.0,1.4586150646209717,0.0,1.4109870195388794,0.0,0.0969829335808754,4.406750679016113,4.163682460784912,4.406130313873291,4.179798603057861,0.1000000014901161,-0.3000000119209289,-0.0161161422729492,-0.0029492378234863,23.6263636675748,5.565707441981806,4.57,5.9,0.72,2.18,,1.33,4.589244035437832,-2.578136530789461,9.488339897713852,4.487723593728281,4.213656113103666,1.2079264131603653e-05,6.652104641307614e-05,,0.3865765199862929,6.82001636467413,0.8585792349726776,5.8555244328830565,0.05683060109289618,0.10710382513661203,-1.1565717161334526,-0.6689443834003466,-0.7956468004790151,0.46282003000831395,0.7966150714734066,39.43267327372312,1.3863007625960642,-0.3649649907712355,0.11075
1999-08-01,4.417981925981857,4.185190245521677,2.543405123300545,-0.4812118250595965,-0.4999999999999924,1.665897645,-0.723798061815474,3.599999999999998,3.7000000000000015,2.800000000000002,4.200000000000001,3.900000000000002,1.4000000000000032,1.4999999999999991,6.499999999999994,7.0,3.2999999999999963,3.1000000000000005,475.0,1.5260562896728516,0.0,1.5475624799728394,0.0,1.3350011110305786,0.0266683101654052,1.6486586332321167,0.0,1.5892351865768433,0.0,0.8754687309265137,0.0,0.9162907600402832,0.0,2.0149030685424805,0.0,2.079441547393799,0.0,1.4586150646209717,0.0,1.4109870195388794,0.0,-0.2825217247009277,4.413670539855957,4.186908721923828,4.406750679016113,4.163682460784912,-0.4000000059604645,0.1000000014901161,0.023226261138916,-0.0161161422729492,21.049047470092773,5.545489895661608,4.55,5.79,0.72,2.19,,1.2400000000000002,4.592388851623358,-2.577316197482024,9.52274777634368,4.493493096046292,4.253291951138409,-0.0001570418157261,8.570376605611655e-05,,0.4604401069805504,7.271008538280992,1.6994432846207377,12.356666632801678,0.020180932498260265,0.09394572025052192,0.5156359242416054,-0.465609578927956,-0.4204237989257722,-0.33758203542010345,1.603734718218709,49.80799569182463,1.187833366938535,-0.1984673956575291,0.13018
1999-09-01,4.424452063006794,4.185829252344279,2.655438680479387,-0.2956730475634153,-0.2999999999999924,4.764098724,-1.3899030643446,3.599999999999998,4.3000000000000025,2.800000000000002,4.500000000000001,3.900000000000002,1.4000000000000032,1.4999999999999991,6.499999999999994,7.0,3.2999999999999963,3.1000000000000005,476.0,1.5260562896728516,0.0,1.667706847190857,0.1201443672180175,1.3350011110305786,0.0,1.704748034477234,0.0560894012451171,1.5892351865768433,0.0,0.8754687309265137,0.0,0.9162907600402832,0.0,2.0149030685424805,0.0,2.079441547393799,0.0,1.4586150646209717,0.0,1.4109870195388794,0.0,0.1855387836694717,4.41798210144043,4.185190200805664,4.413670539855957,4.186908721923828,0.5,0.0,-0.001718521118164,0.023226261138916,24.323636228388008,5.547869131138548,4.72,5.94,0.68,2.23,,1.2200000000000006,4.5810823904590015,3.274588758295234,9.489281744428588,4.497500339209917,4.218802898328691,-4.832552071709628e-05,8.570288841944279e-05,,0.4632199882451875,6.90875477931522,1.5937,11.010482491794667,0.022,0.126,-1.1363617304978886,-0.4118763361735309,-0.7082423169020028,0.4731906192172882,1.0314915886068576,44.50495183510972,1.2783773584493026,0.0905439915107675,0.13018
1999-10-01,4.430224004127621,4.193495840402183,2.600329398908504,-0.3900353197707081,-0.3999999999999925,-2.389916207,0.135681202804495,3.599999999999998,4.3000000000000025,2.900000000000002,4.500000000000001,3.900000000000002,1.4000000000000032,1.4999999999999991,6.499999999999994,7.0,3.2999999999999963,3.3000000000000007,477.0,1.5260562896728516,0.0,1.667706847190857,0.0,1.3609765768051147,0.0259754657745361,1.704748034477234,0.0,1.5892351865768433,0.0,0.8754687309265137,0.0,0.9162907600402832,0.0,2.0149030685424805,0.0,2.079441547393799,0.0,1.4586150646209717,0.0,1.4586150646209717,0.0476280450820922,-0.094362273812294,4.42445182800293,4.185829162597656,4.41798210144043,4.185190200805664,-0.3000000119209289,0.0,0.0006389617919921,-0.001718521118164,24.541428611392067,5.578748212285625,4.68,5.92,1.34,2.3,,1.2400000000000002,4.574504771677206,0.2177923830040598,9.498092259490836,4.493455078164464,4.128933475710516,9.664870619063848e-05,0.000127276366092,,0.4599939813542999,6.884486652042782,2.290573770491803,15.769424548470125,0.015368852459016393,0.07684426229508197,1.7546515976916948,-0.2323495503829921,-0.04214097552215123,-0.506235595245254,0.8469848430673812,60.617956419774,1.1348667742650569,-0.1435105841842459,0.13018
1999-11-01,4.439625389049705,4.193224121780238,2.6965031884715467,7.549516567451036e-15,7.549516567451064e-15,4.457399339,-1.77018541888972,3.599999999999998,4.200000000000003,2.900000000000002,4.500000000000001,4.000000000000002,1.4000000000000032,1.4999999999999991,6.499999999999994,7.0,3.2999999999999963,3.3000000000000007,478.0,1.5260562896728516,0.0,1.6486586332321167,-0.0190482139587402,1.3609765768051147,0.0,1.704748034477234,0.0,1.6094379425048828,0.0202027559280395,0.8754687309265137,0.0,0.9162907600402832,0.0,2.0149030685424805,0.0,2.079441547393799,0.0,1.4586150646209717,0.0,1.4586150646209717,0.0,0.390035331249237,4.4302239418029785,4.193495750427246,4.42445182800293,4.185829162597656,0.5,0.0,0.0076665878295898,0.0006389617919921,24.021428516932897,5.73889218510296,4.86,6.11,1.21,2.28,,1.25,4.570371680445396,-0.5200000944591707,9.455172985216462,4.505603962063264,4.1974514890049806,0.0,7.3817178266764e-05,,0.4908212737021227,6.733401891837359,2.0794994040524437,14.002105221321386,0.02026221692491061,0.10011918951132301,0.6131940539222278,-0.042027282411393856,0.05289964334673738,-0.30484434857698756,0.45211363170261387,42.218420233853685,1.24634274202042,0.1114759677553633,0.05778
1999-12-01,4.448897122163123,4.180953358186863,2.737624340884687,7.549516567451036e-15,7.549516567451064e-15,-0.075982426,-1.89484444767426,3.299999999999998,4.200000000000003,3.1000000000000023,4.500000000000001,4.000000000000002,1.4000000000000032,1.7999999999999994,6.499999999999994,7.1,4.099999999999996,3.3000000000000007,479.0,1.4586150646209717,-0.0674412250518798,1.6486586332321167,0.0,1.4109870195388794,0.0500104427337646,1.704748034477234,0.0,1.6094379425048828,0.0,0.8754687309265137,0.0,1.0296194553375244,0.1133286952972412,2.0149030685424805,0.0,2.091864109039306,0.0124225616455078,1.6292405128479004,0.1706254482269287,1.4586150646209717,0.0,0.0,4.439625263214111,4.19322395324707,4.4302239418029785,4.193495750427246,-0.4000000059604645,-0.3000000119209289,-0.0002717971801757,0.0076665878295898,21.81809525262742,5.680786754861885,5.07,6.03,0.96,1.99,,0.96,4.572440361365173,-2.2033332643054777,9.577149387987442,4.510439638164688,4.173051204680947,0.0001328767207979,6.868971829408444e-05,,0.505596334246436,7.301822342137932,3.19689608636977,23.343167268948104,0.01282051282051282,0.044534412955465584,3.2810174328846706,-1.3653559021146824,-0.023652731292125986,1.3384908285016095,2.5922182301759435,35.79381963514025,1.245343509417184,-0.0009992326032361,0.05778
2000-01-01,4.446446281558689,4.19644818965595,2.7759793055719992,0.1986901103492487,0.2000000000000075,-0.289059352,0.427461758244551,3.299999999999998,4.200000000000003,3.2000000000000024,4.500000000000001,4.000000000000002,1.4000000000000032,1.7999999999999994,6.499999999999994,7.1,4.099999999999996,3.400000000000001,480.0,1.4586150646209717,0.0,1.6486586332321167,0.0,1.435084581375122,0.0240975618362426,1.704748034477234,0.0,1.6094379425048828,0.0,0.8754687309265137,0.0,1.0296194553375244,0.0,2.0149030685424805,0.0,2.091864109039306,0.0,1.6292405128479004,0.0,1.4816045761108398,0.0229895114898681,0.198690116405487,4.448896884918213,4.180953502655029,4.439625263214111,4.19322395324707,0.2000000029802322,0.3000000119209289,-0.012270450592041,-0.0002717971801757,22.15909090909091,5.645694216880635,5.2,6.28,0.93,1.73,,1.08,4.5715099844954565,0.340995656463491,9.693031470245367,4.518123171999835,4.059905581157112,7.247077015470893e-05,6.652958533007023e-05,,0.5000009252950348,6.851184927493743,1.855508474576271,12.712431693853857,0.015889830508474576,0.0614406779661017,0.39288661067371455,-0.6227683175944566,-1.1051141766943366,1.2066161805893911,0.9861803408490807,62.04187748283568,1.3517730004509447,0.1064294910337608,0.05778
2000-02-01,4.450088589659158,4.205672630417057,2.848664295211935,0.0998340788992152,0.1000000000000075,2.572958231,0.145312366834955,3.299999999999998,4.200000000000003,3.2000000000000024,4.500000000000001,4.000000000000002,1.7000000000000033,1.7999999999999994,6.499999999999994,7.1,4.099999999999996,3.400000000000001,481.0,1.4586150646209717,0.0,1.6486586332321167,0.0,1.435084581375122,0.0,1.704748034477234,0.0,1.6094379425048828,0.0,0.9932518005371094,0.1177830696105957,1.0296194553375244,0.0,2.0149030685424805,0.0,2.091864109039306,0.0,1.6292405128479004,0.0,1.4816045761108398,0.0,-0.0988560318946838,4.446446418762207,4.19644832611084,4.448896884918213,4.180953502655029,-0.3000000119209289,0.0,0.0154948234558105,-0.012270450592041,23.201999855041503,5.650100364406341,5.32,6.66,0.55,1.68,,1.34,4.56954300834494,1.0429089459505931,9.661555168790592,4.516754186614521,4.189574574570677,-0.0002174280684044,0.0001872625878387,,0.463130426127011,6.794586580876499,1.860313901345292,12.640063870298729,0.0033632286995515697,0.07623318385650224,0.6247487371584274,-0.7267002708440218,-0.8533261976951142,0.07517935292000795,1.329140271599837,40.57139164497867,1.0651285484633646,-0.2866444519875801,0.07863
2000-03-01,4.455103638061894,4.206168274141847,2.861030605781278,0.0998340788992152,0.1000000000000075,-1.421527736,0.069398912773107,3.099999999999998,4.200000000000003,3.2000000000000024,4.500000000000001,4.000000000000002,1.7000000000000033,1.7999999999999994,6.499999999999994,7.1,4.099999999999996,3.400000000000001,482.0,1.4109870195388794,-0.0476280450820922,1.6486586332321167,0.0,1.435084581375122,0.0,1.704748034477234,0.0,1.6094379425048828,0.0,0.9932518005371094,0.0,1.0296194553375244,0.0,2.0149030685424805,0.0,2.091864109039306,0.0,1.6292405128479004,0.0,1.4816045761108398,0.0,0.0,4.4500885009765625,4.205672740936279,4.446446418762207,4.19644832611084,0.1000000014901161,-0.2000000029802322,0.0092244148254394,0.0154948234558105,23.595500183105468,5.703315699066757,5.55,6.52,0.49,1.91,,0.9699999999999998,4.583946549536464,0.3935003280639648,9.7208108063541,4.519872612325512,4.015864426125257,0.0001087199435727,0.0001787586197937,,0.4754977568404857,6.654152520183219,1.208,8.038216244381328,0.014193548387096775,0.10838709677419354,-1.2472037186452611,-0.060424145973805035,-1.0826403356821934,0.39788918757646097,0.002257466433972679,34.39467622049372,1.0395101063174796,-0.0256184421458849,0.07863
2000-04-01,4.4649660658667605,4.215940187354509,2.7121377980345267,0.0998340788992152,0.1000000000000075,-4.570976455,1.61009598161336,3.199999999999998,4.200000000000003,3.3000000000000025,4.6000000000000005,4.000000000000002,1.7000000000000033,1.8999999999999997,6.499999999999994,7.1,4.099999999999996,3.400000000000001,483.0,1.435084581375122,0.0240975618362426,1.6486586332321167,0.0,1.4586150646209717,0.0235304832458496,1.722766637802124,0.0180186033248901,1.6094379425048828,0.0,0.9932518005371094,0.0,1.0647107362747192,0.0350912809371948,2.0149030685424805,0.0,2.091864109039306,0.0,1.6292405128479004,0.0,1.4816045761108398,0.0,0.0,4.455103874206543,4.206168174743652,4.4500885009765625,4.205672740936279,0.0,0.3000000119209289,0.000495433807373,0.0092244148254394,22.718260806539785,5.657354518275788,5.69,6.26,0.57,2.3,,0.5699999999999994,4.589955020181611,-0.877239376565683,9.767135664311724,4.523422024855191,4.097177102788672,1.2079264131603653e-05,0.0001675239099066,,0.452649342012307,6.625392368007956,1.350066401062417,8.944719629902906,0.034528552456839307,0.10889774236387782,-1.749631361031753,-1.5189221454453297,0.32961403583310755,-2.190069126315557,2.0963238740783185,54.096563286030594,1.0333660143785028,-0.0061440919389768,0.07863
2000-05-01,4.469991723402526,4.223561042928373,2.8220184237396717,0.0998340788992152,0.1000000000000075,8.72234983,-0.590230954866912,3.299999999999998,4.400000000000003,3.3000000000000025,4.6000000000000005,4.100000000000001,1.9000000000000032,2.1,6.499999999999994,7.1,4.099999999999996,3.500000000000001,484.0,1.4586150646209717,0.0235304832458496,1.686398983001709,0.0377403497695922,1.4586150646209717,0.0,1.722766637802124,0.0,1.6292405128479004,0.0198025703430175,1.0647107362747192,0.0714589357376098,1.1314021348953247,0.0666913986206054,2.0149030685424805,0.0,2.091864109039306,0.0,1.6292405128479004,0.0,1.504077434539795,0.022472858428955,0.0,4.464966297149658,4.215939998626709,4.455103874206543,4.206168174743652,0.0,0.0,0.0097718238830566,0.000495433807373,27.16421077125951,5.633681846976712,5.66,5.99,0.84,2.34,,0.33,4.594715728084233,4.445949964719723,9.678598564359186,4.529356606266238,4.1196338748004,0.0001449397898491,6.868189656703944e-05,,0.4130620665205238,6.695798917058491,1.3731435643564356,9.194293191183657,0.018564356435643563,0.1150990099009901,-1.0583980408795888,-0.5551524602410299,-1.0005567041973378,0.24544316933621027,0.2788776257125726,35.759766194766776,1.0047221963330562,-0.0286438180454466,0.05832
2000-06-01,4.470991155119759,4.2206010045890725,2.9169228352884624,0.1986901103492487,0.2000000000000075,1.18042463,-0.25401421636458,3.299999999999998,4.400000000000003,3.3000000000000025,4.6000000000000005,4.300000000000002,1.9000000000000032,2.1,6.499999999999994,7.1,4.099999999999996,3.500000000000001,485.0,1.4586150646209717,0.0,1.686398983001709,0.0,1.4586150646209717,0.0,1.722766637802124,0.0,1.667706847190857,0.0384663343429565,1.0647107362747192,0.0,1.1314021348953247,0.0,2.0149030685424805,0.0,2.091864109039306,0.0,1.6292405128479004,0.0,1.504077434539795,0.0,0.0988560318946838,4.469991683959961,4.223560810089111,4.464966297149658,4.215939998626709,0.1000000014901161,-0.1000000014901161,0.0076208114624023,0.0097718238830566,26.373181863264605,5.617461768189674,5.79,6.44,1.38,2.52,,0.6500000000000004,4.618086411254637,-0.7910289079949031,9.594118797330657,4.532060638319645,4.39762398400852,-0.000314062766817,0.0002361863285228,,0.500771156447426,6.483107351457199,1.5267993874425727,9.89840433292929,0.021439509954058193,0.10107197549770292,-0.28271556050938285,-0.1999507971794794,-0.7053448350515741,0.030021007733681424,2.6561632174584315,34.145592654043504,1.196239337904394,0.1915171415713377,0.05832
2000-07-01,4.474602169652214,4.229678091325102,2.847115375863144,0.1986901103492487,0.2000000000000075,-2.910447205,1.21551286321384,3.299999999999998,4.400000000000003,3.3000000000000025,4.6000000000000005,4.300000000000002,2.000000000000003,2.3,6.499999999999994,7.3,4.199999999999996,3.500000000000001,486.0,1.4586150646209717,0.0,1.686398983001709,0.0,1.4586150646209717,0.0,1.722766637802124,0.0,1.667706847190857,0.0,1.0986123085021973,0.033901572227478,1.193922519683838,0.0625203847885131,2.0149030685424805,0.0,2.116255521774292,0.0243914127349853,1.6486586332321167,0.0194181203842163,1.504077434539795,0.0,0.0,4.470991134643555,4.2206010818481445,4.469991683959961,4.223560810089111,-0.1000000014901161,0.0,-0.0029597282409667,0.0076208114624023,21.539999961853027,5.655047308974325,5.69,6.1,1.06,2.4,,0.4099999999999992,4.610356712675391,-4.833181901411578,9.678251387095086,4.532451095046027,4.4422811784904885,0.0001087251971716,0.0002551942091355,,0.4774330145569765,6.3473892096560105,1.0814035087719298,6.8640889628630966,0.04736842105263158,0.11228070175438597,-0.5394499678764163,-1.6232231032311168,-0.0383351616569342,-0.28315146150119164,-0.0629256009821327,43.98706580607019,1.0373126700810629,-0.1589266678233309,0.05832
2000-08-01,4.479440962840922,4.241702706857796,2.8946731159227443,0.1986901103492487,0.2000000000000075,3.749676387,0.268501249917444,3.399999999999998,4.400000000000003,3.3000000000000025,4.6000000000000005,4.300000000000002,2.000000000000003,2.3,6.499999999999994,7.3,4.199999999999996,3.500000000000001,487.0,1.4816045761108398,0.0229895114898681,1.686398983001709,0.0,1.4586150646209717,0.0,1.722766637802124,0.0,1.667706847190857,0.0,1.0986123085021973,0.0,1.193922519683838,0.0,2.0149030685424805,0.0,2.116255521774292,0.0,1.6486586332321167,0.0,1.504077434539795,0.0,0.0,4.474602222442627,4.229678153991699,4.470991134643555,4.2206010818481445,0.0,0.1000000014901161,0.0090770721435546,-0.0029597282409667,19.89300012588501,5.640452112289707,5.96,6.05,0.69,2.27,,0.0899999999999998,4.612344389736092,-1.6469998359680176,9.755252976891414,4.530498362592438,4.146061572487731,0.0001207919119203,0.0002476536088079,,0.5091676542879289,6.467698726104354,0.8688958009331259,5.619756264812601,0.04354587869362364,0.1088646967340591,-1.3945221774067702,-1.1938132466191802,-0.3556512046935627,-2.4186318230377193,-1.0703520425276194,32.06197092931246,1.130831847478302,0.093519177397239,0.0557
2000-09-01,4.477214875225736,4.241942729565555,2.971241253545696,0.2956730475634297,0.3000000000000076,4.327175958,-0.780029194907023,3.699999999999998,4.400000000000003,3.3000000000000025,4.7,4.300000000000002,2.000000000000003,2.3,6.499999999999994,7.3,4.299999999999995,3.500000000000001,488.0,1.5475624799728394,0.0659579038619995,1.686398983001709,0.0,1.4586150646209717,0.0,1.7404661178588867,0.0176994800567626,1.667706847190857,0.0,1.0986123085021973,0.0,1.193922519683838,0.0,2.0149030685424805,0.0,2.116255521774292,0.0,1.667706847190857,0.0190482139587402,1.504077434539795,0.0,0.0969829335808754,4.479441165924072,4.241702556610107,4.474602222442627,4.229678153991699,0.1000000014901161,0.2000000029802322,0.0120244026184082,0.0090770721435546,18.08869569197945,5.614841965359553,6.09,5.83,0.55,2.51,,-0.2599999999999998,4.617592705986649,-1.8043044339055605,9.76003917359567,4.527771729199683,3.9635272560828585,-7.247339625582327e-05,0.0001082666578596,,0.5130392290869343,6.2766434893416445,1.411487758945386,8.859405452469986,0.015065913370998116,0.12994350282485875,-0.27529735966938707,0.46528030259124226,0.15508484809983306,0.4435782381590288,-1.6120604502297506,27.21366695240321,1.218967539529599,0.0881356920512967,0.0557
2000-10-01,4.480524229270225,4.248214278050957,2.9456186347833446,0.2956730475634297,0.3000000000000076,-3.561579856,1.24376003241426,3.699999999999998,4.400000000000003,3.5000000000000027,4.7,4.300000000000002,2.000000000000003,2.4,6.499999999999994,7.3,4.299999999999995,3.600000000000001,489.0,1.5475624799728394,0.0,1.686398983001709,0.0,1.504077434539795,0.0454623699188232,1.7404661178588867,0.0,1.667706847190857,0.0,1.0986123085021973,0.0,1.2237753868103027,0.0298528671264648,2.0149030685424805,0.0,2.116255521774292,0.0,1.667706847190857,0.0,1.5260562896728516,0.0219788551330566,0.0,4.477214813232422,4.241942882537842,4.479441165924072,4.241702556610107,-0.1000000014901161,-0.3000000119209289,0.0002403259277343,0.0120244026184082,19.6875,5.611959540669349,6.0,5.8,0.76,2.54,,-0.2000000000000001,4.627811916468916,1.5988043080205507,9.697426779953174,4.532375812224564,4.118856507273563,0.000144941540499,0.0001191665072103,,0.5296434386782587,6.568077911411976,1.4683544303797469,9.64426630030113,0.04360056258790436,0.10267229254571027,-0.16121130453418023,-0.6572630848693285,-0.9662896411833706,-0.2581868707391052,1.6474985050490294,35.39438865670312,1.0667721329313,-0.1521954065982986,0.0557
2000-11-01,4.484156462274478,4.256126793017532,2.9830226859490416,0.3900353197707223,0.4000000000000075,3.362240509,0.172965899243485,3.699999999999998,4.400000000000003,3.5000000000000027,4.7,4.300000000000002,2.000000000000003,2.4,6.499999999999994,7.5,4.299999999999995,3.600000000000001,490.0,1.5475624799728394,0.0,1.686398983001709,0.0,1.504077434539795,0.0,1.7404661178588867,0.0,1.667706847190857,0.0,1.0986123085021973,0.0,1.2237753868103027,0.0,2.0149030685424805,0.0,2.140066146850586,0.0238106250762939,1.667706847190857,0.0,1.5260562896728516,0.0,0.094362273812294,4.480524063110352,4.248214244842529,4.477214813232422,4.241942882537842,0.1000000014901161,0.0,0.0062713623046875,0.0002403259277343,25.200000069358133,5.598421958998375,6.11,5.74,0.57,2.56,,-0.3700000000000001,4.6430438384161725,5.512500069358133,9.628479102111951,4.528482427506857,4.21290395613811,-0.000277823076805,0.0002114110008511,,0.4871067769085417,5.863631175598097,2.531339031339032,14.842838460167835,0.014245014245014245,0.04843304843304843,2.5939428472297137,-0.5876479178262614,-0.2948079359476304,0.26711344938320275,1.0514833660178504,55.48228460526901,1.2589230303934933,0.1921508974621932,0.13817
2000-12-01,4.487724830811237,4.238159317313203,2.791172135244296,0.3900353197707223,0.4000000000000075,-9.680260146,-0.939973509150455,3.699999999999998,4.400000000000003,3.5000000000000027,4.7,4.400000000000001,2.000000000000003,2.4,6.499999999999994,7.5,4.599999999999995,3.600000000000001,491.0,1.5475624799728394,0.0,1.686398983001709,0.0,1.504077434539795,0.0,1.7404661178588867,0.0,1.686398983001709,0.018692135810852,1.0986123085021973,0.0,1.2237753868103027,0.0,2.0149030685424805,0.0,2.140066146850586,0.0,1.722766637802124,0.055059790611267,1.5260562896728516,0.0,0.0,4.484156608581543,4.256126880645752,4.480524063110352,4.248214244842529,-0.1000000014901161,0.0,0.0079126358032226,0.0062713623046875,26.38285709562756,5.583533902060025,6.17,5.72,0.68,2.64,,-0.4500000000000002,4.648038086215268,1.1828570262694242,9.62017485982046,4.528762031981702,4.542287390020779,2.4161592733218384e-05,0.0002177584510713,,0.4998245029185169,5.991464547107982,2.225062656641604,13.331384022362071,0.012531328320802004,0.08020050125313283,0.617205330306019,-0.2304387756487375,0.7039007413829212,-0.06631186603849624,1.0351127313124633,27.436638998630485,1.0127572009501056,-0.2461658294433877,0.13817
2001-01-01,4.474189822434519,4.236964043618096,2.824059962069729,0.1986901103492487,0.2000000000000075,2.798291038,-0.611626685388679,3.599999999999998,4.300000000000003,3.5000000000000027,4.7,4.400000000000001,2.000000000000003,2.4,6.499999999999994,7.5,4.599999999999995,3.600000000000001,492.0,1.5260562896728516,-0.0215061902999877,1.667706847190857,-0.018692135810852,1.504077434539795,0.0,1.7404661178588867,0.0,1.686398983001709,0.0,1.0986123085021973,0.0,1.2237753868103027,0.0,2.0149030685424805,0.0,2.140066146850586,0.0,1.722766637802124,0.0,1.5260562896728516,0.0,-0.19134521484375,4.487724781036377,4.2381591796875,4.484156608581543,4.256126880645752,-0.2000000029802322,-0.1000000014901161,-0.0179677009582519,0.0079126358032226,26.530499839782717,5.60377796035146,5.77,5.24,0.67,2.88,,-0.5299999999999994,4.637250079451503,0.1476427441551564,9.614556467058891,4.525493661261395,4.547753809207976,-3.624260802181922e-05,0.0001597938938224,,0.4537612239431947,5.905361848054571,1.3576502732240436,8.017416126498132,0.0273224043715847,0.11202185792349727,-0.5062853647227001,-0.44217068196822334,0.2646591205002651,-0.29862683240075105,0.9296446754226536,31.505770982126563,0.978061161708971,-0.0346960392411346,0.13817
2001-02-01,4.482473372475064,4.23002169720708,2.82279833306344,-0.1986901103492339,-0.1999999999999924,1.347525697,-0.226319412028765,3.599999999999998,4.200000000000004,3.5000000000000027,4.7,4.400000000000001,2.000000000000003,2.4,6.499999999999994,7.5,4.699999999999995,3.600000000000001,493.0,1.5260562896728516,0.0,1.6486586332321167,-0.0190482139587402,1.504077434539795,0.0,1.7404661178588867,0.0,1.686398983001709,0.0,1.0986123085021973,0.0,1.2237753868103027,0.0,2.0149030685424805,0.0,2.140066146850586,0.0,1.7404661178588867,0.0176994800567626,1.5260562896728516,0.0,-0.3973802328109741,4.474189758300781,4.236964225769043,4.487724781036377,4.2381591796875,-0.2000000029802322,0.1000000014901161,-0.001194953918457,-0.0179677009582519,24.91857147216797,5.581577175189231,5.15,5.16,0.56,2.62,,0.0099999999999997,4.641694960670463,-1.611928367614745,9.648665487201578,4.520722791910472,4.534293168505194,8.456404221135472e-05,6.040332513967606e-05,,0.4194907368723148,5.934894195619588,1.2352785145888594,7.331247286207009,0.03183023872679045,0.10610079575596817,0.04185802536378452,-0.38551282376606133,-1.3334673121443013,-1.441960376001127,-0.3321966670195005,35.447234605943024,1.105470577022525,0.1274094153135541,0.11881
2001-03-01,4.473131164937229,4.239610871659983,2.7388046517672424,-0.1986901103492339,-0.1999999999999924,-7.74549405,0.92101857485302,3.299999999999998,4.300000000000003,3.5000000000000027,4.7,4.400000000000001,2.000000000000003,2.4,6.499999999999994,7.5,4.699999999999995,3.600000000000001,494.0,1.4586150646209717,-0.0674412250518798,1.667706847190857,0.0190482139587402,1.504077434539795,0.0,1.7404661178588867,0.0,1.686398983001709,0.0,1.0986123085021973,0.0,1.2237753868103027,0.0,2.0149030685424805,0.0,2.140066146850586,0.0,1.7404661178588867,0.0,1.5260562896728516,0.0,0.0,4.482473373413086,4.2300214767456055,4.474189758300781,4.236964225769043,0.4000000059604645,-0.3000000119209289,-0.0069427490234375,-0.001194953918457,23.41157913208008,5.567848197415368,4.88,5.1,0.32,2.88,,0.2199999999999997,4.649665425874643,-1.5069923400878906,9.655655130030798,4.514188026776101,4.537134422862484,2.415984151271644e-05,6.040332513967579e-05,,0.4915149362378725,6.248042874508429,0.9180232558139536,5.735848662121402,0.011627906976744186,0.09302325581395349,-1.264312315618949,-0.43471034534433894,-1.9165157095822818,-0.2617175580216605,-0.08277647853255786,56.17806313669481,1.2165814339226704,0.1111108569001453,0.11881
2001-04-01,4.468716928871948,4.226121466865697,2.743323952730095,-0.7326682560454049,-0.7999999999999925,-0.724132734,-1.30532438802447,3.299999999999998,4.300000000000003,3.6000000000000028,4.7,4.400000000000001,2.000000000000003,2.4,6.499999999999994,7.5,4.699999999999995,3.600000000000001,495.0,1.4586150646209717,0.0,1.667706847190857,0.0,1.5260562896728516,0.0219788551330566,1.7404661178588867,0.0,1.686398983001709,0.0,1.0986123085021973,0.0,1.2237753868103027,0.0,2.0149030685424805,0.0,2.140066146850586,0.0,1.7404661178588867,0.0,1.5260562896728516,0.0,-0.5339781641960144,4.47313117980957,4.23961067199707,4.482473373413086,4.2300214767456055,-0.6000000238418579,0.3000000119209289,0.0095891952514648,-0.0069427490234375,28.496818369085137,5.572268094113519,4.42,4.89,0.68,3.04,,0.4699999999999997,4.665888921022797,5.085239237005059,9.507005689892974,4.512135615020859,4.64434304895811,-7.248127570225193e-05,7.921637550867747e-05,,0.4597571423330393,6.927557906278317,1.2809617271835132,8.873936540790075,0.021589793915603533,0.09322865554465162,0.5496174943609153,-0.04644297747869947,-0.8337305456508066,-0.12070840808372857,0.2855251837931919,39.56030547917154,1.2535229412252835,0.0369415073026133,0.11881
2001-05-01,4.4685128842248965,4.215983203677955,2.782131315000374,-1.0159731341796872,-1.1999999999999926,3.779109827,-1.21832014171753,3.299999999999998,4.300000000000003,3.800000000000003,4.7,4.400000000000001,2.100000000000003,2.4,6.599999999999993,7.5,4.699999999999995,3.600000000000001,496.0,1.4586150646209717,0.0,1.667706847190857,0.0,1.5686159133911133,0.0425596237182617,1.7404661178588867,0.0,1.686398983001709,0.0,1.1314021348953247,0.0327898263931274,1.2237753868103027,0.0,2.0281481742858887,0.0132451057434082,2.140066146850586,0.0,1.7404661178588867,0.0,1.5260562896728516,0.0,-0.2833048701286316,4.468717098236084,4.226121425628662,4.47313117980957,4.23961067199707,0.2000000029802322,0.0,-0.0134892463684082,0.0095891952514648,28.13399991989136,5.562526082814175,3.87,5.14,0.48,2.73,,1.2699999999999996,4.673202596379919,-0.362818449193778,9.460557678170852,4.50853923434852,4.565501596249064,-3.624260802181922e-05,4.88214476379691e-05,,0.501498054082691,8.435983135990694,1.0760902581904968,9.077879270898903,0.018442178346712954,0.10522889997830331,-2.557937341029364,0.13638364655770632,-2.4503790020304517,0.7329497130964086,1.6691644109139712,45.28362367749711,1.282643548959049,0.0291206077337653,0.22325
2001-06-01,4.466076840052512,4.192785958326619,2.74288922355059,-1.0159731341796872,-1.1999999999999926,0.256647725,-1.42193952613598,3.299999999999998,4.300000000000003,3.800000000000003,4.7,4.400000000000001,2.100000000000003,2.4,6.599999999999993,7.5,4.699999999999995,3.600000000000001,497.0,1.4586150646209717,0.0,1.667706847190857,0.0,1.5686159133911133,0.0,1.7404661178588867,0.0,1.686398983001709,0.0,1.1314021348953247,0.0,1.2237753868103027,0.0,2.0281481742858887,0.0,2.140066146850586,0.0,1.7404661178588867,0.0,1.5260562896728516,0.0,0.0,4.468513011932373,4.2159833908081055,4.468717098236084,4.226121425628662,0.4000000059604645,0.0,-0.0101380348205566,-0.0134892463684082,22.944090929898348,5.607124720614766,3.62,5.39,0.44,2.65,,1.7699999999999996,4.671893818030999,-5.189908989993011,9.516486944210406,4.503751889562889,4.332756317161781,-4.832552071709628e-05,1.8451460324252684e-05,,0.5612122239014101,7.316548177182976,0.680718085106383,4.9805066647605925,0.025930851063829786,0.12234042553191489,-1.0854545595291298,0.050165980142888374,-2.061377554217426,1.056679410239171,0.009430828476223946,35.83905336879974,1.1481035085873512,-0.1345400403716978,0.22325
2001-07-01,4.459096697644691,4.2216544246420895,2.7020192744169207,-0.7326682560454051,-0.7999999999999926,-1.455994956,2.27049488496623,2.9999999999999982,4.300000000000003,3.800000000000003,4.7,4.400000000000001,2.100000000000003,2.4,6.599999999999993,7.8,4.699999999999995,3.700000000000001,498.0,1.3862943649291992,-0.0723206996917724,1.667706847190857,0.0,1.5686159133911133,0.0,1.7404661178588867,0.0,1.686398983001709,0.0,1.1314021348953247,0.0,1.2237753868103027,0.0,2.0281481742858887,0.0,2.1747517585754395,0.0346856117248535,1.7404661178588867,0.0,1.5475624799728394,0.0215061902999877,0.2833048701286316,4.466076850891113,4.192785739898682,4.468513011932373,4.2159833908081055,0.4000000059604645,-0.3000000119209289,-0.0231976509094238,-0.0101380348205566,20.94047619047619,5.599273448230355,3.49,5.28,0.27,2.65,,1.79,4.679163865896418,-2.003614739422158,9.492072959862307,4.498457645645551,4.252732289074527,-3.624567317661587e-05,6.97518841348377e-06,,0.5839095454353802,6.625392368007956,2.196547144754316,14.552986688824912,0.014608233731739707,0.0650730411686587,1.1618298497883988,-0.9088232457759479,-0.38656365739288395,0.5410111490760531,-0.04502501831226832,47.49133660708418,1.1063024279623157,-0.0418010806250357,0.22325
2001-08-01,4.464569406887761,4.224200057620184,2.739857616219795,-0.7326682560454051,-0.7999999999999926,1.362156072,-0.665344162434411,2.9999999999999982,4.300000000000003,3.800000000000003,4.7,4.400000000000001,2.100000000000003,2.4,6.599999999999993,7.8,4.699999999999995,3.700000000000001,499.0,1.3862943649291992,0.0,1.667706847190857,0.0,1.5686159133911133,0.0,1.7404661178588867,0.0,1.686398983001709,0.0,1.1314021348953247,0.0,1.2237753868103027,0.0,2.0281481742858887,0.0,2.1747517585754395,0.0,1.7404661178588867,0.0,1.5475624799728394,0.0,0.0,4.459096908569336,4.221654415130615,4.466076850891113,4.192785739898682,-0.4000000059604645,0.3000000119209289,0.0288686752319335,-0.0231976509094238,22.31619053795224,5.589231709580483,3.51,5.24,0.21,2.78,,1.7300000000000004,4.68213122712422,1.3757143474760518,9.4373226912381,4.4920328423740985,4.491325387037352,3.624567317661587e-05,4.574058166174556e-05,,0.5012813386658088,7.055312843339752,1.007944732297064,7.1113654151521235,0.016407599309153715,0.17184801381692574,-0.4467616317773356,0.6843201794942982,-1.0408831700150254,2.1665074089102516,-1.15199472476576,35.40467773647633,1.0443429485375246,-0.0619594794247908,0.13179
2001-09-01,4.457724030524275,4.217340412964666,2.676295465325176,-0.4812118250595968,-0.4999999999999926,-2.579780007,-0.396840689604577,3.1999999999999984,4.300000000000003,3.800000000000003,4.7,4.400000000000001,2.100000000000003,2.4,6.599999999999993,7.899999999999999,4.699999999999995,3.700000000000001,500.0,1.435084581375122,0.0487902164459228,1.667706847190857,0.0,1.5686159133911133,0.0,1.7404661178588867,0.0,1.686398983001709,0.0,1.1314021348953247,0.0,1.2237753868103027,0.0,2.0281481742858887,0.0,2.186051368713379,0.0112996101379394,1.7404661178588867,0.0,1.5475624799728394,0.0,0.2514564394950866,4.464569568634033,4.224200248718262,4.459096908569336,4.221654415130615,0.3000000119209289,0.2000000029802322,0.0025458335876464,0.0288686752319335,21.86173903423807,5.607234862881972,3.36,4.97,0.16,2.9,,1.61,4.664758977399749,-0.4544515037141714,9.366794099615106,4.490884402809008,4.364560705618168,-1.2081745087488828e-05,3.691077098464632e-05,,0.5058548626019657,6.450470422144176,1.5669303797468357,10.107438068116105,0.015822784810126583,0.1281645569620253,0.2082628368431765,0.7017741923008487,-1.171854575467298,0.18786516501167191,0.41127782649660194,33.34419500943439,1.3100292353069176,0.265686286769393,0.13179
2001-10-01,4.454439385036461,4.215825032423676,2.526178993336358,-0.3900353197707083,-0.3999999999999926,-6.443552254,1.438029968382,3.1999999999999984,4.400000000000003,3.900000000000003,4.7,4.500000000000001,2.100000000000003,2.4,6.599999999999993,7.899999999999999,4.699999999999995,3.800000000000001,501.0,1.435084581375122,0.0,1.686398983001709,0.018692135810852,1.5892351865768433,0.0206192731857299,1.7404661178588867,0.0,1.704748034477234,0.0183490514755249,1.1314021348953247,0.0,1.2237753868103027,0.0,2.0281481742858887,0.0,2.186051368713379,0.0,1.7404661178588867,0.0,1.5686159133911133,0.0210534334182739,0.0911765024065971,4.457724094390869,4.217340469360352,4.464569568634033,4.224200248718262,-0.2000000029802322,-0.2000000029802322,-0.0068597793579101,0.0025458335876464,35.065333429972334,5.646929896396724,2.64,4.73,0.24,3.42,,2.0900000000000003,4.668708206792079,13.203594395734264,9.19719687338501,4.485806526804244,5.062897734676554,-1.2081891057835747e-05,2.790189012754949e-05,,0.5670583149498505,6.950814768442584,1.3693192713326945,9.51788461389233,0.06327900287631831,0.14956855225311602,-0.26412058949699696,-0.8065103836645101,0.8820053538841993,-0.37269250313504665,0.24345565123150126,307.6768840432676,2.5783831428211594,1.2683539075142418,0.13179
2001-11-01,4.451744260129882,4.22098328028179,2.4052942094735887,-0.2956730475634154,-0.2999999999999926,-0.620674069,1.17864616445022,3.1999999999999984,4.400000000000003,3.900000000000003,4.7,4.500000000000001,2.100000000000003,2.6,6.599999999999993,7.899999999999999,4.999999999999995,3.800000000000001,502.0,1.435084581375122,0.0,1.686398983001709,0.0,1.5892351865768433,0.0,1.7404661178588867,0.0,1.704748034477234,0.0,1.1314021348953247,0.0,1.280933856964111,0.0571584701538085,2.0281481742858887,0.0,2.186051368713379,0.0,1.7917594909667969,0.0512933731079101,1.5686159133911133,0.0,0.094362273812294,4.454439163208008,4.215825080871582,4.457724094390869,4.217340469360352,-5.551115123125783e-17,0.0,-0.0015153884887695,-0.0068597793579101,32.721304603244945,5.645658889305693,2.16,4.57,0.19,3.38,,2.41,4.671425981765156,-2.3440288267273885,9.226244279345732,4.483061307349902,5.010043575065074,0.0,6.975441098677565e-06,,0.4960893675373294,6.697034247666484,1.2908529048207664,8.644886112284437,0.042027194066749075,0.11495673671199011,0.7079647579000437,-0.5085815585398895,-0.25469427422549756,0.7567461402495597,0.8103576486510038,357.80326028252205,2.6690684179255,0.0906852751043407,0.25156
2001-12-01,4.452517367140103,4.214978604842977,2.388421409332852,7.327471962526006e-15,7.382983113757291e-15,1.246604448,-0.874600486074567,3.1999999999999984,4.400000000000003,4.000000000000003,4.7,4.500000000000001,2.2000000000000037,2.6,6.599999999999993,7.899999999999999,4.999999999999995,3.800000000000001,503.0,1.435084581375122,0.0,1.686398983001709,0.0,1.6094379425048828,0.0202027559280395,1.7404661178588867,0.0,1.704748034477234,0.0,1.1631507873535156,0.0317486524581909,1.280933856964111,0.0,2.0281481742858887,0.0,2.186051368713379,0.0,1.7917594909667969,0.0,1.5686159133911133,0.0,0.2956730425357818,4.451744079589844,4.220983505249023,4.454439163208008,4.215825080871582,0.2000000029802322,0.0,0.0051584243774414,-0.0015153884887695,26.63095238095238,5.620980407895063,1.87,4.65,0.28,3.1,,2.78,4.676187673223372,-6.090352222292566,9.296767161461162,4.476995847264583,4.755312949409199,4.832668842347232e-05,3.196518260980389e-05,,0.5284175821407193,5.869296913133774,1.825779036827196,10.716039264914217,0.025495750708215296,0.09348441926345609,0.8513796357617457,-1.158133523684864,1.1072270987978043,0.8651069152074219,0.00683439259572575,195.3940685043665,1.9469928990715035,-0.7220755188539969,0.25156
2002-01-01,4.4630636171231615,4.2040530189902015,2.4041680832284538,7.327471962526006e-15,7.382983113757291e-15,-3.297421517,-0.955389650153611,3.1999999999999984,4.400000000000003,4.000000000000003,4.7,4.500000000000001,2.500000000000003,2.6,6.599999999999993,7.899999999999999,4.999999999999995,3.800000000000001,504.0,1.435084581375122,0.0,1.686398983001709,0.0,1.6094379425048828,0.0,1.7404661178588867,0.0,1.704748034477234,0.0,1.2527629137039185,0.0896121263504028,1.280933856964111,0.0,2.0281481742858887,0.0,2.186051368713379,0.0,1.7917594909667969,0.0,1.5686159133911133,0.0,0.0,4.452517509460449,4.214978694915772,4.451744079589844,4.220983505249023,-0.3000000119209289,0.0,-0.0060048103332519,0.0051584243774414,23.720000076293942,5.61985723971844,1.69,5.09,0.17,2.85,,3.4,4.672174414768565,-2.9109523046584336,9.351633544166363,4.476568337457183,4.6077849804315285,-7.249090846395134e-05,6.0810213446938464e-05,,0.5403835272212585,6.159095388491933,1.4944915254237288,9.204715862377562,0.01694915254237288,0.09533898305084745,-0.2922525724380638,-1.2191641962558077,0.8872502829610668,-0.9551328204399829,0.7570389407469859,163.48624779216945,1.659098501352888,-0.2878943977186152,0.25156
2002-02-01,4.460356530167919,4.2051178024434215,2.4554508384973874,0.1986901103492487,0.2000000000000074,-0.231587662,-0.80216038755993,3.2999999999999985,4.400000000000003,4.000000000000003,4.7,4.500000000000001,2.500000000000003,2.6,6.599999999999993,7.899999999999999,5.199999999999995,3.800000000000001,505.0,1.4586150646209717,0.0235304832458496,1.686398983001709,0.0,1.6094379425048828,0.0,1.7404661178588867,0.0,1.704748034477234,0.0,1.2527629137039185,0.0,1.280933856964111,0.0,2.0281481742858887,0.0,2.186051368713379,0.0,1.8245493173599243,0.0327898263931274,1.5686159133911133,0.0,0.198690116405487,4.463063716888428,4.204052925109863,4.452517509460449,4.214978694915772,0.2000000029802322,0.1000000014901161,-0.0109257698059082,-0.0060048103332519,22.252857208251957,5.640167970927469,1.65,5.04,0.15,2.85,,3.39,4.682501528924415,-1.467142868041993,9.315758345074208,4.483201402298353,4.59495880736992,-1.2082328989748705e-05,6.040879846483204e-05,,0.5619715238742433,6.317164686747284,1.3638336347197106,8.61556167584955,0.039783001808318265,0.1301989150090416,-0.9781132363889934,-0.5443164984668974,-0.18311596493248034,1.51655035027634,1.3112371512850665,123.42986643910812,1.231601817158612,-0.427496684194276,0.23448
2002-03-01,4.470050904764054,4.202074943428834,2.615984053450956,-0.2956730475634154,-0.2999999999999926,6.446885282,-0.784197805927985,2.8999999999999986,4.400000000000003,4.000000000000003,4.7,4.500000000000001,2.500000000000003,2.8000000000000003,6.599999999999993,7.899999999999999,5.199999999999995,3.800000000000001,506.0,1.3609765768051147,-0.0976384878158569,1.686398983001709,0.0,1.6094379425048828,0.0,1.7404661178588867,0.0,1.704748034477234,0.0,1.2527629137039185,0.0,1.3350011110305786,0.0540672540664672,2.0281481742858887,0.0,2.186051368713379,0.0,1.8245493173599243,0.0,1.5686159133911133,0.0,-0.4943631589412689,4.460356712341309,4.205117702484131,4.463063716888428,4.204052925109863,-0.699999988079071,-0.5,0.0010647773742675,-0.0109257698059082,22.87578984310753,5.688668836846153,1.72,4.91,0.14,2.98,,3.1900000000000004,4.688775769842889,0.622932634855573,9.276117372205352,4.483316626980963,4.389246933095209,0.0,3.883750544052335e-05,,0.5539624221124675,6.88653164253051,2.0388548057259714,14.040638134157298,0.011247443762781187,0.07259713701431493,1.6918528499643286,-0.5354580226603592,-0.7183569965374326,0.4334275094631455,1.2481449209982391,112.15319637414204,1.233565702088476,0.0019638849298639,0.23448
2002-04-01,4.477047681774283,4.19401561352506,2.6845374090744527,-0.1986901103492342,-0.1999999999999926,0.252225128,-0.391585526043185,2.8999999999999986,4.400000000000003,4.000000000000003,4.7,4.6000000000000005,2.500000000000003,2.8000000000000003,6.599999999999993,7.899999999999999,5.199999999999995,3.800000000000001,507.0,1.3609765768051147,0.0,1.686398983001709,0.0,1.6094379425048828,0.0,1.7404661178588867,0.0,1.722766637802124,0.0180186033248901,1.2527629137039185,0.0,1.3350011110305786,0.0,2.0281481742858887,0.0,2.186051368713379,0.0,1.8245493173599243,0.0,1.5686159133911133,0.0,0.0969829335808754,4.470050811767578,4.202075004577637,4.460356712341309,4.205117702484131,0.6000000238418579,0.4000000059604645,-0.0030426979064941,0.0010647773742675,18.98499994277954,5.683783828149511,1.79,5.28,0.27,2.81,,3.49,4.686381441412914,-3.890789900327984,9.308786447896416,4.490528959675886,4.308808650536386,0.0001087357058926,6.654125785034052e-05,,0.5493503378223257,6.068425588244111,0.2781902552204176,1.688176863179742,0.03944315545243619,0.1554524361948956,-1.4500339973032426,1.303572117494832,-2.117367364646952,-0.2756865625971294,0.9596166372188489,129.9303400623677,1.3779217169757587,0.1443560148872826,0.23448
2002-05-01,4.480834100927399,4.202593147364277,2.711572310591811,-0.2956730475634154,-0.2999999999999926,-1.102122516,0.176751380533255,2.8999999999999986,4.500000000000003,4.100000000000002,4.7,4.6000000000000005,2.500000000000003,2.8000000000000003,6.599999999999993,7.899999999999999,5.199999999999995,4.000000000000001,508.0,1.3609765768051147,0.0,1.704748034477234,0.0183490514755249,1.6292405128479004,0.0198025703430175,1.7404661178588867,0.0,1.722766637802124,0.0,1.2527629137039185,0.0,1.3350011110305786,0.0,2.0281481742858887,0.0,2.186051368713379,0.0,1.8245493173599243,0.0,1.6094379425048828,0.0408220291137695,-0.0969829335808754,4.477047443389893,4.194015502929688,4.470050811767578,4.202075004577637,-0.2000000029802322,0.0,-0.0080595016479492,-0.0030426979064941,19.900454607876863,5.7126761418263206,1.71,5.21,0.18,2.84,,3.5,4.684166192214589,0.9154546650973217,9.3088739872892,4.4953999618415645,4.368856813280805,-1.208116124162828e-05,6.654086913601804e-05,,0.5630672178993454,6.194405391104672,1.8398773006134967,11.396945869891356,0.0081799591002045,0.05521472392638037,2.3837406536129455,0.13401703394629483,0.3872272446613191,-0.2610367332841929,-1.2225485090708534,123.92932936972268,1.5167704020999326,0.1388486851241739,0.22597
2002-06-01,4.482788404792219,4.200294482878045,2.653900488596581,-0.0998340788992001,-0.0999999999999926,-2.659949171,-0.326121806409589,2.8999999999999986,4.500000000000003,4.100000000000002,4.7,4.6000000000000005,2.600000000000003,2.8000000000000003,6.599999999999993,7.999999999999999,5.199999999999995,4.000000000000001,509.0,1.3609765768051147,0.0,1.704748034477234,0.0,1.6292405128479004,0.0,1.7404661178588867,0.0,1.722766637802124,0.0,1.280933856964111,0.0281709432601928,1.3350011110305786,0.0,2.0281481742858887,0.0,2.1972246170043945,0.0111732482910156,1.8245493173599243,0.0,1.6094379425048828,0.0,0.1958389729261398,4.480834007263184,4.202593326568604,4.477047443389893,4.194015502929688,0.3000000119209289,0.0,0.008577823638916,-0.0080595016479492,20.08772711320357,5.750952279132591,1.73,5.16,0.19,2.98,,3.43,4.670021158307708,0.1872725053267068,9.365932869028113,4.499409590308925,4.351288959425779,-9.66545446510203e-05,0.0001032267145647,,0.5210270954961875,5.963579343618446,1.5693298969072165,9.35882335651874,0.01288659793814433,0.08505154639175258,2.273377002911444,0.7050197098532915,0.4162285015381762,-0.9061565682408841,-0.40210047884164846,155.46328379048907,1.4201353876444476,-0.096635014455485,0.22597
2002-07-01,4.486823491505914,4.207476050591724,2.705825506080099,-0.1986901103492342,-0.1999999999999926,5.919142536,-0.413091504197065,2.8999999999999986,4.500000000000003,4.100000000000002,4.7,4.6000000000000005,2.600000000000003,2.8000000000000003,6.599999999999993,7.999999999999999,5.199999999999995,4.000000000000001,510.0,1.3609765768051147,0.0,1.704748034477234,0.0,1.6292405128479004,0.0,1.7404661178588867,0.0,1.722766637802124,0.0,1.280933856964111,0.0,1.3350011110305786,0.0,2.0281481742858887,0.0,2.1972246170043945,0.0,1.8245493173599243,0.0,1.6094379425048828,0.0,-0.0988560318946838,4.482788562774658,4.200294494628906,4.480834007263184,4.202593326568604,-0.3000000119209289,0.0,-0.0022988319396972,0.008577823638916,25.270999908447266,5.772001713633345,1.7,4.93,0.19,3.13,,3.2299999999999995,4.658521361485086,5.183272795243695,9.30068117942259,4.507624609545373,4.484354249922921,7.249178429624692e-05,8.457316448871928e-05,,0.5275503431808839,5.424950017481403,1.930088495575221,10.470633617811451,0.022123893805309734,0.08849557522123894,1.1214472847196293,-0.1481751528846965,0.0013436026174650857,0.23496735399603522,-0.029929056779270567,177.94495333310735,1.2008715379218908,-0.2192638497225567,0.22597
2002-08-01,4.490254498058326,4.203419144904131,2.7551240799470524,-0.1986901103492342,-0.1999999999999926,-1.491713248,-0.369797403154649,3.0999999999999988,4.500000000000003,4.100000000000002,4.8,4.6000000000000005,2.600000000000003,2.7,6.599999999999993,7.999999999999999,5.199999999999995,4.000000000000001,511.0,1.4109870195388794,0.0500104427337646,1.704748034477234,0.0,1.6292405128479004,0.0,1.7578579187393188,0.0173918008804321,1.722766637802124,0.0,1.280933856964111,0.0,1.3083328008651731,-0.0266683101654052,2.0281481742858887,0.0,2.1972246170043945,0.0,1.8245493173599243,0.0,1.6094379425048828,0.0,0.0,4.486823558807373,4.207476139068604,4.482788562774658,4.200294494628906,0.1000000014901161,0.2000000029802322,0.0071816444396972,-0.0022988319396972,34.049544941295274,5.747129279159567,1.68,4.65,0.14,3.25,,2.9700000000000006,4.644967655862158,8.778545032848008,9.249792046218136,4.507302638905873,4.542389310965202,-4.8327272297310486e-05,8.712371500808703e-05,,0.5420686626402302,6.1903154058531475,1.4535934291581107,8.99820179836436,0.026694045174537988,0.10882956878850103,-1.1543657210241018,-0.7271332515003841,1.503203823589015,-1.0522832250020397,0.7799273941504783,110.26569492260548,1.2705079210509582,0.0696363831290673,0.17938
2002-09-01,4.4932192231854415,4.211612670636531,2.7979151723327456,-0.0998340788992001,-0.0999999999999926,7.853402714,-0.233880290909434,3.0999999999999988,4.500000000000003,4.100000000000002,4.8,4.6000000000000005,2.600000000000003,2.8000000000000003,6.599999999999993,7.999999999999999,5.199999999999995,4.000000000000001,512.0,1.4109870195388794,0.0,1.704748034477234,0.0,1.6292405128479004,0.0,1.7578579187393188,0.0,1.722766637802124,0.0,1.280933856964111,0.0,1.3350011110305786,0.0266683101654052,2.0281481742858887,0.0,2.1972246170043945,0.0,1.8245493173599243,0.0,1.6094379425048828,0.0,0.0988560318946838,4.4902544021606445,4.203419208526611,4.486823558807373,4.207476139068604,0.1000000014901161,-0.2000000029802322,-0.0040569305419921,0.0071816444396972,33.742727366360754,5.737410655636185,1.62,4.26,0.15,3.32,,2.64,4.656718447868668,-0.3068175749345201,9.221949632075608,4.50619148538231,4.589176150894346,1.2082037031291293e-05,6.040952831788773e-05,,0.5277162376995972,6.230481447578482,1.5216962524654831,9.480900269835894,0.01775147928994083,0.06903353057199212,0.6603318674173762,-1.7387821239575134,-0.4511852418133606,-1.8424345642999223,1.3085775989701978,139.539295870904,1.5204518058404466,0.2499438847894883,0.17938
2002-10-01,4.494310689723212,4.232310838625929,2.767678785333321,-0.0998340788992001,-0.0999999999999926,-7.573307598,2.17885675385414,3.0999999999999988,4.500000000000003,4.100000000000002,4.8,4.6000000000000005,2.600000000000003,2.8000000000000003,6.599999999999993,7.999999999999999,5.199999999999995,4.000000000000001,513.0,1.4109870195388794,0.0,1.704748034477234,0.0,1.6292405128479004,0.0,1.7578579187393188,0.0,1.722766637802124,0.0,1.280933856964111,0.0,1.3350011110305786,0.0,2.0281481742858887,0.0,2.1972246170043945,0.0,1.8245493173599243,0.0,1.6094379425048828,0.0,0.0,4.493219375610352,4.211612701416016,4.4902544021606445,4.203419208526611,-0.1000000014901161,0.0,0.0081934928894042,-0.0040569305419921,37.6475004196167,5.765629877982281,1.63,3.87,0.25,3.76,,2.24,4.661455996998683,3.904773053255944,9.16510024894734,4.507040134078909,4.734675190580546,7.248915686242086e-05,6.040821460414948e-05,,0.5484572054235541,6.0112671744041615,1.406142506142506,8.452698289708847,0.05405405405405406,0.11793611793611794,0.44814249755726276,-0.9789716679406614,-0.6500874566752484,1.525463586402632,1.2816902386931959,315.3179970345795,1.8502366760995843,0.3297848702591379,0.17938
2002-11-01,4.497813456999324,4.234199402063446,2.6723421359806343,-0.0998340788992001,-0.0999999999999926,0.711094654,0.14355458999971,2.9999999999999987,4.500000000000003,4.100000000000002,4.8,4.6000000000000005,2.600000000000003,2.8000000000000003,6.599999999999993,7.999999999999999,5.199999999999995,4.000000000000001,514.0,1.3862943649291992,-0.0246926546096801,1.704748034477234,0.0,1.6292405128479004,0.0,1.7578579187393188,0.0,1.722766637802124,0.0,1.280933856964111,0.0,1.3350011110305786,0.0,2.0281481742858887,0.0,2.1972246170043945,0.0,1.8245493173599243,0.0,1.6094379425048828,0.0,0.0,4.494310855865479,4.232310771942139,4.493219375610352,4.211612701416016,0.0,-0.1000000014901161,0.020698070526123,0.0081934928894042,35.243043484895125,5.757512797077169,1.58,3.94,0.27,3.82,,2.36,4.668614358544626,-2.4044569347215727,9.145240270959922,4.504955297741974,4.725651559188403,-3.624392159640166e-05,5.447828431267426e-05,,0.5480712130544809,6.499787040655854,1.730421686746988,11.247372454387916,0.015060240963855422,0.04216867469879518,2.8775682892749526,-0.8615734239696508,-0.37986365218547957,-0.10066965401175429,-0.3607930969669846,268.5235437864956,1.496576365012455,-0.3536603110871295,0.14136
2002-12-01,4.494404533305022,4.209945243083695,2.783937719418004,7.327471962526006e-15,7.41073868937292e-15,6.285716066,-3.44026425692754,2.5999999999999988,4.500000000000003,4.100000000000002,4.9,4.6000000000000005,2.600000000000003,2.8000000000000003,6.599999999999993,7.999999999999999,5.199999999999995,4.000000000000001,515.0,1.280933856964111,-0.1053605079650878,1.704748034477234,0.0,1.6292405128479004,0.0,1.7749522924423218,0.0170943737030029,1.722766637802124,0.0,1.280933856964111,0.0,1.3350011110305786,0.0,2.0281481742858887,0.0,2.1972246170043945,0.0,1.8245493173599243,0.0,1.6094379425048828,0.0,0.0998340770602226,4.4978132247924805,4.234199523925781,4.494310855865479,4.232310771942139,0.1000000014901161,-0.3000000119209289,0.0018887519836425,0.020698070526123,28.174999713897705,5.765410514449022,1.23,4.05,0.23,3.38,,2.82,4.65586330030361,-7.06804377099742,9.194861475298998,4.510541873659292,4.738617685468682,2.4162760354773383e-05,5.447826812913712e-05,,0.5195832913225904,5.996452088619021,1.4394014962593518,8.631302108605734,0.00997506234413965,0.06733167082294264,1.0393118960634744,0.6067190781295305,-1.5387767750713481,0.7315521110878767,0.7152887123871451,214.31068713931555,1.4368625844826868,-0.0597137805297682,0.14136
2003-01-01,4.505528508778726,4.215826960450159,2.892559942576717,0.1986901103492487,0.2000000000000074,0.251624512,0.412605597000306,2.5999999999999988,4.500000000000003,4.100000000000002,4.999999999999999,4.6000000000000005,2.600000000000003,2.8000000000000003,6.599999999999993,7.999999999999999,5.199999999999995,4.000000000000001,516.0,1.280933856964111,0.0,1.704748034477234,0.0,1.6292405128479004,0.0,1.7917594909667969,0.016807198524475,1.722766637802124,0.0,1.280933856964111,0.0,1.3350011110305786,0.0,2.0281481742858887,0.0,2.1972246170043945,0.0,1.8245493173599243,0.0,1.6094379425048828,0.0,0.198690116405487,4.494404315948486,4.209945201873779,4.4978132247924805,4.234199523925781,0.1000000014901161,0.4000000059604645,-0.0242543220520019,0.0018887519836425,28.21047628493536,5.804893976024612,1.19,4.03,0.18,3.48,,2.8400000000000003,4.646983688801502,0.0354765710376554,9.183706929693733,4.504965246368373,4.751815439579922,0.0003261401344341,0.0001941483564015,,0.5601424240270632,6.659293919683638,2.0400513478819,13.585301536792345,0.005134788189987163,0.05263157894736842,0.8403963676957261,-0.25730807198566924,-0.27344475841454263,0.1265049974364063,0.026413144678621686,213.2282173709163,1.557271843246328,0.1204092587636411,0.14136
2003-02-01,4.505278908963055,4.239427563420684,2.972311999345892,0.4812118250596101,0.5000000000000074,1.777587806,1.60970391200198,2.5999999999999988,4.500000000000003,4.200000000000002,5.099999999999999,4.6000000000000005,2.600000000000003,2.8000000000000003,6.599999999999993,7.999999999999999,5.199999999999995,4.000000000000001,517.0,1.280933856964111,0.0,1.704748034477234,0.0,1.6486586332321167,0.0194181203842163,1.808288812637329,0.0165293216705322,1.722766637802124,0.0,1.280933856964111,0.0,1.3350011110305786,0.0,2.0281481742858887,0.0,2.1972246170043945,0.0,1.8245493173599243,0.0,1.6094379425048828,0.0,0.2825217247009277,4.505528450012207,4.215826988220215,4.494404315948486,4.209945201873779,0.1000000014901161,0.0,0.0058817863464355,-0.0242543220520019,27.424285707019624,5.877340745779999,1.17,4.05,0.19,3.16,,2.88,4.633757642840004,-0.7861905779157361,9.166859289657957,4.513450652092272,4.727440552720108,-0.0003865481300548,0.0003577239001223,,0.547333539128847,6.726233402358747,1.7038415366146458,11.460435855903684,0.008403361344537815,0.08403361344537816,0.390039044542568,-0.7813403367803196,0.6049945470643412,-0.004790330447393341,-0.596449211100626,328.5568827262321,2.2369146693778115,0.6796428261314835,0.27833
2003-03-01,4.505803780813189,4.246831836592796,2.9038149177955064,0.4812118250596101,0.5000000000000074,-6.523815093,1.60453373272078,2.5999999999999988,4.500000000000003,4.200000000000002,5.199999999999998,4.6000000000000005,2.600000000000003,2.8000000000000003,6.599999999999993,7.999999999999999,5.199999999999995,4.1000000000000005,518.0,1.280933856964111,0.0,1.704748034477234,0.0,1.6486586332321167,0.0,1.8245493173599243,0.0162605047225952,1.722766637802124,0.0,1.280933856964111,0.0,1.3350011110305786,0.0,2.0281481742858887,0.0,2.1972246170043945,0.0,1.8245493173599243,0.0,1.6292405128479004,0.0198025703430175,0.0,4.505279064178467,4.23942756652832,4.505528450012207,4.215826988220215,-0.3000000119209289,0.0,0.0236005783081054,0.0058817863464355,32.218421032554225,5.883238819536881,1.17,3.9,0.16,3.21,,2.73,4.636959508477498,4.794135325534601,9.13060342895538,4.514638073020199,4.808971316974648,8.45701721510217e-05,0.000362453000104,,0.5172319786148298,6.492239835020471,1.1541729893778452,7.493167858143505,0.01669195751138088,0.06676783004552352,0.05555239034356305,-0.2226444432336622,-2.26099950976589,0.49571172676454206,1.1530999594493188,520.048014165973,2.69677814737445,0.4598634779966386,0.27833
2003-04-01,4.502859680982016,4.23134888402428,2.735685191340512,0.568824898732254,0.6000000000000074,-5.428395279,0.311796964555817,2.4999999999999987,4.500000000000003,4.200000000000002,5.199999999999998,4.6000000000000005,2.7000000000000037,2.8000000000000003,6.599999999999993,7.999999999999999,5.2999999999999945,4.1000000000000005,519.0,1.2527629137039185,-0.0281709432601928,1.704748034477234,0.0,1.6486586332321167,0.0,1.8245493173599243,0.0,1.722766637802124,0.0,1.3083328008651731,0.027398943901062,1.3350011110305786,0.0,2.0281481742858887,0.0,2.1972246170043945,0.0,1.8405495882034304,0.0160002708435058,1.6292405128479004,0.0,0.0876130759716034,4.50580358505249,4.246831893920898,4.505279064178467,4.23942756652832,0.1000000014901161,-0.1000000014901161,0.0074043273925781,0.0236005783081054,30.634285699753534,5.830561957687327,1.13,3.81,0.16,3.04,,2.68,4.635602393108293,-1.5841353328006915,9.103579087339629,4.512006101672571,5.043022502332483,-1.2081015288600838e-05,0.0002488371377573,,0.5175896156187365,6.419994928147142,0.8566068515497554,5.499411642365521,0.03425774877650897,0.09951060358890701,-0.5294051877997092,-1.2524547488088518,-1.2878638829941056,-1.516919442239418,-0.5466861539257674,545.2631586245295,3.6199273837868295,0.9231492364123794,0.27833
2003-05-01,4.501279922313264,4.230808000660868,2.733422682277514,0.3900353197707222,0.4000000000000074,7.337749094,-0.0942548358253674,2.4999999999999987,4.500000000000003,4.200000000000002,5.099999999999999,4.6000000000000005,2.800000000000004,2.8000000000000003,6.599999999999993,7.999999999999999,5.2999999999999945,4.1000000000000005,520.0,1.2527629137039185,0.0,1.704748034477234,0.0,1.6486586332321167,0.0,1.808288812637329,-0.0162605047225952,1.722766637802124,0.0,1.3350011110305786,0.0266683101654052,1.3350011110305786,0.0,2.0281481742858887,0.0,2.1972246170043945,0.0,1.8405495882034304,0.0,1.6292405128479004,0.0,-0.1787895858287811,4.502859592437744,4.231348991394043,4.50580358505249,4.246831893920898,-0.3000000119209289,0.1000000014901161,-0.0154829025268554,0.0074043273925781,23.99190475827172,5.793562238347004,1.13,3.96,0.2,2.76,,2.83,4.62575681959648,-6.642380941481818,9.063635850573949,4.506031386363485,4.8669841590730485,-3.624392159640166e-05,6.392879285833868e-05,,0.4858960614640626,7.2682230211595655,2.748918353105373,19.979751657328514,0.013258897418004187,0.050942079553384506,2.4509892449604367,0.23128958276975387,0.5089569442981947,-1.4346001072937369,-1.3549254444780692,257.414184528694,2.550402920530339,-1.0695244632564904,0.25719
2003-06-01,4.505891582395806,4.219171982446081,2.820051642587098,0.2956730475634296,0.3000000000000073,0.076680354,-0.594405782285502,2.4999999999999987,4.500000000000003,4.200000000000002,5.099999999999999,4.6000000000000005,3.4000000000000035,2.8000000000000003,6.599999999999993,7.999999999999999,5.2999999999999945,4.1000000000000005,521.0,1.2527629137039185,0.0,1.704748034477234,0.0,1.6486586332321167,0.0,1.808288812637329,0.0,1.722766637802124,0.0,1.4816045761108398,0.1466034650802612,1.3350011110305786,0.0,2.0281481742858887,0.0,2.1972246170043945,0.0,1.8405495882034304,0.0,1.6292405128479004,0.0,-0.094362273812294,4.501279830932617,4.230807781219482,4.502859592437744,4.231348991394043,0.1000000014901161,0.0,-0.0005412101745605,-0.0154829025268554,20.23952375139509,5.874039884728224,1.07,3.57,0.19,2.85,,2.5,4.589447225522855,-3.752381006876625,9.12287167224863,4.505758606932676,4.618564305929287,-3.6245235266019193e-05,1.3950839791340802e-05,,0.5191868013852683,6.331501849893691,2.033511586452762,12.875182371405918,0.0213903743315508,0.08912655971479501,0.3963093652870181,-0.1860196472325214,0.2676865584231649,0.5152970031043437,-0.3792250963793456,142.26643569548418,1.544539828194359,-1.00586309233598,0.25719
2003-07-01,4.513266826376072,4.228347888078503,2.818081338404455,0.4812118250596101,0.5000000000000073,-2.122795335,0.119527646403152,2.2999999999999985,4.500000000000003,4.400000000000002,4.999999999999999,4.6000000000000005,3.300000000000004,2.8000000000000003,6.599999999999993,7.999999999999999,5.2999999999999945,4.2,522.0,1.193922519683838,-0.0588403940200805,1.704748034477234,0.0,1.686398983001709,0.0377403497695922,1.7917594909667969,-0.0165293216705322,1.722766637802124,0.0,1.4586150646209717,-0.0229895114898681,1.3350011110305786,0.0,2.0281481742858887,0.0,2.1972246170043945,0.0,1.8405495882034304,0.0,1.6486586332321167,0.0194181203842163,0.1855387836694717,4.505891799926758,4.21917200088501,4.501279830932617,4.230807781219482,0.3000000119209289,-0.2000000029802322,-0.0116357803344726,-0.0005412101745605,20.362380799793065,5.87591900639179,0.92,3.33,0.23,2.81,,2.41,4.589244035437832,0.1228570483979716,9.184674811225216,4.507035721644227,4.408702092687281,9.66510414905919e-05,7.672732195530332e-05,,0.4996774125150431,6.650279048587422,2.774352331606218,18.450217184280497,0.015544041450777202,0.05181347150259067,2.541229248708097,0.39684633031541316,0.09692787555910742,-0.7330318905315575,-1.760345670808632,104.47336355588888,1.4187068962405156,-0.1258329319538433,0.25719
2003-08-01,4.511974818391205,4.234959814653193,2.8403613373215038,0.4812118250596101,0.5000000000000073,1.255203288,0.273422922406137,2.3999999999999986,4.600000000000002,4.400000000000002,4.999999999999999,4.6000000000000005,3.300000000000004,2.8000000000000003,6.599999999999993,7.999999999999999,5.2999999999999945,4.2,523.0,1.2237753868103027,0.0298528671264648,1.722766637802124,0.0180186033248901,1.686398983001709,0.0,1.7917594909667969,0.0,1.722766637802124,0.0,1.4586150646209717,0.0,1.3350011110305786,0.0,2.0281481742858887,0.0,2.1972246170043945,0.0,1.8405495882034304,0.0,1.6486586332321167,0.0,0.0,4.5132670402526855,4.2283477783203125,4.505891799926758,4.21917200088501,-0.2000000029802322,0.3000000119209289,0.0091757774353027,-0.0116357803344726,19.16136360168457,5.860843201899544,0.9,3.98,0.17,2.58,,3.08,4.600157644164547,-1.2010171981084916,9.209702441268924,4.512160857194826,4.407288050952564,-2.416188462817104e-05,7.348831071559504e-05,,0.5264996819692107,6.859614903654202,2.9971638655462187,20.55938992079468,0.0010504201680672268,0.06932773109243698,3.2070482849494204,0.7806400067816236,0.462274737043253,-0.9101031424983902,-1.61622604448,85.80819115979126,1.3844606470664045,-0.0342462491741111,0.34455
2003-09-01,4.521417529958712,4.2436369887548455,2.7267823517221155,0.4812118250596101,0.5000000000000073,-4.536047737,1.8052306441845,2.1999999999999984,4.600000000000002,4.400000000000002,4.999999999999999,4.7,3.300000000000004,2.8000000000000003,6.599999999999993,7.999999999999999,5.2999999999999945,4.2,524.0,1.1631507873535156,-0.0606245994567871,1.722766637802124,0.0,1.686398983001709,0.0,1.7917594909667969,0.0,1.7404661178588867,0.0176994800567626,1.4586150646209717,0.0,1.3350011110305786,0.0,2.0281481742858887,0.0,2.1972246170043945,0.0,1.8405495882034304,0.0,1.6486586332321167,0.0,0.0,4.511974811553955,4.234959602355957,4.5132670402526855,4.2283477783203125,0.0,-0.3000000119209289,0.0066118240356445,0.0091757774353027,19.27428572518485,5.885459379262133,0.95,4.45,0.18,2.46,,3.5,4.613634264400221,0.1129221235002795,9.250241622741974,4.509976699374851,4.261099447552687,-2.4162468438948537e-05,6.975154396668553e-05,,0.557098911219291,7.083387847625295,3.02913518052057,21.456539326513663,0.006717044500419815,0.06717044500419815,4.087033125019568,1.0280401202720029,0.48594739789619423,-1.2074610428147667,-1.694110521145973,96.15479637681116,1.5878256818627072,0.2033650347963027,0.34455
2003-10-01,4.530474225618559,4.257363156417603,2.797492369295502,0.7326682560454165,0.8000000000000074,4.576575681,0.60416590413127,2.1999999999999984,4.700000000000002,4.500000000000002,4.999999999999999,4.7,3.4000000000000035,2.8000000000000003,6.599999999999993,7.999999999999999,5.399999999999994,4.2,525.0,1.1631507873535156,0.0,1.7404661178588867,0.0176994800567626,1.704748034477234,0.0183490514755249,1.7917594909667969,0.0,1.7404661178588867,0.0,1.4816045761108398,0.0229895114898681,1.3350011110305786,0.0,2.0281481742858887,0.0,2.1972246170043945,0.0,1.8562979698181152,0.015748381614685,1.6486586332321167,0.0,0.2514564394950866,4.521417617797852,4.2436370849609375,4.511974811553955,4.234959602355957,0.3000000119209289,0.2000000029802322,0.0086774826049804,0.0066118240356445,19.53238096691313,5.937391075818175,0.94,4.27,0.23,2.57,,3.33,4.602667055769973,0.2580952417282809,9.311967914465756,4.51640345107699,4.3292014329098985,-1.2081453157453126e-05,6.97480908111749e-06,,0.5732041418147467,6.710523109452428,2.406951219512196,16.151901781861294,0.026829268292682926,0.06097560975609756,1.9139541780227902,-0.39085514095698354,0.3771615786425976,-0.9879439317903571,-0.9054328453779817,88.97536144904002,1.2838270529364866,-0.3039986289262206,0.34455
2003-11-01,4.533773642279983,4.260715470034532,2.821700584980429,0.7326682560454165,0.8000000000000074,0.077469287,-0.182672879227831,2.1999999999999984,4.700000000000002,4.500000000000002,4.999999999999999,4.7,3.500000000000004,2.8000000000000003,6.699999999999993,7.999999999999999,5.399999999999994,4.3,526.0,1.1631507873535156,0.0,1.7404661178588867,0.0,1.704748034477234,0.0,1.7917594909667969,0.0,1.7404661178588867,0.0,1.504077434539795,0.022472858428955,1.3350011110305786,0.0,2.041220426559448,0.0130722522735595,2.1972246170043945,0.0,1.8562979698181152,0.0,1.667706847190857,0.0190482139587402,0.0,4.530474185943604,4.257363319396973,4.521417617797852,4.2436370849609375,-0.3000000119209289,0.0,0.0137262344360351,0.0086774826049804,18.0234783006751,5.937325101007334,0.92,4.29,0.23,2.36,,3.37,4.57944203741536,-1.5089026662380292,9.386445297009766,4.517634307835408,4.355948311160698,-6.0409455306498216e-05,2.5150847547505118e-05,,0.5905463519179719,7.098375638590786,2.256741108354012,16.019196106146488,0.009098428453267164,0.07444168734491315,2.676527998703174,0.5453748057271006,0.012102614705744018,-0.47754251133907516,-0.7221787702581028,74.79797431611802,1.26830315504972,-0.0155238978867664,0.23886
2003-12-01,4.541108884296538,4.278432892983084,2.85252775462423,1.0784510589549017,1.3000000000000074,3.560573999,1.75272618570204,1.9999999999999984,4.700000000000002,4.500000000000002,5.699999999999999,4.9,3.500000000000004,2.8000000000000003,6.699999999999993,7.999999999999999,5.399999999999994,4.3,527.0,1.0986123085021973,-0.0645384788513183,1.7404661178588867,0.0,1.704748034477234,0.0,1.9021074771881104,0.1103479862213134,1.7749522924423218,0.034486174583435,1.504077434539795,0.0,1.3350011110305786,0.0,2.041220426559448,0.0,2.1972246170043945,0.0,1.8562979698181152,0.0,1.667706847190857,0.0,0.3457828164100647,4.533773422241211,4.260715484619141,4.530474185943604,4.257363319396973,0.5,-0.2000000029802322,0.0033521652221679,0.0137262344360351,17.401052575362357,5.965915943261607,0.93,4.3,0.26,2.33,,3.37,4.572233685741827,-0.6224257253127448,9.401430125534484,4.524316899884605,4.315799481666359,4.83278561858036e-05,5.448039918605938e-05,,0.5370241350041707,6.975413927455952,2.7072965388213284,18.884513982647587,0.011225444340505144,0.07390084190832553,2.7194229073020235,0.7141452310430689,0.648614324741163,-1.0299567247341084,-1.6416141369650046,77.1474803514895,1.4498964486831436,0.1815932936334234,0.23886
2004-01-01,4.539492135833879,4.275390799507351,2.912082244267066,1.0784510589549017,1.3000000000000074,0.785198731,-0.343063247110879,1.7999999999999985,4.700000000000002,4.500000000000002,5.699999999999999,4.9,3.500000000000004,2.8000000000000003,6.699999999999993,7.999999999999999,5.399999999999994,4.3,528.0,1.0296194553375244,-0.0689928531646728,1.7404661178588867,0.0,1.704748034477234,0.0,1.9021074771881104,0.0,1.7749522924423218,0.0,1.504077434539795,0.0,1.3350011110305786,0.0,2.041220426559448,0.0,2.1972246170043945,0.0,1.8562979698181152,0.0,1.667706847190857,0.0,0.0,4.541109085083008,4.278432846069336,4.533773422241211,4.260715484619141,-0.5,0.0,0.0177173614501953,0.0033521652221679,16.826363650235262,6.00869769965889,0.9,4.27,0.22,2.34,,3.37,4.554928969551344,-0.574688925127095,9.425927943879149,4.524612845914015,4.241138209905609,-3.624567317661587e-05,5.709695432832643e-05,,0.5422203033580182,6.932447891572509,2.0908203125,14.494502867047599,0.025390625,0.0859375,1.0588827188784062,0.0023984572923236506,0.5910952012707401,-1.8629208176519523,0.4859674610093552,120.2337670972092,1.3728096032725052,-0.0770868454106383,0.23886
2004-02-01,4.552454090425138,4.275049275052733,2.923558896253373,1.137982046293372,1.4000000000000077,-1.845167408,-0.420237258847375,1.3999999999999986,4.700000000000002,4.500000000000002,5.799999999999999,4.9,3.500000000000004,2.8000000000000003,6.699999999999993,7.799999999999999,5.399999999999994,4.1,529.0,0.8754687309265137,-0.1541507244110107,1.7404661178588867,0.0,1.704748034477234,0.0,1.9169225692749023,0.0148150920867919,1.7749522924423218,0.0,1.504077434539795,0.0,1.3350011110305786,0.0,2.041220426559448,0.0,2.1747517585754395,-0.022472858428955,1.8562979698181152,0.0,1.6292405128479004,-0.0384663343429565,0.0595309883356094,4.539492130279541,4.275390625,4.541109085083008,4.278432846069336,0.1000000014901161,-0.2000000029802322,-0.0030422210693359,0.0177173614501953,16.100999975204466,6.025353765374274,0.88,4.15,0.23,2.19,,3.2700000000000005,4.54052499249456,-0.7253636750307955,9.497480784598867,4.526133472133049,4.335945622972183,1.2082037031291293e-05,4.2430352469556585e-05,,0.5309271179079382,6.579251212010101,1.849652294853964,12.169327102715208,0.0027816411682892906,0.1404728789986092,1.5445386575642754,1.5507365746864297,-0.5421481740718916,-1.9429351898852525,-0.5996640708729847,92.57396158065067,1.2522645983251337,-0.1205450049473717,0.12058
2004-03-01,4.552218464538704,4.274058913734028,2.977937250195534,1.015973134179697,1.2000000000000075,1.317874979,-0.0895160207343291,1.1999999999999986,4.700000000000002,4.600000000000001,5.799999999999999,5.0,3.500000000000004,2.8000000000000003,6.699999999999993,7.799999999999999,5.2999999999999945,4.1,530.0,0.7884573340415955,-0.0870113968849182,1.7404661178588867,0.0,1.722766637802124,0.0180186033248901,1.9169225692749023,0.0,1.7917594909667969,0.016807198524475,1.504077434539795,0.0,1.3350011110305786,0.0,2.041220426559448,0.0,2.1747517585754395,0.0,1.8405495882034304,-0.015748381614685,1.6292405128479004,0.0,-0.1220089122653007,4.552453994750977,4.275049209594727,4.539492130279541,4.275390625,-0.3000000119209289,0.2000000029802322,-0.0003414154052734,-0.0030422210693359,15.998421167072497,6.003585787158392,0.93,4.08,0.18,2.21,,3.15,4.547541073151455,-0.1025788081319696,9.516032473332215,4.5321477782422095,4.371312876026358,1.2081891057835747e-05,2.790197440447392e-05,,0.5058533428898029,7.173958319756794,2.618941717791411,18.788178725307844,0.0,0.08052147239263803,3.5254742500721497,1.3464603991477024,0.11224804763375698,-1.174309858134221,-2.1086176899282125,82.68331862560942,1.3027951723586926,0.050530574033559,0.12058
2004-04-01,4.558725957957436,4.273619693062451,2.9744290545509604,1.015973134179697,1.2000000000000075,-1.813086872,0.393481214442429,1.1999999999999986,4.700000000000002,4.600000000000001,5.799999999999999,5.0,3.500000000000004,2.8000000000000003,6.699999999999993,7.799999999999999,5.099999999999994,3.9,531.0,0.7884573340415955,0.0,1.7404661178588867,0.0,1.722766637802124,0.0,1.9169225692749023,0.0,1.7917594909667969,0.0,1.504077434539795,0.0,1.3350011110305786,0.0,2.041220426559448,0.0,2.1747517585754395,0.0,1.808288812637329,-0.032260775566101,1.5892351865768433,-0.0400053262710571,0.0,4.552218437194824,4.274058818817139,4.552453994750977,4.275049209594727,0.2000000029802322,0.2000000029802322,-0.0009903907775878,-0.0003414154052734,17.687391198199727,6.007994668730988,0.94,3.83,0.18,2.29,,2.89,4.560695695886262,1.68897003112723,9.473231119900513,4.528139022393441,4.313123119864146,1.2081745087488828e-05,1.5986597105363492e-09,,0.5376105513538096,6.693323668269949,1.436104218362283,9.612310354866583,0.022332506203473945,0.11538461538461539,-1.0575906024905448,1.3568519440181581,-2.012653441782671,-0.307041173274804,-0.30504986765218073,129.54968029787508,1.5528435238906022,0.2500483515319096,0.12058
2004-05-01,4.56205723589865,4.268521444846332,3.063520026687174,0.7326682560454167,0.8000000000000075,3.962175072,-1.01915705992761,1.0999999999999983,4.700000000000002,4.600000000000001,5.899999999999999,5.3,3.500000000000004,2.8000000000000003,6.699999999999993,7.799999999999999,5.099999999999994,4.6,532.0,0.7419373393058777,-0.0465199947357177,1.7404661178588867,0.0,1.722766637802124,0.0,1.9315214157104488,0.0145988464355468,1.8405495882034304,0.0487900972366333,1.504077434539795,0.0,1.3350011110305786,0.0,2.041220426559448,0.0,2.1747517585754395,0.0,1.808288812637329,0.0,1.722766637802124,0.1335314512252807,-0.2833048701286316,4.558725833892822,4.273619651794434,4.552218437194824,4.274058818817139,-0.4000000059604645,-0.1000000014901161,-0.000439167022705,-0.0009903907775878,15.6985715230306,5.99958151520993,0.94,4.35,0.22,2.05,,3.41,4.567987394860375,-1.9888196751691272,9.430483468529944,4.531846521569248,4.373346269577723,1.208159912069462e-05,1.598659408907659e-09,,0.5398264130389254,7.1049654482698426,1.7829087921117504,12.667505365370506,0.010682004930156122,0.06409202958093672,0.5124004002588248,-0.41840677335718846,-0.31833579758271746,-1.1395077170532522,0.48399219456698894,154.7734705116788,1.5869934269157069,0.0341499030251044,0.16122
2004-06-01,4.561293008311736,4.290095296757226,3.002064748540911,0.6526665660823618,0.7000000000000075,-1.717692059,2.89638452039464,0.9999999999999986,4.700000000000002,4.600000000000001,5.899999999999999,5.3,3.500000000000004,2.8000000000000003,6.699999999999993,7.799999999999999,5.099999999999994,4.699999999999999,533.0,0.6931471824645996,-0.048790156841278,1.7404661178588867,0.0,1.722766637802124,0.0,1.9315214157104488,0.0,1.8405495882034304,0.0,1.504077434539795,0.0,1.3350011110305786,0.0,2.041220426559448,0.0,2.1747517585754395,0.0,1.808288812637329,0.0,1.7404661178588867,0.0176994800567626,-0.0800016894936561,4.562057018280029,4.268521308898926,4.558725833892822,4.273619651794434,0.3000000119209289,1.1102230246251563e-16,-0.0050983428955078,-0.000439167022705,17.704999876022338,5.950066866078709,1.02,4.72,0.25,2.03,,3.7,4.587413464398832,2.0064283529917386,9.36390076333176,4.539044272275985,4.546006045705359,-2.416334420818345e-05,2.092606998537361e-05,,0.5626224571247058,6.523562306149512,1.6505882352941177,10.767715194738548,0.01911764705882353,0.08676470588235294,-0.19620230211639136,-0.416935662341062,-0.6901161532810022,-0.7289242917921899,-0.15146988616781723,101.5494260313323,1.40123164636754,-0.1857617805481666,0.16122
2004-07-01,4.568147112255367,4.297487285881707,3.0688765723372784,0.5688248987322541,0.6000000000000075,7.305078212,-0.0442083727614412,0.6999999999999986,4.700000000000002,4.500000000000002,5.899999999999999,5.3,3.500000000000004,2.8000000000000003,6.699999999999993,7.799999999999999,5.099999999999994,4.499999999999999,534.0,0.5306282639503479,-0.1625189185142517,1.7404661178588867,0.0,1.704748034477234,-0.0180186033248901,1.9315214157104488,0.0,1.8405495882034304,0.0,1.504077434539795,0.0,1.3350011110305786,0.0,2.041220426559448,0.0,2.1747517585754395,0.0,1.808288812637329,0.0,1.704748034477234,-0.0357180833816528,-0.0838416665792465,4.561293125152588,4.290095329284668,4.562057018280029,4.268521308898926,0.0,-0.2000000029802322,0.0215740203857421,-0.0050983428955078,15.35714290255592,5.972212917984425,1.27,4.73,0.3,2.09,,3.4600000000000004,4.580570069119859,-2.3478569734664188,9.404334569403904,4.531211433469797,4.35236476168198,-3.624611109831477e-05,2.515040345224117e-05,,0.5585163499417196,6.778784897685177,2.121640091116173,14.382141807981716,0.009111617312072893,0.09111617312072894,1.9956588573566607,0.6606133067793052,-0.18374014029185248,-0.7722217749818007,-1.024756783963335,101.57394767423564,1.331495585212816,-0.0697360611547239,0.16122
2004-08-01,4.568674133573231,4.283371241765307,3.1676937961274967,0.5688248987322541,0.6000000000000075,4.030436475,-2.15590530332352,0.6999999999999986,4.700000000000002,4.500000000000002,5.899999999999999,5.3,3.500000000000004,2.8000000000000003,6.699999999999993,7.799999999999999,5.099999999999994,4.499999999999999,535.0,0.5306282639503479,0.0,1.7404661178588867,0.0,1.704748034477234,0.0,1.9315214157104488,0.0,1.8405495882034304,0.0,1.504077434539795,0.0,1.3350011110305786,0.0,2.041220426559448,0.0,2.1747517585754395,0.0,1.808288812637329,0.0,1.704748034477234,0.0,0.0,4.5681471824646,4.297487258911133,4.561293125152588,4.290095329284668,0.1000000014901161,0.3000000119209289,0.0073919296264648,0.0215740203857421,15.502380916050502,5.9866806223656415,1.33,4.5,0.28,2.1,,3.17,4.571199666416938,0.1452380134945823,9.409662665246074,4.538655313153464,4.268268006714781,3.624611109831477e-05,3.883816387774527e-05,,0.5745180444454894,6.075346031088684,1.3672811059907837,8.306705840663653,0.055299539170506916,0.15668202764976957,0.48820301770254526,1.2372842823603722,-0.5354557815092938,-0.05923214842121319,-1.7226565362697535,108.01539019099788,1.1665110089742576,-0.1649845762385584,0.09975
2004-09-01,4.572699988746068,4.291996096821159,3.18675314861396,0.5688248987322541,0.6000000000000075,-0.736103377,0.365002485671221,0.6999999999999986,4.700000000000002,4.500000000000002,6.099999999999999,5.3,3.500000000000004,2.8000000000000003,6.699999999999993,7.899999999999999,5.099999999999994,4.499999999999999,536.0,0.5306282639503479,0.0,1.7404661178588867,0.0,1.704748034477234,0.0,1.9600948095321653,0.0285733938217163,1.8405495882034304,0.0,1.504077434539795,0.0,1.3350011110305786,0.0,2.041220426559448,0.0,2.186051368713379,0.0112996101379394,1.808288812637329,0.0,1.704748034477234,0.0,0.0,4.568674087524414,4.283371448516846,4.5681471824646,4.297487258911133,0.0,0.0,-0.0141158103942871,0.0073919296264648,16.684090744365346,5.992738734985712,1.48,4.28,0.23,2.19,,2.8000000000000003,4.571923592194456,1.181709828314844,9.43159614255306,4.539326279872832,4.210495197348539,-3.624611109831477e-05,4.185340402967113e-05,,0.5875371653526562,5.720311776607412,0.6845394736842105,3.915779212868429,0.013157894736842105,0.19407894736842105,-0.22510283788947671,2.366583195109304,-2.4408280325505136,1.790332498444752,-2.5973932501429813,143.30411404163155,1.5936547297458452,0.4271437207715876,0.09975
2004-10-01,4.577191404855523,4.300359603111778,3.326686167436757,0.4812118250596102,0.5000000000000075,2.319436499,-0.462304926422974,0.7999999999999986,4.800000000000002,4.500000000000002,6.099999999999999,5.3,3.600000000000004,2.8000000000000003,6.599999999999993,7.999999999999998,5.099999999999994,4.499999999999999,537.0,0.5877866744995117,0.0571584105491638,1.7578579187393188,0.0173918008804321,1.704748034477234,0.0,1.9600948095321653,0.0,1.8405495882034304,0.0,1.5260562896728516,0.0219788551330566,1.3350011110305786,0.0,2.0281481742858887,-0.0130722522735595,2.1972246170043945,0.0111732482910156,1.808288812637329,0.0,1.704748034477234,0.0,-0.0876130759716034,4.572700023651123,4.291996002197266,4.568674087524414,4.283371448516846,-0.1000000014901161,0.1000000014901161,0.0086245536804199,-0.0141158103942871,14.08095241728283,6.004565849027637,1.65,4.13,0.34,2.11,,2.48,4.56611745872439,-2.6031383270825152,9.48092137249983,4.540596464230986,4.302666126999002,0.0,3.624611113328491e-05,,0.5790136907249215,6.192362489474872,2.238934426229508,13.864293557377552,0.006147540983606557,0.07991803278688525,3.211519809984117,0.5927672589489187,-1.2164567971514681,-0.4367257608665721,-0.34401992970543854,115.6441851186843,1.5540109531722544,-0.0396437765735908,0.09975
2004-11-01,4.5786631583418105,4.296193594047338,3.2299772513248723,0.7326682560454167,0.8000000000000076,-7.045278546,0.227610984051721,0.2999999999999986,4.900000000000001,4.600000000000001,6.099999999999999,5.3,3.700000000000004,3.0000000000000004,6.599999999999993,7.999999999999998,5.099999999999994,4.599999999999999,538.0,0.2623642683029175,-0.3254224061965942,1.7749522924423218,0.0170943737030029,1.722766637802124,0.0180186033248901,1.9600948095321653,0.0,1.8405495882034304,0.0,1.5475624799728394,0.0215061902999877,1.3862943649291992,0.0512932538986206,2.0281481742858887,0.0,2.1972246170043945,0.0,1.808288812637329,0.0,1.722766637802124,0.0180186033248901,0.2514564394950866,4.577191352844238,4.300359725952148,4.572700023651123,4.291996002197266,0.4000000059604645,-0.6000000238418579,0.0083637237548828,0.0086245536804199,14.973809560139976,6.0413588633818245,1.76,4.1,0.3,2.09,,2.34,4.554087395758775,0.8928571428571441,9.481687689998523,4.549091776968219,4.481840941673547,0.0,2.0926702060274895e-05,,0.5808601659643107,6.045005314036012,2.817339667458432,17.030833261230672,0.007125890736342043,0.0332541567695962,2.357007184173255,0.06832515987278771,0.016952689567440865,-0.9415991505888657,-0.9278833682417786,91.98978630619806,1.3920785322943212,-0.1619324208779331,0.14398
2004-12-01,4.58219813737824,4.291733672557358,3.1180837716883105,0.6526665660823622,0.7000000000000076,-2.837742892,-0.0211547235775627,0.0999999999999985,4.900000000000001,4.600000000000001,6.099999999999999,5.4,3.700000000000004,3.0000000000000004,6.599999999999993,7.999999999999998,5.099999999999994,4.599999999999999,539.0,0.0953101813793182,-0.1670540869235992,1.7749522924423218,0.0,1.722766637802124,0.0,1.9600948095321653,0.0,1.8562979698181152,0.015748381614685,1.5475624799728394,0.0,1.3862943649291992,0.0,2.0281481742858887,0.0,2.1972246170043945,0.0,1.808288812637329,0.0,1.722766637802124,0.0,-0.0800016894936561,4.578663349151611,4.296193599700928,4.577191352844238,4.300359725952148,-0.4000000059604645,0.3000000119209289,-0.0041661262512207,0.0083637237548828,13.577142897106352,6.085353262564929,2.07,4.19,0.22,1.95,,2.120000000000001,4.525910505002459,-1.3966666630336224,9.52609456178324,4.5515721324192135,4.381880416234487,-1.2082328989748705e-05,6.97573607639054e-06,,0.5337882812304646,5.6937321388027,2.51722972972973,14.332431812911796,0.033783783783783786,0.05067567567567568,2.0088398298575654,-1.006658092983171,0.28996542766131034,-0.16643923727550083,-0.47857960954404466,81.05767944365797,1.5380601620186662,0.145981629724345,0.14398
2005-01-01,4.589936134837277,4.295293914310433,3.196497859180848,0.6526665660823622,0.7000000000000076,6.898317652,-0.892901999527363,-0.4000000000000014,4.900000000000001,4.600000000000001,6.099999999999999,5.4,3.800000000000004,3.0000000000000004,6.599999999999993,7.999999999999998,5.099999999999994,4.599999999999999,540.0,-0.3364722430706024,-0.4317824244499206,1.7749522924423218,0.0,1.722766637802124,0.0,1.9600948095321653,0.0,1.8562979698181152,0.0,1.5686159133911133,0.0210534334182739,1.3862943649291992,0.0,2.0281481742858887,0.0,2.1972246170043945,0.0,1.808288812637329,0.0,1.722766637802124,0.0,0.0,4.582198143005371,4.291733741760254,4.578663349151611,4.296193599700928,0.1000000014901161,-0.3000000119209289,-0.0044598579406738,-0.0041661262512207,12.459545438939877,6.091488599138527,2.19,4.23,0.38,1.86,,2.0400000000000005,4.509539954972841,-1.1175974581664772,9.556249885139865,4.559508373420149,4.211296623233186,0.0,6.97573607639054e-06,,0.5608002418593778,5.855071922202427,1.268390804597701,7.426519386379744,0.008620689655172414,0.12643678160919541,0.8344640685993208,1.6892511668925771,-2.379662300137937,0.028392308981980537,0.27573600992352126,74.73824155816851,1.2112774161930686,-0.3267827458255976,0.14398
2005-02-01,4.5905349109017095,4.299493184967815,3.216169463270458,0.198690110349249,0.2000000000000076,-1.06750771,-0.100673060288525,-0.8000000000000014,4.900000000000001,4.600000000000001,6.099999999999999,5.4,3.800000000000004,3.0000000000000004,6.599999999999993,7.999999999999998,5.099999999999994,4.599999999999999,541.0,-0.5877866744995117,-0.2513144314289093,1.7749522924423218,0.0,1.722766637802124,0.0,1.9600948095321653,0.0,1.8562979698181152,0.0,1.5686159133911133,0.0,1.3862943649291992,0.0,2.0281481742858887,0.0,2.1972246170043945,0.0,1.808288812637329,0.0,1.722766637802124,0.0,-0.4539764523506164,4.589936256408691,4.295293807983398,4.582198143005371,4.291733741760254,-0.5,0.1000000014901161,0.0035600662231445,-0.0044598579406738,13.43799991607666,6.049804207445942,2.33,4.22,0.27,1.75,,1.89,4.517103707119641,0.9784544771367844,9.521086868126398,4.563098452536019,4.156943093733585,0.0,6.97573607639054e-06,,0.5991935567331521,5.575949103146316,1.5771863117870724,8.794310600703772,0.0076045627376425855,0.08745247148288973,0.9126546399082489,-0.3388300502410574,-0.5867360428054511,1.0963459206484911,-1.4142723496985545,63.23379031186816,1.275233139790002,0.0639557235969332,0.13203
2005-03-01,4.592892421761912,4.303540374482296,3.3366703686003767,0.198690110349249,0.2000000000000076,0.798230281,-0.478451065220724,-1.1000000000000014,4.900000000000001,4.600000000000001,6.299999999999999,5.4,3.800000000000004,3.0000000000000004,6.599999999999993,7.899999999999999,5.099999999999994,4.599999999999999,542.0,-0.7419373393058777,-0.1541506648063659,1.7749522924423218,0.0,1.722766637802124,0.0,1.9878743886947632,0.0277795791625976,1.8562979698181152,0.0,1.5686159133911133,0.0,1.3862943649291992,0.0,2.0281481742858887,0.0,2.186051368713379,-0.0111732482910156,1.808288812637329,0.0,1.722766637802124,0.0,0.0,4.590534687042236,4.299493312835693,4.589936256408691,4.295293807983398,0.5,0.1000000014901161,0.0041995048522949,0.0035600662231445,11.708947482861973,6.048199260088286,2.54,4.17,0.2,1.59,,1.63,4.51906748693468,-1.7290524332146884,9.540629202956048,4.570331298598791,4.052261083302371,0.0,0.0,,0.6009932611337283,6.171700597410915,1.9585774058577408,12.087753345807739,0.0041841004184100415,0.07531380753138076,-0.008159908548709698,-0.9870218069477474,-0.43704537506075286,-1.902921049172841,-1.1115575112849636,74.63263628316174,1.3742979815359462,0.0990648417459443,0.13203
2005-04-01,4.6001655838315205,4.307770113025692,3.309905961452748,0.198690110349249,0.2000000000000076,-2.271368864,1.01896380906664,-1.3000000000000014,5.000000000000001,4.600000000000001,6.299999999999999,5.4,4.500000000000004,3.8000000000000007,6.999999999999994,7.899999999999999,5.099999999999994,4.599999999999999,543.0,-0.832909107208252,-0.0909717679023742,1.7917594909667969,0.016807198524475,1.722766637802124,0.0,1.9878743886947632,0.0,1.8562979698181152,0.0,1.704748034477234,0.1361321210861206,1.5686159133911133,0.182321548461914,2.079441547393799,0.0512933731079101,2.186051368713379,0.0,1.808288812637329,0.0,1.722766637802124,0.0,0.0,4.592892646789551,4.303540229797363,4.590534687042236,4.299493312835693,0.0,0.1000000014901161,0.0040469169616699,0.0041995048522949,13.126363667574797,6.0726988522394985,2.74,4.5,0.39,1.64,,1.7599999999999998,4.518195171973685,1.417416184712824,9.530509272043789,4.568979118819173,4.025627145829626,0.0,0.0,,0.6355921577644099,6.329720905522696,1.3607142857142858,8.612941660729097,0.019642857142857142,0.08571428571428572,-0.22795176567017023,-0.00849758689037656,-0.7884513052229464,-2.4416245364443485,-0.8802864511157614,60.89470131969171,1.2445748363533695,-0.1297231451825766,0.13203
2005-05-01,4.596402965983192,4.308949603994253,3.247993223438928,0.198690110349249,0.2000000000000076,-0.292733357,0.43427071857298,-1.6000000000000014,5.000000000000001,4.700000000000001,6.299999999999999,5.499999999999999,4.500000000000004,3.8000000000000007,6.999999999999994,7.899999999999999,5.099999999999994,4.599999999999999,544.0,-0.9555114507675172,-0.1226023435592651,1.7917594909667969,0.0,1.7404661178588867,0.0176994800567626,1.9878743886947632,0.0,1.8718022108078003,0.015504240989685,1.704748034477234,0.0,1.5686159133911133,0.0,2.079441547393799,0.0,2.186051368713379,0.0,1.808288812637329,0.0,1.722766637802124,0.0,0.0,4.600165367126465,4.307770252227783,4.592892646789551,4.303540229797363,0.0,-0.1000000014901161,0.0042300224304199,0.0040469169616699,14.45904758998326,6.061999895032932,2.78,4.34,0.37,1.76,,1.56,4.531846521569248,1.3326839224084637,9.522316770395674,4.571129314262995,4.324959928805099,0.0,0.0,,0.6391008248256917,5.733341276897746,1.3194805194805197,7.565032126400144,0.0,0.08766233766233766,-0.1366667143442702,0.2529614675782477,-2.733014927987696,0.558883607122312,-0.46953272900819315,57.59911407346138,1.129814473068785,-0.1147603632845848,0.11538
2005-06-01,4.603079401821348,4.303640800502048,3.368843418636852,0.198690110349249,0.2000000000000076,7.647634657,-0.734579496413802,-1.8000000000000014,5.000000000000001,4.900000000000001,6.299999999999999,5.499999999999999,4.500000000000004,3.8000000000000007,6.999999999999994,7.899999999999999,5.099999999999994,4.599999999999999,545.0,-1.0296194553375244,-0.0741080045700073,1.7917594909667969,0.0,1.7749522924423218,0.034486174583435,1.9878743886947632,0.0,1.8718022108078003,0.0,1.704748034477234,0.0,1.5686159133911133,0.0,2.079441547393799,0.0,2.186051368713379,0.0,1.808288812637329,0.0,1.722766637802124,0.0,0.0,4.596403121948242,4.30894947052002,4.600165367126465,4.307770252227783,0.0,0.1000000014901161,0.0011792182922363,0.0042300224304199,13.967618987673806,6.044704320874816,2.84,4.14,0.41,1.9,,1.2999999999999998,4.534425781462334,-0.4914286023094529,9.534237045191864,4.572029034789847,4.155299644724505,0.0,0.0,,0.6365651490799604,6.419994928147142,1.2484502446982055,8.015044239006539,0.009787928221859706,0.14192495921696574,0.6556074736750976,1.858786805225377,-1.4757101366044565,-2.3628432694600763,-0.5979539341251164,49.65717551873456,1.304082639466316,0.1742681663975314,0.11538
2005-07-01,4.6039707669726,4.301844683973152,3.405123306308627,0.2956730475634297,0.3000000000000076,-1.875070918,-0.678259713862118,-1.9000000000000012,5.000000000000001,4.900000000000001,6.299999999999999,5.499999999999999,4.500000000000004,4.000000000000001,6.999999999999994,7.899999999999999,5.2999999999999945,4.599999999999999,546.0,-1.0647107362747192,-0.0350912809371948,1.7917594909667969,0.0,1.7749522924423218,0.0,1.9878743886947632,0.0,1.8718022108078003,0.0,1.704748034477234,0.0,1.6094379425048828,0.0408220291137695,2.079441547393799,0.0,2.186051368713379,0.0,1.8405495882034304,0.032260775566101,1.722766637802124,0.0,0.0969829335808754,4.603079319000244,4.303640842437744,4.596403121948242,4.30894947052002,0.1000000014901161,0.1000000014901161,-0.0053086280822753,0.0011792182922363,11.868636348030783,6.065311949602092,2.97,4.0,0.46,1.87,,1.0299999999999998,4.5462690780679305,-2.0989826396430225,9.54649093348888,4.576516563947311,4.2664778160136505,0.0,0.0,,0.6266848244516363,6.063785208687608,1.8662004662004663,11.316238783392306,0.02097902097902098,0.0979020979020979,0.17937576664734342,1.3009510188778792,-0.9608047657725075,-1.0189814607957748,-0.2795590756162171,54.62506538242785,1.039411962930949,-0.264670676535367,0.11538
2005-08-01,4.607167190646274,4.301790765637557,3.50047107767823,0.4812118250596102,0.5000000000000075,3.849311996,-0.978139844874115,-2.0000000000000013,5.000000000000001,5.000000000000001,6.299999999999999,5.499999999999999,4.500000000000004,4.000000000000001,6.999999999999994,7.899999999999999,5.2999999999999945,4.599999999999999,547.0,-1.0986123085021973,-0.033901572227478,1.7917594909667969,0.0,1.7917594909667969,0.016807198524475,1.9878743886947632,0.0,1.8718022108078003,0.0,1.704748034477234,0.0,1.6094379425048828,0.0,2.079441547393799,0.0,2.186051368713379,0.0,1.8405495882034304,0.0,1.722766637802124,0.0,0.1855387836694717,4.603971004486084,4.301844596862793,4.603079319000244,4.303640842437744,0.1000000014901161,2.220446049250313e-16,-0.0017962455749511,-0.0053086280822753,11.049000024795532,6.050862534563058,3.22,4.18,0.36,1.67,,0.9599999999999996,4.552823705615882,-0.819636323235251,9.579346730528934,4.573345097659094,4.164850694973677,-0.0208649928928639,0.0120464092633347,,0.6470094071041643,6.480044561926653,2.1683563748079875,14.05104593489349,0.018433179723502304,0.06912442396313365,1.839857414133877,-0.022609250779931936,0.09604174201490809,-1.8735000411852318,-1.0462130486371208,129.0958711736232,1.353870147381077,0.3144581844501279,0.11867
2005-09-01,4.6080061608073,4.296052551327317,3.495989166041145,0.5688248987322541,0.6000000000000075,-1.702152151,-0.508931623196055,-2.200000000000001,5.000000000000001,5.000000000000001,6.299999999999999,5.499999999999999,4.500000000000004,3.700000000000001,6.999999999999994,7.899999999999999,5.2999999999999945,4.699999999999998,548.0,-1.1631507873535156,-0.0645384788513183,1.7917594909667969,0.0,1.7917594909667969,0.0,1.9878743886947632,0.0,1.8718022108078003,0.0,1.704748034477234,0.0,1.5475624799728394,-0.0618754625320434,2.079441547393799,0.0,2.186051368713379,0.0,1.8405495882034304,0.0,1.7404661178588867,0.0176994800567626,0.0876130759716034,4.60716724395752,4.301790714263916,4.603971004486084,4.301844596862793,-0.1000000014901161,-0.1000000014901161,-5.3882598876953125e-05,-0.0017962455749511,12.95130439426588,6.082059080252694,3.44,4.26,0.43,1.77,,0.8199999999999998,4.5424433560797866,1.9023043694703468,9.624301805610772,4.576598886005656,4.137095094956502,-0.0007158108096874,0.0118451808214391,,0.6581538201805199,6.4457198193855785,2.655325914149444,17.1154868717612,0.003179650238473768,0.09220985691573927,1.7558008397019678,-0.34434331570508714,1.141784579941938,-0.7342209505334257,0.12248074860725354,73.22134839477239,1.4649063214545472,0.1110361740734702,0.11867
2005-10-01,4.613771091925373,4.296871116330952,3.444447365455972,0.5688248987322541,0.6000000000000075,-3.237561162,-0.186805360765648,-2.3000000000000016,5.1000000000000005,5.000000000000001,6.299999999999999,5.499999999999999,4.500000000000004,3.700000000000001,6.999999999999994,7.899999999999999,5.499999999999995,4.699999999999998,549.0,-1.193922519683838,-0.0307717323303222,1.808288812637329,0.0165293216705322,1.7917594909667969,0.0,1.9878743886947632,0.0,1.8718022108078003,0.0,1.704748034477234,0.0,1.5475624799728394,0.0,2.079441547393799,0.0,2.186051368713379,0.0,1.8718022108078003,0.0312526226043701,1.7404661178588867,0.0,0.0,4.608006000518799,4.2960524559021,4.60716724395752,4.301790714263916,-0.1000000014901161,0.1000000014901161,-0.0057382583618164,-5.3882598876953125e-05,12.628095263526554,6.122598067132503,3.42,4.2,0.6,1.81,,0.7800000000000002,4.548388171889107,-0.3232091307393254,9.628507859017896,4.55703505723611,4.517316734116542,-0.0009634507100328,0.0115623112265401,,0.6456870658066864,6.513230110912307,2.4912332838038638,16.22597563737827,0.0237741456166419,0.07578008915304606,1.3467423901712057,0.24639505614811247,0.7110455309742664,0.1295115122655472,0.5667573428529812,61.90704194935046,1.1411767629605658,-0.3237295584939814,0.11867
2005-11-01,4.624366747310445,4.30467032893099,3.382000325640033,0.6526665660823618,0.7000000000000075,-1.580203217,1.05931337855326,-2.4000000000000017,5.1000000000000005,5.300000000000001,6.399999999999999,5.599999999999999,4.600000000000003,3.700000000000001,6.999999999999994,7.899999999999999,5.499999999999995,4.799999999999998,550.0,-1.2237753868103027,-0.0298528671264648,1.808288812637329,0.0,1.8405495882034304,0.0487900972366333,2.0014801025390625,0.0136057138442993,1.8870697021484373,0.0152674913406372,1.722766637802124,0.0180186033248901,1.5475624799728394,0.0,2.079441547393799,0.0,2.186051368713379,0.0,1.8718022108078003,0.0,1.7578579187393188,0.0173918008804321,0.0838416665792465,4.613770961761475,4.296871185302734,4.608006000518799,4.2960524559021,0.1000000014901161,0.0,0.0008187294006347,-0.0057382583618164,14.937618982224237,6.152515649874983,3.71,4.46,0.37,1.83,,0.75,4.559963593150012,2.309523718697683,9.591796729440416,4.5690993866433205,4.2234827235767,-0.0009272711077668,0.0001337596984288,,0.6252385121716251,6.137727054086234,2.283116883116883,14.01314826114753,0.017316017316017316,0.05844155844155844,1.3451145700036504,-0.6525057109138838,-0.3979973882473438,0.6796183573607842,1.3095191252912628,66.18145692581116,1.1597090249268864,0.0185322619663206,0.20194
2005-12-01,4.630967553965104,4.307344588155615,3.4011973816621555,0.5688248987322541,0.6000000000000075,1.372451292,-1.0077922758933,-2.4000000000000017,5.1000000000000005,5.300000000000001,6.399999999999999,5.599999999999999,4.600000000000003,3.700000000000001,6.999999999999994,7.899999999999999,5.499999999999995,4.799999999999998,551.0,-1.2237753868103027,0.0,1.808288812637329,0.0,1.8405495882034304,0.0,2.0014801025390625,0.0,1.8870697021484373,0.0,1.722766637802124,0.0,1.5475624799728394,0.0,2.079441547393799,0.0,2.186051368713379,0.0,1.8718022108078003,0.0,1.7578579187393188,0.0,-0.0838416665792465,4.624366760253906,4.304670333862305,4.613770961761475,4.296871185302734,-0.2000000029802322,0.1000000014901161,0.0077991485595703,0.0008187294006347,12.147619111197336,6.166816035983467,3.88,4.54,0.56,1.89,,0.6600000000000001,4.559545007961816,-2.789999871026902,9.599742799551455,4.580276903264815,4.158762222462538,-0.0005072719395626,0.0002535768573679,,0.6297199165849259,6.517671272912275,2.6600591715976334,17.337391246968718,0.010355029585798817,0.04881656804733728,1.8959531522578759,-1.2034286578801108,0.45189860251049874,-0.4736776580602828,1.125910863390089,61.24225556216155,1.100650055126423,-0.0590589698004633,0.20194
2006-01-01,4.629712543388278,4.3001561388628575,3.4925617615131275,0.6526665660823618,0.7000000000000075,2.09378562,-1.54535292765745,-2.4000000000000017,5.1000000000000005,5.300000000000001,6.399999999999999,5.599999999999999,4.600000000000003,3.700000000000001,6.999999999999994,7.899999999999999,5.499999999999995,4.799999999999998,552.0,-1.2237753868103027,0.0,1.808288812637329,0.0,1.8405495882034304,0.0,2.0014801025390625,0.0,1.8870697021484373,0.0,1.722766637802124,0.0,1.5475624799728394,0.0,2.079441547393799,0.0,2.186051368713379,0.0,1.8718022108078003,0.0,1.7578579187393188,0.0,0.0838416665792465,4.630967617034912,4.307344436645508,4.624366760253906,4.304670333862305,0.2000000029802322,0.0,0.0026741027832031,0.0077991485595703,11.260000001816522,6.234600903711822,3.89,4.47,0.55,1.82,,0.5799999999999996,4.547117254539474,-0.8876191093808128,9.620121884327007,4.585428596829047,4.192239767059254,-0.0012631111359495,0.0003786996867863,,0.6393193486231747,5.673323267171493,1.6048275862068966,9.104705684626252,0.027586206896551724,0.1310344827586207,0.3177600820005237,0.44928677990521704,-1.6418083791929456,0.9937887824788358,-1.8359384904454579,59.12544097888331,1.066403231776762,-0.0342468233496611,0.20194
2006-02-01,4.638375728839149,4.300107257782722,3.431006093434505,0.6526665660823618,0.7000000000000075,-8.562413666,0.307552697685206,-2.600000000000002,5.1000000000000005,5.300000000000001,6.399999999999999,5.599999999999999,4.600000000000003,3.700000000000001,7.099999999999993,7.899999999999999,5.499999999999995,4.799999999999998,553.0,-1.280933856964111,-0.0571584701538085,1.808288812637329,0.0,1.8405495882034304,0.0,2.0014801025390625,0.0,1.8870697021484373,0.0,1.722766637802124,0.0,1.5475624799728394,0.0,2.091864109039306,0.0124225616455078,2.186051368713379,0.0,1.8718022108078003,0.0,1.7578579187393188,0.0,0.0,4.6297125816345215,4.300156116485596,4.630967617034912,4.307344436645508,-0.1000000014901161,-0.2000000029802322,-0.0071883201599121,0.0026741027832031,12.03600001335144,6.309670974922303,4.24,4.42,0.31,1.78,,0.1799999999999997,4.537747509670657,0.7760000115349186,9.65026633380101,4.587005197029963,4.348641718743106,-0.0011654579460658,0.0004111037694348,,0.6503386214735327,6.51025834052315,2.243666169895678,14.606846395912969,0.02533532041728763,0.07004470938897168,3.2129671207700743,0.16604207796253878,-0.90508498924623,-0.6628208944551021,-0.1365622119627168,70.10053180541541,1.3760683899282256,0.3096651581514635,0.12166
2006-03-01,4.641516579933182,4.298291960697314,3.4499001092727166,0.6526665660823618,0.7000000000000075,3.148295732,-1.42676991533046,-2.700000000000002,5.1000000000000005,5.300000000000001,6.399999999999999,5.599999999999999,4.600000000000003,3.700000000000001,7.099999999999993,7.899999999999999,5.499999999999995,4.799999999999998,554.0,-1.3083328008651731,-0.027398943901062,1.808288812637329,0.0,1.8405495882034304,0.0,2.0014801025390625,0.0,1.8870697021484373,0.0,1.722766637802124,0.0,1.5475624799728394,0.0,2.091864109039306,0.0,2.186051368713379,0.0,1.8718022108078003,0.0,1.7578579187393188,0.0,0.0,4.638375759124756,4.300107479095459,4.6297125816345215,4.300156116485596,0.0,0.1000000014901161,-4.863739013671875e-05,-0.0071883201599121,12.47105262154027,6.3189591046968445,4.43,4.57,0.31,1.65,,0.1400000000000005,4.539350844950798,0.4350526081888297,9.653815300146004,4.587426697210301,4.103698119001434,-0.002397174222589,0.0006846848686123,,0.6668323580418511,6.376726947898627,2.0626916524701877,13.153221445512195,0.013628620102214651,0.07666098807495741,0.15926730055239646,-1.3675135435707078,0.9249052840213938,0.15457498151671484,0.7742224843298601,73.61886772300946,1.123504174253969,-0.2525642156742562,0.12166
2006-04-01,4.645604585403068,4.299123634009702,3.5474157656362264,0.9503469298211392,1.1000000000000076,2.134012803,-0.863845910904544,-2.5000000000000018,5.2,5.300000000000001,6.399999999999999,5.599999999999999,4.600000000000003,3.700000000000001,7.099999999999993,7.899999999999999,5.499999999999995,4.799999999999998,555.0,-1.2527629137039185,0.0555698871612548,1.8245493173599243,0.0162605047225952,1.8405495882034304,0.0,2.0014801025390625,0.0,1.8870697021484373,0.0,1.722766637802124,0.0,1.5475624799728394,0.0,2.091864109039306,0.0,2.186051368713379,0.0,1.8718022108078003,0.0,1.7578579187393188,0.0,0.2976803779602051,4.64151668548584,4.29829216003418,4.638375759124756,4.300107479095459,0.4000000059604645,0.3000000119209289,-0.0018153190612792,-4.863739013671875e-05,11.693913003672725,6.32273219187872,4.51,4.72,0.48,1.69,,0.2099999999999999,4.545526333060576,-0.7771396178675456,9.6632540131301,4.589678811870047,4.109660564816681,-0.003088767074391,0.0009742128156988,0.0081107099030908,0.678278611049822,7.2485040723706105,1.782918149466192,12.923489467109166,0.008540925266903915,0.05409252669039146,0.8263883544256416,-0.5293763453666727,-0.15580150521813116,-0.3544532523675846,-0.5276199253926405,64.70400619216649,0.993571769284194,-0.1299324049697752,0.12166
2006-05-01,4.652350483588862,4.292900582424687,3.562208302687821,0.9503469298211392,1.1000000000000076,-1.303879321,0.0222681503282615,-2.5000000000000018,5.2,5.300000000000001,6.399999999999999,5.699999999999998,4.600000000000003,3.600000000000001,7.099999999999993,7.899999999999999,5.499999999999995,4.799999999999998,556.0,-1.2527629137039185,0.0,1.8245493173599243,0.0,1.8405495882034304,0.0,2.0014801025390625,0.0,1.9021074771881104,0.0150377750396728,1.722766637802124,0.0,1.5260562896728516,-0.0215061902999877,2.091864109039306,0.0,2.186051368713379,0.0,1.8718022108078003,0.0,1.7578579187393188,0.0,0.0,4.645604610443115,4.299123764038086,4.64151668548584,4.29829216003418,-0.4000000059604645,-0.2000000029802322,0.0008316040039062,-0.0018153190612792,11.847368441129984,6.414528876402868,4.6,4.99,0.48,1.67,,0.3900000000000005,4.542549824006424,0.1534554374572607,9.71303018897068,4.592710890313318,4.295403184521815,-2.4948232418608995e-05,0.001606898810211,0.0075167569520062,0.7047868812014544,7.337587743538596,2.2163411458333333,16.262597627166954,0.011067708333333334,0.050130208333333336,2.8948936336904247,-0.20177881428703814,0.2068527862566875,-0.3057605472211201,0.265370790730998,76.17936297116485,1.2213108984998438,0.2277391292156496,0.11553
2006-06-01,4.655618023077321,4.292858916268479,3.5600094160699065,0.8813735870195485,1.0000000000000075,-0.695696813,-0.470652618607337,-2.3000000000000016,5.2,5.4,6.499999999999998,5.699999999999998,4.600000000000003,3.600000000000001,7.099999999999993,7.899999999999999,5.499999999999995,4.799999999999998,557.0,-1.193922519683838,0.0588403940200805,1.8245493173599243,0.0,1.8562979698181152,0.015748381614685,2.0149030685424805,0.0134229660034179,1.9021074771881104,0.0,1.722766637802124,0.0,1.5260562896728516,0.0,2.091864109039306,0.0,2.186051368713379,0.0,1.8718022108078003,0.0,1.7578579187393188,0.0,-0.0689733400940895,4.652350425720215,4.292900562286377,4.645604610443115,4.299123764038086,-0.1000000014901161,0.2000000029802322,-0.0062232017517089,0.0008316040039062,14.45454541119662,6.515294743669153,4.72,5.11,0.5,1.66,,0.3900000000000005,4.524610678129674,2.607176970066636,9.709470974801992,4.592965004869729,4.139482419434141,0.0006235191622381,0.0019827827650821,0.0089087395565556,0.683095516781985,6.926577033222725,2.1539292730844792,14.919357034133073,0.01669941060903733,0.05795677799607073,1.5315375109393472,-1.0741941736325054,0.010676685759202062,0.9103083611979166,0.6384769727868248,74.56664809900333,0.9558603143271036,-0.26545058417274,0.11553
2006-07-01,4.658864495630205,4.306936938479077,3.602047280565492,1.0784510589549017,1.3000000000000076,4.014589607,0.138494817470318,-2.5000000000000018,5.2,5.4,6.499999999999998,5.699999999999998,4.600000000000003,3.600000000000001,7.099999999999993,7.899999999999999,5.499999999999995,4.799999999999998,558.0,-1.2527629137039185,-0.0588403940200805,1.8245493173599243,0.0,1.8562979698181152,0.0,2.0149030685424805,0.0,1.9021074771881104,0.0,1.722766637802124,0.0,1.5260562896728516,0.0,2.091864109039306,0.0,2.186051368713379,0.0,1.8718022108078003,0.0,1.7578579187393188,0.0,0.1970774680376052,4.655618190765381,4.292859077453613,4.652350425720215,4.292900562286377,0.4000000059604645,-0.4000000059604645,-4.148483276367188e-05,-0.0062232017517089,16.91863627867265,6.390483926066084,4.79,5.11,0.61,1.67,,0.3200000000000003,4.540311613639595,2.4640908674760293,9.663012544770949,4.596126414086154,4.279736328733988,-0.0033966490779153,0.002158341540497,0.0090242178009111,0.6676401874036015,7.108244139731541,2.661261261261261,18.91689476465493,0.028665028665028666,0.06388206388206388,1.4216279079138106,-0.9454436585969173,1.2717166767859298,-0.34808691589820284,0.19414727447830465,85.28249213816838,1.019970180461071,0.0641098661339673,0.11553
2006-08-01,4.6627822746798175,4.303136432402448,3.5791752033961752,1.1947632172871134,1.5000000000000075,-3.443074386,-0.125528081269757,-2.5000000000000018,5.2,5.4,6.499999999999998,5.699999999999998,4.600000000000003,3.600000000000001,7.099999999999993,7.899999999999999,5.599999999999994,4.799999999999998,559.0,-1.2527629137039185,0.0,1.8245493173599243,0.0,1.8562979698181152,0.0,2.0149030685424805,0.0,1.9021074771881104,0.0,1.722766637802124,0.0,1.5260562896728516,0.0,2.091864109039306,0.0,2.186051368713379,0.0,1.8870697021484373,0.0152674913406372,1.7578579187393188,0.0,0.1163121610879898,4.658864498138428,4.306936740875244,4.655618190765381,4.292859077453613,-0.1000000014901161,0.2000000029802322,0.0140776634216308,-4.148483276367188e-05,15.325999879837036,6.451591436542662,4.95,5.09,0.5,1.68,,0.1399999999999996,4.539884719289462,-1.592636398835614,9.708482672808916,4.595613667580622,4.258697171093461,-0.0031697733154669,0.0022584025738028,0.0115328000168086,0.6976065529218318,7.045776576879511,2.5485614646904966,17.95659467265404,0.006974716652136007,0.02964254577157803,2.7859301918980655,-1.1074496908421843,0.7077435776656801,-0.7707360746766628,0.4525359561043783,139.34464087050992,1.56522626184448,0.5452560813834091,0.08235
2006-09-01,4.666593547550517,4.298170470216387,3.449799681844561,1.1947632172871134,1.5000000000000075,-4.929099141,-0.222091692828102,-2.0000000000000018,5.2,5.4,6.599999999999998,5.799999999999998,4.600000000000003,3.600000000000001,7.099999999999993,7.899999999999999,5.599999999999994,4.899999999999998,560.0,-1.0986123085021973,0.1541506052017212,1.8245493173599243,0.0,1.8562979698181152,0.0,2.0281481742858887,0.0132451057434082,1.9169225692749023,0.0148150920867919,1.722766637802124,0.0,1.5260562896728516,0.0,2.091864109039306,0.0,2.186051368713379,0.0,1.8870697021484373,0.0,1.7749522924423218,0.0170943737030029,0.0,4.662782192230225,4.303136348724365,4.658864498138428,4.306936740875244,-0.2000000029802322,0.5,-0.0038003921508789,0.0140776634216308,13.35173913706904,6.449827245366127,4.96,4.88,0.48,1.73,,-0.08,4.532599493153256,-1.9742607427679972,9.749085667246376,4.599992806458956,4.157765276033279,-0.0019092125275852,0.0008013481976026,0.0049330688368404,0.7144359068790158,6.942156705699469,2.156382978723404,14.969948555800874,0.006769825918762089,0.086073500967118,0.29864290569523144,-0.6676359164384228,-0.06834428898642163,0.7554516081754192,-0.4580056596126295,170.49305514263537,1.8318595336638288,0.2666332718193485,0.08235
2006-10-01,4.669158555820181,4.302717036335017,3.3728991350899205,1.3008204268406507,1.7000000000000075,-2.638144887,0.008297414534727,-1.8000000000000018,5.2,5.5,6.599999999999998,5.799999999999998,4.600000000000003,3.700000000000001,7.099999999999993,7.899999999999999,5.599999999999994,4.999999999999997,561.0,-1.0296194553375244,0.0689928531646728,1.8245493173599243,0.0,1.8718022108078003,0.015504240989685,2.0281481742858887,0.0,1.9169225692749023,0.0,1.722766637802124,0.0,1.5475624799728394,0.0215061902999877,2.091864109039306,0.0,2.186051368713379,0.0,1.8870697021484373,0.0,1.7917594909667969,0.016807198524475,0.1060572117567062,4.666593551635742,4.298170566558838,4.662782192230225,4.303136348724365,0.2000000029802322,-0.3000000119209289,-0.0049657821655273,-0.0038003921508789,12.184499979019163,6.393901742378016,4.81,4.72,0.6,1.72,,-0.0899999999999998,4.528397127182178,-1.167239158049874,9.761619410345196,4.598329844102016,4.040307770164778,-0.0062808414424591,0.0022501443568546,0.0052447434905875,0.6766662770885867,7.327123292259293,1.864868421052632,13.66412084489355,0.017763157894736842,0.060526315789473685,1.466405758886892,0.09823769148036832,-0.0019662375198260455,-0.5053145464258387,-0.23665512852480758,93.87856687293278,1.1769543016251316,-0.654905232038697,0.08235
2006-11-01,4.681006520805045,4.296817378343483,3.3806915368694708,1.3979983651114376,1.9000000000000077,-1.2968644,-1.10037176514651,-1.600000000000002,5.2,5.5,6.599999999999998,5.799999999999998,4.900000000000003,3.700000000000001,7.199999999999993,7.899999999999999,5.7999999999999945,4.999999999999997,562.0,-0.9555114507675172,0.0741080045700073,1.8245493173599243,0.0,1.8718022108078003,0.0,2.0281481742858887,0.0,1.9169225692749023,0.0,1.7749522924423218,0.0521856546401977,1.5475624799728394,0.0,2.104134082794189,0.0122699737548828,2.186051368713379,0.0,1.9169225692749023,0.0298528671264648,1.7917594909667969,0.0,0.0971779376268386,4.669158458709717,4.302717208862305,4.666593551635742,4.298170566558838,0.0,0.0,0.0045466423034667,-0.0049657821655273,11.306363625959916,6.372944292465635,4.92,4.73,0.42,1.64,,-0.1899999999999995,4.5263434054421205,-0.878136353059249,9.797272054313131,4.59718236814589,4.19425990710909,-0.0032314300256035,0.0022419600230859,0.0054292084357695,0.6842311845183793,7.095064377287131,2.3932780082987555,16.980461541625196,0.004979253112033195,0.04066390041493776,2.455185419151366,-0.19089730787213352,-0.29888082865084603,-0.628212213102433,-0.4502872666922251,88.16472985353965,1.2566814512056523,0.0797271495805207,0.11855
2006-12-01,4.687407100013836,4.295747039866347,3.4190898563867784,1.4436354751788136,2.0000000000000075,2.342151781,-0.886927298349704,-1.5000000000000018,5.2,5.5,6.599999999999998,5.799999999999998,4.900000000000003,3.700000000000001,7.199999999999993,7.899999999999999,5.7999999999999945,4.999999999999997,563.0,-0.9162907600402832,0.0392206907272338,1.8245493173599243,0.0,1.8718022108078003,0.0,2.0281481742858887,0.0,1.9169225692749023,0.0,1.7749522924423218,0.0,1.5475624799728394,0.0,2.104134082794189,0.0,2.186051368713379,0.0,1.9169225692749023,0.0,1.7917594909667969,0.0,0.0456371083855629,4.68100643157959,4.296817302703857,4.669158458709717,4.302717208862305,-0.1000000014901161,-0.1000000014901161,-0.0058999061584472,0.0045466423034667,10.817619051252093,6.442264650810239,4.94,4.6,0.47,1.64,,-0.3400000000000007,4.514041252576989,-0.4887445747078232,9.849679735748913,4.596761935517553,4.151797363679466,-0.0056642951763237,0.0016123415751188,0.0056619523496944,0.6927930210485438,7.456454555176209,2.5778034682080926,19.22127441286926,0.010982658959537572,0.061849710982658956,2.287892726953356,-0.30202366677460324,1.039531235253149,0.6071114946762373,-0.20611635205255,69.26984270829671,1.1785530736315877,-0.0781283775740648,0.11855
2007-01-01,4.693220439824917,4.2909981453363,3.2892980925436603,1.3979983651114376,1.9000000000000077,-9.026422199,-0.466174584547393,-1.4000000000000017,5.2,5.5,6.599999999999998,5.799999999999998,4.900000000000003,3.700000000000001,7.199999999999993,7.899999999999999,5.7999999999999945,4.999999999999997,564.0,-0.8754687309265137,0.0408220291137695,1.8245493173599243,0.0,1.8718022108078003,0.0,2.0281481742858887,0.0,1.9169225692749023,0.0,1.7749522924423218,0.0,1.5475624799728394,0.0,2.104134082794189,0.0,2.186051368713379,0.0,1.9169225692749023,0.0,1.7917594909667969,0.0,-0.0456371083855629,4.68740701675415,4.295746803283691,4.68100643157959,4.296817302703857,-0.2000000029802322,0.0,-0.001070499420166,-0.0058999061584472,10.964500045776369,6.4453880183139445,4.85,4.56,0.47,1.64,,-0.29,4.50225113198025,0.1468809945242739,9.858161047441737,4.606903682614242,4.112958090663513,-0.0038239986233041,0.0012686384951094,0.0052365143802633,0.7156302849375664,7.454719949364001,2.8020845396641576,20.888755517638838,0.006369426751592357,0.05037637521713955,1.5310548417975178,-0.24301829078725495,0.741200341315065,-0.3826093342054561,-0.5301559803972008,70.30007052291599,1.0579530864600095,-0.1205999871715777,0.11855
2007-02-01,4.695337162166659,4.295272292829707,3.3678775043573994,1.3979983651114376,1.9000000000000077,2.965875421,-1.33824322651076,-1.3000000000000016,5.2,5.5,6.599999999999998,5.799999999999998,4.900000000000003,3.700000000000001,7.199999999999993,7.899999999999999,5.7999999999999945,4.999999999999997,565.0,-0.832909107208252,0.0425596237182617,1.8245493173599243,0.0,1.8718022108078003,0.0,2.0281481742858887,0.0,1.9169225692749023,0.0,1.7749522924423218,0.0,1.5475624799728394,0.0,2.104134082794189,0.0,2.186051368713379,0.0,1.9169225692749023,0.0,1.7917594909667969,0.0,0.0,4.693220615386963,4.2909979820251465,4.68740701675415,4.295746803283691,0.1000000014901161,0.0,-0.0047488212585449,-0.001070499420166,11.042500066757205,6.4475689024281335,4.98,4.76,0.37,1.57,,-0.2200000000000006,4.515573652176335,0.078000020980836,9.91330081278943,4.603514816619926,4.17415264560428,-0.004198908291098,0.0009725059884536,0.0066048017436643,0.6937690124971843,7.515889085215125,2.4109477124183005,18.12041559678908,0.02178649237472767,0.0920479302832244,1.0569845225066392,0.03017667996730166,0.5436157287846852,-1.0761995653725493,-1.1971793559817192,84.19908317223035,1.074525862402309,0.0165727759422993,0.09051
2007-03-01,4.701859414467535,4.295191310367887,3.384390923847974,1.350440740274976,1.8000000000000074,-1.687128179,-0.184582587520507,-0.7000000000000016,5.2,5.5,6.599999999999998,5.799999999999998,4.900000000000003,3.700000000000001,7.199999999999993,7.899999999999999,5.7999999999999945,4.999999999999997,566.0,-0.5306282639503479,0.302280843257904,1.8245493173599243,0.0,1.8718022108078003,0.0,2.0281481742858887,0.0,1.9169225692749023,0.0,1.7749522924423218,0.0,1.5475624799728394,0.0,2.104134082794189,0.0,2.186051368713379,0.0,1.9169225692749023,0.0,1.7917594909667969,0.0,-0.0475576259195804,4.695337295532227,4.295272350311279,4.693220615386963,4.2909979820251465,-0.1000000014901161,0.5,0.0042743682861328,-0.0047488212585449,11.155263097662674,6.499403508470171,5.03,4.72,0.34,1.6,,-0.3100000000000005,4.513164540192067,0.1127630309054712,9.927631876718076,4.6128932859276,4.054431624696802,-0.003919450106661,0.0001948354526028,0.0066236624086398,0.6848772247721957,7.1929342212158,2.169074492099323,15.602010142587499,0.0218209179834462,0.0782543265613243,1.1430844858254965,-0.3851760088879912,0.767674321219208,-0.08813451844792888,-0.6428297607252104,83.89528380783818,1.178271247452925,0.103745385050616,0.09051
2007-04-01,4.703213899011179,4.298010109544284,3.4361743686988286,1.350440740274976,1.8000000000000074,0.692340285,-0.450025912980947,-0.7000000000000016,5.2,5.6,6.599999999999998,5.799999999999998,5.000000000000003,3.700000000000001,7.299999999999993,7.899999999999999,5.7999999999999945,4.999999999999997,567.0,-0.5306282639503479,0.0,1.8245493173599243,0.0,1.8870697021484373,0.0152674913406372,2.0281481742858887,0.0,1.9169225692749023,0.0,1.7917594909667969,0.016807198524475,1.5475624799728394,0.0,2.116255521774292,0.0121214389801025,2.186051368713379,0.0,1.9169225692749023,0.0,1.7917594909667969,0.0,0.0,4.701859474182129,4.295191287994385,4.695337295532227,4.295272350311279,0.1000000014901161,-0.6000000238418579,-8.106231689453125e-05,0.0042743682861328,15.162727269259364,6.4844749174414655,4.94,4.56,0.45,1.75,,-0.3800000000000008,4.514041252576989,4.007464171596691,9.869856332656072,4.614671901376903,4.204152658115723,-0.0023020922984846,0.0010240323942115,0.006655731591639,0.743556913246473,7.787382026484701,1.8474055624740555,14.38645287283832,0.015359070153590702,0.07264425072644251,1.0969055355812514,-0.9197487419746052,0.4713768327519718,-1.0792215203188995,-1.0070091435721402,65.70258853064654,1.104923131466133,-0.0733481159867921,0.09051
2007-05-01,4.712343357791669,4.290604512816769,3.4240454547349075,1.350440740274976,1.8000000000000074,-3.083981109,-0.66439182079171,-0.6000000000000016,5.2,5.6,6.599999999999998,5.799999999999998,5.000000000000003,3.700000000000001,7.299999999999993,7.899999999999999,5.899999999999994,4.999999999999997,568.0,-0.4700036346912384,0.0606246292591095,1.8245493173599243,0.0,1.8870697021484373,0.0,2.0281481742858887,0.0,1.9169225692749023,0.0,1.7917594909667969,0.0,1.5475624799728394,0.0,2.116255521774292,0.0,2.186051368713379,0.0,1.9315214157104488,0.0145988464355468,1.7917594909667969,0.0,0.0,4.703213691711426,4.298009872436523,4.701859474182129,4.295191287994385,0.0,0.1000000014901161,0.0028185844421386,-8.106231689453125e-05,12.93299994468689,6.521162954234535,4.87,4.69,0.57,1.68,,-0.1799999999999997,4.5038016915998025,-2.229727324572476,9.925219254789353,4.621372221278656,4.163503962820088,-0.0018403084469662,0.0010917814682349,0.0046141621734433,0.7757426807000907,7.72356247227797,1.6922566371681416,13.070249856295176,0.03185840707964602,0.07787610619469026,-0.6245390279093249,-0.6428564011966523,0.3538371564924709,-0.4620729231373743,-0.5727986523248241,67.73662163906795,1.074292330664895,-0.0306308008012379,0.13358
2007-06-01,4.713833541261219,4.285234830305762,3.483152854078167,1.24898332790488,1.6000000000000074,1.583567319,-1.68272918182414,-0.5000000000000017,5.1000000000000005,5.6,6.599999999999998,5.799999999999998,5.000000000000003,3.700000000000001,7.299999999999993,7.899999999999999,5.899999999999994,4.999999999999997,569.0,-0.4054650962352752,0.0645385384559631,1.808288812637329,-0.0162605047225952,1.8870697021484373,0.0,2.0281481742858887,0.0,1.9169225692749023,0.0,1.7917594909667969,0.0,1.5475624799728394,0.0,2.116255521774292,0.0,2.186051368713379,0.0,1.9315214157104488,0.0,1.7917594909667969,0.0,-0.1014574095606803,4.712343215942383,4.290604591369629,4.703213691711426,4.298009872436523,-0.2000000029802322,0.0,-0.0074052810668945,0.0028185844421386,13.297727324745871,6.5032547055608,4.73,4.75,0.76,1.6,,0.0199999999999995,4.499587423413026,0.3647273800589818,9.938507001219005,4.622328142753466,4.0424106793682295,-0.0074737011807637,0.0031276694318616,0.0022511710469837,0.7838104059895215,7.820037989458753,2.2825632784250702,17.849731550627567,0.014865407794294898,0.06588991562876657,0.1567412437011019,-0.7639341830345394,0.9191061785772202,-0.061640216659545465,-0.34643227682273253,95.38646027204814,1.0178629639009222,-0.0564293667639728,0.13358
2007-07-01,4.718302423429047,4.293355394509614,3.576037155995164,1.0784510589549017,1.3000000000000074,3.991034536,0.301517009286413,-0.2000000000000016,5.2,5.6,6.599999999999998,5.799999999999998,5.000000000000003,3.700000000000001,7.199999999999993,7.899999999999999,5.899999999999994,4.999999999999997,570.0,-0.1823215633630752,0.2231435328722,1.8245493173599243,0.0162605047225952,1.8870697021484373,0.0,2.0281481742858887,0.0,1.9169225692749023,0.0,1.7917594909667969,0.0,1.5475624799728394,0.0,2.104134082794189,-0.0121214389801025,2.186051368713379,0.0,1.9315214157104488,0.0,1.7917594909667969,0.0,-0.1705322712659835,4.713833332061768,4.285234928131104,4.712343215942383,4.290604591369629,-0.1000000014901161,0.2000000029802322,-0.0053696632385253,-0.0074052810668945,14.947618938627697,6.485642361901082,4.61,5.1,0.68,1.59,,0.4899999999999993,4.498475447317128,1.6498916138818256,9.96324890122327,4.622904990537174,4.041613617014928,-0.0051888268624584,0.0028333825463145,0.0065059924463603,0.7801706789512561,7.706612913964197,1.71975697569757,13.253501317790903,0.022952295229522954,0.06525652565256526,-0.5139453529327944,0.046578805078382295,0.04445524180872031,0.02253166080174622,-0.26536974886835335,72.69730184862063,0.9665731069574564,-0.0512898569434658,0.13358
2007-08-01,4.722594935245345,4.284844597787695,3.5513025190386496,1.137982046293372,1.4000000000000077,-2.222768623,-0.680942015144282,0.0999999999999983,5.2,5.6,6.599999999999998,5.899999999999998,5.000000000000003,3.700000000000001,7.199999999999993,8.099999999999998,5.899999999999994,4.999999999999997,571.0,0.0953101813793182,0.2776317596435547,1.8245493173599243,0.0,1.8870697021484373,0.0,2.0281481742858887,0.0,1.9315214157104488,0.0145988464355468,1.7917594909667969,0.0,1.5475624799728394,0.0,2.104134082794189,0.0,2.2082743644714355,0.0222229957580566,1.9315214157104488,0.0,1.7917594909667969,0.0,0.0595309883356094,4.718302249908447,4.293355464935303,4.713833332061768,4.285234928131104,0.4000000059604645,0.0,0.0081205368041992,-0.0053696632385253,17.273333277021134,6.500358306024146,4.82,5.0,0.54,1.85,,0.1799999999999997,4.482889551279259,2.3257143383934373,10.037939021760332,4.6217047338271815,3.9479045711749,-0.0052687160868267,0.0012967261470797,0.0067382390765215,0.7668587614756794,7.493317248862145,1.8905292479108635,14.166335422848853,0.036211699164345405,0.10250696378830083,0.2412503790490265,0.14650820855941507,0.9194847472170138,0.48987462304424895,-1.2800497352558198,115.63776136602104,1.157231907083109,0.1906588001256526,0.1846
2007-09-01,4.723232293811326,4.293820498789456,3.6461570021260896,1.137982046293372,1.4000000000000077,5.159369907,-0.843821738094633,0.0999999999999983,5.4,5.699999999999999,6.599999999999998,5.799999999999998,5.000000000000003,3.700000000000001,7.199999999999993,8.099999999999998,5.899999999999994,5.099999999999997,572.0,0.0953101813793182,0.0,1.8562979698181152,0.0317486524581909,1.9021074771881104,0.0150377750396728,2.0281481742858887,0.0,1.9169225692749023,-0.0145988464355468,1.7917594909667969,0.0,1.5475624799728394,0.0,2.104134082794189,0.0,2.2082743644714355,0.0,1.9315214157104488,0.0,1.808288812637329,0.0165293216705322,0.0,4.722594738006592,4.284844398498535,4.718302249908447,4.293355464935303,-0.1000000014901161,-0.3000000119209289,-0.0085110664367675,0.0081205368041992,25.026086724322774,6.500404894857413,4.2,4.67,1.71,2.05,,0.4699999999999997,4.482550472440181,7.752753447301639,10.01326892093882,4.623628773212031,4.333497762196052,-0.0034131080480483,0.0010490345394389,0.0056061558899073,0.7080036391149247,7.189922170745808,1.475924528301887,10.611782488385286,0.0430188679245283,0.09283018867924528,-0.7332013879993704,0.25256062995112605,0.7303457527381392,1.0803488229501854,-0.3126660871258744,62.68108062549447,1.0366920846793053,-0.1205398224038036,0.1846
2007-10-01,4.729795537299268,4.303695484366697,3.7185974337567096,1.015973134179697,1.2000000000000075,2.899152438,0.0766965280869062,0.1999999999999983,5.4,5.799999999999999,6.6999999999999975,5.799999999999998,5.000000000000003,3.700000000000001,7.199999999999993,8.099999999999998,5.899999999999994,5.099999999999997,573.0,0.1823215633630752,0.087011381983757,1.8562979698181152,0.0,1.9169225692749023,0.0148150920867919,2.041220426559448,0.0130722522735595,1.9169225692749023,0.0,1.7917594909667969,0.0,1.5475624799728394,0.0,2.104134082794189,0.0,2.2082743644714355,0.0,1.9315214157104488,0.0,1.808288812637329,0.0,-0.1220089122653007,4.723232269287109,4.293820381164551,4.722594738006592,4.284844398498535,-0.2000000029802322,0.1000000014901161,0.0089759826660156,-0.0085110664367675,22.19894740456029,6.568994625932255,3.89,4.52,1.51,2.0,,0.6299999999999994,4.468089645439724,-2.827139319762484,10.129388157881577,4.625848899996448,4.540638108563093,-0.0071015658518875,0.0018442406036804,0.0128383141349212,0.6998946987804584,7.8713112033234065,2.3354198473282444,18.38281640873865,0.02251908396946565,0.06564885496183206,0.7440701141565217,-0.21618218911890175,-0.13404321903004288,0.6438501325712205,0.7804096292567402,52.718842061558334,1.263903212949477,0.2272111282701716,0.1846
2007-11-01,4.733940638300584,4.300086866217869,3.803967962207191,1.015973134179697,1.2000000000000075,2.71496869,-1.53696427897416,0.6999999999999983,5.4,5.799999999999999,6.6999999999999975,5.599999999999998,5.000000000000003,3.800000000000001,7.199999999999993,8.099999999999998,5.899999999999994,5.099999999999997,574.0,0.5306282639503479,0.3483067154884338,1.8562979698181152,0.0,1.9169225692749023,0.0,2.041220426559448,0.0,1.8870697021484373,-0.0298528671264648,1.7917594909667969,0.0,1.5686159133911133,0.0210534334182739,2.104134082794189,0.0,2.2082743644714355,0.0,1.9315214157104488,0.0,1.808288812637329,0.0,0.0,4.729795455932617,4.3036956787109375,4.723232269287109,4.293820381164551,0.2000000029802322,0.4000000059604645,0.0098752975463867,0.0089759826660156,19.115652084350582,6.626193108337788,3.9,4.53,1.05,1.99,,0.6300000000000003,4.446291680920603,-3.083295320209704,10.277764488141717,4.623024838781934,4.362338536376505,-0.0032885531942903,0.00216638333055,0.0141298990753323,0.6922595825850495,7.988882253309227,1.533695283338989,12.252511031050917,0.04411265693926027,0.10756701730573465,0.06291419514683375,-0.38314450716363985,-0.34823211758188916,-0.19724457189842712,0.5089176963344896,105.1182608617894,1.178144250255854,-0.085758962693623,0.21868
2007-12-01,4.736067738097891,4.308336000422582,3.770054748122804,1.137982046293372,1.4000000000000077,-2.399889519,0.249535556472737,0.6999999999999983,5.4,5.799999999999999,6.6999999999999975,5.599999999999998,5.000000000000003,3.800000000000001,7.199999999999993,8.099999999999998,5.899999999999994,5.099999999999997,575.0,0.5306282639503479,0.0,1.8562979698181152,0.0,1.9169225692749023,0.0,2.041220426559448,0.0,1.8870697021484373,0.0,1.7917594909667969,0.0,1.5686159133911133,0.0,2.104134082794189,0.0,2.2082743644714355,0.0,1.9315214157104488,0.0,1.808288812637329,0.0,0.1220089122653007,4.733940601348877,4.300086975097656,4.729795455932617,4.3036956787109375,0.2000000029802322,-0.5,-0.0036087036132812,0.0098752975463867,25.582380930582683,6.692391387486751,3.27,4.15,2.05,2.47,,0.8800000000000003,4.431054865741236,6.4667288462320975,10.250174904291134,4.628345550578648,4.364549908745778,-0.0112030902695068,0.0039581448767134,0.0105311856710855,0.7223136117874351,7.762170607138205,1.931843337590464,14.995297572640467,0.019582801191996593,0.06598552575564069,0.2784144403910949,-0.9957555336277739,0.13040546008183576,0.296451041828545,0.1457679657880746,82.46328847753242,0.944697103119702,-0.2334471471361517,0.21868
2008-01-01,4.750814791521406,4.310867069385993,3.77982520740152,1.137982046293372,1.4000000000000077,-1.321631118,-0.586212058133612,0.8999999999999984,5.4,5.899999999999999,6.6999999999999975,5.599999999999998,5.100000000000002,3.800000000000001,7.199999999999993,8.099999999999998,5.899999999999994,5.299999999999997,576.0,0.6418538689613342,0.1112256050109863,1.8562979698181152,0.0,1.9315214157104488,0.0145988464355468,2.041220426559448,0.0,1.8870697021484373,0.0,1.808288812637329,0.0165293216705322,1.5686159133911133,0.0,2.104134082794189,0.0,2.2082743644714355,0.0,1.9315214157104488,0.0,1.8405495882034304,0.032260775566101,0.0,4.736067771911621,4.308335781097412,4.733940601348877,4.300086975097656,-0.2000000029802322,0.2000000029802322,0.0082488059997558,-0.0036087036132812,21.651000022888184,6.688607483990251,3.0,4.1,1.41,2.52,,1.0999999999999996,4.4356858779956285,-3.9313809076945,10.241837048559177,4.628694311284961,4.593706154772365,-0.0123165675886922,0.0049224785890995,0.0085335656948476,0.7400005021574878,7.756195343948118,2.1956745182012845,17.03008047489833,0.01670235546038544,0.05524625267665953,0.9964665913189227,-0.4262041278805381,0.26186788485258883,0.3157594823273025,-0.08488644161550347,82.53792780423483,0.96966394836686,0.0249668452471577,0.21868
2008-02-01,4.745369424039905,4.31206158988671,3.8029029166430406,1.0784510589549017,1.3000000000000074,2.408226221,-0.670951961781411,0.8999999999999984,5.4,5.899999999999999,6.599999999999998,5.599999999999998,5.100000000000002,3.800000000000001,7.199999999999993,8.099999999999998,5.899999999999994,5.399999999999997,577.0,0.6418538689613342,0.0,1.8562979698181152,0.0,1.9315214157104488,0.0,2.0281481742858887,-0.0130722522735595,1.8870697021484373,0.0,1.808288812637329,0.0,1.5686159133911133,0.0,2.104134082794189,0.0,2.2082743644714355,0.0,1.9315214157104488,0.0,1.8562979698181152,0.015748381614685,-0.0595309883356094,4.750814914703369,4.310866832733154,4.736067771911621,4.308335781097412,-0.1000000014901161,-0.2000000029802322,0.0025310516357421,0.0082488059997558,25.81619071960449,6.790766302976926,2.75,3.74,1.19,2.96,,0.9900000000000002,4.429506416858203,4.165190696716309,10.142558764344912,4.6273699378839925,4.883903475502606,-0.0155843003747742,0.002277166048992,0.0070265156157789,0.7438973161721991,7.765993079407675,2.3276505513146737,18.076518072789217,0.02205258693808312,0.05258693808312129,1.4680539607683076,-0.7390082276175792,0.7679435838274717,-0.11908105429667339,-0.018320502457393962,69.30016832847306,0.9490833590569654,-0.0205805893098944,0.13844
2008-03-01,4.742229348707955,4.315087193633387,3.90105645433899,0.8813735870195482,1.000000000000007,0.683744354,0.0494129970870353,1.0999999999999983,5.4,5.899999999999999,6.299999999999998,5.599999999999998,5.100000000000002,3.800000000000001,7.199999999999993,8.099999999999998,5.899999999999994,5.399999999999997,578.0,0.7419373393058777,0.1000834703445434,1.8562979698181152,0.0,1.9315214157104488,0.0,1.9878743886947632,-0.0402737855911254,1.8870697021484373,0.0,1.808288812637329,0.0,1.5686159133911133,0.0,2.104134082794189,0.0,2.2082743644714355,0.0,1.9315214157104488,0.0,1.8562979698181152,0.0,-0.1970774680376052,4.7453694343566895,4.312061786651611,4.750814914703369,4.310866832733154,-0.2000000029802322,0.2000000029802322,0.001194953918457,0.0025310516357421,25.456000137329102,6.826868381747508,2.12,3.74,1.25,3.22,,1.62,4.4157031610332655,-0.3601905822753899,10.0794366332529,4.623440266985858,4.57930221900178,-0.009836855991731,0.0028827118049252,0.0041401963184117,0.7508318595964325,8.017307507688582,1.1853232189973617,9.503100742705145,0.04914248021108179,0.12137203166226913,-2.391491321734191,-0.08885254011018884,0.9677322885027572,3.2559074800835495,-0.5566636368918583,69.93850083940039,1.007512480550302,0.0584291214933365,0.13844
2008-04-01,4.746517827000118,4.307425791078983,3.963040486105072,0.6526665660823617,0.7000000000000073,2.579319967,-0.352398566417025,1.6999999999999984,5.6000000000000005,5.899999999999999,6.299999999999998,5.599999999999998,5.100000000000002,3.800000000000001,7.299999999999993,8.099999999999998,5.899999999999994,5.399999999999997,579.0,0.9932518005371094,0.2513144612312317,1.8870697021484373,0.0307717323303222,1.9315214157104488,0.0,1.9878743886947632,0.0,1.8870697021484373,0.0,1.808288812637329,0.0,1.5686159133911133,0.0,2.116255521774292,0.0121214389801025,2.2082743644714355,0.0,1.9315214157104488,0.0,1.8562979698181152,0.0,-0.2287070155143737,4.742229461669922,4.31508731842041,4.7453694343566895,4.312061786651611,0.0,0.4000000059604645,0.0030255317687988,0.001194953918457,27.10350008010864,6.875680333906482,1.26,3.51,1.33,3.45,,2.25,4.400357591358605,1.6474999427795396,10.0207341125374,4.620389778184776,4.854596562687483,-0.0140902249691576,0.0029820721518209,0.0045150478686783,0.7398234808831248,7.893572073504902,1.837737961926092,14.506317054679617,0.01941022769690183,0.0757745427398283,-0.8089781823856759,-1.2987019745667445,0.45202508188511337,-0.4566840913802405,-0.9109444174974504,66.76914995324769,1.0068115913808342,-0.0007008891694677,0.13844
2008-05-01,4.737676303197356,4.3117065792964535,4.064994063872682,0.8088669356527879,0.9000000000000072,7.599810113,-0.28831163558836,1.6999999999999984,5.6000000000000005,5.999999999999998,6.299999999999998,5.599999999999998,5.100000000000002,3.800000000000001,7.299999999999993,8.099999999999998,5.999999999999994,5.299999999999997,580.0,0.9932518005371094,0.0,1.8870697021484373,0.0,1.945910096168518,0.0143886804580688,1.9878743886947632,0.0,1.8870697021484373,0.0,1.808288812637329,0.0,1.5686159133911133,0.0,2.116255521774292,0.0,2.2082743644714355,0.0,1.945910096168518,0.0143886804580688,1.8405495882034304,-0.015748381614685,0.1562003642320633,4.746517658233643,4.3074259757995605,4.742229461669922,4.31508731842041,0.5,-0.6000000238418579,-0.0076613426208496,0.0030255317687988,21.562727321277965,6.8131203711303785,1.29,3.68,1.44,3.1,,2.39,4.397530821209847,-5.540772758830677,10.10976251843688,4.61391682239465,4.584742363231952,-0.0035716874886744,0.0052912366978835,0.0041981279151976,0.7289618941537186,8.203851372183879,1.456896551724138,11.95216277499203,0.018883415435139574,0.11056376573617953,0.3086519342383758,-0.5931651855945232,-1.0715266719737746,-0.3117065057139253,-1.2682061920903718,53.90941681350744,0.8613529851062414,-0.1454586062745928,0.13177
2008-06-01,4.740305791175292,4.311805893592072,4.1204587402721,0.8813735870195482,1.000000000000007,2.642393464,0.531260144678354,1.7999999999999985,5.6000000000000005,5.999999999999998,6.299999999999998,5.599999999999998,5.100000000000002,3.800000000000001,7.299999999999993,8.099999999999998,5.999999999999994,5.299999999999997,581.0,1.0296194553375244,0.036367654800415,1.8870697021484373,0.0,1.945910096168518,0.0,1.9878743886947632,0.0,1.8870697021484373,0.0,1.808288812637329,0.0,1.5686159133911133,0.0,2.116255521774292,0.0,2.2082743644714355,0.0,1.945910096168518,0.0,1.8405495882034304,0.0,0.0725066512823104,4.73767614364624,4.31170654296875,4.746517658233643,4.3074259757995605,-0.1000000014901161,0.1000000014901161,0.0042805671691894,-0.0076613426208496,18.303333009992325,6.789718086030525,1.73,3.88,0.83,3.0,,2.15,4.405132623388357,-3.2593943112856394,10.136676388791084,4.607840617210616,4.393745056730192,-0.0067495050516004,0.005394817329308,0.0006549794534348,0.7455396849340437,7.8551570058813445,2.230721489526765,17.522667536626233,0.017843289371605897,0.07253685027152831,-0.5973567013124692,-1.0154234120844887,2.2297974883593783,1.5812560363240613,-1.0822912693214957,47.05473263532787,0.9251983636330842,0.0638453785268428,0.13177
2008-07-01,4.733621446565204,4.32159704696206,4.109677338090002,0.8813735870195482,1.000000000000007,-0.622242702,0.759566198122337,1.8999999999999984,5.6000000000000005,5.999999999999998,6.299999999999998,5.599999999999998,5.100000000000002,3.800000000000001,7.299999999999993,8.099999999999998,5.999999999999994,5.299999999999997,582.0,1.0647107362747192,0.0350912809371948,1.8870697021484373,0.0,1.945910096168518,0.0,1.9878743886947632,0.0,1.8870697021484373,0.0,1.808288812637329,0.0,1.5686159133911133,0.0,2.116255521774292,0.0,2.2082743644714355,0.0,1.945910096168518,0.0,1.8405495882034304,0.0,0.0,4.7403059005737305,4.311805725097656,4.73767614364624,4.31170654296875,-0.1000000014901161,0.0,9.918212890625e-05,0.0042805671691894,22.11047617594401,6.790646016289763,1.86,4.1,0.91,3.05,,2.2399999999999998,4.411464070327499,3.807143165951686,10.05119605459612,4.60550512988812,4.510197213842873,-0.011725536723057,0.0041098392708969,0.0036506333001633,0.7647824847378635,7.785305182539862,2.3344009983361063,18.174024190472316,0.0370216306156406,0.0723793677204659,-0.18422183879414833,-1.2009742020242584,1.0473737676995825,1.016804868089266,-0.07098081074514112,70.63813437244812,1.022221261950298,0.0970228983172137,0.13177
2008-08-01,4.724581229054305,4.306968347652451,3.976350017620101,0.9503469298211392,1.1000000000000074,-5.564788772,-0.36634606470032,1.8999999999999984,5.7,6.099999999999998,6.299999999999998,5.599999999999998,5.100000000000002,3.800000000000001,7.299999999999993,8.099999999999998,5.999999999999994,5.299999999999997,583.0,1.0647107362747192,0.0,1.9021074771881104,0.0150377750396728,1.9600948095321653,0.0141847133636474,1.9878743886947632,0.0,1.8870697021484373,0.0,1.808288812637329,0.0,1.5686159133911133,0.0,2.116255521774292,0.0,2.2082743644714355,0.0,1.945910096168518,0.0,1.8405495882034304,0.0,0.0689733400940895,4.733621597290039,4.321597099304199,4.7403059005737305,4.311805725097656,0.1000000014901161,-0.1000000014901161,0.0097913742065429,9.918212890625e-05,24.32136362249201,6.8456372926517775,1.63,4.01,1.14,3.22,,2.38,4.405498990859024,2.210887446548,10.002363619068714,4.601924925823062,4.673331657557893,-0.0029639601488389,0.0043942474796046,0.0064077567603148,0.7785506083175617,7.644440761556566,1.8015325670498084,13.771708988827191,0.04310344827586207,0.07231800766283525,0.8557010642880473,-0.17568438471859404,0.42656153426231613,0.40752462826841135,-1.7106486985369795,73.61768322337248,1.0059284201904228,-0.0162928417598751,0.18019
2008-09-01,4.714394925905143,4.2934124056211145,3.860089155893368,0.8813735870195482,1.000000000000007,-2.727420923,-0.281734689968988,1.999999999999999,5.7,6.099999999999998,6.299999999999998,5.799999999999998,5.100000000000002,3.800000000000001,7.299999999999993,8.099999999999998,5.999999999999994,5.299999999999997,584.0,1.0986123085021973,0.033901572227478,1.9021074771881104,0.0,1.9600948095321653,0.0,1.9878743886947632,0.0,1.9169225692749023,0.0298528671264648,1.808288812637329,0.0,1.5686159133911133,0.0,2.116255521774292,0.0,2.2082743644714355,0.0,1.945910096168518,0.0,1.8405495882034304,0.0,-0.0689733400940895,4.724581241607666,4.3069682121276855,4.733621597290039,4.321597099304199,-0.2000000029802322,0.1000000014901161,-0.0146288871765136,0.0097913742065429,20.695714133126398,6.732240503401104,1.72,3.89,1.12,3.29,,2.17,4.425445255041403,-3.6256494893656175,9.970338142375494,4.5861005100174514,4.585982954838854,-0.0019906329758443,0.0053616064262353,0.0161421130884171,0.7531888781964895,7.447751280047908,1.356268221574344,10.10114838331862,0.03906705539358601,0.10495626822157435,-0.5308571191286521,-0.1282808559485708,0.36218797611129944,1.1469940831241356,-1.2279442033725512,98.35270574709185,1.239152684937902,0.2332242647474791,0.18019
2008-10-01,4.698828092449383,4.306973750847088,3.5645454795055684,0.6526665660823617,0.7000000000000073,-8.580540309,3.47800517802722,1.999999999999999,5.7,6.099999999999998,5.799999999999998,5.899999999999998,5.100000000000002,3.800000000000001,7.299999999999993,8.099999999999998,6.199999999999994,5.299999999999997,585.0,1.0986123085021973,0.0,1.9021074771881104,0.0,1.9600948095321653,0.0,1.9169225692749023,-0.0709518194198608,1.9315214157104488,0.0145988464355468,1.808288812637329,0.0,1.5686159133911133,0.0,2.116255521774292,0.0,2.2082743644714355,0.0,1.974081039428711,0.0281709432601928,1.8405495882034304,0.0,-0.2287070155143737,4.714395046234131,4.293412208557129,4.724581241607666,4.3069682121276855,-0.2000000029802322,-0.1000000014901161,-0.0135560035705566,-0.0146288871765136,30.23857134864444,6.721343769723542,1.13,3.69,3.15,4.0,,2.56,4.44640889360315,9.542857215518044,9.871460621970158,4.541052909447889,5.067757659027191,-0.0051854307493199,0.0016375301639925,0.0245088828805567,0.7170391244027114,7.349873704738337,2.34411575562701,17.228954753145796,0.02122186495176849,0.07266881028938907,0.5737317933451975,-0.6489427921617665,1.5390865357464485,0.4263614653503324,-0.9406579509898466,67.27860943343649,1.020683394097856,-0.218469290840046,0.18019
2008-11-01,4.6714156869063626,4.30471858233633,3.293900893020532,0.7326682560454165,0.8000000000000073,-6.992567587,2.0357382351886,2.0999999999999988,5.7,6.099999999999998,5.599999999999998,5.899999999999998,5.100000000000002,3.800000000000001,7.299999999999993,8.099999999999998,6.199999999999994,5.399999999999997,586.0,1.1314021348953247,0.0327898263931274,1.9021074771881104,0.0,1.9600948095321653,0.0,1.8870697021484373,-0.0298528671264648,1.9315214157104488,0.0,1.808288812637329,0.0,1.5686159133911133,0.0,2.116255521774292,0.0,2.2082743644714355,0.0,1.974081039428711,0.0,1.8562979698181152,0.015748381614685,0.0800016894936561,4.698828220367432,4.306973934173584,4.714395046234131,4.293412208557129,0.4000000059604645,0.1000000014901161,0.013561725616455,-0.0135560035705566,61.1773912181025,6.692852677569506,0.67,3.81,2.59,5.53,,3.14,4.501253072568319,30.93881986945806,9.616481947592238,4.550945230056136,5.339387510756611,0.0071760637251643,0.0064166658900139,0.0209619294345803,0.7063005957685062,7.516433302915632,1.3860642351660315,10.418259377182244,0.032117583015786606,0.10070767555797495,-1.326563604478032,0.12468132250354182,0.18218116399654766,-0.3110626841887268,-1.2832584257319741,57.42585334138504,0.7872233235097115,-0.2334600705881444,0.14048
2008-12-01,4.63876355684761,4.294289385211651,2.9654873259788794,0.8813735870195482,1.000000000000007,-5.267104223,1.95447948406363,2.0999999999999988,5.7,6.099999999999998,5.599999999999998,5.899999999999998,5.100000000000002,3.800000000000001,7.299999999999993,8.099999999999998,6.199999999999994,5.399999999999997,587.0,1.1314021348953247,0.0,1.9021074771881104,0.0,1.9600948095321653,0.0,1.8870697021484373,0.0,1.9315214157104488,0.0,1.808288812637329,0.0,1.5686159133911133,0.0,2.116255521774292,0.0,2.2082743644714355,0.0,1.974081039428711,0.0,1.8562979698181152,0.0,0.1487053334712982,4.67141580581665,4.304718494415283,4.698828220367432,4.306973934173584,0.1000000014901161,-0.1000000014901161,-0.0022554397583007,0.013561725616455,62.63947336297287,6.634453315373801,0.19,3.53,2.21,6.1,,3.34,4.511628441579727,1.4620821448703651,9.515823953174262,4.537656576995542,4.979496598767287,-0.0019613302345706,0.0064121413239173,0.016660484428497,0.6660096136603322,7.635786861395585,2.499855072463768,19.088360517711948,0.013043478260869565,0.06618357487922705,0.1192640285590489,-0.6993184774155969,1.485228089292407,0.8036569467503349,0.16509280166748702,56.32131718229799,0.9411444534579384,0.1539211299482268,0.14048
2009-01-01,4.610062200548517,4.2812135415772925,2.9803599006514325,0.9503469298211392,1.1000000000000074,5.7012512,-0.134176806847996,1.8999999999999988,5.7,6.099999999999998,5.599999999999998,5.999999999999997,5.100000000000002,3.800000000000001,7.299999999999993,8.099999999999998,6.199999999999994,5.599999999999997,588.0,1.0647107362747192,-0.0666913986206054,1.9021074771881104,0.0,1.9600948095321653,0.0,1.8870697021484373,0.0,1.945910096168518,0.0143886804580688,1.808288812637329,0.0,1.5686159133911133,0.0,2.116255521774292,0.0,2.2082743644714355,0.0,1.974081039428711,0.0,1.8870697021484373,0.0307717323303222,0.0689733400940895,4.638763427734375,4.294289588928223,4.67141580581665,4.304718494415283,-0.1000000014901161,-0.2000000029802322,-0.0104289054870605,-0.0022554397583007,52.40500016645952,6.704527093706895,0.03,2.42,1.32,5.82,,2.39,4.49468545281282,-10.234473196513347,9.587010802464604,4.509052380141634,4.995991091262031,-0.0004249738118899,0.0048926497775172,0.0368370497669691,0.722061698050763,7.718240951959316,2.4625,19.006168344199814,0.018238434163701068,0.07473309608540925,0.3315384460309221,-0.7834546674956174,1.549798588015032,0.7484553251633573,0.28568772666943415,74.35746879188454,1.0415964893468952,0.1004520358889569,0.14048
2009-02-01,4.618485147148717,4.287948194716473,2.912919774433242,0.8813735870195482,1.000000000000007,1.588019125,2.61442912694899,1.8999999999999988,5.7,6.099999999999998,5.599999999999998,5.999999999999997,5.100000000000002,3.800000000000001,7.299999999999993,7.899999999999998,6.199999999999994,5.599999999999997,589.0,1.0647107362747192,0.0,1.9021074771881104,0.0,1.9600948095321653,0.0,1.8870697021484373,0.0,1.945910096168518,0.0,1.808288812637329,0.0,1.5686159133911133,0.0,2.116255521774292,0.0,2.186051368713379,-0.0222229957580566,1.974081039428711,0.0,1.8870697021484373,0.0,-0.0689733400940895,4.610062122344971,4.281213760375977,4.638763427734375,4.294289588928223,-0.2000000029802322,0.2000000029802322,-0.013075828552246,-0.0104289054870605,44.68300018310547,6.755407972099974,0.13,2.52,0.94,5.38,,2.39,4.504907764049697,-7.721999983354046,9.531985731697963,4.483793199821491,4.977833531913102,0.0024447921295305,0.0022364354787435,0.0229287803189033,0.7910092647790918,7.9211727215870145,1.7346768336964415,13.740674815845187,0.030137981118373274,0.0784313725490196,-1.0223393403643946,-0.996070927327207,1.5107952952843646,-0.13781889195709462,0.45498402452291753,74.14281255748698,1.338748259454106,0.2971517701072108,0.13245
2009-03-01,4.613539068991741,4.286103350709606,3.117035984723754,0.5688248987322538,0.6000000000000073,8.704392943,-0.617666928020838,2.0999999999999988,5.7,6.099999999999998,5.6999999999999975,5.999999999999997,5.100000000000002,3.800000000000001,7.299999999999993,7.899999999999998,6.199999999999994,5.599999999999997,590.0,1.1314021348953247,0.0666913986206054,1.9021074771881104,0.0,1.9600948095321653,0.0,1.9021074771881104,0.0150377750396728,1.945910096168518,0.0,1.808288812637329,0.0,1.5686159133911133,0.0,2.116255521774292,0.0,2.186051368713379,0.0,1.974081039428711,0.0,1.8870697021484373,0.0,-0.3125486969947815,4.618484973907471,4.287948131561279,4.610062122344971,4.281213760375977,-0.3000000119209289,0.2000000029802322,0.0067343711853027,-0.013075828552246,45.57052592227333,6.849066282633458,0.3,2.87,1.0,5.22,,2.5700000000000003,4.531631282653221,0.887525739167863,9.485442814119478,4.47768902517201,4.96684229328212,4.386381747512047e-05,0.0015394707987319,0.0221077112417728,0.8558039871074015,8.23217423638394,2.284490555998936,18.806324298356866,0.007980845969672785,0.0633147113594041,1.1797292628735316,0.022784061472565616,0.624956228750954,-0.32821555355165266,-0.4889144825627495,44.44972909254745,0.9458642660453516,-0.3928839934087546,0.13245
2009-04-01,4.615400675612928,4.289223060706635,3.1530593122141,0.4812118250596101,0.5000000000000073,0.925994492,1.35714832796592,1.999999999999999,5.7,6.099999999999998,5.6999999999999975,5.999999999999997,5.100000000000002,3.800000000000001,7.299999999999993,7.899999999999998,6.199999999999994,5.599999999999997,591.0,1.0986123085021973,-0.0327898263931274,1.9021074771881104,0.0,1.9600948095321653,0.0,1.9021074771881104,0.0,1.945910096168518,0.0,1.808288812637329,0.0,1.5686159133911133,0.0,2.116255521774292,0.0,2.186051368713379,0.0,1.974081039428711,0.0,1.8870697021484373,0.0,-0.0876130759716034,4.613539218902588,4.286103248596191,4.618484973907471,4.287948131561279,0.3000000119209289,-0.3000000119209289,-0.0018448829650878,0.0067343711853027,44.7954548922452,6.82900748254904,0.21,2.82,0.98,5.74,,2.61,4.537426533901572,-0.7750710300281298,9.456806089487404,4.461909329546052,4.909261573192907,-0.0009654487160484,0.0017518043638311,0.0315854625152248,0.7232859398722402,8.395251520610994,1.4133107344632767,11.865099092598665,0.026440677966101694,0.09988700564971752,-1.3714034386827887,-0.4600049382207097,-0.8949584642605228,1.4433990839541782,-0.9229679017042819,57.46741040107933,0.8563987097858088,-0.0894655562595426,0.13245
2009-05-01,4.621071093819756,4.283464333701417,3.32402037706996,0.3900353197707221,0.4000000000000073,7.863937157,-0.0260919655722475,2.0999999999999988,5.7,6.099999999999998,5.6999999999999975,5.999999999999997,5.100000000000002,3.800000000000001,7.299999999999993,7.899999999999998,6.099999999999994,5.599999999999997,592.0,1.1314021348953247,0.0327898263931274,1.9021074771881104,0.0,1.9600948095321653,0.0,1.9021074771881104,0.0,1.945910096168518,0.0,1.808288812637329,0.0,1.5686159133911133,0.0,2.116255521774292,0.0,2.186051368713379,0.0,1.9600948095321653,-0.0139862298965454,1.8870697021484373,0.0,-0.0911765024065971,4.615400791168213,4.2892231941223145,4.613539218902588,4.286103248596191,0.0,0.2000000029802322,0.003119945526123,-0.0018448829650878,38.063809349423366,6.791446156581754,0.16,2.93,0.88,5.08,,2.77,4.513602992462601,-6.731645542821838,9.61735336149757,4.453584214482981,4.645118254746446,-0.0021830071156023,0.0011150571285255,0.031265567643643,0.762595186590949,8.274357006756292,1.95855649069115,16.20579562187833,0.02346340219331803,0.08875286916602908,0.3764000028364001,-0.004667171923473721,0.5587814318963827,0.35008321977067824,-0.4396355784665471,63.68460140863226,1.0713805934594625,0.2149818836736536,0.21794
2009-06-01,4.630795046826829,4.285688874589735,3.479422711916167,0.7326682560454165,0.8000000000000074,7.442798615,-0.581655663190996,2.0999999999999988,5.7,6.099999999999998,5.6999999999999975,5.999999999999997,5.100000000000002,3.700000000000001,7.299999999999993,7.899999999999998,6.099999999999994,5.599999999999997,593.0,1.1314021348953247,0.0,1.9021074771881104,0.0,1.9600948095321653,0.0,1.9021074771881104,0.0,1.945910096168518,0.0,1.808288812637329,0.0,1.5475624799728394,-0.0210534334182739,2.116255521774292,0.0,2.186051368713379,0.0,1.9600948095321653,0.0,1.8870697021484373,0.0,0.3426329493522644,4.621070861816406,4.283464431762695,4.615400791168213,4.2892231941223145,0.5,-0.1000000014901161,-0.0057587623596191,0.003119945526123,31.97799997329712,6.833726534459054,0.18,3.29,0.52,4.29,,3.11,4.4850343847481104,-6.085809376126246,9.743560819803164,4.443433303552957,4.608419946790713,0.0014363396334171,0.0018416797867529,0.0020402667621664,0.7243238757164239,8.365905077202456,2.2549918547824066,18.865047806974317,0.016290435187340004,0.07097975331626716,0.7036725872031185,-0.43054344475077244,1.0330911247229357,0.47031388295713866,-0.4757801371245393,62.05961464872408,1.1025683963575494,0.0311878028980869,0.21794
2009-07-01,4.639604462407412,4.297857745802601,3.396095734743211,1.0159731341796967,1.2000000000000073,-1.857186948,0.987642860099474,2.0999999999999988,5.6000000000000005,6.099999999999998,5.6999999999999975,5.899999999999998,5.100000000000002,3.700000000000001,7.299999999999993,7.899999999999998,6.099999999999994,5.599999999999997,594.0,1.1314021348953247,0.0,1.8870697021484373,-0.0150377750396728,1.9600948095321653,0.0,1.9021074771881104,0.0,1.9315214157104488,-0.0143886804580688,1.808288812637329,0.0,1.5475624799728394,0.0,2.116255521774292,0.0,2.186051368713379,0.0,1.9600948095321653,0.0,1.8870697021484373,0.0,0.2833048701286316,4.630795001983643,4.285688877105713,4.621070861816406,4.283464431762695,-1.1102230246251563e-16,0.0,0.0022244453430175,-0.0057587623596191,29.140454725785688,6.851893670984723,0.18,3.72,0.4,3.64,,3.54,4.481193006168381,-2.837545247511432,9.81697342379892,4.439657367509206,4.858689126434349,0.0003514423817108,0.0018574223712286,0.0150358049572202,0.7490089597034051,8.46695197497949,1.7968657972233906,15.213976410573684,0.02524190155658393,0.09739167017248633,-0.10892049192674978,-0.16548032387060319,0.8589029120095455,-0.6475004385048978,-0.945820622191012,42.76364924182331,0.95390176110951,-0.1486666352480394,0.21794
2009-08-01,4.647810047187028,4.290741812236827,3.4959891200290767,1.0159731341796967,1.2000000000000073,3.160496375,-2.15466804823628,2.0999999999999988,5.6000000000000005,6.099999999999998,5.6999999999999975,5.899999999999998,5.100000000000002,3.700000000000001,7.299999999999993,7.899999999999998,6.099999999999994,5.599999999999997,595.0,1.1314021348953247,0.0,1.8870697021484373,0.0,1.9600948095321653,0.0,1.9021074771881104,0.0,1.9315214157104488,0.0,1.808288812637329,0.0,1.5475624799728394,0.0,2.116255521774292,0.0,2.186051368713379,0.0,1.9600948095321653,0.0,1.8870697021484373,0.0,0.0,4.639604568481445,4.297857761383057,4.630795001983643,4.285688877105713,-0.4000000059604645,0.0,0.0121688842773437,0.0022244453430175,26.16272735595703,6.839720519787552,0.18,3.56,0.3,3.11,,3.38,4.47688216568656,-2.9777273698286564,9.84711340594452,4.450884330358329,4.758983003031861,0.0002488636459656,0.0006579796937819,0.0140380616386702,0.7695682832976214,8.446985296372741,2.174377682403433,18.366936312022837,0.020815450643776823,0.06824034334763948,0.7001119406407851,-0.6603164220029544,0.2967843867078885,0.6575050548877922,0.46032207655208207,63.11038632514268,0.9930820695745328,0.0391803084650228,0.18972
2009-09-01,4.659044546556674,4.296930799135444,3.471286551285288,1.0159731341796967,1.2000000000000073,0.357764537,0.461682575838099,2.199999999999999,5.6000000000000005,6.099999999999998,5.6999999999999975,5.899999999999998,5.100000000000002,3.700000000000001,7.299999999999993,7.899999999999998,6.099999999999994,5.599999999999997,596.0,1.1631507873535156,0.0317486524581909,1.8870697021484373,0.0,1.9600948095321653,0.0,1.9021074771881104,0.0,1.9315214157104488,0.0,1.808288812637329,0.0,1.5475624799728394,0.0,2.116255521774292,0.0,2.186051368713379,0.0,1.9600948095321653,0.0,1.8870697021484373,0.0,0.0,4.647809982299805,4.290741920471191,4.639604568481445,4.297857761383057,0.0,0.1000000014901161,-0.0071158409118652,0.0121688842773437,25.33714285350981,6.8558038733500375,0.17,3.59,0.2,2.98,,3.42,4.4629151384072205,-0.8255845024472208,9.926983584236106,4.461791611476078,4.685130236707174,-0.0002927871897242,0.0003461550147832,0.0062217314376914,0.7877156614443241,8.16961956172385,1.8491079014443497,15.106508083377896,0.03313508920985556,0.09968847352024922,-0.923610877094147,-1.0839436739505597,1.9709155603339539,-0.5884563863636247,0.2826997720289121,53.50026639830588,1.0109278269535291,0.0178457573789965,0.18972
2009-10-01,4.663888992892432,4.302761879525127,3.555900179058963,1.0159731341796967,1.2000000000000073,4.070005197,-0.294968711986876,2.299999999999999,5.7,6.099999999999998,5.6999999999999975,5.899999999999998,5.000000000000003,3.700000000000001,7.299999999999993,7.899999999999998,6.099999999999994,5.599999999999997,597.0,1.193922519683838,0.0307717323303222,1.9021074771881104,0.0150377750396728,1.9600948095321653,0.0,1.9021074771881104,0.0,1.9315214157104488,0.0,1.7917594909667969,-0.0165293216705322,1.5475624799728394,0.0,2.116255521774292,0.0,2.186051368713379,0.0,1.9600948095321653,0.0,1.8870697021484373,0.0,0.0,4.6590447425842285,4.29693078994751,4.647809982299805,4.290741920471191,0.0,0.0,0.0061888694763183,-0.0071158409118652,24.926666713896253,6.904340455102132,0.12,3.4,0.15,2.86,,3.28,4.453998398186353,-0.4104761396135572,9.94848407973924,4.470567362443543,4.770916140036748,-0.0005418823954919,0.0004042922522624,0.0087320895957071,0.7430044894944805,8.907883013942248,2.5126674786845307,22.382547953059028,0.020165110299093247,0.05061578021383137,1.6800852463463005,-0.22009024570622024,0.9377826085629023,0.44497244653538015,0.05239300958047443,63.67938000829624,0.9784715336251948,-0.0324562933283346,0.18972
2009-11-01,4.6731605551374535,4.304095214372144,3.581929014530681,1.24898332790488,1.6000000000000072,-3.060204885,-0.0886741148021017,2.499999999999999,5.7,6.099999999999998,5.6999999999999975,5.899999999999998,4.8000000000000025,3.700000000000001,7.299999999999993,7.899999999999998,6.099999999999994,5.599999999999997,598.0,1.2527629137039185,0.0588403940200805,1.9021074771881104,0.0,1.9600948095321653,0.0,1.9021074771881104,0.0,1.9315214157104488,0.0,1.7578579187393188,-0.033901572227478,1.5475624799728394,0.0,2.116255521774292,0.0,2.186051368713379,0.0,1.9600948095321653,0.0,1.8870697021484373,0.0,0.2330101877450943,4.663888931274414,4.302762031555176,4.6590447425842285,4.29693078994751,0.4000000059604645,0.1000000014901161,0.005831241607666,0.0061888694763183,24.252272865988992,6.9500088882528,0.07,3.39,0.23,2.86,,3.3200000000000003,4.439587745198413,-0.6743938479072611,9.983453293261771,4.473259194090623,4.577193034826768,2.929844864918429e-05,0.0002863666463097,0.0089912082040207,0.7313973569502425,8.70930004894499,2.484747441399802,21.640411012999234,0.016342027071640806,0.06272697259821723,1.566536547055025,-0.15347874423457972,0.7621527343742077,0.9078172434476786,-0.23900674765075136,60.82828543269181,0.9772581483490056,-0.0012133852761889,0.14507
2009-12-01,4.679043130524986,4.300016584717638,3.531785982994759,1.3008204268406505,1.7000000000000073,-0.382024958,-1.15223517956724,2.499999999999999,5.7,6.099999999999998,5.6999999999999975,5.899999999999998,4.8000000000000025,3.700000000000001,7.299999999999993,7.899999999999998,6.099999999999994,5.399999999999997,599.0,1.2527629137039185,0.0,1.9021074771881104,0.0,1.9600948095321653,0.0,1.9021074771881104,0.0,1.9315214157104488,0.0,1.7578579187393188,0.0,1.5475624799728394,0.0,2.116255521774292,0.0,2.186051368713379,0.0,1.9600948095321653,0.0,1.8562979698181152,-0.0307717323303222,0.0518370978534221,4.673160552978516,4.304095268249512,4.663888931274414,4.302762031555176,-0.3000000119209289,-0.2000000029802322,0.0013332366943359,0.005831241607666,23.783499908447265,7.02734645674167,0.05,3.4,0.2,2.99,,3.35,4.4327197489894,-0.4687729575417272,10.00872264604321,4.477587919312385,4.682921362107565,1.4648902431302346e-05,0.0003256248484329,0.00189622440521,0.7574771343065607,8.666130304190608,1.9791795932437093,17.15182825044495,0.02688728024819028,0.06446053085143054,0.7485667373555217,-1.0093830287857302,0.31807511078670364,0.9185493668370805,0.029664379314529546,57.461111722369786,0.8922113494409308,-0.0850467989080748,0.14507
2010-01-01,4.697462179282757,4.302205053591725,3.582551878722567,0.9503469298211392,1.1000000000000072,-3.589504419,-0.250154889467691,2.499999999999999,5.7,6.099999999999998,5.6999999999999975,5.899999999999998,4.8000000000000025,3.700000000000001,7.299999999999993,7.899999999999998,6.099999999999994,5.399999999999997,600.0,1.2527629137039185,0.0,1.9021074771881104,0.0,1.9600948095321653,0.0,1.9021074771881104,0.0,1.9315214157104488,0.0,1.7578579187393188,0.0,1.5475624799728394,0.0,2.116255521774292,0.0,2.186051368713379,0.0,1.9600948095321653,0.0,1.8562979698181152,0.0,-0.3504734933376312,4.679043292999268,4.300016403198242,4.673160552978516,4.304095268249512,-0.699999988079071,0.0,-0.0040788650512695,0.0013332366943359,21.23954547535289,7.034144728538278,0.05,3.59,0.19,2.54,,3.54,4.432006566978902,-2.5439544330943704,9.98727229202532,4.481637779327259,4.651083298267121,-8.789663361552513e-05,6.385515313336137e-05,0.0062246117382966,0.7784272477861962,8.601166625192416,2.4527312856354606,21.09635047457301,0.024462019496045612,0.06823615964686408,0.1139701011155692,-1.082374889760444,0.9314678835600679,1.3454252800768551,0.22842884100260086,86.20785476424857,0.8915032599626196,-0.0007080894783112,0.14507
2010-02-01,4.696153746733099,4.308967946444574,3.560223181290698,0.8088669356527879,0.9000000000000072,-0.835272879,-0.0898702403237804,2.499999999999999,5.7,6.099999999999998,5.6999999999999975,5.899999999999998,4.8000000000000025,3.700000000000001,7.299999999999993,7.899999999999998,6.099999999999994,5.399999999999997,601.0,1.2527629137039185,0.0,1.9021074771881104,0.0,1.9600948095321653,0.0,1.9021074771881104,0.0,1.9315214157104488,0.0,1.7578579187393188,0.0,1.5475624799728394,0.0,2.116255521774292,0.0,2.186051368713379,0.0,1.9600948095321653,0.0,1.8562979698181152,0.0,-0.1414799988269806,4.69746208190918,4.3022050857543945,4.679043292999268,4.300016403198242,0.4000000059604645,0.0,0.0021886825561523,-0.0040788650512695,20.643157758210837,7.0192635583552345,0.06,3.73,0.17,2.57,,3.67,4.435093355610574,-0.5963877171420613,9.971557144598442,4.492478417806307,4.783778329924247,0.0001318420534113,0.0001099506799975,0.0057905446599728,0.7503812563066443,8.7879833961978,1.1101769911504424,9.756216965070921,0.030515715593530668,0.14250839182178823,-2.217834231814308,0.6988919117037843,0.05138923073525298,0.9191307865384076,-0.6425093611228953,97.52235642925142,1.0,0.1084967400373804,0.18952
2010-03-01,4.710696187952303,4.313670903919659,3.621055162738231,0.7326682560454165,0.8000000000000073,-2.084690726,0.116204390681143,2.599999999999999,5.7,6.099999999999998,5.799999999999997,5.899999999999998,4.8000000000000025,3.700000000000001,7.299999999999993,7.899999999999998,6.099999999999994,5.399999999999997,602.0,1.280933856964111,0.0281709432601928,1.9021074771881104,0.0,1.9600948095321653,0.0,1.9169225692749023,0.0148150920867919,1.9315214157104488,0.0,1.7578579187393188,0.0,1.5475624799728394,0.0,2.116255521774292,0.0,2.186051368713379,0.0,1.9600948095321653,0.0,1.8562979698181152,0.0,-0.0761986821889877,4.69615364074707,4.3089680671691895,4.69746208190918,4.3022050857543945,0.1000000014901161,0.1000000014901161,0.0067629814147949,0.0021886825561523,22.540000012046413,6.998886740090044,0.11,3.69,0.12,2.62,,3.58,4.444296960400006,1.89684225383558,9.915619111142307,4.496224361897403,4.78103774044274,-0.0001464922434977,0.0001467358834352,0.0054917345548318,0.7404863594629272,9.019542996701185,1.149927378358751,10.371819432190625,0.031348341805858146,0.11643669813604454,-0.4128324299689309,0.3202348437391847,-0.6055653155435857,-0.8353872014628013,-0.13245064997992695,59.49038490562843,1.1124871245765378,0.1124871245765377,0.18952
2010-04-01,4.7152346208504,4.312884627066692,3.659932231906123,0.8813735870195482,1.000000000000007,-0.414071602,-0.680558455505465,2.7999999999999994,5.7,6.099999999999998,5.799999999999997,5.899999999999998,4.900000000000002,3.900000000000001,7.299999999999993,7.899999999999998,6.099999999999994,5.399999999999997,603.0,1.3350011110305786,0.0540672540664672,1.9021074771881104,0.0,1.9600948095321653,0.0,1.9169225692749023,0.0,1.9315214157104488,0.0,1.7749522924423218,0.0170943737030029,1.5892351865768433,0.0416727066040039,2.116255521774292,0.0,2.186051368713379,0.0,1.9600948095321653,0.0,1.8562979698181152,0.0,0.1487053334712982,4.710696220397949,4.313671112060547,4.69615364074707,4.3089680671691895,0.3000000119209289,0.1000000014901161,0.0047030448913574,0.0067629814147949,17.767391287762187,7.015117090710387,0.15,3.73,0.13,2.47,,3.58,4.438761347654186,-4.7726087242842254,9.956523597017393,4.503057723024729,4.786523530048667,0.0,0.0001392313933135,0.008966315285724,0.7462053791099716,7.429520842786462,1.4922802850356294,11.08692748095153,0.023752969121140142,0.10332541567695962,-0.9937971396729101,0.5446690953766512,-0.25994104686360603,0.6738717272294277,-0.09395539766711294,44.62130882123805,0.819617065251449,-0.2928700593250888,0.18952
2010-05-01,4.723670297817225,4.314776667553465,3.525837909307344,1.0159731341796967,1.2000000000000073,-6.277258481,0.494424678806849,2.7999999999999994,5.7,6.1999999999999975,5.799999999999997,5.999999999999997,5.000000000000002,3.900000000000001,7.299999999999993,7.899999999999998,6.099999999999994,5.399999999999997,604.0,1.3350011110305786,0.0,1.9021074771881104,0.0,1.974081039428711,0.0139862298965454,1.9169225692749023,0.0,1.945910096168518,0.0143886804580688,1.7917594909667969,0.016807198524475,1.5892351865768433,0.0,2.116255521774292,0.0,2.186051368713379,0.0,1.9600948095321653,0.0,1.8562979698181152,0.0,0.1345995515584945,4.715234756469727,4.31288480758667,4.710696220397949,4.313671112060547,-1.1102230246251563e-16,-0.2000000029802322,-0.0007863044738769,0.0047030448913574,17.42428566160656,7.046375700504993,0.16,3.85,0.19,2.38,,3.69,4.4331949212482815,-0.3431056261556264,9.981167448990464,4.506444279224759,4.684322383120941,-0.000161166257995,8.911590471417508e-05,0.0050815497337364,0.7805710610981258,7.997326822998097,2.292092866756393,18.330615764113507,0.02187079407806191,0.060901749663526246,0.9362180170481508,-0.4506974993301184,0.6890152022611902,0.33370327832810187,-0.04674198763327046,55.61170742199476,0.9973809594800698,0.1777638942286208,0.19712
2010-06-01,4.721719572122832,4.315711042146527,3.5465001270629792,0.9503469298211392,1.1000000000000072,1.319593161,-1.40034241280368,2.7999999999999994,5.8,6.1999999999999975,5.799999999999997,5.999999999999997,5.000000000000002,3.900000000000001,7.299999999999993,7.899999999999998,6.099999999999994,5.399999999999997,605.0,1.3350011110305786,0.0,1.9169225692749023,0.0148150920867919,1.974081039428711,0.0,1.9169225692749023,0.0,1.945910096168518,0.0,1.7917594909667969,0.0,1.5892351865768433,0.0,2.116255521774292,0.0,2.186051368713379,0.0,1.9600948095321653,0.0,1.8562979698181152,0.0,-0.0656262040138244,4.723670482635498,4.31477689743042,4.715234756469727,4.31288480758667,-0.3000000119209289,0.0,0.00189208984375,-0.0007863044738769,31.929500007629397,7.094594947055664,0.16,3.42,0.38,2.89,,3.26,4.462799844696365,14.505214346022832,9.900751588196703,4.519862810907681,4.958115442883054,0.0008494932844325,0.0005429926509213,0.0232860779011278,0.8041780684728628,8.156797046675651,2.4588640275387266,20.056454838004882,0.020080321285140562,0.05622489959839357,1.420225879173689,-0.7175036410646831,0.4839165354554725,-0.26983844254337036,0.08185286774797425,64.00690175738188,0.8966614725024467,-0.1007194869776231,0.19712
2010-07-01,4.726373144812811,4.318279733455899,3.558078642229409,0.8813735870195482,1.000000000000007,1.482165742,-0.170698148661102,2.8999999999999995,5.8,6.099999999999998,5.799999999999997,6.099999999999997,5.000000000000002,3.900000000000001,7.299999999999993,7.899999999999998,6.099999999999994,5.399999999999997,606.0,1.3609765768051147,0.0259754657745361,1.9169225692749023,0.0,1.9600948095321653,-0.0139862298965454,1.9169225692749023,0.0,1.9600948095321653,0.0141847133636474,1.7917594909667969,0.0,1.5892351865768433,0.0,2.116255521774292,0.0,2.186051368713379,0.0,1.9600948095321653,0.0,1.8562979698181152,0.0,-0.0689733400940895,4.721719741821289,4.31571102142334,4.723670482635498,4.31477689743042,0.0,0.1000000014901161,0.0009341239929199,0.00189208984375,29.91636371612549,7.117140618658741,0.12,3.2,0.35,3.08,,3.08,4.469923036580066,-2.013136291503905,9.908672586981965,4.521710313116934,4.94636698569238,-0.0071995609247723,0.00438458865153,0.0190127791577474,0.7677950155749689,7.510977752014095,1.8181171319102352,13.655837328333451,0.042692939244663386,0.08757525998905309,-1.251764362996945,-1.814691809791698,1.0842167490717354,-0.2549815264273761,0.2773949253569707,54.6336167655012,1.060788896975004,0.1641274244725574,0.19712
2010-08-01,4.7301168349207225,4.316497983519326,3.5624934195196363,0.8813735870195482,1.000000000000007,-2.569628062,-0.59930071693254,1.4999999999999996,5.8,6.099999999999998,5.799999999999997,6.099999999999997,5.000000000000002,3.900000000000001,7.299999999999993,7.899999999999998,6.099999999999994,5.399999999999997,607.0,0.9162907600402832,-0.4446858167648315,1.9169225692749023,0.0,1.9600948095321653,0.0,1.9169225692749023,0.0,1.9600948095321653,0.0,1.7917594909667969,0.0,1.5892351865768433,0.0,2.116255521774292,0.0,2.186051368713379,0.0,1.9600948095321653,0.0,1.8562979698181152,0.0,0.0,4.726373195648193,4.31827974319458,4.721719741821289,4.31571102142334,0.1000000014901161,-1.5,0.0025687217712402,0.0009341239929199,25.56523786272321,7.084197922110906,0.16,3.01,0.3,2.91,,2.85,4.452485098322443,-4.351125853402273,9.92482158239418,4.525500158860533,4.981206850724291,-0.0011803763819784,0.004186052776494,0.0206948796739376,0.7671130556919343,7.81237820598861,1.3345344129554657,10.425887562915085,0.025910931174089068,0.12631578947368421,-2.9130702609647625,-1.735965217797971,1.4254772995902403,-0.39149589761356673,0.11454353735236551,56.55792653904427,0.893430409194683,-0.1673584877803211,0.21449
2010-09-01,4.732421147930445,4.320933557837026,3.5410273784044803,0.9503469298211392,1.1000000000000072,1.203597466,-0.404383547531749,1.2999999999999996,5.8,6.099999999999998,5.799999999999997,6.099999999999997,4.900000000000002,3.900000000000001,7.299999999999993,7.999999999999997,6.099999999999994,5.399999999999997,608.0,0.832909107208252,-0.0833816528320312,1.9169225692749023,0.0,1.9600948095321653,0.0,1.9169225692749023,0.0,1.9600948095321653,0.0,1.7749522924423218,-0.016807198524475,1.5892351865768433,0.0,2.116255521774292,0.0,2.1972246170043945,0.0111732482910156,1.9600948095321653,0.0,1.8562979698181152,0.0,0.0689733400940895,4.730116844177246,4.316497802734375,4.726373195648193,4.31827974319458,0.1000000014901161,1.2000000476837158,-0.001781940460205,0.0025687217712402,24.745908997275613,7.103165800317809,0.16,2.7,0.16,3.01,,2.54,4.442062848117941,-0.8193288654476021,9.95743805886151,4.529158094456831,4.796090227960223,0.0049188635597376,0.0060592563131903,0.0119665317382276,0.7818254478301054,8.594709633844065,1.6492595335061089,14.174906801334123,0.03554239170677527,0.11958533876342095,-1.2383419295593099,-0.3900229141070284,1.692602987589419,0.12574813395435325,-0.2649920531509702,43.87535055982433,0.9783905268144548,0.0849601176197718,0.21449
2010-10-01,4.737199701359375,4.31891225895964,3.621437642448449,0.9503469298211392,1.1000000000000072,-1.323209646,-0.906421678369384,1.2999999999999996,5.8,6.099999999999998,5.899999999999997,6.199999999999997,4.900000000000002,4.000000000000001,7.299999999999993,7.999999999999997,6.099999999999994,5.399999999999997,609.0,0.832909107208252,0.0,1.9169225692749023,0.0,1.9600948095321653,0.0,1.9315214157104488,0.0145988464355468,1.974081039428711,0.0139862298965454,1.7749522924423218,0.0,1.6094379425048828,0.0202027559280395,2.116255521774292,0.0,2.1972246170043945,0.0,1.9600948095321653,0.0,1.8562979698181152,0.0,0.0,4.732420921325684,4.3209333419799805,4.730116844177246,4.316497802734375,-0.1000000014901161,0.2000000029802322,0.0044355392456054,-0.001781940460205,22.51761899675642,7.147541175038309,0.15,2.65,0.13,3.05,,2.5,4.429983118094737,-2.228290000519195,9.983117801533904,4.5321015197227,4.8436556878110215,-0.0172481938354851,0.0114510110117619,0.0206515447963363,0.8136341770094933,8.83869681234353,1.90854242204496,16.86902782195119,0.021174764321972444,0.07498187092095722,-0.08026823442628964,-0.6637330835269446,0.6718462272014771,-0.30250104498589736,0.5798092956758463,63.947083368197546,0.860272872838405,-0.1181176539760497,0.21449
2010-11-01,4.742945809110586,4.325140796916991,3.645890092892566,1.0159731341796967,1.2000000000000073,2.679113727,-0.108645091708982,1.1999999999999995,5.8,5.999999999999998,5.899999999999997,6.199999999999997,5.000000000000002,4.000000000000001,7.299999999999993,7.999999999999997,6.099999999999994,5.4999999999999964,610.0,0.7884573340415955,-0.0444517731666564,1.9169225692749023,0.0,1.945910096168518,-0.0141847133636474,1.9315214157104488,0.0,1.974081039428711,0.0,1.7917594909667969,0.016807198524475,1.6094379425048828,0.0,2.116255521774292,0.0,2.1972246170043945,0.0,1.9600948095321653,0.0,1.8718022108078003,0.015504240989685,0.0656262040138244,4.737199783325195,4.318912029266357,4.732420921325684,4.3209333419799805,0.1000000014901161,-0.1000000014901161,-0.002021312713623,0.0044355392456054,20.3733332497733,7.201934201127303,0.13,2.54,0.17,3.15,,2.41,4.397407736712184,-2.144285746983119,10.05625316645945,4.529263828477605,4.807977023455288,-0.0029638078157436,0.0112365373190761,0.0205646741761162,0.7933557733083103,8.764053269347762,1.5157680887638694,13.284272273904,0.042037818409126425,0.09423347398030943,-0.9063436062538537,-0.46660913302692236,0.6248437513982578,0.09576842643886053,-0.21635176398336828,69.00421668839219,0.8438505180106813,-0.0164223548277236,0.19653
2010-12-01,4.754623277977967,4.32430809781785,3.698485190258631,1.0159731341796967,1.2000000000000073,3.709631211,-0.752124008539992,1.1999999999999995,5.8,5.899999999999999,5.899999999999997,6.199999999999997,5.100000000000001,4.000000000000001,7.299999999999993,7.999999999999997,6.099999999999994,5.4999999999999964,611.0,0.7884573340415955,0.0,1.9169225692749023,0.0,1.9315214157104488,-0.0143886804580688,1.9315214157104488,0.0,1.974081039428711,0.0,1.808288812637329,0.0165293216705322,1.6094379425048828,0.0,2.116255521774292,0.0,2.1972246170043945,0.0,1.9600948095321653,0.0,1.8718022108078003,0.0,0.0,4.742945671081543,4.325140953063965,4.737199783325195,4.318912029266357,-0.1000000014901161,0.1000000014901161,0.0062289237976074,-0.002021312713623,20.095714387439543,7.222482803681054,0.14,2.76,0.13,3.03,,2.62,4.396915247167632,-0.2776188623337532,10.077646128888334,4.530133013030216,4.847306163533043,-0.0005548183112398,0.009023263459777,0.0190187725134593,0.7999884433210207,8.845489236753274,1.505128205128205,13.313595338395311,0.03572457505041775,0.09118409680207433,-0.6712255441985393,-0.8968881323233328,0.25905347416647917,-0.7856739448484775,0.5637744515332453,79.51574305711718,0.8842270169087662,0.0403764988980848,0.19653
2011-01-01,4.768396415290376,4.332751867478368,3.699506059216371,1.4436354751788134,2.000000000000007,-3.513951416,-0.0191984723083318,1.1999999999999995,5.8,5.899999999999999,5.899999999999997,6.199999999999997,5.100000000000001,4.000000000000001,7.299999999999993,7.999999999999997,6.099999999999994,5.4999999999999964,612.0,0.7884573340415955,0.0,1.9169225692749023,0.0,1.9315214157104488,0.0,1.9315214157104488,0.0,1.974081039428711,0.0,1.808288812637329,0.0,1.6094379425048828,0.0,2.116255521774292,0.0,2.1972246170043945,0.0,1.9600948095321653,0.0,1.8718022108078003,0.0,0.4276623427867889,4.7546234130859375,4.324307918548584,4.742945671081543,4.325140953063965,0.800000011920929,0.0,-0.0008330345153808,0.0062289237976074,17.569545529105447,7.23745678873332,0.14,3.29,0.18,2.68,,3.15,4.4029315953537775,-2.526168858334099,10.045314469134182,4.539870842164994,4.932351841359211,-0.0101003346035433,0.0049640394558,0.0121637131482048,0.817272390991195,8.81922185757494,2.071354628808045,18.267736017172936,0.022922212363206153,0.07320319432120674,0.2760149029103026,-0.8906067387197679,0.224043562684869,-0.12203264852436166,0.6180281881578586,72.65123108695941,0.8853927182332697,0.0011657013245035,0.19653
2011-02-01,4.766740415612418,4.321559387973333,3.698084449938265,1.4436354751788134,2.000000000000007,0.686573725,-1.78186136947221,1.0999999999999994,5.8,5.899999999999999,5.899999999999997,6.199999999999997,5.100000000000001,4.000000000000001,7.299999999999993,7.999999999999997,6.099999999999994,5.4999999999999964,613.0,0.7419373393058777,-0.0465199947357177,1.9169225692749023,0.0,1.9315214157104488,0.0,1.9315214157104488,0.0,1.974081039428711,0.0,1.808288812637329,0.0,1.6094379425048828,0.0,2.116255521774292,0.0,2.1972246170043945,0.0,1.9600948095321653,0.0,1.8718022108078003,0.0,0.0,4.768396377563477,4.332751750946045,4.7546234130859375,4.324307918548584,-0.800000011920929,-0.1000000014901161,0.0084438323974609,-0.0008330345153808,17.31549987792969,7.215578156835553,0.15,3.39,0.15,2.68,,3.24,4.393090207029862,-0.2540456511757583,10.080155858188313,4.537762486024065,4.810736897741769,0.0002575425906357,0.0057599541591236,0.0116802676168445,0.8702804427976423,9.140347000155648,2.0437627373163143,18.68070060505907,0.025635525045586183,0.06682398369623511,1.2529176661757138,-0.7888627644921026,0.6224152117136506,0.019058256028948197,0.1547457279737343,55.91921780834242,0.9063836269932678,0.020990908759998,0.14902
2011-03-01,4.763848600138727,4.3076773314790895,3.831938451998062,1.4436354751788134,2.000000000000007,1.410716804,-2.08773211679083,1.0999999999999994,5.8,5.899999999999999,5.899999999999997,6.199999999999997,5.100000000000001,4.000000000000001,7.299999999999993,7.999999999999997,6.099999999999994,5.4999999999999964,614.0,0.7419373393058777,0.0,1.9169225692749023,0.0,1.9315214157104488,0.0,1.9315214157104488,0.0,1.974081039428711,0.0,1.808288812637329,0.0,1.6094379425048828,0.0,2.116255521774292,0.0,2.1972246170043945,0.0,1.9600948095321653,0.0,1.8718022108078003,0.0,0.0,4.766740322113037,4.321559429168701,4.768396377563477,4.332751750946045,0.0,0.1000000014901161,-0.0111923217773437,0.0084438323974609,17.4299999036287,7.225976255742751,0.13,3.58,0.16,2.57,,3.45,4.3848975097655645,0.1145000256990123,10.051764108668769,4.533783737895124,4.575122667253094,-0.0046155095980264,0.0051819488442135,0.0067451172331134,0.9435749893673622,8.230044310126114,1.5564916022394026,12.809994854769474,0.027192748600373233,0.10637163423087177,-0.5005774543835456,-0.45361474766325927,0.6757495368514909,0.5185874897554585,-0.5914325557721073,71.93990057497993,1.0873005499422383,0.1809169229489705,0.14902
2011-04-01,4.75884017887532,4.305279004763958,3.893952977780772,1.4436354751788134,2.000000000000007,1.247599476,-0.13313428349876,1.1999999999999995,5.9,5.999999999999998,5.899999999999997,6.199999999999997,5.100000000000001,4.300000000000001,7.299999999999993,7.999999999999997,6.099999999999994,5.4999999999999964,615.0,0.7884573340415955,0.0465199947357177,1.9315214157104488,0.0145988464355468,1.945910096168518,0.0143886804580688,1.9315214157104488,0.0,1.974081039428711,0.0,1.808288812637329,0.0,1.667706847190857,0.0582689046859741,2.116255521774292,0.0,2.1972246170043945,0.0,1.9600948095321653,0.0,1.8718022108078003,0.0,0.0,4.763848781585693,4.307677268981934,4.766740322113037,4.321559429168701,0.0,0.1000000014901161,-0.0138821601867675,-0.0111923217773437,20.72347815140434,7.260705293979,0.1,3.41,0.21,2.58,,3.31,4.380400312929297,3.2934782477756386,10.048029357493204,4.544132728966929,4.873344324252413,-0.003506208049411,0.0025541797913633,0.0049049195292925,0.9098886717879404,8.406261630708956,1.5568171658471166,13.087012407289677,0.030397854269110416,0.09901654000894054,-0.1282994236134177,-0.033570050774319585,0.7079069118768874,0.4657028145914721,-0.8611297690773805,124.37798061060018,1.8801560618398196,0.7928555118975811,0.14902
2011-05-01,4.768003066198183,4.29668084255462,3.808314895393504,1.4436354751788134,2.000000000000007,-3.248836496,-0.564877069004184,1.1999999999999995,5.9,5.999999999999998,5.899999999999997,6.199999999999997,5.100000000000001,4.300000000000001,7.299999999999993,7.999999999999997,5.999999999999995,5.4999999999999964,616.0,0.7884573340415955,0.0,1.9315214157104488,0.0,1.945910096168518,0.0,1.9315214157104488,0.0,1.974081039428711,0.0,1.808288812637329,0.0,1.667706847190857,0.0,2.116255521774292,0.0,2.1972246170043945,0.0,1.945910096168518,-0.0141847133636474,1.8718022108078003,0.0,0.0,4.758840084075928,4.305278778076172,4.763848781585693,4.307677268981934,0.0,-0.1000000014901161,-0.0023984909057617,-0.0138821601867675,16.244000005722047,7.300398537370243,0.06,3.46,0.23,2.58,,3.4,4.367166771766858,-4.479478145682293,10.08675054104415,4.5408972295850845,4.809860964079045,-0.0089429432595793,0.0028727258184055,0.0089977708189927,0.9203339533437912,8.390041405755754,1.4348023625624715,12.038051230975316,0.03021353930031804,0.10268059972739664,-1.0819758478728978,-0.8235959273396096,0.2276279767000458,0.5940405405254229,-0.6205435221353442,63.088798371816814,1.3831875144515453,-0.4969685473882741,0.13398
2011-06-01,4.770604112750108,4.307443218745448,3.757296849185471,1.4874828366412745,2.100000000000007,2.465200375,0.298287551557587,1.1999999999999995,5.9,5.999999999999998,5.899999999999997,6.299999999999996,5.100000000000001,4.4,7.299999999999993,7.999999999999997,5.7999999999999945,5.599999999999996,617.0,0.7884573340415955,0.0,1.9315214157104488,0.0,1.945910096168518,0.0,1.9315214157104488,0.0,1.9878743886947632,0.0137933492660522,1.808288812637329,0.0,1.686398983001709,0.018692135810852,2.116255521774292,0.0,2.1972246170043945,0.0,1.9169225692749023,-0.0289875268936157,1.8870697021484373,0.0152674913406372,0.0438473597168922,4.768002986907959,4.296680927276611,4.758840084075928,4.305278778076172,0.1000000014901161,0.0,-0.0085978507995605,-0.0023984909057617,16.911428587777273,7.321572081068218,0.04,3.17,0.19,2.65,,3.13,4.369194655858504,0.6674285820552264,10.050220791035525,4.542102582520517,4.540437474263415,-0.0017580930765612,0.0037469113470567,0.0129751719378548,0.936521990339072,8.493105395887147,1.7719877049180326,15.049678338085025,0.025819672131147543,0.09180327868852459,-0.32261315971977367,-0.45087400945187234,0.5798063410010507,1.0880138149449299,-0.5987543600635244,73.69422041183616,1.1794573680863194,-0.2037301463652259,0.13398
2011-07-01,4.773645491008221,4.3133362933129336,3.763983592929994,1.4874828366412745,2.100000000000007,3.092765844,0.019084874024884,1.1999999999999995,5.9,6.099999999999998,5.899999999999997,6.299999999999996,5.100000000000001,4.4,7.299999999999993,7.999999999999997,5.7999999999999945,5.599999999999996,618.0,0.7884573340415955,0.0,1.9315214157104488,0.0,1.9600948095321653,0.0141847133636474,1.9315214157104488,0.0,1.9878743886947632,0.0,1.808288812637329,0.0,1.686398983001709,0.0,2.116255521774292,0.0,2.1972246170043945,0.0,1.9169225692749023,0.0,1.8870697021484373,0.0,0.0,4.770604133605957,4.307443141937256,4.768002986907959,4.296680927276611,-0.1000000014901161,0.0,0.0107622146606445,-0.0085978507995605,19.15318202972412,7.332604626220763,0.04,3.0,0.22,2.72,,2.96,4.368814740701652,2.241753441946848,10.014239579271008,4.545122897482703,4.81549190297839,-0.0023334708975719,0.0039924565681937,0.013790588010173,0.9774372101301574,8.505120610181969,1.435412026726058,12.208352412610866,0.03441992306134845,0.09192144158736586,-1.088311316141356,-0.5492121397493668,0.348000891894435,0.041318348198571345,-0.04599620122662132,58.51389974183628,1.0461221470910906,-0.1333352209952287,0.13398
2011-08-01,4.775807918630519,4.319074787436596,3.642343432373135,1.4874828366412745,2.100000000000007,-1.665059317,0.93041393877471,1.1999999999999995,5.9,6.099999999999998,5.9999999999999964,6.299999999999996,5.100000000000001,4.4,7.299999999999993,7.999999999999997,5.7999999999999945,5.599999999999996,619.0,0.7884573340415955,0.0,1.9315214157104488,0.0,1.9600948095321653,0.0,1.945910096168518,0.0143886804580688,1.9878743886947632,0.0,1.808288812637329,0.0,1.686398983001709,0.0,2.116255521774292,0.0,2.1972246170043945,0.0,1.9169225692749023,0.0,1.8870697021484373,0.0,0.0,4.773645401000977,4.313336372375488,4.770604133605957,4.307443141937256,0.0,0.0,0.0058932304382324,0.0107622146606445,19.22749991416931,7.360580958450139,0.04,3.0,0.16,2.77,,2.96,4.362078996864185,0.0743178844451897,10.01145658804589,4.550037953350042,5.013894699790971,-0.0042637376117284,0.0013124559523606,0.0048323595795337,0.9979638204872354,8.804325112562537,1.3647703392374664,12.01588177062892,0.024467126988892224,0.10987691383968778,-0.1544324114177882,-0.11029278626702664,0.27173649060654026,-1.153898124962113,0.06687446170149032,41.88779422585881,0.9646625907711102,-0.0814595563199804,0.14121
2011-09-01,4.775191402819204,4.310215048805724,3.631799175424215,1.3504407402749758,1.8000000000000071,3.973440974,-2.0597523256169,1.1999999999999995,5.9,6.099999999999998,5.9999999999999964,6.299999999999996,5.000000000000002,4.4,7.299999999999993,7.999999999999997,5.7999999999999945,5.699999999999996,620.0,0.7884573340415955,0.0,1.9315214157104488,0.0,1.9600948095321653,0.0,1.945910096168518,0.0,1.9878743886947632,0.0,1.7917594909667969,-0.0165293216705322,1.686398983001709,0.0,2.116255521774292,0.0,2.1972246170043945,0.0,1.9169225692749023,0.0,1.9021074771881104,0.0150377750396728,-0.1370420902967453,4.775807857513428,4.319074630737305,4.773645401000977,4.313336372375488,-0.3000000119209289,0.0,0.0057382583618164,0.0058932304382324,35.02913035517154,7.472506429769721,0.02,2.3,0.31,3.25,,2.28,4.367420482284519,15.801630441002228,9.920031465927275,4.556766397166091,5.367513303349165,-0.0090840188263483,0.0034768505363935,0.0105142049673837,1.060130812090013,8.640825751861513,1.4344175357963584,12.394551982230908,0.03782923811207354,0.10323493017500442,-1.0721551983263882,-0.8074243170319813,1.126867730340783,0.16975217870154538,-0.5191795802877371,40.43248265310054,1.3723915421002355,0.4077289513291255,0.14121
2011-10-01,4.775327220749151,4.317013134084761,3.6404255068461535,1.3504407402749758,1.8000000000000071,-1.546771398,-0.539205041097043,1.3999999999999997,5.9,6.099999999999998,5.9999999999999964,6.299999999999996,4.900000000000002,4.4,7.299999999999993,7.999999999999997,5.7999999999999945,5.699999999999996,621.0,0.8754687309265137,0.0870113968849182,1.9315214157104488,0.0,1.9600948095321653,0.0,1.945910096168518,0.0,1.9878743886947632,0.0,1.7749522924423218,-0.016807198524475,1.686398983001709,0.0,2.116255521774292,0.0,2.1972246170043945,0.0,1.9169225692749023,0.0,1.9021074771881104,0.0,0.0,4.775191307067871,4.310214996337891,4.775807857513428,4.319074630737305,0.3000000119209289,0.2000000029802322,-0.008859634399414,0.0057382583618164,36.52999977838425,7.479943134816165,0.01,1.98,0.35,3.3,,1.97,4.393955205539156,1.5008694232127129,9.85007522259781,4.55593897457162,5.265306523935305,3.135828407740959e-05,0.0045602094178424,0.0329448414411797,1.094116848550741,8.549466751966532,1.598760410613984,13.668548974904619,0.03408870811543676,0.10342823939570017,-0.5134334299901372,-0.9130298936045266,1.042583506561526,0.30862188414350844,-0.5039559945689559,45.25029362375579,1.039328961405499,-0.3330625806947367,0.14121
2011-11-01,4.771876772092736,4.330256555589938,3.756349538945328,1.3979983651114376,1.9000000000000072,3.620801826,0.248162605367584,1.7999999999999994,5.9,6.099999999999998,5.9999999999999964,6.299999999999996,4.900000000000002,4.4,7.299999999999993,7.999999999999997,5.7999999999999945,5.699999999999996,622.0,1.0296194553375244,0.1541507244110107,1.9315214157104488,0.0,1.9600948095321653,0.0,1.945910096168518,0.0,1.9878743886947632,0.0,1.7749522924423218,0.0,1.686398983001709,0.0,2.116255521774292,0.0,2.1972246170043945,0.0,1.9169225692749023,0.0,1.9021074771881104,0.0,0.0475576259195804,4.775327205657959,4.317013263702393,4.775191307067871,4.310214996337891,0.1000000014901161,0.2000000029802322,0.0067982673645019,-0.008859634399414,32.82904770260765,7.418438892665173,0.02,2.15,0.42,3.02,,2.13,4.399989335048054,-3.7009520757765983,9.817494929168037,4.562855411158854,5.145222472765829,-0.0036598719844125,0.0045850599727664,0.0435976709208654,1.0559555591953225,8.278682162970906,1.5988826815642456,13.236641536549012,0.03453529710512951,0.08608430675469782,-0.23847417633669601,-0.39432113823954396,0.49383839148621833,0.042552923587439895,-0.696604959387024,48.703856831119694,0.9363467912503942,-0.1029821701551048,0.20228
2011-12-01,4.77419290526182,4.335198632330236,3.77000522754773,1.3979983651114376,1.9000000000000072,0.732052496,0.386061285830296,1.5999999999999994,5.9,6.099999999999998,5.9999999999999964,6.299999999999996,4.900000000000002,4.4,7.299999999999993,7.999999999999997,5.7999999999999945,5.699999999999996,623.0,0.9555114507675172,-0.0741080045700073,1.9315214157104488,0.0,1.9600948095321653,0.0,1.945910096168518,0.0,1.9878743886947632,0.0,1.7749522924423218,0.0,1.686398983001709,0.0,2.116255521774292,0.0,2.1972246170043945,0.0,1.9169225692749023,0.0,1.9021074771881104,0.0,0.0,4.771876811981201,4.330256462097168,4.775327205657959,4.317013263702393,-0.1000000014901161,-0.6000000238418579,0.0132431983947753,0.0067982673645019,31.941904703776043,7.461065514354283,0.01,2.01,0.52,3.24,,2.0,4.404032714936497,-0.8871429988316102,9.845077607194144,4.56276881991693,5.268476981470767,0.0034246608813641,0.0035433103481079,0.0438000604914895,0.9510892447878856,8.672828482947686,1.6640472521828455,14.431996405702215,0.02071563088512241,0.0679678137305256,-0.41126366995362684,-0.9799508084208978,0.45970784136107923,-0.3118782228990108,0.30430128864099754,63.04215776014864,1.0487135593039771,0.1123667680535829,0.20228
2012-01-01,4.781929444805972,4.337784043975086,3.7840850903009327,1.3979983651114376,1.9000000000000072,-1.472499105,-0.130979596352275,1.4999999999999991,5.9,6.1999999999999975,5.9999999999999964,6.299999999999996,5.000000000000002,4.4,7.299999999999993,7.999999999999997,5.7999999999999945,5.699999999999996,624.0,0.9162907600402832,-0.0392206907272338,1.9315214157104488,0.0,1.974081039428711,0.0139862298965454,1.945910096168518,0.0,1.9878743886947632,0.0,1.7917594909667969,0.016807198524475,1.686398983001709,0.0,2.116255521774292,0.0,2.1972246170043945,0.0,1.9169225692749023,0.0,1.9021074771881104,0.0,0.0,4.774192810058594,4.335198402404785,4.771876811981201,4.330256462097168,0.0,0.1000000014901161,0.0049419403076171,0.0132431983947753,25.047619047619047,7.402433227968004,0.01,1.98,0.56,3.27,,1.97,4.407816206360175,-6.894285656156995,9.830256119186924,4.568061081818492,5.219616754194872,-0.0130384471162623,0.0082581495341627,0.0260029604497846,0.9109262060379136,8.185350223178686,1.625285754112071,13.30353311015038,0.03066629495400056,0.10510175634234736,-0.7331328177343974,-0.44461456526208526,0.46618107087152605,0.1633801403691706,-0.826770981063974,45.25485854368998,1.0202254527849042,-0.0284881065190729,0.20228
2012-02-01,4.784033580722946,4.341012720696599,3.801803409599163,1.3979983651114376,1.9000000000000072,1.092374736,-0.102636964828969,1.2999999999999994,5.9,6.1999999999999975,5.9999999999999964,6.299999999999996,5.000000000000002,4.5,7.299999999999993,7.999999999999997,5.7999999999999945,5.699999999999996,625.0,0.832909107208252,-0.0833816528320312,1.9315214157104488,0.0,1.974081039428711,0.0,1.945910096168518,0.0,1.9878743886947632,0.0,1.7917594909667969,0.0,1.704748034477234,0.0183490514755249,2.116255521774292,0.0,2.1972246170043945,0.0,1.9169225692749023,0.0,1.9021074771881104,0.0,0.0,4.78192949295044,4.3377838134765625,4.774192810058594,4.335198402404785,0.0,-0.1000000014901161,0.0025854110717773,0.0049419403076171,20.227999877929687,7.410982104872797,0.03,1.97,0.48,3.24,,1.94,4.404399485525607,-4.819619169689361,9.877668674367772,4.57400763843423,5.058856181972969,0.0022377587322366,0.0091815496765601,0.0277545769128558,0.9226122734845696,8.469052816088302,1.3711586901763224,11.61241536634173,0.0337951301427372,0.11188077246011754,-1.0685071361015723,-0.33286798192327316,0.3158790410396944,-0.3165706754549578,0.4325886563554434,57.84085284279069,1.0756464860336827,0.0554210332487785,0.19437
2012-03-01,4.779044003328709,4.33847648200793,3.837521274960608,1.3979983651114376,1.9000000000000072,-1.421156601,-0.0548504933748095,1.2999999999999994,5.9,6.1999999999999975,5.9999999999999964,6.299999999999996,5.000000000000002,4.7,7.299999999999993,7.999999999999997,5.499999999999995,5.699999999999996,626.0,0.832909107208252,0.0,1.9315214157104488,0.0,1.974081039428711,0.0,1.945910096168518,0.0,1.9878743886947632,0.0,1.7917594909667969,0.0,1.7404661178588867,0.0357180833816528,2.116255521774292,0.0,2.1972246170043945,0.0,1.8718022108078003,-0.045120358467102,1.9021074771881104,0.0,0.0,4.78403377532959,4.341012954711914,4.78192949295044,4.3377838134765625,0.0,0.2000000029802322,0.0032291412353515,0.0025854110717773,18.420499992370605,7.464406677453544,0.09,1.97,0.4,3.1,,1.88,4.388132953105642,-1.807499885559082,9.958374287537335,4.577218142218522,4.989951261436467,-0.0023013143513692,0.0078448674260625,0.0189747684340395,0.9800642140993272,9.169830828637973,1.8708914809414705,17.15575837897325,0.022391168506561133,0.08029577171422621,1.4888353245296642,0.4298882427636772,-0.05678198492162763,-0.15858777298038929,-0.39709990038475845,70.49414226874191,1.095472759038136,0.0198262730044531,0.19437
2012-04-01,4.772037158700695,4.342618431945528,3.8085596720050425,1.3504407402749758,1.8000000000000071,-0.952669331,1.78566624914313,1.2999999999999994,5.9,6.1999999999999975,5.9999999999999964,6.299999999999996,5.000000000000002,4.7,7.299999999999993,7.999999999999997,5.499999999999995,5.699999999999996,627.0,0.832909107208252,0.0,1.9315214157104488,0.0,1.974081039428711,0.0,1.945910096168518,0.0,1.9878743886947632,0.0,1.7917594909667969,0.0,1.7404661178588867,0.0,2.116255521774292,0.0,2.1972246170043945,0.0,1.8718022108078003,0.0,1.9021074771881104,0.0,-0.0475576259195804,4.779044151306152,4.338476657867432,4.78403377532959,4.341012954711914,-0.1000000014901161,0.0,-0.0025362968444824,0.0032291412353515,16.16727287119085,7.424135447661457,0.08,2.17,0.4,3.07,,2.09,4.397038392294319,-2.253227121179755,9.95289462594502,4.572026967394837,4.979519742742689,0.0006353744952056,0.0023019904822788,0.019344165411044,0.9943497639985308,8.770283819098399,1.788476471501786,15.685446258850313,0.036962261220686445,0.08541699021587203,-0.2790816116641999,-0.3767089638018404,1.0160569819437584,0.2077646102710673,-0.7903072948976942,77.67869036175065,1.0537731382988524,-0.0416996207392834,0.19437
2012-05-01,4.778002271890729,4.33324259736068,3.7234162437410943,1.3008204268406505,1.700000000000007,-1.357610558,0.327317003262863,1.1999999999999993,5.9,6.1999999999999975,5.9999999999999964,6.299999999999996,5.000000000000002,4.7,7.299999999999993,7.999999999999997,5.499999999999995,5.599999999999996,628.0,0.7884573340415955,-0.0444517731666564,1.9315214157104488,0.0,1.974081039428711,0.0,1.945910096168518,0.0,1.9878743886947632,0.0,1.7917594909667969,0.0,1.7404661178588867,0.0,2.116255521774292,0.0,2.1972246170043945,0.0,1.8718022108078003,0.0,1.8870697021484373,-0.0150377750396728,-0.0496203117072582,4.772037029266357,4.342618465423584,4.779044151306152,4.338476657867432,0.0,-0.1000000014901161,0.0041418075561523,-0.0025362968444824,17.822999906539916,7.408045600832745,0.08,2.05,0.37,3.2,,1.97,4.401093697391107,1.6557270353490663,9.936232481878305,4.57919472590062,4.905778332374603,-0.0029419971126558,0.0019075378285002,0.0093563264057493,0.9741009753609696,8.753055515138222,2.074940748933481,18.162071566037238,0.02859851477326592,0.08105545899826197,-0.5345450209472784,-1.0398761848947928,1.78013566452314,-0.4026119565121325,-0.6129732725004838,57.462745366706656,1.1326203218644593,0.0788471835656068,0.1863
2012-06-01,4.774006733740375,4.330853938277259,3.585235737121928,1.3504407402749758,1.8000000000000071,-2.892217187,0.593913769529003,0.6999999999999993,5.9,6.1999999999999975,5.9999999999999964,6.299999999999996,5.000000000000002,4.7,7.299999999999993,7.999999999999997,4.999999999999995,5.599999999999996,629.0,0.5306282639503479,-0.2578290700912475,1.9315214157104488,0.0,1.974081039428711,0.0,1.945910096168518,0.0,1.9878743886947632,0.0,1.7917594909667969,0.0,1.7404661178588867,0.0,2.116255521774292,0.0,2.1972246170043945,0.0,1.7917594909667969,-0.0800427198410034,1.8870697021484373,0.0,0.0496203117072582,4.778002262115479,4.333242416381836,4.772037029266357,4.342618465423584,0.2000000029802322,-0.4000000059604645,-0.009376049041748,0.0041418075561523,21.001818136735395,7.3708853392847,0.09,1.8,0.4,3.4,,1.71,4.418840607796598,3.1788182301954784,9.88405750582318,4.581501274237169,5.101793522223463,0.0141375285077403,0.0090075518873213,0.0236077669628699,0.980145948428877,9.262837940933936,1.8673752135130008,17.297193977687833,0.027614348073638263,0.07591573353577528,0.050721972785715004,-0.0936182155107434,0.3432188913935664,0.26421241217804364,-0.6385425355919212,55.72221937750539,0.8602007380338468,-0.2724195838306125,0.1863
2012-07-01,4.775084784052309,4.333388457078905,3.649781223507045,1.3504407402749758,1.8000000000000071,2.767387196,0.327311209586345,0.0999999999999993,5.9,6.1999999999999975,5.9999999999999964,6.299999999999996,5.000000000000002,4.7,7.299999999999993,7.899999999999998,4.999999999999995,5.599999999999996,630.0,0.0953101813793182,-0.4353180825710296,1.9315214157104488,0.0,1.974081039428711,0.0,1.945910096168518,0.0,1.9878743886947632,0.0,1.7917594909667969,0.0,1.7404661178588867,0.0,2.116255521774292,0.0,2.186051368713379,-0.0111732482910156,1.7917594909667969,0.0,1.8870697021484373,0.0,0.0,4.774006843566895,4.3308539390563965,4.778002262115479,4.333242416381836,-0.1000000014901161,-0.1000000014901161,-0.0023884773254394,-0.009376049041748,21.130952290126256,7.37698360776012,0.09,1.62,0.37,3.39,,1.53,4.432957363342425,0.1291341533908614,9.849043183434972,4.581556566075699,5.231080568332889,-0.0024211183553164,0.0097139958825144,0.0348783278347501,0.9702789103683536,8.795733605950735,1.9795912187736564,17.411957009012422,0.02089326267978804,0.07721423164269493,0.36934596584678303,-0.29717020307489606,0.33683608739678617,0.46982289014061657,-1.4401171729499391,43.27236678333061,0.8652368651745591,0.0050361271407123,0.1863
2012-08-01,4.772096599409675,4.333097608988636,3.712442925325032,1.24898332790488,1.6000000000000072,0.963143414,-0.0543317431651975,-2.8000000000000007,5.9,6.1999999999999975,5.9999999999999964,6.399999999999996,5.000000000000002,4.7,7.299999999999993,7.899999999999998,4.999999999999995,5.599999999999996,631.0,-1.3350011110305786,-1.4303113222122192,1.9315214157104488,0.0,1.974081039428711,0.0,1.945910096168518,0.0,2.0014801025390625,0.0136057138442993,1.7917594909667969,0.0,1.7404661178588867,0.0,2.116255521774292,0.0,2.186051368713379,0.0,1.7917594909667969,0.0,1.8870697021484373,0.0,-0.1014574095606803,4.775084972381592,4.333388328552246,4.774006843566895,4.3308539390563965,-0.2000000029802322,-2.299999952316284,0.0025343894958496,-0.0023884773254394,17.565238180614653,7.374183775048419,0.1,1.53,0.33,3.27,,1.43,4.426402307393435,-3.565714109511603,9.87175762237387,4.583653350275842,5.02024777646591,0.0012584554122709,0.0086948123695012,0.0356912861928808,0.9812377009253832,8.700847193443972,1.5738138838022306,13.693514113883795,0.04344930913933744,0.09222573664058599,-0.696259427780675,-0.2716482675377125,0.7493586517652344,0.3563466519447037,-0.911657281428585,55.8215543894031,1.0707857470051014,0.2055488818305423,0.36828
2012-09-01,4.768627870312197,4.325981013215469,3.7136127136452486,1.3008204268406505,1.7000000000000073,1.827098076,-0.847896339299892,-3.1000000000000005,5.9,6.1999999999999975,5.9999999999999964,6.399999999999996,5.000000000000002,4.7,7.299999999999993,7.899999999999998,4.999999999999995,5.599999999999996,632.0,-1.4109870195388794,-0.0759859085083007,1.9315214157104488,0.0,1.974081039428711,0.0,1.945910096168518,0.0,2.0014801025390625,0.0,1.7917594909667969,0.0,1.7404661178588867,0.0,2.116255521774292,0.0,2.186051368713379,0.0,1.7917594909667969,0.0,1.8870697021484373,0.0,0.0518370978534221,4.772096633911133,4.333097457885742,4.775084972381592,4.333388328552246,0.3000000119209289,2.5999999046325684,-0.0002908706665039,0.0025343894958496,15.689565119536027,7.396525459767194,0.1,1.68,0.33,3.21,,1.5799999999999998,4.419442836059304,-1.8756730610786256,9.900790876292684,4.579365079806139,4.7701914732255615,-0.0019827850454008,0.0020098523538709,0.0118160668839011,1.018091150729442,8.528330935826693,1.408763600395648,12.014402194520798,0.038180019782393666,0.10623145400593471,-1.056630253814069,0.023040797224807303,0.029298737361687435,0.5114905883746941,-0.7729581340692354,47.79657215723121,1.102253663732608,0.0314679167275064,0.36828
2012-10-01,4.77369676267075,4.334150285348454,3.655014820242257,1.3008204268406505,1.7000000000000073,-1.082277767,0.823375440332779,-3.3000000000000007,5.9,6.099999999999998,5.9999999999999964,6.399999999999996,5.000000000000002,4.7,7.299999999999993,7.899999999999998,4.999999999999995,5.599999999999996,633.0,-1.4586150646209717,-0.0476280450820922,1.9315214157104488,0.0,1.9600948095321653,-0.0139862298965454,1.945910096168518,0.0,2.0014801025390625,0.0,1.7917594909667969,0.0,1.7404661178588867,0.0,2.116255521774292,0.0,2.186051368713379,0.0,1.7917594909667969,0.0,1.8870697021484373,0.0,0.0,4.768627643585205,4.325981140136719,4.772096633911133,4.333097457885742,-0.1000000014901161,0.1000000014901161,-0.0071163177490234,-0.0002908706665039,15.28473683407432,7.464400946186905,0.11,1.72,0.26,3.07,,1.61,4.4041549867468825,-0.404828285461706,9.914759287178352,4.578631119750915,5.042579626044162,-0.0100687929133114,0.0058337483315301,0.0090252001458346,1.0125680424399044,8.868976189274543,1.4447586886168566,12.813530408590415,0.038834951456310676,0.09511748979878992,-0.8026617719938881,-0.41593576772925456,0.4337489188795647,-0.7981453657851774,-0.20884110453991195,61.95020494611124,0.9353339456567352,-0.1669197180758728,0.36828
2012-11-01,4.772341454537215,4.341125887052683,3.6236675502409934,1.3008204268406505,1.7000000000000073,0.766258392,0.0339977703991787,-3.3000000000000007,5.9,6.099999999999998,5.9999999999999964,6.399999999999996,5.000000000000002,4.7,7.299999999999993,7.899999999999998,4.999999999999995,5.599999999999996,634.0,-1.4586150646209717,0.0,1.9315214157104488,0.0,1.9600948095321653,0.0,1.945910096168518,0.0,2.0014801025390625,0.0,1.7917594909667969,0.0,1.7404661178588867,0.0,2.116255521774292,0.0,2.186051368713379,0.0,1.7917594909667969,0.0,1.8870697021484373,0.0,0.0,4.773696899414063,4.334150314331055,4.768627643585205,4.325981140136719,0.0,0.2000000029802322,0.0081691741943359,-0.0071163177490234,16.276190576099214,7.465414869095338,0.1,1.75,0.2,2.73,,1.65,4.398269010219746,0.991453742024893,9.96513305363816,4.5820990830401005,5.013942347096842,-0.0076026560093616,0.0041442390560174,0.0102432767963255,1.0608991914406969,8.517393171418904,1.36292,11.608525501190252,0.0378,0.12,-1.4153690883130217,-0.04870843495416174,0.6119645643210375,0.6159159903573833,-0.566404686955875,65.61992388217159,0.8974611393044627,-0.0378728063522724,0.25945
2012-12-01,4.77552762490215,4.340029457709657,3.641969918678284,1.3008204268406505,1.7000000000000073,1.404821281,-0.08770281035597,-3.3000000000000007,5.9,6.099999999999998,5.9999999999999964,6.399999999999996,5.000000000000002,4.7,7.299999999999993,7.899999999999998,4.899999999999995,5.4999999999999964,635.0,-1.4586150646209717,0.0,1.9315214157104488,0.0,1.9600948095321653,0.0,1.945910096168518,0.0,2.0014801025390625,0.0,1.7917594909667969,0.0,1.7404661178588867,0.0,2.116255521774292,0.0,2.186051368713379,0.0,1.7749522924423218,-0.016807198524475,1.8718022108078003,-0.0152674913406372,0.0,4.772341251373291,4.341125965118408,4.773696899414063,4.334150314331055,0.0,0.0,0.0069756507873535,0.0081691741943359,16.70190484183175,7.451032603898299,0.09,1.65,0.23,2.95,,1.5599999999999998,4.400112102220266,0.4257142657325374,9.982767031962132,4.585760021668242,5.07315801675156,-0.0017169865495272,0.0042909906734461,0.009812531366747,1.0682175402216654,8.556221578383715,1.7967679876875722,15.37354502760149,0.029626779530588686,0.08099268949595999,-0.7893277246983439,-0.9211317802533135,0.8268655060657268,0.4189889153383682,-0.4470330564981694,56.6946483565665,0.942784997248693,0.0453238579442303,0.25945
2013-01-01,4.779534899698678,4.331750191538869,3.7104257910938063,1.3008204268406505,1.7000000000000073,-2.045408059,-1.29609215266104,-3.400000000000001,5.9,6.099999999999998,5.9999999999999964,6.399999999999996,5.000000000000002,4.7,7.299999999999993,7.899999999999998,4.899999999999995,5.4999999999999964,636.0,-1.4816045761108398,-0.0229895114898681,1.9315214157104488,0.0,1.9600948095321653,0.0,1.945910096168518,0.0,2.0014801025390625,0.0,1.7917594909667969,0.0,1.7404661178588867,0.0,2.116255521774292,0.0,2.186051368713379,0.0,1.7749522924423218,0.0,1.8718022108078003,0.0,0.0,4.775527477264404,4.340029239654541,4.772341251373291,4.341125965118408,0.0,-0.1000000014901161,-0.0010967254638671,0.0069756507873535,17.306999826431273,7.429379586519464,0.07,1.72,0.26,2.85,,1.65,4.388132953105642,0.6050949845995213,10.017391072593972,4.588126768568835,5.127330540101724,0.0005780068558398,0.0042196236924479,0.0021623993698481,1.0538998345564496,8.35936910622267,1.4882642304989455,12.440950030329141,0.04427266338721012,0.1192316701803701,-1.1322528112883516,-0.4487547085162485,0.5676685155995269,0.3935093175415599,-0.5485243275529925,53.51677931417693,0.9006445497513087,-0.0421404474973843,0.25945
2013-02-01,4.779364316493205,4.3289840084656594,3.711641807479984,1.3008204268406505,1.7000000000000073,-2.172829348,-0.739336735999586,-3.500000000000001,5.9,6.099999999999998,5.9999999999999964,6.399999999999996,5.000000000000002,4.7,7.299999999999993,7.899999999999998,4.899999999999995,5.4999999999999964,637.0,-1.504077434539795,-0.022472858428955,1.9315214157104488,0.0,1.9600948095321653,0.0,1.945910096168518,0.0,2.0014801025390625,0.0,1.7917594909667969,0.0,1.7404661178588867,0.0,2.116255521774292,0.0,2.186051368713379,0.0,1.7749522924423218,0.0,1.8718022108078003,0.0,0.0,4.779534816741943,4.331750392913818,4.775527477264404,4.340029239654541,0.0,0.0,-0.0082788467407226,-0.0010967254638671,13.505238124302457,7.421684880421256,0.07,1.91,0.23,2.82,,1.84,4.390614651860415,-3.801761702128818,10.06350656438752,4.5883718811921925,5.102789074679247,-0.0018475830040616,0.0013642785842761,0.0022334577374164,1.0166079826511254,8.353025845202325,1.972253653936822,16.474285744628997,0.038425271098538424,0.0884016973125884,-0.3323591234155497,-0.9468919915125891,0.5218988682345037,-0.11402031528133402,-0.3993540174500187,83.87836453974666,1.1202120179579498,0.219567468206641,0.38752
2013-03-01,4.782063578246486,4.33175199233675,3.6903550183116542,1.350440740274976,1.8000000000000074,-0.910639438,0.398620407543937,-3.600000000000001,5.9,6.099999999999998,6.199999999999997,6.399999999999996,5.000000000000002,4.7,7.299999999999993,7.899999999999998,4.899999999999995,5.4999999999999964,638.0,-1.5260562896728516,-0.0219788551330566,1.9315214157104488,0.0,1.9600948095321653,0.0,1.974081039428711,0.0281709432601928,2.0014801025390625,0.0,1.7917594909667969,0.0,1.7404661178588867,0.0,2.116255521774292,0.0,2.186051368713379,0.0,1.7749522924423218,0.0,1.8718022108078003,0.0,0.0496203117072582,4.779364109039307,4.328983783721924,4.779534816741943,4.331750392913818,0.1000000014901161,0.0,-0.0027666091918945,-0.0082788467407226,14.07263163516396,7.394843383910477,0.1,1.98,0.18,2.89,,1.88,4.3990066547085656,0.5673935108615051,10.050109174290608,4.593037886371524,4.806068832649212,0.0004340870975485,0.0013607729125929,0.004070895330171,1.0423838604804103,8.078067881815437,1.77243947858473,14.317886424417008,0.04283054003724395,0.10800744878957169,-0.5163381618312566,-0.11237349610429502,0.35335991910715664,0.15693307291531253,-0.7349582393653279,63.84775042833538,1.0224517565486129,-0.0977602614093369,0.38752
2013-04-01,4.785883606229505,4.336924621531416,3.68185735465749,1.4436354751788136,2.0000000000000075,1.220688112,1.12181674174349,-3.700000000000001,6.3,6.099999999999998,6.199999999999997,6.399999999999996,4.900000000000002,4.7,7.299999999999993,7.899999999999998,4.899999999999995,5.199999999999997,639.0,-1.5475624799728394,-0.0215061902999877,1.9878743886947632,0.0563529729843139,1.9600948095321653,0.0,1.974081039428711,0.0,2.0014801025390625,0.0,1.7749522924423218,-0.016807198524475,1.7404661178588867,0.0,2.116255521774292,0.0,2.186051368713379,0.0,1.7749522924423218,0.0,1.8245493173599243,-0.0472528934478759,0.0931947380304336,4.782063484191895,4.331751823425293,4.779364109039307,4.328983783721924,0.1000000014901161,0.0,0.0027680397033691,-0.0027666091918945,13.031500005722046,7.373428294642426,0.09,1.96,0.21,2.96,,1.87,4.409884962802278,-1.0411316294419135,10.02206782586964,4.597058374022851,4.972159008747826,-0.0016891760035153,0.0012740589616627,0.0049539788377703,0.996155494616278,4.727387818712341,2.2785714285714285,10.771690815494548,0.08928571428571429,0.09821428571428571,0.81580620979485,-1.2755642131393388,3.790289531121583,2.1573169905240945,1.46950070720721,77.13172365144038,1.0204515632611937,-0.0020001932874191,0.38752
2013-05-01,4.786595519584176,4.335293230797147,3.710663536867923,1.4436354751788136,2.0000000000000075,3.923053559,-0.271045517650312,-3.700000000000001,6.3,6.099999999999998,6.199999999999997,6.499999999999996,5.100000000000002,4.7,7.299999999999993,7.899999999999998,4.899999999999995,5.199999999999997,640.0,-1.5475624799728394,0.0,1.9878743886947632,0.0,1.9600948095321653,0.0,1.974081039428711,0.0,2.0149030685424805,0.0134229660034179,1.808288812637329,0.0333365201950073,1.7404661178588867,0.0,2.116255521774292,0.0,2.186051368713379,0.0,1.7749522924423218,0.0,1.8245493173599243,0.0,0.0,4.78588342666626,4.3369245529174805,4.782063484191895,4.331751823425293,-0.2000000029802322,0.1000000014901161,0.0051727294921875,0.0027680397033691,13.967272715135056,7.305092108624392,0.06,1.76,0.22,2.83,,1.7,4.404032714936497,0.9357727094130084,10.002350916430888,4.596195029497807,4.93136244422836,-0.0074502384930803,0.0040796379991381,0.0059662590144595,0.9455456583780508,4.736198448394496,1.2699115044247788,6.0145528968549575,0.035398230088495575,0.07964601769911504,-2.7213566065537513,2.758747196960793,1.1540023709279017,1.3442686171454237,-1.5532543771216873,99.32511340387532,1.016533872240939,-0.0039176910202547,0.31599
2013-06-01,4.782316175997579,4.336485331610221,3.718779233061807,1.4874828366412745,2.100000000000008,0.155678519,0.549076513769894,-3.700000000000001,6.3,6.299999999999998,6.199999999999997,6.499999999999996,5.100000000000002,4.7,7.299999999999993,7.899999999999998,5.199999999999995,5.199999999999997,641.0,-1.5475624799728394,0.0,1.9878743886947632,0.0,1.9878743886947632,0.0277795791625976,1.974081039428711,0.0,2.0149030685424805,0.0,1.808288812637329,0.0,1.7404661178588867,0.0,2.116255521774292,0.0,2.186051368713379,0.0,1.8245493173599243,0.0495970249176025,1.8245493173599243,0.0,0.0438473597168922,4.786595344543457,4.335293292999268,4.78588342666626,4.3369245529174805,0.1000000014901161,0.0,-0.0016312599182128,0.0051727294921875,13.493636304681951,7.254196941040835,0.04,1.93,0.24,2.79,,1.89,4.411221292953157,-0.4736364104531034,10.040245933914196,4.596975702731922,4.676314351115931,-0.0049924079397374,0.0028908508915228,0.0185977210897675,0.9197711602296595,5.634789603169249,3.521505376344086,19.84294188212827,0.0035842293906810036,0.035842293906810034,2.247132726506339,2.1518151318593803,2.1950024512891835,-0.3829059798714911,0.54058783588173,66.12562781454426,0.9666936507627424,-0.0498402214781964,0.31599
2013-07-01,4.788006568040219,4.343073374751796,3.805373552964588,1.4874828366412745,2.100000000000008,2.338848708,0.165486600081719,-3.800000000000001,6.3,6.299999999999998,6.199999999999997,6.499999999999996,5.100000000000002,4.7,7.299999999999993,7.999999999999997,5.199999999999995,5.199999999999997,642.0,-1.5686159133911133,-0.0210534334182739,1.9878743886947632,0.0,1.9878743886947632,0.0,1.974081039428711,0.0,2.0149030685424805,0.0,1.808288812637329,0.0,1.7404661178588867,0.0,2.116255521774292,0.0,2.1972246170043945,0.0111732482910156,1.8245493173599243,0.0,1.8245493173599243,0.0,0.0,4.782316207885742,4.336485385894775,4.786595344543457,4.335293292999268,-0.1000000014901161,-0.1000000014901161,0.0011920928955078,-0.0016312599182128,17.271499919891358,7.202921773143544,0.05,2.3,0.23,2.83,,2.25,4.419442836059304,3.777863615209407,9.955310706523283,4.599048486563044,4.859336299568902,0.00055413401682,0.0041003056386498,0.0168293240876988,0.9151678961976896,4.804021044733257,1.7966942148760332,8.63135681921496,0.0,0.09090909090909091,1.9277700308226215,3.6225397687865954,1.144818919149071,-0.03233502236290069,-2.0423420652783792,66.8991987952653,0.9220496378841976,-0.0446440128785449,0.31599
2013-08-01,4.792658222487076,4.3399928515467945,3.8209786096992895,1.5296604950904071,2.200000000000008,1.031043163,-1.21854584956486,-3.800000000000001,6.3,6.299999999999998,6.199999999999997,6.499999999999996,5.100000000000002,4.7,7.299999999999993,7.999999999999997,5.199999999999995,5.199999999999997,643.0,-1.5686159133911133,0.0,1.9878743886947632,0.0,1.9878743886947632,0.0,1.974081039428711,0.0,2.0149030685424805,0.0,1.808288812637329,0.0,1.7404661178588867,0.0,2.116255521774292,0.0,2.1972246170043945,0.0,1.8245493173599243,0.0,1.8245493173599243,0.0,0.0421776585280895,4.788006782531738,4.34307336807251,4.782316207885742,4.336485385894775,0.1000000014901161,0.1000000014901161,0.0065879821777343,0.0011920928955078,13.97454565221613,7.158915473147351,0.04,2.58,0.23,2.68,,2.54,4.42484663185681,-3.2969542676752277,9.965380730009304,4.595941734517294,4.677091200277516,-0.0014674952494182,0.0028070186450025,0.0121102273395059,0.8761387958252485,4.574710978503383,2.345833333333333,10.731509503739185,0.0,0.07291666666666667,1.728152895492642,2.0896192780472926,-0.14931761782674655,6.005425807397184,0.8515927483681636,41.9861196961509,1.0530741259548415,0.1310244880706441,0.14114
2013-09-01,4.7957816452768185,4.33377680949504,3.817970897345784,1.570278543484981,2.300000000000008,-2.505295438,-0.984017868740049,-4.000000000000001,6.3,6.299999999999998,6.199999999999997,6.499999999999996,5.100000000000002,4.8,7.299999999999993,7.999999999999997,5.199999999999995,5.099999999999997,644.0,-1.6094379425048828,-0.0408220291137695,1.9878743886947632,0.0,1.9878743886947632,0.0,1.974081039428711,0.0,2.0149030685424805,0.0,1.808288812637329,0.0,1.7578579187393188,0.0173918008804321,2.116255521774292,0.0,2.1972246170043945,0.0,1.8245493173599243,0.0,1.808288812637329,-0.0162605047225952,0.0406180471181869,4.79265832901001,4.339993000030518,4.788006782531738,4.34307336807251,0.0,-0.2000000029802322,-0.0030803680419921,0.0065879821777343,14.209999908100476,7.209149409990486,0.04,2.74,0.23,2.56,,2.7,4.421728001525434,0.2354542558843437,10.000325222158452,4.601707196756425,4.837991453573748,-0.0014859935619806,0.00117256468304,0.0085053204986531,0.8910750226079021,5.420534999272286,1.6497777777777778,8.9426781854661,0.022222222222222223,0.09777777777777778,0.5472712607777287,-1.122601588968076,2.0639059509078037,1.357870522171248,-1.908567872604214,99.35615848902783,1.2417358794259283,0.1886617534710866,0.14114
2013-10-01,4.79427319163333,4.337278793048697,3.761820260201232,1.570278543484981,2.300000000000008,-4.30270871,0.233114666538828,-4.1000000000000005,6.4,6.299999999999998,6.199999999999997,6.499999999999996,5.200000000000002,5.0,7.299999999999993,7.999999999999997,5.2999999999999945,5.099999999999997,645.0,-1.6292405128479004,-0.0198025703430175,2.0014801025390625,0.0136057138442993,1.9878743886947632,0.0,1.974081039428711,0.0,2.0149030685424805,0.0,1.8245493173599243,0.0162605047225952,1.7917594909667969,0.033901572227478,2.116255521774292,0.0,2.1972246170043945,0.0,1.8405495882034304,0.0160002708435058,1.808288812637329,0.0,0.0,4.79578161239624,4.333776950836182,4.79265832901001,4.339993000030518,-0.1000000014901161,0.1000000014901161,-0.0062160491943359,-0.0030803680419921,14.692000102996824,7.206822296300482,0.02,2.81,0.23,2.75,,2.79,4.416911036527384,0.4820001948963508,10.04150119692819,4.606778891327507,4.943322333625457,0.0001143856267538,0.0009186859131132,0.0153522548960868,0.8969187901024602,9.099743950634156,1.9660411081322609,17.890470680424613,0.03116621983914209,0.07975871313672922,0.9377575970632219,-0.5606116267775357,0.626102459954659,0.28029496780925484,-0.42934821029491044,142.848635652077,1.1448554262970032,-0.0968804531289251,0.14114
2013-11-01,4.799033197805859,4.341167842601605,3.6912261218574978,1.570278543484981,2.300000000000008,-0.662998263,0.586252258962154,-4.500000000000001,6.3,6.299999999999998,6.199999999999997,6.499999999999996,5.200000000000002,5.0,7.299999999999993,7.999999999999997,5.2999999999999945,5.099999999999997,646.0,-1.704748034477234,-0.0755075216293335,1.9878743886947632,-0.0136057138442993,1.9878743886947632,0.0,1.974081039428711,0.0,2.0149030685424805,0.0,1.8245493173599243,0.0,1.7917594909667969,0.0,2.116255521774292,0.0,2.1972246170043945,0.0,1.8405495882034304,0.0,1.808288812637329,0.0,0.0,4.794273376464844,4.337278842926025,4.79578161239624,4.333776950836182,0.0,-0.3000000119209289,0.0035018920898437,-0.0062160491943359,15.407826050468111,7.182792744275833,0.05,2.62,0.2,2.65,,2.5700000000000003,4.402809173856411,0.7158259474712878,10.047681481081444,4.605989849971768,5.109575997385656,-0.0042081884228228,0.0021854139509568,0.01605397826818,0.9302294100210506,9.08398318309966,1.9044938719927371,17.30039030549838,0.02882433045846573,0.09214707217430776,0.1413093453731687,-0.0027951414445418024,0.5905484018985612,0.2191462247952019,-0.8081149694604657,59.13499880251033,0.8975120133239862,-0.2473434129730169,0.15803
2013-12-01,4.79773139893236,4.3461586508371735,3.72796595523544,1.570278543484981,2.300000000000008,3.627418049,-0.0638698657828863,-4.6000000000000005,6.3,6.299999999999998,6.199999999999997,6.499999999999996,5.200000000000002,5.0,7.299999999999993,7.999999999999997,5.2999999999999945,5.199999999999997,647.0,-1.722766637802124,-0.0180186033248901,1.9878743886947632,0.0,1.9878743886947632,0.0,1.974081039428711,0.0,2.0149030685424805,0.0,1.8245493173599243,0.0,1.7917594909667969,0.0,2.116255521774292,0.0,2.1972246170043945,0.0,1.8405495882034304,0.0,1.8245493173599243,0.0162605047225952,0.0,4.799033164978027,4.34116792678833,4.794273376464844,4.337278842926025,0.0,0.3000000119209289,0.0038890838623046,0.0035018920898437,12.923999977111816,7.151375740016951,0.07,2.72,0.18,2.61,,2.6500000000000004,4.407816206360175,-2.4838260733562976,10.056402509989216,4.608323209979496,4.670446702240266,-0.0003446436664811,0.0023742483859947,0.0119574989193089,0.9889773223608068,9.268703615273097,1.925745283018868,17.849162266812094,0.027547169811320753,0.07669811320754717,0.34717100147826885,-0.541809669335727,0.3685283647366489,0.31941812917573614,-0.7444491338410137,61.444404447018975,1.001326967357535,0.1038149540335486,0.15803
2014-01-01,4.806434346958688,4.350439162071415,3.694228760483288,1.5296604950904071,2.200000000000008,-4.590217983,0.422824250307837,-4.7,6.3,6.299999999999998,6.299999999999996,6.499999999999996,5.200000000000002,5.0,7.299999999999993,7.999999999999997,5.2999999999999945,5.199999999999997,648.0,-1.7404661178588867,-0.0176994800567626,1.9878743886947632,0.0,1.9878743886947632,0.0,1.9878743886947632,0.0137933492660522,2.0149030685424805,0.0,1.8245493173599243,0.0,1.7917594909667969,0.0,2.116255521774292,0.0,2.1972246170043945,0.0,1.8405495882034304,0.0,1.8245493173599243,0.0,-0.0406180471181869,4.797731399536133,4.346158504486084,4.799033164978027,4.34116792678833,-0.1000000014901161,0.0,0.0049905776977539,0.0038890838623046,14.192380905151367,7.107844714636442,0.07,2.9,0.18,2.33,,2.83,4.4073288175361,1.2683809280395515,10.05924120406036,4.6103318416936085,4.8403735422437535,-0.0063396090771197,0.0030389017304663,0.0081551813539626,0.9793696475139368,4.8283137373023015,1.6524193548387098,7.978399070751949,0.008064516129032258,0.0967741935483871,-0.44921346682286944,-0.2231105705115388,0.7993467704558793,1.5557642558619502,-1.3902589194806625,63.1790955940676,0.9913662444285816,-0.0099607229289533,0.15803
2014-02-01,4.812135009189949,4.356553622338327,3.756596465727069,1.4436354751788136,2.0000000000000075,2.234538367,-0.257175852975593,-4.7,6.3,6.299999999999998,6.399999999999996,6.499999999999996,5.200000000000002,5.0,7.399999999999992,7.999999999999997,5.2999999999999945,5.199999999999997,649.0,-1.7404661178588867,0.0,1.9878743886947632,0.0,1.9878743886947632,0.0,2.0014801025390625,0.0136057138442993,2.0149030685424805,0.0,1.8245493173599243,0.0,1.7917594909667969,0.0,2.1282317638397217,0.0119762420654296,2.1972246170043945,0.0,1.8405495882034304,0.0,1.8245493173599243,0.0,-0.086025021970272,4.806434154510498,4.350439071655273,4.797731399536133,4.346158504486084,-0.1000000014901161,0.1000000014901161,0.0042805671691894,0.0049905776977539,14.240952400934129,7.126304291549603,0.04,2.86,0.22,2.4,,2.82,4.418117454818235,0.0485714957827614,10.03122779209032,4.606767908948734,4.77545860577659,0.0008751146050409,0.0038617711464569,0.0077688682089628,0.988991940289,8.737773460327283,1.3890261511310764,12.136995839053673,0.034493823199101555,0.09096743141344457,-1.0774974983944698,-0.8667059482363438,-0.2159772416294475,0.28679552047667006,-0.3780781268992782,59.375368740478194,0.9526387846884342,-0.0387274597401473,0.18492
2014-03-01,4.810627218690278,4.349188969456462,3.754358099569604,1.4436354751788136,2.0000000000000075,-1.854342306,-0.426332922427147,-4.9,6.3,6.299999999999998,6.399999999999996,6.699999999999996,5.200000000000002,5.0,7.399999999999992,7.999999999999997,5.2999999999999945,5.199999999999997,650.0,-1.7749522924423218,-0.034486174583435,1.9878743886947632,0.0,1.9878743886947632,0.0,2.0014801025390625,0.0,2.041220426559448,0.0263173580169677,1.8245493173599243,0.0,1.7917594909667969,0.0,2.1282317638397217,0.0,2.1972246170043945,0.0,1.8405495882034304,0.0,1.8245493173599243,0.0,0.0,4.812135219573975,4.356553554534912,4.806434154510498,4.350439071655273,0.2000000029802322,-0.2000000029802322,0.0061144828796386,0.0042805671691894,15.470000116448654,7.169796414325958,0.05,2.71,0.19,2.35,,2.66,4.419201988273939,1.2290477155145254,10.007320971195698,4.61429641498635,4.604703611259029,0.0140614257394831,0.0103451539438561,0.0096868463189469,0.9338383972193536,9.066700921774572,1.592564369010507,14.439304832492903,0.025285763768617943,0.09317630758572913,-0.5095134368185046,-0.8506714617843288,-0.009219513430222289,-0.20564051687074283,0.42541600419564984,57.60886591026095,0.9688734991871016,0.0162347144986675,0.18492
2014-04-01,4.8144872842809,4.345879982749088,3.76501614618018,1.137982046293372,1.4000000000000077,1.005266289,0.509324459036578,-4.9,6.4,6.299999999999998,6.399999999999996,6.699999999999996,5.200000000000002,5.0,7.399999999999992,7.999999999999997,5.2999999999999945,5.199999999999997,651.0,-1.7749522924423218,0.0,2.0014801025390625,0.0136057138442993,1.9878743886947632,0.0,2.0014801025390625,0.0,2.041220426559448,0.0,1.8245493173599243,0.0,1.7917594909667969,0.0,2.1282317638397217,0.0,2.1972246170043945,0.0,1.8405495882034304,0.0,1.8245493173599243,0.0,-0.3056534230709076,4.810626983642578,4.349188804626465,4.812135219573975,4.356553554534912,-0.6000000238418579,0.2000000029802322,-0.0073647499084472,0.0061144828796386,14.836666742960611,7.197495232543362,0.05,2.72,0.18,2.26,,2.6700000000000004,4.422688616392771,-0.6333333734880426,9.997923237527187,4.623935020061161,4.729816610171826,0.0115847653569847,0.0070084385709083,0.0106221560337341,0.922955545144684,8.936824154997302,1.7596371285826975,15.725567594747943,0.024848803576124113,0.06744675256376545,-0.09851964541553404,-0.8313065912132397,0.8012051996581151,1.436065071058163,-0.27271383952379036,147.65536698868772,1.5300403610044322,0.5611668618173304,0.18492
2014-05-01,4.81215080081802,4.348749039159131,3.764192060185684,1.0784510589549017,1.3000000000000074,0.545897782,0.190282994147774,-5.0,6.4,6.299999999999998,6.399999999999996,6.699999999999996,5.200000000000002,5.0,7.399999999999992,7.999999999999997,4.699999999999995,5.199999999999997,652.0,-1.7917594909667969,-0.016807198524475,2.0014801025390625,0.0,1.9878743886947632,0.0,2.0014801025390625,0.0,2.041220426559448,0.0,1.8245493173599243,0.0,1.7917594909667969,0.0,2.1282317638397217,0.0,2.1972246170043945,0.0,1.7404661178588867,-0.1000834703445434,1.8245493173599243,0.0,-0.0595309883356094,4.814487457275391,4.345880031585693,4.810626983642578,4.349188804626465,0.5,-0.1000000014901161,-0.0033087730407714,-0.0073647499084472,14.198095321655272,7.1689265243930045,0.03,2.71,0.19,2.16,,2.68,4.420766462989812,-0.638571421305338,10.025636333332615,4.62490222255751,4.762052049592279,0.0068454437487437,0.0036666381524784,0.002176117214156,0.9148461950349662,8.940760134888384,1.5849921424829754,14.171034561623117,0.02357255107386066,0.09101623886851755,-0.6606340487624218,-0.7453005995281785,0.8195217794115317,0.23702450950725656,0.36975203219346325,89.68230232460522,1.2709710159343393,-0.2590693450700929,0.19537
2014-06-01,4.814017848226732,4.353261931427255,3.7975918330029184,1.0159731341796967,1.2000000000000073,3.233854936,-0.120532972709448,-5.0,6.4,6.299999999999998,6.399999999999996,6.699999999999996,5.300000000000002,5.0,7.399999999999992,7.999999999999997,4.599999999999995,5.299999999999996,653.0,-1.7917594909667969,0.0,2.0014801025390625,0.0,1.9878743886947632,0.0,2.0014801025390625,0.0,2.041220426559448,0.0,1.8405495882034304,0.0160002708435058,1.7917594909667969,0.0,2.1282317638397217,0.0,2.1972246170043945,0.0,1.722766637802124,-0.0176994800567626,1.8405495882034304,0.0160002708435058,-0.0624779239296913,4.812150955200195,4.348749160766602,4.814487457275391,4.345880031585693,0.0,0.1000000014901161,0.0028691291809082,-0.0033087730407714,12.475238028026762,7.161420275844227,0.03,2.56,0.19,2.22,,2.53,4.419803999007912,-1.7228572936285111,10.025037971572376,4.628726543529026,4.700671321195636,-0.001919048741064,0.0068511616181115,0.0039155605606997,0.9320894199670304,9.324739912284679,0.6828739630719829,6.367622098517333,0.03871197930603871,0.14004103113014005,-2.6715288169894413,-0.3292946349430572,0.05954815078884559,1.467597080170751,-0.55228105670063,79.52875150477433,1.2104910522863364,-0.0604799636480029,0.19537
2014-07-01,4.815865455573296,4.3560426561293,3.775451783671495,1.0159731341796967,1.2000000000000073,0.477505405,0.28426690589403,-5.0,6.4,6.399999999999998,6.399999999999996,6.699999999999996,5.300000000000002,5.0,7.399999999999992,7.999999999999997,4.599999999999995,4.899999999999996,654.0,-1.7917594909667969,0.0,2.0014801025390625,0.0,2.0014801025390625,0.0136057138442993,2.0014801025390625,0.0,2.041220426559448,0.0,1.8405495882034304,0.0,1.7917594909667969,0.0,2.1282317638397217,0.0,2.1972246170043945,0.0,1.722766637802124,0.0,1.7749522924423218,-0.0655972957611084,0.0,4.8140177726745605,4.353261947631836,4.812150955200195,4.348749160766602,0.1000000014901161,0.0,0.0045127868652343,0.0028691291809082,11.541428565979004,7.153911984605347,0.04,2.6,0.19,2.18,,2.56,4.423288532422522,-0.9338094620477584,10.0495299272957,4.632152857317978,4.556318344091627,-0.0069875873638387,0.0069983231579208,0.0041077806447834,0.9190771337451208,8.927048647825695,1.2880377057886352,11.498375259808945,0.031996813595326606,0.11072756240042485,-1.757452949696985,-1.0435987542297693,0.2867625698333488,1.3415042304649392,0.08594813128815139,105.24500747957208,1.3664226135520736,0.1559315612657372,0.19537
2014-08-01,4.806136115398133,4.359510475327422,3.705128427982792,1.0159731341796967,1.2000000000000073,-0.120607883,-0.0282969450359965,-5.0,6.4,6.399999999999998,6.499999999999996,6.699999999999996,5.300000000000002,5.0,7.399999999999992,7.999999999999997,4.599999999999995,4.899999999999996,655.0,-1.7917594909667969,0.0,2.0014801025390625,0.0,2.0014801025390625,0.0,2.0149030685424805,0.0134229660034179,2.041220426559448,0.0,1.8405495882034304,0.0,1.7917594909667969,0.0,2.1282317638397217,0.0,2.1972246170043945,0.0,1.722766637802124,0.0,1.7749522924423218,0.0,0.0,4.815865516662598,4.356042861938477,4.8140177726745605,4.353261947631836,0.0,0.0,0.0027809143066406,0.0045127868652343,12.296363613822244,7.1782326964832,0.03,2.54,0.21,2.17,,2.51,4.420405647542997,0.7549350478432402,10.075760016971367,4.634371642835977,4.591413625409208,-0.0048314346686848,0.0025436545234104,0.0074516628963671,0.8952081754159789,9.140775908590273,1.436313927307816,13.129023743907965,0.03388013294735714,0.10625067009756621,-1.1911453515284571,-0.5172023481523363,0.6791733712041078,0.7831518117761269,-0.43922235925908093,148.6660448000181,1.7488761892031963,0.3824535756511229,0.20086
2014-09-01,4.816125599851414,4.369317768057044,3.669954421381224,1.0159731341796967,1.2000000000000073,0.630107625,1.17003053785676,-5.0,6.4,6.399999999999998,6.499999999999996,6.699999999999996,5.500000000000002,5.0,7.399999999999992,7.999999999999997,4.599999999999995,4.899999999999996,656.0,-1.7917594909667969,0.0,2.0014801025390625,0.0,2.0014801025390625,0.0,2.0149030685424805,0.0,2.041220426559448,0.0,1.8718022108078003,0.0312526226043701,1.7917594909667969,0.0,2.1282317638397217,0.0,2.1972246170043945,0.0,1.722766637802124,0.0,1.7749522924423218,0.0,0.0,4.806136131286621,4.35951042175293,4.815865516662598,4.356042861938477,0.0,0.0,0.0034675598144531,0.0027809143066406,13.497142927987236,7.166366355195677,0.03,2.42,0.2,2.23,,2.39,4.4259238957110645,1.2007793141649916,10.11908587195038,4.632481805009503,4.645283109657018,-0.0049851118526855,0.0012029491049421,0.0058051841556651,0.9159947815278104,8.984317679911129,1.0230817452357073,9.191691411715498,0.03911735205616851,0.12337011033099297,-1.7958673269029701,-0.7139892831609964,0.3556744195435773,0.7138830626632789,-0.9732086666287101,200.7027537618034,2.02649581624241,0.2776196270392133,0.20086
2014-10-01,4.809362708148616,4.381245529690798,3.570864744400852,1.0784510589549017,1.3000000000000074,-3.111738617,1.21832604592007,-4.8,6.4,6.299999999999998,6.499999999999996,6.799999999999995,5.500000000000002,5.0,7.399999999999992,7.999999999999997,4.699999999999995,4.899999999999996,657.0,-1.7578579187393188,0.033901572227478,2.0014801025390625,0.0,1.9878743886947632,-0.0136057138442993,2.0149030685424805,0.0,2.054123640060425,0.0129032135009765,1.8718022108078003,0.0,1.7917594909667969,0.0,2.1282317638397217,0.0,2.1972246170043945,0.0,1.7404661178588867,0.0176994800567626,1.7749522924423218,0.0,0.0624779239296913,4.816125392913818,4.369317531585693,4.806136131286621,4.35951042175293,0.1000000014901161,0.2000000029802322,0.0098071098327636,0.0034675598144531,13.466666630336215,7.120080522860468,0.02,2.53,0.22,2.29,,2.51,4.438052462936409,-0.0304762976510186,10.099950883466123,4.635351124759652,4.846282554784836,-0.0008142659842458,0.002364924811152,0.0119351596018406,0.9056986757810206,8.996528148090857,1.6733960862026258,15.054754992426997,0.02984889769630914,0.10453306911072578,-0.3653553018363652,-0.5488656616295727,0.7964731561760796,0.8603709602344181,-1.0655167411890594,220.26111443249144,1.6355049352181594,-0.3909908810242504,0.20086
2014-11-01,4.816604928551813,4.378560359075865,3.4651481352074205,1.3008204268406505,1.7000000000000073,-2.599301676,0.395152666926483,-4.8,6.6,6.299999999999998,6.499999999999996,6.799999999999995,5.500000000000002,5.0,7.399999999999992,7.999999999999997,4.699999999999995,4.899999999999996,658.0,-1.7578579187393188,0.0,2.0281481742858887,0.0266680717468261,1.9878743886947632,0.0,2.0149030685424805,0.0,2.054123640060425,0.0,1.8718022108078003,0.0,1.7917594909667969,0.0,2.1282317638397217,0.0,2.1972246170043945,0.0,1.7404661178588867,0.0,1.7749522924423218,0.0,0.222369372844696,4.809362888336182,4.3812456130981445,4.816125392913818,4.369317531585693,0.3000000119209289,-0.2000000029802322,0.0119280815124511,0.0098071098327636,18.01608711740245,7.108645041356471,0.02,2.3,0.22,2.39,,2.28,4.447228997919515,4.549420487066232,10.056261407423754,4.635470460843679,4.733373823421088,-0.0041794614485792,0.0022124484304763,0.0123335484490875,0.8999190251489204,9.058586816748646,1.5411593528110814,13.960725795883336,0.024793388429752067,0.09824234664183448,-0.760698154209472,-0.22141839566044016,0.13412423535756202,0.40072429164579737,0.008116396407033969,133.0389370495653,1.1353748428811443,-0.5001300923370151,0.14211
2014-12-01,4.818874308094196,4.389950110864003,3.222711811760883,1.3008204268406505,1.7000000000000073,-7.762349698,2.73904945356218,-4.8,6.6,6.299999999999998,6.499999999999996,6.799999999999995,5.500000000000002,5.0,7.399999999999992,7.999999999999997,4.699999999999995,4.899999999999996,659.0,-1.7578579187393188,0.0,2.0281481742858887,0.0,1.9878743886947632,0.0,2.0149030685424805,0.0,2.054123640060425,0.0,1.8718022108078003,0.0,1.7917594909667969,0.0,2.1282317638397217,0.0,2.1972246170043945,0.0,1.7404661178588867,0.0,1.7749522924423218,0.0,0.0,4.816605091094971,4.378560543060303,4.809362888336182,4.3812456130981445,-0.4000000059604645,0.0,-0.0026850700378417,0.0119280815124511,13.41315786462081,7.069304238210812,0.02,2.33,0.21,2.52,,2.31,4.458177162247432,-4.602929252781639,10.076563079565332,4.641623612193868,4.845079001182798,0.0049774486091327,0.0046317293431533,0.010424829744885,0.9098273828797668,9.40713994795079,2.01961557417447,18.99880634732023,0.02957121734844751,0.09331361918843437,0.9183248680579271,-0.9929879844807548,0.7748975486670919,0.48545168485061824,0.3144031430487269,102.12232529819444,1.1160436259876385,-0.019331216893506,0.14211
2015-01-01,4.824413310900802,4.3809562119758665,3.0014793791914607,1.3008204268406505,1.7000000000000073,-9.806055973,0.30930777619979,-4.8,6.6,6.299999999999998,6.499999999999996,6.799999999999995,5.500000000000002,5.0,7.399999999999992,7.999999999999997,4.699999999999995,4.999999999999996,660.0,-1.7578579187393188,0.0,2.0281481742858887,0.0,1.9878743886947632,0.0,2.0149030685424805,0.0,2.054123640060425,0.0,1.8718022108078003,0.0,1.7917594909667969,0.0,2.1282317638397217,0.0,2.1972246170043945,0.0,1.7404661178588867,0.0,1.7917594909667969,0.016807198524475,0.0,4.818874359130859,4.389950275421143,4.816605091094971,4.378560543060303,0.0,0.0,0.0113897323608398,-0.0026850700378417,16.3118182962591,7.090593369016492,0.03,2.21,0.22,2.51,,2.18,4.474491862345976,2.898660431638291,10.0598995104805,4.64154454442214,4.730487793776496,0.0099940090787493,0.0071868183449448,0.0116735510338722,0.9098112540360556,8.980172205725008,1.711796550421755,15.372227803953392,0.04041294221326955,0.10613118469092282,-0.5184688246227882,-0.8209919212043706,0.46839255464663615,0.8014588598625868,-1.0089984404281136,88.01731562181845,1.10991902849914,-0.0061245974884982,0.14211
2015-02-01,4.821708293206341,4.37976149618361,3.0676866518874157,1.350440740274976,1.8000000000000074,1.915608167,-0.959054205376117,-4.7,6.6,6.299999999999998,6.499999999999996,6.799999999999995,5.400000000000002,5.0,7.399999999999992,7.999999999999997,4.699999999999995,4.899999999999996,661.0,-1.7404661178588867,0.0173918008804321,2.0281481742858887,0.0,1.9878743886947632,0.0,2.0149030685424805,0.0,2.054123640060425,0.0,1.8562979698181152,-0.015504240989685,1.7917594909667969,0.0,2.1282317638397217,0.0,2.1972246170043945,0.0,1.7404661178588867,0.0,1.7749522924423218,-0.016807198524475,0.0496203117072582,4.824413299560547,4.380956172943115,4.818874359130859,4.389950275421143,0.1000000014901161,0.1000000014901161,-0.0089941024780273,0.0113897323608398,19.119499969482423,7.131498650368314,0.03,1.88,0.23,2.61,,1.85,4.493568009406789,2.807681673223321,10.094517017745222,4.633665315934663,4.89738155168763,0.0072105081112923,0.0025133082886026,0.0063566773664356,0.8646986208263603,8.9300972286214,1.8258371939113167,16.304903665261325,0.044473858371939116,0.1101257445400397,-0.3379128669610973,-0.562281700131181,1.232543022074224,1.520471323248527,-0.3645584488082961,128.77408778445857,1.4895150150017635,0.3795959865026235,0.17252
2015-03-01,4.821348667465656,4.391046446094432,3.0088840430791928,1.350440740274976,1.8000000000000074,-3.873465389,2.86687580584725,-4.7,6.6,6.299999999999998,6.499999999999996,6.799999999999995,5.400000000000002,5.2,7.399999999999992,7.999999999999997,4.699999999999995,4.899999999999996,662.0,-1.7404661178588867,0.0,2.0281481742858887,0.0,1.9878743886947632,0.0,2.0149030685424805,0.0,2.054123640060425,0.0,1.8562979698181152,0.0,1.8245493173599243,0.0327898263931274,2.1282317638397217,0.0,2.1972246170043945,0.0,1.7404661178588867,0.0,1.7749522924423218,0.0,0.0,4.8217082023620605,4.379761695861816,4.824413299560547,4.380956172943115,-0.1000000014901161,-0.1000000014901161,-0.0011944770812988,-0.0089941024780273,15.904210492184289,7.112392642259507,0.02,1.98,0.24,2.46,,1.96,4.505791742007813,-3.2152894772981355,10.11335879288169,4.627259412708348,4.802393403630732,0.0031951461003159,0.0034179805810486,0.0116538680890354,0.9944015563030232,8.96890555068972,1.460733384262796,13.101179758192373,0.04367201426024955,0.10236822001527884,0.01978366220110862,-0.7294710089962239,0.728381106200849,0.7719776569683449,-0.25303268838404763,119.5210458507028,1.5035151984000976,0.014000183398334,0.17252
2015-04-01,4.820785135932187,4.386785319153376,3.137680994535602,1.137982046293372,1.4000000000000077,4.632033533,0.109163355756448,-4.7,6.6,6.299999999999998,6.499999999999996,6.799999999999995,5.400000000000002,5.2,7.399999999999992,7.999999999999997,4.699999999999995,4.899999999999996,663.0,-1.7404661178588867,0.0,2.0281481742858887,0.0,1.9878743886947632,0.0,2.0149030685424805,0.0,2.054123640060425,0.0,1.8562979698181152,0.0,1.8245493173599243,0.0,2.1282317638397217,0.0,2.1972246170043945,0.0,1.7404661178588867,0.0,1.7749522924423218,0.0,-0.2124586999416351,4.821348667144775,4.391046524047852,4.8217082023620605,4.379761695861816,-0.4000000059604645,0.0,0.0112848281860351,-0.0011944770812988,14.812727277929133,7.072108026008257,0.03,2.04,0.24,2.55,,2.01,4.5263434054421205,-1.0914832142551545,10.098509723840465,4.623907540199973,4.752987027343117,-0.0113086179286732,0.0097420081123959,0.005700394558469,1.0144200983113212,9.06496771896043,1.796911866759195,16.28894806598903,0.03504510756419153,0.08859588248901226,0.3150631459316052,-0.931388471174794,1.0020494949493481,0.9338422627531191,-0.14960132828372474,96.26229806725156,1.2627366951369998,-0.2407785032630978,0.17252
2015-05-01,4.818250209812232,4.385709270439257,3.219209101252326,0.8813735870195485,1.0000000000000075,3.656384732,0.0094292777244864,-4.7,6.6,6.299999999999998,6.599999999999995,6.799999999999995,5.600000000000002,5.2,7.399999999999992,8.099999999999998,4.599999999999995,4.899999999999996,664.0,-1.7404661178588867,0.0,2.0281481742858887,0.0,1.9878743886947632,0.0,2.0281481742858887,0.0132451057434082,2.054123640060425,0.0,1.8870697021484373,0.0307717323303222,1.8245493173599243,0.0,2.1282317638397217,0.0,2.2082743644714355,0.011049747467041,1.722766637802124,-0.0176994800567626,1.7749522924423218,0.0,-0.2566084563732147,4.820785045623779,4.386785507202148,4.821348667144775,4.391046524047852,0.0,0.0,-0.0042610168457031,0.0112848281860351,13.494761875697543,7.089184771338233,0.02,1.94,0.27,2.6,,1.92,4.5208098373700185,-1.3179654022315876,10.21620628923938,4.618436794088477,4.60194867458797,0.0004515837764635,0.0077048539828147,0.0074319490579925,0.948703398005322,9.148464968258095,1.899851047983828,17.380720757388477,0.030641557612511968,0.0967124162144909,-0.2495694402760951,-1.330501650423072,1.3855170006609832,0.5688539894435373,0.5533877509195089,100.91005376741198,1.275093347506945,0.0123566523699452,0.29838
2015-06-01,4.822980269190356,4.391063565831259,3.225681781482666,1.015973134179697,1.2000000000000075,0.709075581,1.27339910411593,-4.7,6.699999999999999,6.399999999999998,6.599999999999995,6.799999999999995,5.600000000000002,5.2,7.399999999999992,8.099999999999998,4.599999999999995,4.899999999999996,665.0,-1.7404661178588867,0.0,2.041220426559448,0.0130722522735595,2.0014801025390625,0.0136057138442993,2.0281481742858887,0.0,2.054123640060425,0.0,1.8870697021484373,0.0,1.8245493173599243,0.0,2.1282317638397217,0.0,2.2082743644714355,0.0,1.722766637802124,0.0,1.7749522924423218,0.0,0.1345995515584945,4.818250179290772,4.385709285736084,4.820785045623779,4.386785507202148,0.6000000238418579,0.0,-0.0010762214660644,-0.0042610168457031,13.3385000705719,7.088934516911594,0.02,2.2,0.27,2.72,,2.18,4.516338972281476,-0.156261805125645,10.228465463922356,4.614013964243633,4.612908744953356,-0.0006129131306893,0.0065042755032936,0.0083317062699226,0.9408451709978092,9.313979406735669,1.3144080786223065,12.24236977633516,0.02849156974123163,0.10864665043729149,-0.8268416743879428,-0.623603487760598,0.1033950479794014,0.660011647352883,0.08328332398620092,86.23354716389052,1.0578229620817208,-0.2172703854252242,0.29838
2015-07-01,4.820880246719684,4.398144356035782,3.0626195889333463,0.8813735870195485,1.0000000000000075,-3.571560527,1.32661476816854,-4.8,6.699999999999999,6.399999999999998,6.599999999999995,6.799999999999995,5.600000000000002,5.2,7.399999999999992,8.099999999999998,4.599999999999995,4.899999999999996,666.0,-1.7578579187393188,-0.0173918008804321,2.041220426559448,0.0,2.0014801025390625,0.0,2.0281481742858887,0.0,2.054123640060425,0.0,1.8870697021484373,0.0,1.8245493173599243,0.0,2.1282317638397217,0.0,2.2082743644714355,0.0,1.722766637802124,0.0,1.7749522924423218,0.0,-0.1345995515584945,4.8229804039001465,4.391063690185547,4.818250179290772,4.385709285736084,-0.4000000059604645,-0.1000000014901161,0.0053544044494628,-0.0010762214660644,14.33954551003196,7.074540096626962,0.02,2.36,0.27,2.83,,2.34,4.525910505002459,1.0010454394600607,10.203926483028669,4.610863945730013,4.767269927288769,0.0003226326854894,0.000580951521699,0.007847602540272,0.8929931695676636,9.392745258631441,1.6300750000000002,15.310879227463648,0.030583333333333334,0.08341666666666667,-0.27838152429883534,-0.8057242785875015,0.3805436046129116,0.35167118144071235,-0.21296898754229354,79.00085809940897,1.1012765044009305,0.0434535423192095,0.29838
2015-08-01,4.824234191530156,4.394558790637505,2.890933147076097,1.015973134179697,1.2000000000000075,-4.940701918,0.733228914691826,-4.9,6.699999999999999,6.399999999999998,6.599999999999995,6.799999999999995,5.600000000000002,5.2,7.399999999999992,8.099999999999998,4.599999999999995,4.899999999999996,667.0,-1.7749522924423218,-0.0170943737030029,2.041220426559448,0.0,2.0014801025390625,0.0,2.0281481742858887,0.0,2.054123640060425,0.0,1.8870697021484373,0.0,1.8245493173599243,0.0,2.1282317638397217,0.0,2.2082743644714355,0.0,1.722766637802124,0.0,1.7749522924423218,0.0,0.1345995515584945,4.82088041305542,4.398144245147705,4.8229804039001465,4.391063690185547,0.4000000059604645,0.0,0.0070805549621582,0.0053544044494628,14.35272723978216,7.0284762169962,0.03,2.32,0.23,2.94,,2.29,4.541804310366271,0.0131817297501992,10.127917930079658,4.6173240279206205,4.799467869334712,0.0015632935486713,0.0010916624068296,0.0067377811764405,0.9727054937014056,9.403189650656792,1.9251030842817087,18.102109398565233,0.030100610258947717,0.08939468909780636,0.3743958918047794,-0.8951777712476964,0.6327207530940985,0.33713700057775975,-0.17017419682557947,104.28163921134232,1.1628396668847047,0.0615631624837744,0.25361
2015-09-01,4.823272640420853,4.392977121145227,2.95228365248382,1.350440740274976,1.8000000000000074,1.114830523,-0.657012672230928,-4.8,6.699999999999999,6.399999999999998,6.599999999999995,6.799999999999995,5.600000000000002,5.2,7.399999999999992,8.099999999999998,4.599999999999995,4.999999999999996,668.0,-1.7578579187393188,0.0170943737030029,2.041220426559448,0.0,2.0014801025390625,0.0,2.0281481742858887,0.0,2.054123640060425,0.0,1.8870697021484373,0.0,1.8245493173599243,0.0,2.1282317638397217,0.0,2.2082743644714355,0.0,1.722766637802124,0.0,1.7917594909667969,0.016807198524475,0.3344676196575165,4.824234008789063,4.394558906555176,4.82088041305542,4.398144245147705,0.4000000059604645,0.2000000029802322,-0.0035853385925292,0.0070805549621582,19.42809536343529,7.019234039948046,0.07,2.17,0.27,3.15,,2.1,4.555664766084252,5.07536812365313,10.052907919194872,4.615483817176334,4.75772734712429,0.0264283558881965,0.0147270688895328,0.0132795961829476,0.9488416941444244,9.322775801305971,1.3535615336491196,12.61895071148261,0.05094289033872553,0.1209223344356064,-0.9742514700811271,-0.679139308647781,1.3645143253156515,0.6104281220082421,-0.009434178683391045,86.86716639686975,1.184506045855765,0.0216663789710602,0.25361
2015-10-01,4.826542980395745,4.392536623245884,2.9674345956456727,1.350440740274976,1.8000000000000074,-1.727602962,-0.0072788211358581,-4.5,6.699999999999999,6.499999999999997,6.699999999999995,6.799999999999995,5.600000000000002,5.2,7.399999999999992,8.099999999999998,4.599999999999995,5.099999999999995,669.0,-1.704748034477234,0.0531098842620849,2.041220426559448,0.0,2.0149030685424805,0.0134229660034179,2.041220426559448,0.0130722522735595,2.054123640060425,0.0,1.8870697021484373,0.0,1.8245493173599243,0.0,2.1282317638397217,0.0,2.2082743644714355,0.0,1.722766637802124,0.0,1.808288812637329,0.0165293216705322,0.0,4.823272705078125,4.392977237701416,4.824234008789063,4.394558906555176,-0.6000000238418579,0.2000000029802322,-0.0015816688537597,-0.0035853385925292,24.3771428607759,7.025333849292462,0.02,2.17,0.34,3.29,,2.15,4.559440334281917,4.949047497340612,9.968556132944244,4.612688849862779,5.030122340229389,-0.003204627455839,0.015911830492444,0.0126948911407861,0.911036003188232,9.788918097792992,1.560126724234608,15.271952725710651,0.029550297185151956,0.1004261522933722,0.3165989163967777,-0.7747633445769455,0.7407187258168854,0.7341643284152555,0.5418953618977959,77.36031564082543,1.1355890711972465,-0.0489169746585187,0.25361
2015-11-01,4.8227863985719335,4.400264398503768,2.8809194000418694,1.3979983651114376,1.9000000000000077,-0.658134964,1.2385156851565,-4.5,6.699999999999999,6.499999999999997,6.699999999999995,6.799999999999995,5.700000000000002,5.2,7.399999999999992,8.099999999999998,4.799999999999995,5.099999999999995,670.0,-1.704748034477234,0.0,2.041220426559448,0.0,2.0149030685424805,0.0,2.041220426559448,0.0,2.054123640060425,0.0,1.9021074771881104,0.0150377750396728,1.8245493173599243,0.0,2.1282317638397217,0.0,2.2082743644714355,0.0,1.7578579187393188,0.0350912809371948,1.808288812637329,0.0,0.0475576259195804,4.826542854309082,4.392536640167236,4.823272705078125,4.392977237701416,0.1000000014901161,-0.3000000119209289,-0.0004405975341796,-0.0015816688537597,16.789545449343596,7.05552852327157,0.02,2.07,0.25,3.19,,2.05,4.549763178716353,-7.587597411432306,10.02788464479527,4.607841614543251,4.741466085090857,-0.0059336116521815,0.0179483425404514,0.024615117867719,0.9126848607694652,9.363233118079325,1.2577632821217062,11.77673081786611,0.042657282636683544,0.11526907561582697,-0.9741336513021633,-0.9240037789828243,0.17821862181539838,0.15340609745313727,-0.0030632508865337505,75.69739142106985,1.1564851717320297,0.0208961005347834,0.2128
2015-12-01,4.820384455388081,4.403069840173823,2.7499441264825824,1.24898332790488,1.6000000000000074,-4.695209957,1.04128521415191,-4.5,6.699999999999999,6.499999999999997,6.699999999999995,6.799999999999995,5.700000000000002,5.2,7.399999999999992,8.099999999999998,4.799999999999995,5.099999999999995,671.0,-1.704748034477234,0.0,2.041220426559448,0.0,2.0149030685424805,0.0,2.041220426559448,0.0,2.054123640060425,0.0,1.9021074771881104,0.0,1.8245493173599243,0.0,2.1282317638397217,0.0,2.2082743644714355,0.0,1.7578579187393188,0.0,1.808288812637329,0.0,-0.1490150392055511,4.822786331176758,4.400264263153076,4.826542854309082,4.392536640167236,-0.4000000059604645,0.0,0.0077276229858398,-0.0004405975341796,16.209999990463256,6.990661574977886,0.12,2.26,0.2,3.2,,2.14,4.563618758829857,-0.5795454588803395,10.021692910642042,4.600457096811565,4.652638129742583,0.0110654899258724,0.0091291936417619,0.0140829512279293,0.9093340627308666,9.319284458965361,1.4479192825112106,13.493571667343002,0.03605381165919282,0.09174887892376682,-0.3338896618185227,-0.7300623834111745,0.22565500638620445,-0.019836709818874004,-0.11684997713120698,236.9773380663248,1.7551348063845291,0.5986496346524997,0.2128
2016-01-01,4.831171127261329,4.403161340046257,2.5893122343323225,1.24898332790488,1.6000000000000074,-8.323229248,1.26027803032056,-4.5,6.699999999999999,6.499999999999997,6.699999999999995,6.799999999999995,5.700000000000002,5.2,7.399999999999992,8.099999999999998,4.699999999999996,5.099999999999995,672.0,-1.704748034477234,0.0,2.041220426559448,0.0,2.0149030685424805,0.0,2.041220426559448,0.0,2.054123640060425,0.0,1.9021074771881104,0.0,1.8245493173599243,0.0,2.1282317638397217,0.0,2.2082743644714355,0.0,1.7404661178588867,-0.0173918008804321,1.808288812637329,0.0,0.0,4.820384502410889,4.403069972991943,4.822786331176758,4.400264263153076,0.3000000119209289,0.0,0.0028057098388671,0.0077276229858398,18.02545473792336,6.980764075835391,0.23,2.24,0.45,3.23,,2.01,4.5685062016165,1.8154547474601053,9.994706668728368,4.595540973570879,4.753035791765791,0.0139127542403096,0.0107312208662071,0.0183182794774337,0.8877855636126837,9.190647738630446,1.4409118727050183,13.242913444442138,0.03620971032231742,0.1091391268869849,-0.574052596787907,-0.6079373796101786,0.5501099653390341,-0.1302890251981802,-0.1986475567332204,165.74545913495308,1.2826542966265384,-0.4724805097579909,0.2128
2016-02-01,4.828537547662704,4.393059337471932,2.546751177656473,1.137982046293372,1.4000000000000077,-1.205371015,-1.3290306628174,-4.5,6.499999999999999,6.399999999999998,6.699999999999995,6.799999999999995,5.700000000000002,5.2,7.399999999999992,8.099999999999998,4.699999999999996,5.099999999999995,673.0,-1.704748034477234,0.0,2.0149030685424805,-0.0263173580169677,2.0014801025390625,-0.0134229660034179,2.041220426559448,0.0,2.054123640060425,0.0,1.9021074771881104,0.0,1.8245493173599243,0.0,2.1282317638397217,0.0,2.2082743644714355,0.0,1.7404661178588867,0.0,1.808288812637329,0.0,-0.1110012829303741,4.831171035766602,4.403161525726318,4.820384502410889,4.403069972991943,-0.2000000029802322,0.0,9.1552734375e-05,0.0028057098388671,23.717894805105107,7.001163651496865,0.26,2.09,0.29,3.48,,1.83,4.592287560157078,5.692440067181746,9.890076954086297,4.600767508410793,4.941387061435987,0.0149240493060776,0.0020007545358729,0.0085440062937675,0.834934133483249,9.428913494775632,1.616500562610513,15.241843969110667,0.03624819160906607,0.08849059636714354,0.3098013927908042,-0.7767721896306878,0.40149100936448107,0.17603608592100384,-0.2808670582480973,142.4207313428758,1.434167991145344,0.1515136945188056,0.18518
2016-03-01,4.83055701354647,4.39199354954795,2.758614908216214,0.7326682560454167,0.8000000000000075,6.85554797,-0.504959334804575,-3.9,6.4,6.299999999999998,6.7999999999999945,6.799999999999995,5.700000000000002,5.1000000000000005,7.399999999999992,8.099999999999998,4.699999999999996,5.099999999999995,674.0,-1.5892351865768433,0.1155128479003906,2.0014801025390625,-0.0134229660034179,1.9878743886947632,-0.0136057138442993,2.054123640060425,0.0129032135009765,2.054123640060425,0.0,1.9021074771881104,0.0,1.808288812637329,-0.0162605047225952,2.1282317638397217,0.0,2.2082743644714355,0.0,1.7404661178588867,0.0,1.808288812637329,0.0,-0.4053137898445129,4.828537464141846,4.393059253692627,4.831171035766602,4.403161525726318,-0.4000000059604645,0.6000000238418579,-0.0101022720336914,9.1552734375e-05,22.516999816894533,7.0896600822797495,0.31,1.78,0.3,3.55,,1.47,4.578107266438402,-1.2008949882105746,9.859245627013618,4.595569244091493,4.97553728557214,-0.0034583396367287,0.0103335202411016,0.0146442753656455,0.9246405756244044,9.664849580263269,1.169802577286866,11.305965948081857,0.03193042595061258,0.10359931441630166,-1.292301367712754,-1.0377335857646188,0.13298276666393655,-0.48151971179242403,0.1649563622396073,89.62000898283969,1.247518869177884,-0.1866491219674599,0.18518
2016-04-01,4.83239201165426,4.38242445553267,2.836853088732133,0.568824898732254,0.6000000000000074,-0.238619737,-0.0179797666875915,-3.9,6.499999999999999,6.299999999999998,6.7999999999999945,6.799999999999995,5.800000000000002,5.1000000000000005,7.399999999999992,8.099999999999998,4.699999999999996,5.099999999999995,675.0,-1.5892351865768433,0.0,2.0149030685424805,0.0134229660034179,1.9878743886947632,0.0,2.054123640060425,0.0,2.054123640060425,0.0,1.9169225692749023,0.0148150920867919,1.808288812637329,0.0,2.1282317638397217,0.0,2.2082743644714355,0.0,1.7404661178588867,0.0,1.808288812637329,0.0,-0.1638433635234832,4.830556869506836,4.391993522644043,4.828537464141846,4.393059253692627,0.4000000059604645,-0.6000000238418579,-0.0010657310485839,-0.0101022720336914,15.849090966311367,7.127003252376,0.29,1.89,0.42,3.12,,1.6,4.561322786207815,-6.667908850583165,9.918367649863434,4.5881216826084765,5.07972065392825,-0.016076651011097,0.0155894057260072,0.0322772300586981,0.8844942491533754,9.360569085222874,1.2703270223752152,11.890983853768665,0.051462994836488814,0.11824440619621343,-1.2601449315512199,-0.9083645557658834,0.5785382758545836,-0.09299202887319127,0.17555152726419773,96.42767010182084,1.215287122413223,-0.0322317467646611,0.18518
2016-05-01,4.831892922328191,4.37239675334628,2.9708255969576647,0.2956730475634296,0.3000000000000074,3.62840297,-1.96217524736263,-4.0,6.499999999999999,6.299999999999998,6.7999999999999945,6.799999999999995,5.900000000000001,5.1000000000000005,7.399999999999992,8.099999999999998,4.699999999999996,5.099999999999995,676.0,-1.6094379425048828,-0.0202027559280395,2.0149030685424805,0.0,1.9878743886947632,0.0,2.054123640060425,0.0,2.054123640060425,0.0,1.9315214157104488,0.0145988464355468,1.808288812637329,0.0,2.1282317638397217,0.0,2.2082743644714355,0.0,1.7404661178588867,0.0,1.808288812637329,0.0,-0.2731518447399139,4.83239221572876,4.382424354553223,4.830556869506836,4.391993522644043,-0.1000000014901161,-0.1000000014901161,-0.0095691680908203,-0.0010657310485839,14.300476255871,7.124687580359468,0.23,1.81,0.42,2.86,,1.58,4.548282323781043,-1.5486147104403667,9.950525388397166,4.591498148167183,4.975615449087744,0.0039932570205556,0.0101451900186112,0.0214039673118453,0.8908463572313856,9.380758024267314,1.3125832841359537,12.313026175177491,0.036012482078097326,0.10314582103398837,-0.44111262939320206,-0.8500992551547736,-0.006068997914911473,0.39340294086253974,0.27365227297399686,84.696249665211,1.1125107788539046,-0.1027763435593183,0.22826
2016-06-01,4.838793239717731,4.380966285202026,3.0108417471872038,0.2956730475634296,0.3000000000000074,1.734983433,0.212506665826049,-3.9,6.499999999999999,6.399999999999998,6.7999999999999945,6.899999999999995,5.900000000000001,5.000000000000001,7.399999999999992,8.199999999999998,4.799999999999995,5.099999999999995,677.0,-1.5892351865768433,0.0202027559280395,2.0149030685424805,0.0,2.0014801025390625,0.0136057138442993,2.054123640060425,0.0,2.0668628215789795,0.0127391815185546,1.9315214157104488,0.0,1.7917594909667969,-0.0165293216705322,2.1282317638397217,0.0,2.219203472137451,0.0109291076660156,1.7578579187393188,0.0173918008804321,1.808288812637329,0.0,0.0,4.831892967224121,4.372396945953369,4.83239221572876,4.382424354553223,0.3000000119209289,0.2000000029802322,-0.0100274085998535,-0.0095691680908203,14.852857044764928,7.139620684108216,0.27,1.81,0.35,2.84,,1.54,4.562262684976814,0.5523807888939274,9.912148864842928,4.589227778447326,4.805727872519519,0.0162410875136231,0.016315875620277,0.0360719323981436,0.873825671214659,9.375939552625749,1.1248983050847456,10.546978511325733,0.04067796610169491,0.1121186440677966,-1.8898234078451503,-1.077638223438201,0.3691531588139516,-0.49411983652777364,0.2592732015274728,83.00171965868078,1.1473404596448264,0.0348296807909218,0.22826
2016-07-01,4.833913838293712,4.390240185920881,2.922923176888768,-0.0998340788992001,-0.0999999999999926,-2.029705992,0.842945729423647,-3.9,6.199999999999999,5.999999999999997,6.7999999999999945,6.899999999999995,5.900000000000001,5.000000000000001,7.399999999999992,8.199999999999998,4.799999999999995,5.099999999999995,678.0,-1.5892351865768433,0.0,1.974081039428711,-0.0408220291137695,1.945910096168518,-0.0555700063705444,2.054123640060425,0.0,2.0668628215789795,0.0,1.9315214157104488,0.0,1.7917594909667969,0.0,2.1282317638397217,0.0,2.219203472137451,0.0,1.7578579187393188,0.0,1.808288812637329,0.0,-0.3955071270465851,4.838793277740479,4.3809661865234375,4.831892967224121,4.372396945953369,-0.4000000059604645,-0.1000000014901161,0.0085692405700683,-0.0100274085998535,17.774545496160332,7.151798894404089,0.27,1.64,0.39,2.92,,1.37,4.568609930676289,2.921688451395404,9.935296110666217,4.593940366938896,5.394148962663974,0.0099957734360962,0.0061243163296365,0.0213112752764319,0.8654975552131683,9.43460329655831,1.0137696795332851,9.564514760475593,0.05082713977463438,0.12083433229441382,-1.7751137461902846,-1.2662304256276766,0.3118072250448545,-0.7971652008825741,0.5634161138341344,121.1292222483198,1.007895320012976,-0.1394451396318505,0.22826
2016-08-01,4.836863086440016,4.383432907908006,2.922475992890176,7.327471962526006e-15,7.41073868937292e-15,2.579668896,-0.794350604408474,-3.8,6.199999999999999,5.999999999999997,6.7999999999999945,6.899999999999995,5.900000000000001,5.000000000000001,7.399999999999992,8.199999999999998,4.799999999999995,5.099999999999995,679.0,-1.5686159133911133,0.0206192731857299,1.974081039428711,0.0,1.945910096168518,0.0,2.054123640060425,0.0,2.0668628215789795,0.0,1.9315214157104488,0.0,1.7917594909667969,0.0,2.1282317638397217,0.0,2.219203472137451,0.0,1.7578579187393188,0.0,1.808288812637329,0.0,0.0998340770602226,4.833913803100586,4.39024019241333,4.838793277740479,4.3809661865234375,0.5,0.1000000014901161,0.0092740058898925,0.0085692405700683,13.158500051498413,7.197929244088895,0.3,1.5,0.49,2.71,,1.2,4.572853584511548,-4.61604544466192,9.975705206950233,4.595111769293859,5.240480466765018,-0.001325002075956,0.0089044128534712,0.0209203588252574,0.8826699582568627,9.32250766884693,0.7350616842481673,6.85261818847908,0.050509565528339,0.13650992311818344,-2.778385133287292,-1.483396756346519,0.08144081301517503,-0.591262549861302,0.7997678668090074,128.34540148610458,1.347049812458421,0.339154492445445,0.18513
2016-09-01,4.835976185870779,4.387519695154841,2.930745645659936,-0.1986901103492342,-0.1999999999999926,2.323936377,0.0834484161127181,-3.9,6.199999999999999,5.799999999999997,6.7999999999999945,6.899999999999995,5.900000000000001,5.000000000000001,7.399999999999992,8.199999999999998,4.999999999999996,5.099999999999995,680.0,-1.5892351865768433,-0.0206192731857299,1.974081039428711,0.0,1.9169225692749023,-0.0289875268936157,2.054123640060425,0.0,2.0668628215789795,0.0,1.9315214157104488,0.0,1.7917594909667969,0.0,2.1282317638397217,0.0,2.219203472137451,0.0,1.7917594909667969,0.033901572227478,1.808288812637329,0.0,-0.198690116405487,4.836863040924072,4.383432865142822,4.833913803100586,4.39024019241333,-0.3000000119209289,-0.2000000029802322,-0.0068073272705078,0.0092740058898925,12.3995652406112,7.20055175056983,0.3,1.56,0.51,2.61,,1.26,4.564035642629537,-0.7589348108872116,10.028554521079428,4.593603549616626,4.907685798481203,0.0060835204557434,0.0057496650290731,0.0044572397122809,0.9027474708171755,9.211140052146748,1.2653742380333766,11.655539324903907,0.04466873188767863,0.11252123513540521,-1.286522436758864,-0.9357943868151692,0.7362773406723239,0.0005584593726322618,-0.34316982966616383,104.31616653544368,1.4127075922874153,0.0656577798289943,0.18513
2016-10-01,4.842879443351814,4.402056638078939,3.025330329277876,-0.2956730475634154,-0.2999999999999926,2.693134693,0.488672932542925,-3.9,6.199999999999999,5.599999999999997,6.7999999999999945,6.899999999999995,5.700000000000001,5.000000000000001,7.399999999999992,8.199999999999998,4.999999999999996,5.099999999999995,681.0,-1.5892351865768433,0.0,1.974081039428711,0.0,1.8870697021484373,-0.0298528671264648,2.054123640060425,0.0,2.0668628215789795,0.0,1.9021074771881104,-0.0294139385223388,1.7917594909667969,0.0,2.1282317638397217,0.0,2.219203472137451,0.0,1.7917594909667969,0.0,1.808288812637329,0.0,-0.0969829335808754,4.835976123809815,4.387519836425781,4.836863040924072,4.383432865142822,0.1000000014901161,0.1000000014901161,0.0040869712829589,-0.0068073272705078,14.219523793175108,7.190382095130284,0.29,1.63,0.57,2.69,,1.34,4.570475216191205,1.8199585525639053,10.06658440352891,4.592547858529353,4.923813990677864,-0.0013636944740775,0.0042885256482723,0.0017447093696924,0.9101621077541092,9.425209786838147,1.4755727654081965,13.907582869717164,0.030251694094869313,0.09131978057437883,-0.6073079848294066,-0.9415842077486527,-0.1290490206111861,-0.5947196973818408,0.6117613602028206,88.76497340770923,1.1298895973779637,-0.2828179949094518,0.18513
2016-11-01,4.843582036902489,4.41450868433312,2.937484026971243,7.327471962526006e-15,7.382983113757291e-15,-1.298644446,1.40856900816035,-4.1,6.199999999999999,4.999999999999997,6.7999999999999945,6.899999999999995,5.700000000000001,5.000000000000001,7.399999999999992,8.199999999999998,4.999999999999996,5.099999999999995,682.0,-1.6292405128479004,-0.0400053262710571,1.974081039428711,0.0,1.7917594909667969,-0.0953102111816406,2.054123640060425,0.0,2.0668628215789795,0.0,1.9021074771881104,0.0,1.7917594909667969,0.0,2.1282317638397217,0.0,2.219203472137451,0.0,1.7917594909667969,0.0,1.808288812637329,0.0,0.2956730425357818,4.842879295349121,4.402056694030762,4.835976123809815,4.387519836425781,0.4000000059604645,-0.2000000029802322,0.0145368576049804,0.0040869712829589,14.58523804800851,7.144051947541259,0.33,1.76,0.54,2.61,,1.43,4.578518154990665,0.3657142548334029,10.0607506019575,4.592703802527547,4.8008287843959,0.0156229929583417,0.0085147919896838,0.0011604009628264,0.8770943785642151,9.393994374003915,1.5434873075322513,14.49951108330442,0.031543903454015816,0.09205160216396172,-0.6955812653039097,-1.1375465920950543,0.9033436720222601,-0.596190536497988,0.4036876353392851,82.81803743467543,1.211827079478252,0.0819374821002885,0.30182
2016-12-01,4.8433128839584425,4.408064951154573,3.063961259740463,-0.4812118250595968,-0.4999999999999926,8.369002693,-1.98229800666983,-4.1,6.199999999999999,4.799999999999997,6.7999999999999945,6.899999999999995,5.700000000000001,5.000000000000001,7.399999999999992,8.199999999999998,4.999999999999996,5.099999999999995,683.0,-1.6292405128479004,0.0,1.974081039428711,0.0,1.7578579187393188,-0.033901572227478,2.054123640060425,0.0,2.0668628215789795,0.0,1.9021074771881104,0.0,1.7917594909667969,0.0,2.1282317638397217,0.0,2.219203472137451,0.0,1.7917594909667969,0.0,1.808288812637329,0.0,-0.4812118113040924,4.8435821533203125,4.414508819580078,4.842879295349121,4.402056694030762,-0.800000011920929,0.2000000029802322,0.0124521255493164,0.0145368576049804,15.236190387180873,7.121535127343381,0.45,2.14,0.45,2.45,,1.6900000000000002,4.601463324056765,0.6509523391723633,10.026540717441607,4.58852339380184,5.36512564889014,0.0161383580466809,0.009959375763072,0.0207617030990118,0.8632518441294375,9.519955154427514,1.7431244496624596,16.594466589372757,0.03206633401819783,0.08893454652186675,-0.6601506380834463,-1.0531172800646613,-0.035393526664496446,-0.002971847126477381,0.5441397921395364,105.22968906879191,1.1552542467694589,-0.0565728327087931,0.30182
2017-01-01,4.850902890095625,4.396832448173388,3.0699756394884217,-0.7326682560454051,-0.7999999999999926,-6.525532971,-0.493518411487957,-4.1,6.199999999999999,4.599999999999997,6.7999999999999945,6.899999999999995,5.700000000000001,5.000000000000001,7.399999999999992,8.199999999999998,5.099999999999995,5.099999999999995,684.0,-1.6292405128479004,0.0,1.974081039428711,0.0,1.722766637802124,-0.0350912809371948,2.054123640060425,0.0,2.0668628215789795,0.0,1.9021074771881104,0.0,1.7917594909667969,0.0,2.1282317638397217,0.0,2.219203472137451,0.0,1.808288812637329,0.0165293216705322,1.808288812637329,0.0,-0.2514564394950866,4.843312740325928,4.408064842224121,4.8435821533203125,4.414508819580078,0.2000000029802322,0.0,-0.006443977355957,0.0124521255493164,12.472380956013998,7.053896828321335,0.51,2.49,0.5,2.28,,1.98,4.616505695651837,-2.763809431166875,10.009181565077686,4.595335988391196,5.222468388260743,0.0085776596858013,0.0042242648630592,0.0206259930565173,0.9121345333882722,9.651172623921639,1.1030439539223889,10.645667611078041,0.03603835510650621,0.10946650363601261,-1.442847618095761,-0.6990766326979262,-0.3999728485053657,-0.46327575779986707,0.06145588501779784,118.99256547864051,1.2243296192372497,0.0690753724677908,0.30182
2017-02-01,4.854633863305596,4.396708107489089,3.087007962140917,-0.7326682560454051,-0.7999999999999926,-0.854644913,-0.798846939971036,-4.3,6.199999999999999,4.299999999999997,6.7999999999999945,6.899999999999995,5.600000000000001,5.000000000000001,7.399999999999992,8.199999999999998,4.999999999999996,5.099999999999995,685.0,-1.667706847190857,-0.0384663343429565,1.974081039428711,0.0,1.667706847190857,-0.055059790611267,2.054123640060425,0.0,2.0668628215789795,0.0,1.8870697021484373,-0.0150377750396728,1.7917594909667969,0.0,2.1282317638397217,0.0,2.219203472137451,0.0,1.7917594909667969,-0.0165293216705322,1.808288812637329,0.0,0.0,4.850903034210205,4.396832466125488,4.843312740325928,4.408064842224121,0.3000000119209289,-0.2000000029802322,-0.0112323760986328,-0.006443977355957,11.608500003814695,7.083471736723956,0.51,2.43,0.51,2.23,,1.92,4.618382517460226,-0.8638809521993007,10.03515171705372,4.592703802527547,5.531636146196357,-0.0095805303050819,0.0132183284463889,0.0248078468437557,0.9296308014948697,9.607033787697222,1.2989843960182943,12.479386982239223,0.03699219800914716,0.12005649717514125,-1.8122211203204672,-0.8756387756864211,0.14691748412273561,-0.4941436540818662,0.853189016785578,123.47584668337932,1.148486309832406,-0.0758433094048436,0.32031
2017-03-01,4.859933184789537,4.386733726414799,3.0076784727927666,-0.9503469298211292,-1.0999999999999923,-5.670708303,-0.121087344448709,-4.3,6.199999999999999,3.899999999999997,6.7999999999999945,6.899999999999995,5.300000000000002,5.000000000000001,7.399999999999992,8.199999999999998,4.999999999999996,5.099999999999995,686.0,-1.667706847190857,0.0,1.974081039428711,0.0,1.5892351865768433,-0.0784716606140136,2.054123640060425,0.0,2.0668628215789795,0.0,1.8405495882034304,-0.0465201139450073,1.7917594909667969,0.0,2.1282317638397217,0.0,2.219203472137451,0.0,1.7917594909667969,0.0,1.808288812637329,0.0,-0.2176786810159683,4.854633808135986,4.396708011627197,4.850903034210205,4.396832466125488,-0.3000000119209289,0.2000000029802322,-0.000124454498291,-0.0112323760986328,11.530526361967388,7.118178265886966,0.52,2.42,0.53,2.19,,1.9,4.603368564041463,-0.0779736418473096,10.074296193695703,4.588680983232897,5.238964423430383,-0.0014989124778548,0.0090973413425732,0.0102352409095167,0.9179496764408448,9.427465850964829,1.3804169349645845,13.013833514472157,0.035173857050869284,0.1057630392788152,-0.9841312410365598,-0.8488327124034991,0.4614073042241054,-0.39265026306541956,0.6552760501332889,127.09346501478107,1.0867803426790916,-0.0617059671533144,0.32031
2017-04-01,4.861954058500875,4.381314431117127,3.0407656958375324,-0.7326682560454049,-0.7999999999999925,3.939495425,-0.663829125659912,-4.2,6.199999999999999,3.699999999999997,6.7999999999999945,6.899999999999995,5.100000000000001,5.000000000000001,7.399999999999992,8.199999999999998,4.999999999999996,5.099999999999995,687.0,-1.6486586332321167,0.0190482139587402,1.974081039428711,0.0,1.5475624799728394,-0.0416727066040039,2.054123640060425,0.0,2.0668628215789795,0.0,1.808288812637329,-0.032260775566101,1.7917594909667969,0.0,2.1282317638397217,0.0,2.219203472137451,0.0,1.7917594909667969,0.0,1.808288812637329,0.0,0.2176786810159683,4.859933376312256,4.386733531951904,4.854633808135986,4.396708011627197,0.6000000238418579,0.1000000014901161,-0.0099744796752929,-0.000124454498291,11.897826111834982,7.115923254021356,0.74,2.48,0.4,2.24,,1.74,4.59784341060163,0.3672997498675947,10.087043130221703,4.595258224398814,5.507009977374129,0.0024291451030744,0.006123377151999,0.0042191045352253,0.9356325270161108,5.641907070938114,3.42135231316726,19.302951807828837,0.0,0.03558718861209965,0.4824754010108582,3.2784888749348102,2.8821282758435633,0.3188691878015789,0.8320253513905923,122.73718536749054,1.0732040738719082,-0.0135762688071834,0.32031
2017-05-01,4.863735431532651,4.388583081624815,2.989456627142755,-1.0784510589548928,-1.2999999999999925,0.713942568,1.43379094990376,-4.2,6.199999999999999,3.699999999999997,6.7999999999999945,6.999999999999995,5.100000000000001,5.000000000000001,7.399999999999992,8.199999999999998,5.199999999999996,5.099999999999995,688.0,-1.6486586332321167,0.0,1.974081039428711,0.0,1.5475624799728394,0.0,2.054123640060425,0.0,2.079441547393799,0.0125787258148193,1.808288812637329,0.0,1.7917594909667969,0.0,2.1282317638397217,0.0,2.219203472137451,0.0,1.8245493173599243,0.0327898263931274,1.808288812637329,0.0,-0.3457828164100647,4.861954212188721,4.381314277648926,4.859933376312256,4.386733531951904,-0.800000011920929,-0.1000000014901161,-0.0054192543029785,-0.0099744796752929,13.136315847698013,7.144312463917766,0.8,2.3,0.38,2.28,,1.4999999999999998,4.590361070334383,1.238489735863029,10.09669566457232,4.605394160903837,5.169053170191773,0.0009874249342931,0.0019870441670661,0.0111128969637878,0.9163816148326354,5.82600010738045,4.7887573964497046,27.899301105934903,0.011834319526627219,0.014792899408284023,0.526954972264447,5.315294595339104,5.246768928819753,1.999814144062784,0.2964058074044801,174.2232199257568,1.4051445261033806,0.3319404522314724,0.2991
2017-06-01,4.863520800939083,4.395370532542589,2.917923134135129,-1.3979983651114314,-1.8999999999999924,-1.0149601,0.730276006529921,-4.1000000000000005,6.199999999999999,3.699999999999997,6.7999999999999945,6.999999999999995,4.500000000000002,5.000000000000001,7.399999999999992,8.199999999999998,5.199999999999996,5.099999999999995,689.0,-1.6292405128479004,0.0194181203842163,1.974081039428711,0.0,1.5475624799728394,0.0,2.054123640060425,0.0,2.079441547393799,0.0,1.704748034477234,-0.1035407781600952,1.7917594909667969,0.0,2.1282317638397217,0.0,2.219203472137451,0.0,1.8245493173599243,0.0,1.808288812637329,0.0,-0.3195472955703735,4.863735198974609,4.388583183288574,4.861954212188721,4.381314277648926,-0.1000000014901161,0.1000000014901161,0.0072689056396484,-0.0054192543029785,10.862272782759232,7.127725801560849,0.89,2.3,0.25,2.23,,1.4099999999999997,4.5861912193902885,-2.2740430649387786,10.134179502868466,4.606577195685547,4.949528268858665,-0.0117083338710353,0.0077795582611478,0.0101569884513297,0.9290755821600208,5.666426688112432,2.476388888888889,14.032276090145094,0.010416666666666666,0.11458333333333333,-0.41616872116213827,4.030902806213557,2.260528767122428,2.3134166633340545,0.09491846142514389,163.49026032431107,1.0349002468826745,-0.3702442792207061,0.2991
2017-07-01,4.86241917956139,4.4017238029780845,2.948902711931699,-1.4874828366412671,-2.0999999999999925,2.989467579,-0.544231264677252,-4.2,6.199999999999999,3.599999999999997,6.7999999999999945,6.999999999999995,3.5000000000000018,5.000000000000001,7.399999999999992,8.199999999999998,5.199999999999996,5.099999999999995,690.0,-1.6486586332321167,-0.0194181203842163,1.974081039428711,0.0,1.5260562896728516,-0.0215061902999877,2.054123640060425,0.0,2.079441547393799,0.0,1.504077434539795,-0.2006705999374389,1.7917594909667969,0.0,2.1282317638397217,0.0,2.219203472137451,0.0,1.8245493173599243,0.0,1.808288812637329,0.0,-0.0894844681024551,4.863520622253418,4.3953704833984375,4.863735198974609,4.388583183288574,0.4000000059604645,-0.2000000029802322,0.0067873001098632,0.0072689056396484,10.513636328957295,7.139073327864804,0.98,2.19,0.29,2.09,,1.21,4.57295686362344,-0.3486364538019355,10.159223094789176,4.608635175970757,5.1542166687967175,-0.0044888993701008,0.0063677920564257,0.0060364658970955,0.9186903531950286,5.811140992976701,3.688288288288288,21.433163265987936,0.0,0.07807807807807808,0.10492984939064479,7.245565667678397,0.9144239452231171,2.9258890309135706,1.7357530126242553,135.2944879969006,1.1287852228437312,0.0938849759610567,0.2991
2017-08-01,4.868906465587715,4.394204322234288,2.974705925504989,-1.5296604950903998,-2.1999999999999926,4.383196058,-1.35342231926918,-4.1000000000000005,6.199999999999999,3.499999999999997,6.7999999999999945,6.999999999999995,3.0000000000000018,5.000000000000001,7.399999999999992,8.199999999999998,5.199999999999996,5.099999999999995,691.0,-1.6292405128479004,0.0194181203842163,1.974081039428711,0.0,1.504077434539795,-0.0219788551330566,2.054123640060425,0.0,2.079441547393799,0.0,1.3862943649291992,-0.1177830696105957,1.7917594909667969,0.0,2.1282317638397217,0.0,2.219203472137451,0.0,1.8245493173599243,0.0,1.808288812637329,0.0,-0.0421776585280895,4.862419128417969,4.401723861694336,4.863520622253418,4.3953704833984375,0.1000000014901161,0.2000000029802322,0.0063533782958984,0.0067873001098632,10.264499998092653,7.120315018836702,1.07,2.32,0.26,2.06,,1.2499999999999998,4.558602550171757,-0.2491363308646459,10.17831302842568,4.606237616081828,5.132227938045378,-0.0081906362380617,0.0036101081929758,0.0019667751738516,0.9322191621627552,6.0844994130751715,3.2454337899543377,19.746839990151496,0.0182648401826484,0.22146118721461186,-1.4565937268960956,7.625790459446026,2.4305874403079435,-3.0395515862453997,4.080079149572173,91.4720646246814,1.1275822981986046,-0.0012029246451266,0.16514
2017-09-01,4.871095680140092,4.3968011273557215,3.006447850967436,-1.248983327904872,-1.5999999999999923,0.419740903,-0.923111155021627,-4.1000000000000005,6.199999999999999,3.2999999999999967,6.7999999999999945,6.999999999999995,3.0000000000000018,5.000000000000001,7.399999999999992,8.199999999999998,5.199999999999996,5.099999999999995,692.0,-1.6292405128479004,0.0,1.974081039428711,0.0,1.4586150646209717,-0.0454623699188232,2.054123640060425,0.0,2.079441547393799,0.0,1.3862943649291992,0.0,1.7917594909667969,0.0,2.1282317638397217,0.0,2.219203472137451,0.0,1.8245493173599243,0.0,1.808288812637329,0.0,0.2806771695613861,4.868906497955322,4.394204139709473,4.862419128417969,4.401723861694336,0.699999988079071,-0.1000000014901161,-0.0075197219848632,0.0063533782958984,11.97565215566884,7.156987541058719,1.01,2.21,0.33,2.14,,1.2,4.546056921495585,1.7111521575761888,10.223119993661678,4.602090448461168,4.944539383078608,-0.020311977695036,0.0082764684722534,0.0019035247897899,0.9708359496898038,5.58724865840025,3.577067669172932,19.985966535593374,0.007518796992481203,0.10902255639097744,0.39445390022475324,7.75630068650611,3.325917933437478,-0.8035548992495762,-0.19943834730739737,201.64042681355747,1.7245123926820816,0.596930094483477,0.16514
2017-10-01,4.871787939367299,4.398689644898857,3.040658257612772,-1.3008204268406434,-1.6999999999999926,1.644490288,-0.815418345041353,-3.9,6.199999999999999,3.2999999999999967,6.7999999999999945,6.999999999999995,3.0000000000000018,5.000000000000001,7.399999999999992,8.199999999999998,5.199999999999996,5.099999999999995,693.0,-1.5892351865768433,0.0400053262710571,1.974081039428711,0.0,1.4586150646209717,0.0,2.054123640060425,0.0,2.079441547393799,0.0,1.3862943649291992,0.0,1.7917594909667969,0.0,2.1282317638397217,0.0,2.219203472137451,0.0,1.8245493173599243,0.0,1.808288812637329,0.0,-0.0518370978534221,4.871095657348633,4.396800994873047,4.868906497955322,4.394204139709473,-0.699999988079071,0.2000000029802322,0.0025968551635742,-0.0075197219848632,10.437999963760376,7.180884470076162,1.03,2.2,0.29,2.0,,1.1700000000000002,4.538602941715978,-1.5376521919084638,10.232552818006823,4.603122090070772,5.0822569629102174,0.0097417343312846,0.0151201986291734,0.011375396785664,1.0216297130339005,5.594711379601839,3.79589552238806,21.236939874884147,0.011194029850746268,0.05223880597014925,-1.1148694600813096,5.095954863874707,2.355589225667958,0.745904966897464,0.7390418599941935,148.07080705592887,1.3315376164763555,-0.3929747762057258,0.16514
2017-11-01,4.881065780789536,4.40688640402449,3.131150028584088,-1.0784510589548928,-1.2999999999999927,4.525937542,-1.04043839588358,-3.9,6.1,3.399999999999997,6.7999999999999945,6.999999999999995,2.9000000000000017,5.000000000000001,7.399999999999992,8.199999999999998,5.399999999999996,5.099999999999995,694.0,-1.5892351865768433,0.0,1.9600948095321653,-0.0139862298965454,1.4816045761108398,0.0229895114898681,2.054123640060425,0.0,2.079441547393799,0.0,1.3609765768051147,-0.0253177881240844,1.7917594909667969,0.0,2.1282317638397217,0.0,2.219203472137451,0.0,1.8562979698181152,0.0317486524581909,1.808288812637329,0.0,0.222369372844696,4.871788024902344,4.3986897468566895,4.871095657348633,4.396800994873047,0.5,-0.2000000029802322,0.0018887519836425,0.0025968551635742,10.125454512509434,7.154232471122253,1.07,2.36,0.25,1.91,,1.2899999999999998,4.553982149218658,-0.3125454512509424,10.253947151171136,4.615365041398139,5.000161493510044,-0.003085934362746,0.0150804026226688,0.0115559958903607,1.0112610685131402,5.342334251964811,3.798557692307692,20.293164867679792,0.0,0.0673076923076923,0.015386948537318965,3.835579507370216,3.6157036332809347,2.1405384605781115,0.3553350758543001,147.08010400812154,1.058383653219544,-0.2731539632568116,0.16326
2017-12-01,4.882527545638021,4.40349218002569,3.1507304674532657,-1.248983327904872,-1.5999999999999928,2.928583736,-1.58147192100705,-3.8,5.9,3.499999999999997,6.899999999999994,6.7999999999999945,2.9000000000000017,5.000000000000001,7.399999999999992,8.199999999999998,5.399999999999996,5.199999999999995,695.0,-1.5686159133911133,0.0206192731857299,1.9315214157104488,-0.0285733938217163,1.504077434539795,0.022472858428955,2.0668628215789795,0.0127391815185546,2.054123640060425,-0.025317907333374,1.3609765768051147,0.0,1.7917594909667969,0.0,2.1282317638397217,0.0,2.219203472137451,0.0,1.8562979698181152,0.0,1.8245493173599243,0.0162605047225952,-0.1705322712659835,4.881065845489502,4.406886577606201,4.871788024902344,4.3986897468566895,-0.699999988079071,0.1000000014901161,0.0081968307495117,0.0018887519836425,10.540476163228352,7.156098631318089,1.23,2.35,0.24,1.88,,1.12,4.553876891600541,0.4150216507189199,10.281465715457214,4.617754668178707,5.109656041223042,-0.0035946813315559,0.0075572028592392,0.013664719440497,1.007436129197771,4.990432586778736,3.662328767123288,18.27660482294925,0.0273972602739726,0.0684931506849315,0.06586552197914088,2.4777197586852213,2.404893341061474,1.2004807852858115,2.1324793748095114,119.19203518226938,1.0108281543555395,-0.0475554988640045,0.16326
2018-01-01,4.886365647878157,4.409535546061924,3.242641081087227,-1.3979983651114314,-1.8999999999999928,-0.758449929,-0.536839314559424,-3.8,5.9,3.499999999999997,6.899999999999994,6.7999999999999945,2.9000000000000017,5.000000000000001,7.399999999999992,8.199999999999998,5.399999999999996,5.2999999999999945,696.0,-1.5686159133911133,0.0,1.9315214157104488,0.0,1.504077434539795,0.0,2.0668628215789795,0.0,2.054123640060425,0.0,1.3609765768051147,0.0,1.7917594909667969,0.0,2.1282317638397217,0.0,2.219203472137451,0.0,1.8562979698181152,0.0,1.8405495882034304,0.0160002708435058,-0.1490150392055511,4.8825273513793945,4.403491973876953,4.881065845489502,4.406886577606201,0.0,-0.1000000014901161,-0.003394603729248,0.0081968307495117,10.264500045776368,7.142392524007561,1.32,2.4,0.32,1.77,,1.0799999999999998,4.547223226033242,-0.2759761174519859,10.278823783835852,4.619707998042306,5.033176993504468,-0.0156614182183549,0.0071181429785233,0.0127506035380409,1.013974451873611,6.037870919922137,2.3394736842105264,14.125440125817843,0.009569377990430622,0.06698564593301436,1.0141572911920356,0.5353480043577623,1.9005542488903615,-2.8521990865779183,0.5378846850183093,117.32789972171923,1.014679228845837,0.0038510744902975,0.16326
2018-02-01,4.88984513991926,4.41145871772184,3.216648674798842,-1.443635475178808,-1.999999999999993,-1.965899671,-0.400158810193428,-3.8,5.9,3.499999999999997,6.899999999999994,6.7999999999999945,2.8000000000000016,5.000000000000001,7.399999999999992,8.199999999999998,5.399999999999996,5.2999999999999945,697.0,-1.5686159133911133,0.0,1.9315214157104488,0.0,1.504077434539795,0.0,2.0668628215789795,0.0,2.054123640060425,0.0,1.3350011110305786,-0.0259754657745361,1.7917594909667969,0.0,2.1282317638397217,0.0,2.219203472137451,0.0,1.8562979698181152,0.0,1.8405495882034304,0.0,-0.0456371083855629,4.886365413665772,4.40953540802002,4.8825273513793945,4.403491973876953,0.2000000029802322,0.0,0.0060434341430664,-0.003394603729248,11.062381017775763,7.193911187437871,1.41,2.58,0.34,1.56,,1.1700000000000002,4.529152699564175,0.7978809719993958,10.368961264562712,4.619689272087294,5.176361915711112,-0.0347483045722678,0.0157080850244211,0.0181417248282459,0.9925846914940162,9.064620717626777,1.1542519958347797,10.462856554806,0.03875968992248062,0.12958463496471131,-2.171801828939902,-0.44073814185392524,0.9368538523571213,0.35064154110858464,0.18225357908726053,163.53986218995004,1.220368229909991,0.2056890010641539,0.28397
2018-03-01,4.886186377367996,4.4089298265227805,3.2248998311090324,-1.8184464592320655,-2.999999999999993,0.146118883,-0.47930252563936,-3.6,5.9,3.699999999999997,6.899999999999994,6.7999999999999945,2.9000000000000017,5.000000000000001,7.399999999999992,8.199999999999998,5.399999999999996,5.2999999999999945,698.0,-1.5260562896728516,0.0425596237182617,1.9315214157104488,0.0,1.5475624799728394,0.0434850454330444,2.0668628215789795,0.0,2.054123640060425,0.0,1.3609765768051147,0.0259754657745361,1.7917594909667969,0.0,2.1282317638397217,0.0,2.219203472137451,0.0,1.8562979698181152,0.0,1.8405495882034304,0.0,-0.3748109936714172,4.889845371246338,4.411458492279053,4.886365413665772,4.40953540802002,-0.8999999761581421,0.2000000029802322,0.0019230842590332,0.0060434341430664,22.464736637316253,7.193482942821011,1.57,2.86,0.39,1.68,,1.2899999999999998,4.518195171973685,11.40235561954049,10.340750845002937,4.622110878716347,4.857253504486028,0.0069615967676597,0.0208799182131665,0.0222092053068604,0.9626113194540258,9.01881660441743,1.252640503875969,11.297334975722404,0.03984980620155039,0.11494670542635659,-1.72432266294959,-0.6346218554128311,0.6889207485375343,0.26007787159166856,-0.058362192578865026,100.54142559561852,1.076709988862901,-0.1436582410470899,0.28397
2018-04-01,4.891535339898793,4.404614313933481,3.2773167477858727,-1.99283576493974,-3.599999999999993,1.493971087,-0.393689868703121,-2.7,5.8,3.699999999999997,6.899999999999994,6.7999999999999945,3.0000000000000018,5.000000000000001,7.399999999999992,8.199999999999998,5.399999999999996,5.2999999999999945,699.0,-1.3083328008651731,0.2177234888076782,1.9169225692749023,-0.0145988464355468,1.5475624799728394,0.0,2.0668628215789795,0.0,2.054123640060425,0.0,1.3862943649291992,0.0253177881240844,1.7917594909667969,0.0,2.1282317638397217,0.0,2.219203472137451,0.0,1.8562979698181152,0.0,1.8405495882034304,0.0,-0.1743893027305603,4.886186599731445,4.408929824829102,4.889845371246338,4.411458492279053,0.4000000059604645,0.699999988079071,-0.0025286674499511,0.0019230842590332,19.02380975087484,7.1889111017183565,1.7,2.84,0.61,1.85,,1.14,4.523526196947581,-3.4409268864414173,10.338450419259727,4.626997233350731,5.18432528083964,-0.0087932887273782,0.0210617945351954,0.0202778118598988,0.9650074042907836,9.56395062454207,1.45901973176041,13.953992674789177,0.0356014324836739,0.11537111157924303,-1.3165966442986456,0.08817993683607751,0.3321264308636221,-0.6205050721938339,0.9180285058039738,205.3278326064302,1.2234791551577455,0.1467691662948445,0.28397
2018-05-01,4.889621125145196,4.401474995793836,3.329362026283697,-1.9092740140163365,-3.299999999999993,2.339676837,-0.815114485317627,-2.7,5.8,3.799999999999997,6.899999999999994,6.899999999999994,3.0000000000000018,5.1000000000000005,7.399999999999992,8.199999999999998,5.399999999999996,5.2999999999999945,700.0,-1.3083328008651731,0.0,1.9169225692749023,0.0,1.5686159133911133,0.0210534334182739,2.0668628215789795,0.0,2.0668628215789795,0.0127391815185546,1.3862943649291992,0.0,1.808288812637329,0.0165293216705322,2.1282317638397217,0.0,2.219203472137451,0.0,1.8562979698181152,0.0,1.8405495882034304,0.0,0.08356174826622,4.89153528213501,4.404614448547363,4.886186599731445,4.408929824829102,0.8999999761581421,-0.8999999761581421,-0.0043153762817382,-0.0025286674499511,18.26761904216948,7.196506779391938,1.76,2.87,0.52,1.79,,1.11,4.526235197899949,-0.7561907087053577,10.321408742999273,4.637955815253902,5.139849572461908,0.0095041611557187,0.0099119265101328,0.0168523901857711,1.0008205107957466,9.709660055555972,1.6072412746585736,15.605766404193217,0.046251896813353566,0.11830045523520485,-2.0793529179776873,-0.4230970080021296,1.1290663992244592,-0.754136808373716,0.7029747022541903,237.68415608524836,1.3412025404087642,0.1177233852510186,0.13622
2018-06-01,4.88812719790755,4.409625641556826,3.296610408075359,-1.9378792776644975,-3.399999999999993,1.996797662,0.318160019863852,-2.7,5.8,3.799999999999997,6.899999999999994,6.899999999999994,3.100000000000002,5.1000000000000005,7.399999999999992,8.199999999999998,5.399999999999996,5.199999999999995,701.0,-1.3083328008651731,0.0,1.9169225692749023,0.0,1.5686159133911133,0.0,2.0668628215789795,0.0,2.0668628215789795,0.0,1.4109870195388794,0.0246926546096801,1.808288812637329,0.0,2.1282317638397217,0.0,2.219203472137451,0.0,1.8562979698181152,0.0,1.8245493173599243,-0.0160002708435058,-0.0286052636802196,4.889621257781982,4.401474952697754,4.89153528213501,4.404614448547363,-0.4000000059604645,0.0,-0.0031394958496093,-0.0043153762817382,14.124545487490566,7.172769874371653,1.86,2.98,0.43,1.89,,1.12,4.556819925047044,-4.143073554678912,10.331822442155383,4.628910149830753,5.137433266458729,0.0121017635956688,0.0113882060501451,0.0220828997340218,1.014121760672302,9.877913301416697,1.8753513901713348,18.524558441803723,0.01949317738791423,0.09013029650148764,-0.621373138461384,-0.18987819152446814,0.02232782263607405,-0.05442117433206076,0.6210032923098822,177.05173993923322,1.355382550314835,0.0141800099060707,0.13622
2018-07-01,4.890948354031205,4.415036622774848,3.3401969168044845,-2.045028204867631,-3.799999999999993,-0.178368055,0.69159853352161,-2.7,5.8,3.799999999999997,6.899999999999994,6.899999999999994,3.100000000000002,5.1000000000000005,7.399999999999992,8.199999999999998,5.399999999999996,5.199999999999995,702.0,-1.3083328008651731,0.0,1.9169225692749023,0.0,1.5686159133911133,0.0,2.0668628215789795,0.0,2.0668628215789795,0.0,1.4109870195388794,0.0,1.808288812637329,0.0,2.1282317638397217,0.0,2.219203472137451,0.0,1.8562979698181152,0.0,1.8245493173599243,0.0,-0.1071489304304122,4.888127326965332,4.40962553024292,4.889621257781982,4.401474952697754,-0.3000000119209289,0.0,0.008150577545166,-0.0031394958496093,13.678095318022228,7.155841167800417,1.9,2.91,0.45,1.99,,1.0100000000000002,4.573576314396913,-0.4464501694683385,10.311293917761668,4.636649473014709,5.085503034695679,0.0318603410151527,0.0122266627907015,0.0070480675537796,1.0129095358117746,9.619797501353885,1.3297762135599973,12.792177896564292,0.04183544724085265,0.1355335679660004,-1.8346535084966158,0.34605134504817087,0.31259899649393375,-0.1549681693999037,0.646770261991685,203.35128736730667,1.0988457717605586,-0.2565367785542762,0.13622
2018-08-01,4.894803751586436,4.4216680766160845,3.2965078227527917,-2.142111908236904,-4.199999999999993,0.985788895,-0.0998160207124707,-2.5,5.8,3.799999999999997,6.899999999999994,6.899999999999994,3.100000000000002,5.1000000000000005,7.399999999999992,8.199999999999998,5.399999999999996,5.199999999999995,703.0,-1.2527629137039185,0.0555698871612548,1.9169225692749023,0.0,1.5686159133911133,0.0,2.0668628215789795,0.0,2.0668628215789795,0.0,1.4109870195388794,0.0,1.808288812637329,0.0,2.1282317638397217,0.0,2.219203472137451,0.0,1.8562979698181152,0.0,1.8245493173599243,0.0,-0.0970837026834487,4.890948295593262,4.415036678314209,4.888127326965332,4.40962553024292,0.0,0.2000000029802322,0.005411148071289,0.008150577545166,13.147619065784273,7.121018177015641,1.96,2.89,0.36,1.83,,0.9300000000000002,4.576153236917599,-0.5304762522379551,10.256864734831328,4.6382625436879525,5.453031568566836,0.0278240721232354,0.0104393792411682,0.0179143625916299,0.9672959557793056,9.57275879054198,1.2032505046286628,11.518426845408106,0.05930256838588432,0.1336395907287534,-2.5911439310349174,0.24023270423491486,0.9860458483610857,-0.03843478495242281,0.7065796010048983,243.92096572870307,1.1258644385428462,0.0270186667822875,0.25653
2018-09-01,4.89131494381339,4.421974247033448,3.326481490343873,-2.2308141790009346,-4.599999999999993,2.757325602,-0.449875704629836,-2.1,5.8,3.899999999999997,6.899999999999994,6.899999999999994,3.100000000000002,5.1000000000000005,7.399999999999992,8.199999999999998,5.499999999999996,4.7999999999999945,704.0,-1.1314021348953247,0.1213607788085937,1.9169225692749023,0.0,1.5892351865768433,0.0206192731857299,2.0668628215789795,0.0,2.0668628215789795,0.0,1.4109870195388794,0.0,1.808288812637329,0.0,2.1282317638397217,0.0,2.219203472137451,0.0,1.8718022108078003,0.015504240989685,1.7578579187393188,-0.0666913986206054,-0.088702268898487,4.894803524017334,4.42166805267334,4.890948295593262,4.415036678314209,-4.440892098500626e-16,0.2000000029802322,0.0066313743591308,0.005411148071289,12.546956518422002,7.0915008214271085,2.03,2.89,0.25,1.92,,0.8600000000000003,4.580979947186874,-0.6006625473622709,10.237304605785058,4.64470527279772,5.188513517221217,0.0038433939549484,0.0151454818045576,0.0148601755594254,0.98746846825102,9.542589417753089,1.1743472022955523,11.206313185393483,0.04777618364418938,0.13593974175035867,-2.4605547907422807,0.021533381408419944,0.7144611523536458,-0.4931910462611135,-0.14699750031082529,161.3919914402023,1.22162255638858,0.0957581178457336,0.25653
2018-10-01,4.896466330937702,4.436147884747733,3.331815045390418,-2.292635752042405,-4.899999999999993,-1.800758892,1.15482181865272,-2.1,5.8,3.899999999999997,6.899999999999994,6.899999999999994,3.100000000000002,5.1000000000000005,7.399999999999992,8.199999999999998,5.499999999999996,4.699999999999995,705.0,-1.1314021348953247,0.0,1.9169225692749023,0.0,1.5892351865768433,0.0,2.0668628215789795,0.0,2.0668628215789795,0.0,1.4109870195388794,0.0,1.808288812637329,0.0,2.1282317638397217,0.0,2.219203472137451,0.0,1.8718022108078003,0.0,1.7404661178588867,-0.0173918008804321,-0.0618215724825859,4.89131498336792,4.421974182128906,4.894803524017334,4.42166805267334,0.1000000014901161,-0.4000000059604645,0.0003061294555664,0.0066313743591308,12.910526325828153,7.088734268268861,2.13,3.0,0.25,1.84,,0.8700000000000001,4.580979947186874,0.3635698074061491,10.212857667398891,4.645355818072715,5.310427637308047,0.0055482694525303,0.0133802772174658,0.0160704713365438,1.0415856625605913,9.607571675157244,0.923393385318634,8.871568133814867,0.04927399838666308,0.17215649368109706,-2.4526777687691608,0.7753999820095521,0.048817815193377835,-0.796001129290768,-0.12678863660334166,132.234429960725,1.0639838061260942,-0.1576387502624856,0.25653
2018-11-01,4.891004698990718,4.438474546166805,3.115466825945108,-2.272441327386598,-4.799999999999994,-9.601653426,1.39872344945522,-2.2,5.8,3.899999999999997,6.899999999999994,6.899999999999994,3.200000000000002,5.1000000000000005,7.499999999999992,8.199999999999998,5.599999999999995,4.699999999999995,706.0,-1.1631507873535156,-0.0317486524581909,1.9169225692749023,0.0,1.5892351865768433,0.0,2.0668628215789795,0.0,2.0668628215789795,0.0,1.435084581375122,0.0240975618362426,1.808288812637329,0.0,2.140066146850586,0.0118343830108642,2.219203472137451,0.0,1.8870697021484373,0.0152674913406372,1.7404661178588867,0.0,0.020194424316287,4.896466255187988,4.436147689819336,4.89131498336792,4.421974182128906,0.4000000059604645,-0.1000000014901161,0.0141735076904296,0.0003061294555664,19.35217363938041,7.102820291923455,2.25,3.15,0.27,2.03,,0.8999999999999999,4.58649692072247,6.441647313552263,10.154454865023762,4.644252428016228,5.403337253298424,0.0152729873729875,0.0061659325436413,0.0181797492339982,1.063031239218494,9.571156728415465,1.0196249302844396,9.758990011952063,0.03625209146681539,0.13441160066926938,-2.548416986738675,-0.2833357129981412,0.24445566748869377,-0.349319052704423,0.5980448534513574,165.67832590960614,1.0791346678359874,0.0151508617098932,0.28711
2018-12-01,4.892701291322611,4.434650535911364,2.975529808562834,-2.272441327386598,-4.799999999999994,-5.156011602,0.646871468880816,-2.2,5.8,3.899999999999997,6.899999999999994,6.899999999999994,3.300000000000002,5.1000000000000005,7.499999999999992,8.199999999999998,5.599999999999995,4.599999999999995,707.0,-1.1631507873535156,0.0,1.9169225692749023,0.0,1.5892351865768433,0.0,2.0668628215789795,0.0,2.0668628215789795,0.0,1.4586150646209717,0.0235304832458496,1.808288812637329,0.0,2.140066146850586,0.0,2.219203472137451,0.0,1.8870697021484373,0.0,1.722766637802124,-0.0176994800567626,0.0,4.89100456237793,4.438474655151367,4.896466255187988,4.436147689819336,-0.1000000014901161,0.1000000014901161,0.0023269653320312,0.0141735076904296,19.389047622680664,7.107138782732008,2.33,3.12,0.42,2.27,,0.79,4.595321849933277,0.03687398330025,10.169074366262404,4.645045492540666,5.561682372414467,-0.002570086485943,0.008933580156834,0.0195849917967299,1.055038794212208,9.46923709299621,1.351628840512583,12.798893952545209,0.043847460243940095,0.12312799135402193,-1.5472673437014537,-0.371150161453838,0.4244177443547445,-0.20209040368576528,-0.1961551604261404,152.90604785023848,1.0661514103304068,-0.0129832575055806,0.28711
2019-01-01,4.893077217874755,4.4180958486045965,3.0128099287557677,-2.312438341272747,-4.999999999999994,8.195745871,-3.05611934127177,-2.2,5.8,3.899999999999997,6.899999999999994,6.899999999999994,3.300000000000002,5.1000000000000005,7.499999999999992,8.199999999999998,5.599999999999995,4.599999999999995,708.0,-1.1631507873535156,0.0,1.9169225692749023,0.0,1.5892351865768433,0.0,2.0668628215789795,0.0,2.0668628215789795,0.0,1.4586150646209717,0.0,1.808288812637329,0.0,2.140066146850586,0.0,2.219203472137451,0.0,1.8870697021484373,0.0,1.722766637802124,0.0,-0.0399970151484012,4.892701148986816,4.434650421142578,4.89100456237793,4.438474655151367,-0.2000000029802322,0.0,-0.003824234008789,0.0023269653320312,24.953157726087067,7.131218779107267,2.37,2.83,0.41,2.45,,0.4599999999999999,4.590361070334383,5.564110103406403,10.168756359914113,4.645290494384208,5.37326176173104,-0.0116114757414114,0.0136802556101463,0.0219049275484922,1.073858407479547,9.594786112860271,1.0025873221216042,9.619610915222136,0.045550486825083406,0.15033703275005106,-1.9619922991161975,-0.12179318109611847,-0.4335792170281046,0.8017244696736806,-0.13159279033146595,174.60037596508573,1.090666058298237,0.0245146479678302,0.28711
2019-02-01,4.894259323968298,4.413907484021754,3.077489218877775,-2.312438341272747,-4.999999999999994,-0.890980766,-0.506408565034856,-2.2,5.8,3.899999999999997,6.999999999999994,6.899999999999994,3.300000000000002,5.1000000000000005,7.499999999999992,8.199999999999998,5.599999999999995,4.499999999999996,709.0,-1.1631507873535156,0.0,1.9169225692749023,0.0,1.5892351865768433,0.0,2.079441547393799,0.0125787258148193,2.0668628215789795,0.0,1.4586150646209717,0.0,1.808288812637329,0.0,2.140066146850586,0.0,2.219203472137451,0.0,1.8870697021484373,0.0,1.704748034477234,-0.0180186033248901,0.0,4.893077373504639,4.41809606552124,4.892701148986816,4.434650421142578,0.2000000029802322,0.0,-0.0165543556213378,-0.003824234008789,19.57238079252697,7.163753167167294,2.37,2.71,0.38,2.38,,0.3399999999999998,4.578620850754555,-5.380776933560096,10.191986880229564,4.63862527134585,5.482820932278065,-0.0264839040180184,0.0120748120169572,0.008135478762236,1.0716449825902803,9.549238235812235,1.292759923038552,12.344872486805423,0.04175871160835174,0.1294805102258961,-1.070929434491455,-0.2779683848426984,0.2915602607696875,0.11463611708124626,0.20076353953734533,192.41146725048856,1.10455308596305,0.0138870276648128,0.26443
2019-03-01,4.900119182618622,4.41272039939789,3.130487852112652,-2.3880113222846475,-5.399999999999994,-1.207750862,-0.0793045461274921,-1.9,5.8,3.899999999999997,6.799999999999994,6.899999999999994,3.300000000000002,5.1000000000000005,7.499999999999992,8.199999999999998,5.599999999999995,4.499999999999996,710.0,-1.0647107362747192,0.0984400510787963,1.9169225692749023,0.0,1.5892351865768433,0.0,2.054123640060425,-0.025317907333374,2.0668628215789795,0.0,1.4586150646209717,0.0,1.808288812637329,0.0,2.140066146850586,0.0,2.219203472137451,0.0,1.8870697021484373,0.0,1.704748034477234,0.0,-0.075572982430458,4.894259452819824,4.413907527923584,4.893077373504639,4.41809606552124,-0.4000000059604645,0.3000000119209289,-0.0041885375976562,-0.0165543556213378,15.234736844112998,7.18544004447739,2.39,2.68,0.22,2.22,,0.29,4.575638383382054,-4.337643948413973,10.2539756158879,4.633146182855784,5.168338052672714,-0.0006872339106662,0.0129485930448511,0.0134786338753097,1.080776486443289,9.427304872213677,1.315947512477862,12.405838395960016,0.04000966028014812,0.13468040573176623,-0.8509745367978695,-0.17837071119762984,0.10171830880170642,-0.0791692561845354,0.5018877042023654,160.60543038922123,1.13403019031499,0.0294771043519401,0.26443
2019-04-01,4.89853628678593,4.4093442866365145,3.2208233825144883,-2.406059125298014,-5.499999999999994,2.193495676,-1.03166158840917,-1.9,5.8,3.899999999999997,6.799999999999994,6.899999999999994,3.300000000000002,5.1000000000000005,7.499999999999992,8.199999999999998,5.599999999999995,4.399999999999996,711.0,-1.0647107362747192,0.0,1.9169225692749023,0.0,1.5892351865768433,0.0,2.054123640060425,0.0,2.0668628215789795,0.0,1.4586150646209717,0.0,1.808288812637329,0.0,2.140066146850586,0.0,2.219203472137451,0.0,1.8870697021484373,0.0,1.686398983001709,-0.0183490514755249,-0.0180478021502494,4.900119304656982,4.412720203399658,4.894259452819824,4.413907527923584,0.3000000119209289,-0.3000000119209289,-0.0011873245239257,-0.0041885375976562,14.485238075256348,7.170811611607514,2.4,2.57,0.25,2.26,,0.1699999999999999,4.581594449459386,-0.7494987688566503,10.271597467278797,4.633521463348325,5.512321334824232,0.0029845422977703,0.0160589510731499,0.015394132243104,1.06126425600258,9.48888078651068,1.119256680039361,10.620493206399226,0.04920142305654379,0.12633411550980245,-1.6670346253491712,-0.4678479478330811,0.3965306187798524,0.3592655034392236,-0.20391093730622545,118.27480577191842,1.0475405617294522,-0.0864896285855378,0.26443
2019-05-01,4.899410201226259,4.40153245322082,3.1713350415562016,-2.4752052194025667,-5.899999999999994,-1.464220128,-0.363471257408611,-1.8,5.8,3.899999999999997,6.799999999999994,6.899999999999994,3.300000000000002,5.1000000000000005,7.499999999999992,8.199999999999998,5.599999999999995,4.399999999999996,712.0,-1.0296194553375244,0.0350912809371948,1.9169225692749023,0.0,1.5892351865768433,0.0,2.054123640060425,0.0,2.0668628215789795,0.0,1.4586150646209717,0.0,1.808288812637329,0.0,2.140066146850586,0.0,2.219203472137451,0.0,1.8870697021484373,0.0,1.686398983001709,0.0,-0.0691460967063903,4.898536205291748,4.40934419631958,4.900119304656982,4.412720203399658,-0.3000000119209289,0.1000000014901161,-0.0033760070800781,-0.0011873245239257,12.949047588166737,7.159221917900639,2.38,2.53,0.2,2.14,,0.1499999999999999,4.584967478670572,-1.5361904870896108,10.305010056680016,4.627655486207163,5.306432270470896,0.0034954928904473,0.0022817469376834,0.0041986892090484,1.0451374911425035,9.385301574363845,1.146125430274536,10.756732805174043,0.04533624380824448,0.13432961128368734,-1.336163028837764,-0.47989328470912046,0.6850007303594581,-0.12079360140834489,-0.18606411939655312,107.10504944374976,1.066396532428157,0.0188559706987048,0.36588
2019-06-01,4.8931741954084575,4.402849244062404,3.0634635920666726,-2.5080878593376843,-6.099999999999994,-3.510864681,0.939548317042375,-1.8,5.8,3.899999999999997,6.799999999999994,6.899999999999994,3.300000000000002,5.1000000000000005,7.499999999999992,8.199999999999998,5.599999999999995,4.299999999999996,713.0,-1.0296194553375244,0.0,1.9169225692749023,0.0,1.5892351865768433,0.0,2.054123640060425,0.0,2.0668628215789795,0.0,1.4586150646209717,0.0,1.808288812637329,0.0,2.140066146850586,0.0,2.219203472137451,0.0,1.8870697021484373,0.0,1.667706847190857,-0.018692135810852,-0.0328826382756233,4.899410247802734,4.4015326499938965,4.898536205291748,4.40934419631958,0.2000000029802322,-0.1000000014901161,-0.0078115463256835,-0.0033760070800781,16.721818056973543,7.157501812090881,2.35,2.4,0.2,2.37,,0.0499999999999998,4.596129441335942,3.772770468806806,10.24617202463202,4.62880858455349,5.456635666341447,0.0246393739710644,0.0123575652433246,0.0112941547069158,1.0958098843119075,9.942131176128333,1.011593784576899,10.057398103219636,0.04796266897580218,0.15947467166979362,-2.1721024143919934,0.38199810265016615,0.2719807080216561,-0.21152027489512795,0.4193212231059261,211.71137580179573,1.0929210349656096,0.0265245025374525,0.36588
2019-07-01,4.894730656222629,4.3984719781826485,3.108825799067716,-2.5080878593376843,-6.099999999999994,5.187527685,-1.41083319999139,-1.5,5.8,3.899999999999997,6.799999999999994,6.7999999999999945,3.300000000000002,5.1000000000000005,7.499999999999992,8.199999999999998,5.599999999999995,3.799999999999996,714.0,-0.9162907600402832,0.1133286952972412,1.9169225692749023,0.0,1.5892351865768433,0.0,2.054123640060425,0.0,2.054123640060425,-0.0127391815185546,1.4586150646209717,0.0,1.808288812637329,0.0,2.140066146850586,0.0,2.219203472137451,0.0,1.8870697021484373,0.0,1.5686159133911133,-0.0990909337997436,0.0,4.893174171447754,4.402849197387695,4.899410247802734,4.4015326499938965,0.2000000029802322,0.3000000119209289,0.0013165473937988,-0.0078115463256835,15.835999870300292,7.214533847124906,2.17,2.07,0.24,2.31,,-0.1,4.592490132830717,-0.8858181866732497,10.229838838674285,4.629252856504048,5.835662473062903,-0.0054766001915251,0.0154625033612749,0.0186685092036404,1.0988588823009175,9.670735486942808,0.8479931843998485,8.200717781061252,0.05427237157642307,0.16666666666666666,-2.285827303447162,0.20700818340095903,-0.051091665505912764,-0.3526897023648258,0.5919894372669129,245.6204406116215,1.154370634525378,0.0614495995597683,0.36588
2019-08-01,4.894310116594828,4.411005171506633,3.0627176220164394,-2.555493553174835,-6.399999999999994,-3.511695992,1.15869011634953,-1.4,5.7,3.899999999999997,6.799999999999994,6.699999999999995,3.300000000000002,5.1000000000000005,7.499999999999992,8.199999999999998,5.499999999999996,3.699999999999996,715.0,-0.8754687309265137,0.0408220291137695,1.9021074771881104,-0.0148150920867919,1.5892351865768433,0.0,2.054123640060425,0.0,2.041220426559448,-0.0129032135009765,1.4586150646209717,0.0,1.808288812637329,0.0,2.140066146850586,0.0,2.219203472137451,0.0,1.8718022108078003,-0.0152674913406372,1.5475624799728394,-0.0210534334182739,-0.0474056936800479,4.894730567932129,4.398471832275391,4.893174171447754,4.402849197387695,-0.3000000119209289,-0.2000000029802322,-0.0043773651123046,0.0013165473937988,13.30590907010165,7.253392531104986,2.1,2.06,0.23,2.13,,-0.04,4.588735879524666,-2.530090800198643,10.255888074133894,4.624392252634682,5.544589067904384,0.00266214889226,0.0155788829219503,0.0186147447661873,1.0487928983362953,4.890349128221754,0.2007575757575757,0.9817746355899729,0.045454545454545456,0.24242424242424243,-4.419475556549499,2.7592291242070384,-0.672300198417566,5.593177724441111,-2.942011969151597,190.56712284614417,1.1598291275325836,0.0054584930072056,0.40489
2019-09-01,4.893156739621531,4.390853240324911,3.099852703884786,-2.600777920057201,-6.699999999999994,3.482850548,-2.81401439407887,-1.2999999999999998,5.7,3.899999999999997,6.799999999999994,6.699999999999995,3.300000000000002,5.1000000000000005,7.499999999999992,8.299999999999997,5.499999999999996,3.699999999999996,716.0,-0.832909107208252,0.0425596237182617,1.9021074771881104,0.0,1.5892351865768433,0.0,2.054123640060425,0.0,2.041220426559448,0.0,1.4586150646209717,0.0,1.808288812637329,0.0,2.140066146850586,0.0,2.2300143241882324,0.0108108520507812,1.8718022108078003,0.0,1.5475624799728394,0.0,-0.0452843680977821,4.894309997558594,4.411005020141602,4.894730567932129,4.398471832275391,0.0,0.0,0.0125331878662109,-0.0043773651123046,18.979090907356955,7.313493683074885,1.95,1.63,0.19,2.26,,-0.32,4.604770105966751,5.673181837255305,10.165356064768154,4.631217977469585,5.66542963135491,0.0386153864274534,0.0234626575999645,0.0285483772398592,1.015528353564101,5.707110264748875,2.878,16.425063341947265,0.06,0.12666666666666668,-0.33854142485805583,1.082163844378776,0.1575604365026932,0.24100785890465437,-0.4462991701642831,262.2222422437361,1.3313353465200604,0.1715062189874767,0.40489
2019-10-01,4.892144897184177,4.413868653633955,3.0434464785986752,-2.600777920057201,-6.699999999999994,-3.133953828,2.06553858998331,-0.9999999999999998,5.6000000000000005,3.899999999999997,6.799999999999994,6.699999999999995,3.300000000000002,5.1000000000000005,7.499999999999992,8.299999999999997,5.499999999999996,3.699999999999996,717.0,-0.6931471824645996,0.1397619247436523,1.8870697021484373,-0.0150377750396728,1.5892351865768433,0.0,2.054123640060425,0.0,2.041220426559448,0.0,1.4586150646209717,0.0,1.808288812637329,0.0,2.140066146850586,0.0,2.2300143241882324,0.0,1.8718022108078003,0.0,1.5475624799728394,0.0,0.0,4.8931565284729,4.390853404998779,4.894309997558594,4.411005020141602,0.3000000119209289,0.2000000029802322,-0.0201516151428222,0.0125331878662109,15.55899987220764,7.320248962019425,1.89,1.7,0.25,2.2,,-0.1899999999999999,4.606069781230928,-3.420091035149314,10.185528342835015,4.627828535746203,5.509038881648572,-0.0009229479049792,0.0218661385483386,0.0248893343153786,1.0405269079103268,9.49732219931357,1.3463409142085117,12.786633452356625,0.03797943406139758,0.12842452900998275,-1.2445852673843376,-0.34353863775279486,0.6417167439688293,-0.8410693547538214,0.3602123248757002,187.87100659450616,1.0474464492364008,-0.2838888972836595,0.40489
2019-11-01,4.893614947667381,4.424413160676242,3.096470449561753,-2.600777920057201,-6.699999999999994,4.501930676,0.718255183986743,-0.4999999999999998,5.6000000000000005,3.899999999999997,6.799999999999994,6.699999999999995,3.200000000000002,5.1000000000000005,7.499999999999992,8.299999999999997,5.499999999999996,3.499999999999996,718.0,-0.4054650962352752,0.2876820862293243,1.8870697021484373,0.0,1.5892351865768433,0.0,2.054123640060425,0.0,2.041220426559448,0.0,1.435084581375122,-0.0235304832458496,1.808288812637329,0.0,2.140066146850586,0.0,2.2300143241882324,0.0,1.8718022108078003,0.0,1.504077434539795,-0.0434850454330444,0.0,4.892144680023193,4.413868427276611,4.8931565284729,4.390853404998779,0.0,0.2000000029802322,0.023015022277832,-0.0201516151428222,15.466521760691768,7.309754387447127,1.65,1.71,0.39,2.18,,0.06,4.599252712224054,-0.0924781115158737,10.183319500371145,4.619350173081922,5.331467839651477,-0.0154807964182015,0.0279928795517351,0.0297080721387688,1.0461040016587515,9.521787797978225,1.4608730681901414,13.9101233550879,0.028345418589321027,0.11770306892258112,-1.610813556066852,-0.7021043129847184,0.0922524022704003,-0.43701165251016266,-0.07630940423497345,195.2837472737989,1.4143936371961845,0.3669471879597834,0.32801
2019-12-01,4.895441605423496,4.423104552442989,3.142833709489063,-2.61543304000393,-6.799999999999994,2.768565102,-0.188369318173939,-0.4999999999999998,5.6000000000000005,4.099999999999997,6.799999999999994,6.699999999999995,3.200000000000002,5.1000000000000005,7.499999999999992,8.299999999999997,5.499999999999996,3.499999999999996,719.0,-0.4054650962352752,0.0,1.8870697021484373,0.0,1.6292405128479004,0.0400053262710571,2.054123640060425,0.0,2.041220426559448,0.0,1.435084581375122,0.0,1.808288812637329,0.0,2.140066146850586,0.0,2.2300143241882324,0.0,1.8718022108078003,0.0,1.504077434539795,0.0,-0.0146551197394728,4.893614768981934,4.424413204193115,4.892144680023193,4.413868427276611,-0.1000000014901161,-0.5,0.0105447769165039,0.023015022277832,12.523499965667725,7.293554950383062,1.54,1.81,0.35,2.08,,0.27,4.593805855909042,-2.943021795024043,10.202973472166416,4.624356937397135,5.539460149429184,-0.0010093328598608,0.0083801518802341,0.0135478226399145,1.0500222003381543,9.33688491330114,1.4410909411350017,13.455300266978337,0.028110680296087417,0.11852308776876982,-1.5585721305671532,-0.11745263261538783,0.015085279847565303,0.3259244717969444,0.48619999527332947,135.6144157970404,1.0634304098420777,-0.3509632273541065,0.32801
2020-01-01,4.849407114770367,4.41927697040791,3.10170339129215,-2.600777920057201,-6.699999999999994,1.320389739,0.169613317540371,-0.2999999999999997,5.6000000000000005,4.099999999999997,6.799999999999994,6.699999999999995,3.200000000000002,5.000000000000001,7.499999999999992,8.299999999999997,5.499999999999996,3.399999999999996,720.0,-0.2623642683029175,0.1431008279323578,1.8870697021484373,0.0,1.6292405128479004,0.0,2.054123640060425,0.0,2.041220426559448,0.0,1.435084581375122,0.0,1.7917594909667969,-0.0165293216705322,2.140066146850586,0.0,2.2300143241882324,0.0,1.8718022108078003,0.0,1.4816045761108398,-0.022472858428955,0.0146551197394728,4.89544153213501,4.423104763031006,4.893614768981934,4.424413204193115,0.2000000029802322,0.2000000029802322,-0.0013084411621093,0.0105447769165039,13.756666637602306,7.299209356075922,1.54,1.86,0.37,1.98,,0.32,4.585987366571318,1.2331666719345815,10.213332882919476,4.622030252902671,5.485985357740122,-0.0098624357571885,0.0072957369395683,0.016893673008951,1.0650946075478642,9.262648151599528,1.49919324221716,13.886499513913282,0.04527334851936219,0.12908124525436598,-1.102327149700526,-0.24501210720355887,0.37197192015115105,0.5635346565523681,0.2297359321816142,121.4938527581718,1.0741483427615954,0.0107179329195177,0.32801
2020-02-01,4.854091958545109,4.408309396940002,2.9710801995867984,-2.61543304000393,-6.799999999999994,-7.072143001,1.88640496815394,-0.2999999999999997,5.6000000000000005,4.099999999999997,6.799999999999994,6.699999999999995,3.200000000000002,5.000000000000001,7.499999999999992,8.299999999999997,5.499999999999996,3.399999999999996,721.0,-0.2623642683029175,0.0,1.8870697021484373,0.0,1.6292405128479004,0.0,2.054123640060425,0.0,2.041220426559448,0.0,1.435084581375122,0.0,1.7917594909667969,0.0,2.140066146850586,0.0,2.2300143241882324,0.0,1.8718022108078003,0.0,1.4816045761108398,0.0,-0.0146551197394728,4.849407196044922,4.419277191162109,4.89544153213501,4.423104763031006,-0.2000000029802322,-0.2000000029802322,-0.0038275718688964,-0.0013084411621093,13.94095243726458,7.35287049521985,1.52,1.76,0.23,2.13,,0.24,4.580672554387691,0.1842857996622733,10.246500457537374,4.615455114322625,5.279807702264812,-0.0065860346579216,0.004476081582859,0.0170730202317566,1.0516245178926318,9.836973748477789,1.623049380076956,15.965894144300165,0.022766139375801624,0.13253527148353997,0.7924661079601335,1.1990383130759374,0.6027616715621246,-0.4203761336451737,-0.45734527579882533,380.5969296406605,1.3792620092657344,0.3051136665041389,0.52716
2020-03-01,4.85107728955517,4.410683974895362,2.4260823869976877,-2.629878706453065,-6.899999999999993,-20.8239803,3.27183483315941,-0.2999999999999997,5.6000000000000005,4.099999999999997,6.799999999999994,6.699999999999995,3.200000000000002,5.000000000000001,7.499999999999992,8.299999999999997,5.499999999999996,3.399999999999996,722.0,-0.2623642683029175,0.0,1.8870697021484373,0.0,1.6292405128479004,0.0,2.054123640060425,0.0,2.041220426559448,0.0,1.435084581375122,0.0,1.7917594909667969,0.0,2.140066146850586,0.0,2.2300143241882324,0.0,1.8718022108078003,0.0,1.4816045761108398,0.0,-0.0144456662237644,4.854092121124268,4.408309459686279,4.849407196044922,4.419277191162109,0.0,0.0,-0.01096773147583,-0.0038275718688964,19.628947358382376,7.375944763662264,1.52,1.5,0.21,2.38,,-0.02,4.592084946439436,5.687994921117797,10.210072621731657,4.618811715778635,5.276042817509155,0.0107143625303172,0.0110562438980485,0.0218923632772481,1.0481276563878614,10.047111592619004,0.9798120235620236,9.844280740517492,0.025814275814275815,0.16917879417879417,-0.14995908801905905,2.1045010407713227,0.32838263958978653,-1.0203378622246406,-1.4450234889275466,125.73956013882292,1.180928064982248,-0.1983339442834863,0.52716
2020-04-01,4.759621227658262,4.41391230290453,1.8660117232284328,-2.644120761058625,-6.999999999999993,-8.786087426,2.82773855259309,-0.4999999999999998,5.4,4.099999999999997,6.799999999999994,6.699999999999995,3.200000000000002,5.000000000000001,7.499999999999992,8.299999999999997,5.099999999999995,3.399999999999996,723.0,-0.4054650962352752,-0.1431008279323578,1.8562979698181152,-0.0307717323303222,1.6292405128479004,0.0,2.054123640060425,0.0,2.041220426559448,0.0,1.435084581375122,0.0,1.7917594909667969,0.0,2.140066146850586,0.0,2.2300143241882324,0.0,1.808288812637329,-0.0635133981704711,1.4816045761108398,0.0,-0.0142420548945665,4.851077079772949,4.410684108734131,4.854092121124268,4.408309459686279,0.0,-0.2000000029802322,0.0023746490478515,-0.01096773147583,57.7368184002963,7.37270239558838,0.29,0.87,1.34,3.93,,0.5800000000000001,4.629179638448443,38.10787104191392,10.090259438122557,4.57890628957761,5.734247102759552,0.0128205062007169,0.0106485790298456,0.0295831525903839,1.0400085664004788,9.735956081214809,0.829886484568996,8.079738366157496,0.03712900555752631,0.12764573725907533,-1.883226259079092,-0.07661631901737206,0.5390520450729099,-0.3642702703842615,-1.2866847700079123,79.40081173248834,1.168837342349958,-0.0120907226322899,0.52716
2020-05-01,4.766219097707187,4.268172721458846,2.412218652909184,-2.71246530518434,-7.499999999999993,7.373085841,-10.7043290077254,-0.7999999999999998,5.0,4.099999999999997,6.699999999999994,6.699999999999995,3.200000000000002,5.000000000000001,7.499999999999992,8.299999999999997,5.099999999999995,3.199999999999996,724.0,-0.5877866744995117,-0.1823215782642364,1.7917594909667969,-0.0645384788513183,1.6292405128479004,0.0,2.041220426559448,-0.0129032135009765,2.041220426559448,0.0,1.435084581375122,0.0,1.7917594909667969,0.0,2.140066146850586,0.0,2.2300143241882324,0.0,1.808288812637329,0.0,1.435084581375122,-0.0465199947357177,-0.0683445408940315,4.7596211433410645,4.413912296295166,4.851077079772949,4.410684108734131,-0.4000000059604645,-0.1000000014901161,0.0032281875610351,0.0023746490478515,41.45380964733305,7.428434199190639,0.14,0.66,0.47,3.23,,0.52,4.650047944766177,-16.283008752963248,10.08617643220965,4.437483810562154,5.801953753670554,-0.0026302779782876,0.0083789617814545,0.0318638902249186,1.045169779922657,9.727942980021197,0.8504678467131533,8.273302719166963,0.0466654747005185,0.12557363370880267,-3.948692322914645,-1.083624088270769,1.8261633008934692,0.25632625212101484,-0.45090034281035346,65.4140122390265,1.0418489568493667,-0.1269883855005913,0.55685
2020-06-01,4.813883812783678,4.252662774381495,2.70096105809844,-2.725595849263824,-7.599999999999992,4.204339481,-3.15676259745645,-0.9999999999999998,4.6,4.099999999999997,6.599999999999994,6.699999999999995,2.800000000000002,5.000000000000001,7.499999999999992,8.299999999999997,5.099999999999995,2.799999999999996,725.0,-0.6931471824645996,-0.1053605079650878,1.722766637802124,-0.0689928531646728,1.6292405128479004,0.0,2.0281481742858887,-0.0130722522735595,2.041220426559448,0.0,1.3350011110305786,-0.1000834703445434,1.7917594909667969,0.0,2.140066146850586,0.0,2.2300143241882324,0.0,1.808288812637329,0.0,1.3350011110305786,-0.1000834703445434,-0.0131305437535047,4.766219139099121,4.268172740936279,4.7596211433410645,4.413912296295166,0.4000000059604645,0.1000000014901161,-0.1457395553588867,0.0032281875610351,30.89700002670288,7.447698831120039,0.13,0.67,0.2,3.08,,0.54,4.6443908991413725,-10.556809620630172,10.079648196135029,4.453886725090612,6.035836414965579,0.0102276020077687,0.0082742065242518,0.0419897273497164,0.9680596890265978,9.78824503702385,0.2502188306587363,2.449203227365287,0.05852317360565593,0.15795084726742228,-4.597591459940901,-0.7521793907694951,0.48067844272917526,-0.15413307447959518,-0.09031774575648992,104.5617187528904,0.9944757772681474,-0.0473731795812193,0.55685
2020-07-01,4.844794573412263,4.271515209161135,2.756581924094169,-2.776472280723726,-7.999999999999993,-5.30168341,-1.57705852417878,-0.9999999999999998,3.8,4.099999999999997,6.399999999999994,6.699999999999995,2.800000000000002,5.000000000000001,7.499999999999992,8.299999999999997,5.099999999999995,2.099999999999996,726.0,-0.6931471824645996,0.0,1.5686159133911133,-0.1541507244110107,1.6292405128479004,0.0,2.0014801025390625,-0.0266680717468261,2.041220426559448,0.0,1.3350011110305786,0.0,1.7917594909667969,0.0,2.140066146850586,0.0,2.2300143241882324,0.0,1.808288812637329,0.0,1.1314021348953247,-0.2035989761352539,-0.0508764311671257,4.8138837814331055,4.252662658691406,4.766219139099121,4.268172740936279,-0.3000000119209289,0.2000000029802322,-0.015510082244873,-0.1457395553588867,31.11954550309615,7.457159101841143,0.16,0.73,0.14,2.93,,0.57,4.623108331119105,0.2225454763932681,10.105545674686985,4.517359216682439,5.767477664039491,-0.0098170493840212,0.010155153128605,0.0104905018808435,0.9945667015205836,9.48417703760591,0.3857859913301391,3.658862640403338,0.05255152483078561,0.1612289907977793,-3.560396302390924,-0.6406649461528161,-0.2823325226669624,-0.30942603240329464,-0.17158509045876139,139.70438266146786,1.1083865707910825,0.1139107935229348,0.55685
2020-08-01,4.858350509228707,4.286925271815781,2.791837511435197,-2.7888000409201585,-8.099999999999993,-1.14142265,-0.720366552952688,-0.9999999999999998,3.6,4.099999999999997,6.399999999999994,6.599999999999995,2.800000000000002,5.000000000000001,7.499999999999992,8.299999999999997,5.099999999999995,1.999999999999996,727.0,-0.6931471824645996,0.0,1.5260562896728516,-0.0425596237182617,1.6292405128479004,0.0,2.0014801025390625,0.0,2.0281481742858887,-0.0130722522735595,1.3350011110305786,0.0,1.7917594909667969,0.0,2.140066146850586,0.0,2.2300143241882324,0.0,1.808288812637329,0.0,1.0986123085021973,-0.0327898263931274,-0.0123277604579925,4.844794750213623,4.271515369415283,4.8138837814331055,4.252662658691406,0.3000000119209289,0.0,0.0188527107238769,-0.015510082244873,26.84045462174849,7.521052649929185,0.13,0.62,0.16,2.6,,0.49,4.617592705986649,-4.279090881347656,10.139090740150085,4.554146328983239,5.718275122395154,-0.0129208678159988,0.0125649870238622,0.0113851190913251,1.0102343429228613,9.804385191492917,-0.3266729240282685,3.2028271788044465,0.04764796819787986,0.2337124558303887,-4.53350880796604,0.5383996774780466,-0.6751511003029859,-0.630164204434569,-0.2578336334184539,110.24603893991052,1.085170763652719,-0.0232158071383632,0.28914
2020-09-01,4.873661166255573,4.285516794314503,2.723344459825961,-2.8009787939192043,-8.199999999999992,-7.015257629,0.423870791849207,-1.1,3.2,4.099999999999997,6.399999999999994,6.599999999999995,2.500000000000002,5.000000000000001,7.499999999999992,8.299999999999997,5.099999999999995,1.999999999999996,728.0,-0.7419373393058777,-0.048790156841278,1.435084581375122,-0.0909717082977294,1.6292405128479004,0.0,2.0014801025390625,0.0,2.0281481742858887,0.0,1.2527629137039185,-0.0822381973266601,1.7917594909667969,0.0,2.140066146850586,0.0,2.2300143241882324,0.0,1.808288812637329,0.0,1.0986123085021973,0.0,-0.0121787525713443,4.8583502769470215,4.286925315856934,4.844794750213623,4.271515369415283,0.0,-0.1000000014901161,0.0154099464416503,0.0188527107238769,22.88952382405599,7.585093148335319,0.1,0.65,0.14,2.67,,0.55,4.604369865817322,-3.950930797692504,10.130630751727104,4.5638782894144905,5.699638286357849,-0.0183772843235581,0.0043336626576667,0.0102877709075797,1.008941035176148,3.8066624897703196,1.55,5.900326859143996,0.09090909090909091,0.18181818181818182,-1.8083906145664508,3.647369727052146,2.4907057160661292,1.889010052355441,0.6569889021237831,122.28540095869734,1.280353832829911,0.195183069177192,0.28914
2020-10-01,4.881591311186162,4.292544116018062,2.7169014407459944,-2.8009787939192043,-8.199999999999992,-2.537472348,-1.64671369011504,-1.0,3.0,4.099999999999997,6.399999999999994,6.599999999999995,2.400000000000002,5.000000000000001,7.499999999999992,8.299999999999997,5.099999999999995,1.899999999999996,729.0,-0.6931471824645996,0.048790156841278,1.3862943649291992,-0.0487902164459228,1.6292405128479004,0.0,2.0014801025390625,0.0,2.0281481742858887,0.0,1.2237753868103027,-0.0289875268936157,1.7917594909667969,0.0,2.140066146850586,0.0,2.2300143241882324,0.0,1.808288812637329,0.0,1.0647107362747192,-0.033901572227478,0.0,4.873661041259766,4.285516738891602,4.8583502769470215,4.286925315856934,0.1000000014901161,0.2000000029802322,-0.001408576965332,0.0154099464416503,27.647619065784276,7.561079965354911,0.11,0.68,0.13,2.75,,0.5700000000000001,4.5976419195673,4.7580952417282845,10.095641976896212,4.564003340346856,5.773534312499753,-0.008476988505103,0.0049587700378001,0.0095054318151295,0.9880189611894172,5.056245805348308,0.5801282051282052,2.93327080374373,0.08333333333333333,0.23076923076923078,-5.872618563894026,-1.4146052436156769,1.4004842709575671,-0.05715217812940031,-0.6774156172488361,123.56632694698568,1.167997858450679,-0.1123559743792321,0.28914
2020-11-01,4.89147665308053,4.317752825163763,2.7538268961669123,-2.8009787939192043,-8.199999999999992,3.193604999,1.09657807443268,-1.0,2.5,4.199999999999997,6.399999999999994,6.599999999999995,2.400000000000002,5.000000000000001,7.499999999999992,8.299999999999997,5.099999999999995,1.599999999999996,730.0,-0.6931471824645996,0.0,1.2527629137039185,-0.1335314512252807,1.6486586332321167,0.0194181203842163,2.0014801025390625,0.0,2.0281481742858887,0.0,1.2237753868103027,0.0,1.7917594909667969,0.0,2.140066146850586,0.0,2.2300143241882324,0.0,1.808288812637329,0.0,0.9555114507675172,-0.1091992855072021,0.0,4.881591320037842,4.292543888092041,4.873661041259766,4.285516738891602,0.0,-0.1000000014901161,0.0070271492004394,-0.001408576965332,29.43863608620384,7.549751260321694,0.1,0.79,0.13,2.61,,0.6900000000000001,4.590361070334383,1.791017020419563,10.103992347873978,4.572020765184162,5.73278295893135,-0.0144941898761834,0.0049883362643988,0.0085426944645005,0.976705457736887,9.033125752550372,0.5109253731343284,4.61525314569111,0.04955223880597015,0.15176119402985075,-2.873749199592188,-0.36260521837052867,0.16640884929866456,-0.49472299878745685,-0.10947613912390786,122.52872683134628,1.2375933353924382,0.0695954769417592,0.27498
2020-12-01,4.903129556103374,4.324507062977226,2.889064233665639,-2.813012072716695,-8.299999999999992,3.76919967,-2.55625307003241,-1.0,2.2999999999999994,4.199999999999997,6.399999999999994,6.599999999999995,2.400000000000002,5.000000000000001,7.499999999999992,8.299999999999997,5.099999999999995,1.599999999999996,731.0,-0.6931471824645996,0.0,1.193922519683838,-0.0588403940200805,1.6486586332321167,0.0,2.0014801025390625,0.0,2.0281481742858887,0.0,1.2237753868103027,0.0,1.7917594909667969,0.0,2.140066146850586,0.0,2.2300143241882324,0.0,1.808288812637329,0.0,0.9555114507675172,0.0,-0.0120332790538668,4.891476631164551,4.317752838134766,4.881591320037842,4.292543888092041,-0.1000000014901161,0.0,0.0252089500427246,0.0070271492004394,24.99550008773804,7.531713140189083,0.09,0.87,0.15,2.29,,0.78,4.574195381688661,-4.443135998465799,10.169107128108909,4.575551861975161,6.023512549204841,-0.0174711820432678,0.0045819339458536,0.0144951857053001,1.000193576118229,8.698347400458186,0.8323097463284379,7.2397193183519795,0.0397196261682243,0.11882510013351134,-1.9408203082979025,0.13466558639542028,-0.45958038438324256,-0.5667136677779742,0.2547736254204059,108.49378804851926,1.2363355543859431,-0.001257781006495,0.27498
2021-01-01,4.915192313810503,4.332447317955469,2.9873063332399195,-2.813012072716695,-8.299999999999992,1.77741278,-0.421746405839057,-1.1,2.099999999999999,4.199999999999997,6.399999999999994,6.599999999999995,2.400000000000002,5.000000000000001,7.499999999999992,8.299999999999997,5.099999999999995,1.1999999999999955,732.0,-0.7419373393058777,-0.048790156841278,1.1314021348953247,-0.0625203847885131,1.6486586332321167,0.0,2.0014801025390625,0.0,2.0281481742858887,0.0,1.2237753868103027,0.0,1.7917594909667969,0.0,2.140066146850586,0.0,2.2300143241882324,0.0,1.808288812637329,0.0,0.7884573340415955,-0.1670541167259216,0.0,4.903129577636719,4.324507236480713,4.891476631164551,4.317752838134766,0.1000000014901161,-0.1000000014901161,0.0067543983459472,0.0252089500427246,22.374090974981133,7.52748194334405,0.09,0.93,0.15,2.18,,0.8400000000000001,4.553666343120976,-2.621409112756904,10.185836828599172,4.588664717086205,5.734868106169736,-0.0077857045451215,0.0049610941697551,0.0078676462247581,1.0228314909353733,4.663439094112067,-0.7333333333333333,3.419855335682182,0.05714285714285714,0.2857142857142857,-3.5261975590898165,5.557384714135829,-0.5876801745658968,0.390033050600396,-1.5577572226531229,105.0252769954809,1.080040686235352,-0.1562948681505911,0.27498
2021-02-01,4.914722503749279,4.304935363058132,3.109916609378357,-2.7888000409201585,-8.099999999999993,0.730377459,-2.070745027132,-1.2999999999999998,1.9999999999999991,4.199999999999997,6.099999999999994,6.499999999999996,2.400000000000002,5.000000000000001,7.499999999999992,8.299999999999997,5.099999999999995,0.7999999999999957,733.0,-0.832909107208252,-0.0909717679023742,1.0986123085021973,-0.0327898263931274,1.6486586332321167,0.0,1.9600948095321653,-0.0413852930068969,2.0149030685424805,-0.0132451057434082,1.2237753868103027,0.0,1.7917594909667969,0.0,2.140066146850586,0.0,2.2300143241882324,0.0,1.808288812637329,0.0,0.5877866744995117,-0.2006706595420837,0.0242120325565338,4.915192127227783,4.332447528839111,4.903129577636719,4.324507236480713,0.2000000029802322,-0.1000000014901161,0.0079402923583984,0.0067543983459472,24.90999984741211,7.532077431111555,0.08,1.08,0.14,2.17,,1.0,4.548811452318707,2.5359088724309764,10.262992561743893,4.593929242652809,5.628080192470509,-0.0149463919407286,0.005024249254144,0.0166400288924163,1.0159092955710791,9.13259502335133,0.580704788671495,5.303341663057581,0.04410334017944006,0.15663171549021726,-3.2998655942938706,-0.16890319494317532,-0.3543909618148407,-0.07527213961007259,0.3522270508110651,93.55560561845073,1.157809457055273,0.077768770819921,0.2232
2021-03-01,4.919087439414601,4.331451582288779,3.157777556026934,-2.776472280723726,-7.999999999999993,4.432685573,1.56564035552944,-1.9,1.7999999999999992,4.199999999999997,6.099999999999994,6.199999999999996,2.400000000000002,5.000000000000001,7.499999999999992,8.299999999999997,5.099999999999995,0.2999999999999957,734.0,-1.0647107362747192,-0.2318016290664672,1.0296194553375244,-0.0689928531646728,1.6486586332321167,0.0,1.9600948095321653,0.0,1.974081039428711,-0.0408220291137695,1.2237753868103027,0.0,1.7917594909667969,0.0,2.140066146850586,0.0,2.2300143241882324,0.0,1.808288812637329,0.0,0.2623642683029175,-0.3254224061965942,0.0123277604579925,4.914722442626953,4.304935455322266,4.915192127227783,4.332447528839111,-0.1000000014901161,-0.4000000059604645,-0.0275120735168457,0.0079402923583984,23.14052621941817,7.500070563080576,0.04,1.26,0.15,2.12,,1.22,4.552612935249416,-1.7694736279939356,10.304602173948515,4.560328665653386,5.285445852385434,0.0069451182953446,0.0111617711105878,0.0134961782661409,1.0216675381919709,8.93022956502072,0.7646373742721017,6.828387286244537,0.05095288512440445,0.13022763366860773,-3.313811347489188,-1.2595235435419483,0.41910099211128,0.4002493194777748,0.6622649302483405,79.32164111270389,1.1132870474205667,-0.0445224096347063,0.2232
2021-04-01,4.923571952710482,4.324169940328131,3.141552550073905,-2.776472280723726,-7.999999999999993,0.740069021,-0.758267678827329,-2.4,1.4999999999999991,4.199999999999997,5.999999999999995,6.299999999999995,2.300000000000002,5.000000000000001,7.499999999999992,8.299999999999997,5.099999999999995,0.0999999999999957,735.0,-1.2237753868103027,-0.1590646505355835,0.9162907600402832,-0.1133286952972412,1.6486586332321167,0.0,1.945910096168518,-0.0141847133636474,1.9878743886947632,0.0137933492660522,1.193922519683838,-0.0298528671264648,1.7917594909667969,0.0,2.140066146850586,0.0,2.2300143241882324,0.0,1.808288812637329,0.0,0.0953101813793182,-0.1670540869235992,0.0,4.9190874099731445,4.331451416015625,4.914722442626953,4.304935455322266,-0.1000000014901161,0.1000000014901161,0.0265159606933593,-0.0275120735168457,21.843043534652047,7.449049970184227,0.03,1.61,0.16,2.03,,1.58,4.57275029473198,-1.297482684766127,10.269389113077835,4.588894451885836,5.381477879427155,0.0121001414909718,0.0143604053751722,0.0064046072393566,1.022897595946187,9.633579908183512,0.4813793555148022,4.6374064875017265,0.05894681687188892,0.15090385119203564,-2.209829954611508,-0.23005815437794805,-0.1370108355789567,-1.1051427966121345,-0.3559475182163335,98.82186360575125,1.1108805206409356,-0.0024065267796311,0.2232
2021-05-01,4.911672893814671,4.3304030752285145,3.188949865258364,-2.7888000409201585,-8.099999999999993,7.496809457,0.0471171932536727,-2.7,1.0999999999999992,4.199999999999997,5.899999999999995,6.099999999999995,2.300000000000002,5.000000000000001,7.499999999999992,8.299999999999997,5.099999999999995,-0.1000000000000043,736.0,-1.3083328008651731,-0.0845574140548706,0.7419373393058777,-0.1743534207344055,1.6486586332321167,0.0,1.9315214157104488,-0.0143886804580688,1.9600948095321653,-0.0277795791625976,1.193922519683838,0.0,1.7917594909667969,0.0,2.140066146850586,0.0,2.2300143241882324,0.0,1.808288812637329,0.0,-0.0953101813793182,-0.1906203627586364,-0.0123277604579925,4.923572063446045,4.324170112609863,4.9190874099731445,4.331451416015625,-0.1000000014901161,0.2000000029802322,-0.0072813034057617,0.0265159606933593,17.416190556117467,7.473091815046664,0.02,1.64,0.17,1.96,,1.62,4.573060132069858,-4.42685297853458,10.270733926745606,4.590652309763157,5.3079077861062505,-0.0118066576034476,0.012581324827212,0.012155068702853,1.0298533568957238,9.108971877587894,0.612208079690094,5.576586181129155,0.06054233536247925,0.15484228002213613,-2.903148519564069,-0.6661762495538982,0.3058268890288806,-0.4071007061259534,-0.050305112788004924,116.91821701129912,1.213348466185634,0.1024679455446984,0.11889
2021-06-01,4.922901591883064,4.338916842848292,3.271235148619025,-2.8009787939192043,-8.199999999999992,7.259597985,0.647646466059428,-3.1,0.8999999999999992,4.199999999999997,5.899999999999995,5.999999999999996,2.300000000000002,5.1000000000000005,7.499999999999992,8.299999999999997,5.099999999999995,-0.5000000000000043,737.0,-1.4109870195388794,-0.102654218673706,0.6418538689613342,-0.1000834703445434,1.6486586332321167,0.0,1.9315214157104488,0.0,1.945910096168518,-0.0141847133636474,1.193922519683838,0.0,1.808288812637329,0.0165293216705322,2.140066146850586,0.0,2.2300143241882324,0.0,1.808288812637329,0.0,-0.4054650962352752,-0.310154914855957,-0.0121787525713443,4.911673069000244,4.330402851104736,4.923572063446045,4.324170112609863,0.0,-0.1000000014901161,0.006232738494873,-0.0072813034057617,19.7604998588562,7.523081448738014,0.02,1.62,0.12,1.99,,1.6,4.567364471252192,2.3443093027387327,10.257827200740538,4.59948706761955,5.174014422217089,-0.0167419404534303,0.0154259400072188,0.0066758479564541,1.0383831790811224,9.006141236662911,0.7296614327772326,6.571433918537577,0.05593719332679097,0.13726692836113838,-3.5937167148645632,-1.1880952216384288,0.8820374669873716,-0.1320894999386454,-0.2200490289755024,118.653541811779,1.2674673138728556,0.0541188476872216,0.11889
2021-07-01,4.922620632283753,4.3535784706952665,3.2821404991197385,-2.8009787939192043,-8.199999999999992,1.042141145,0.0128406179952596,-3.3999999999999995,0.5999999999999992,4.199999999999997,5.899999999999995,5.999999999999996,2.300000000000002,5.1000000000000005,7.499999999999992,8.299999999999997,5.099999999999995,-0.7000000000000044,738.0,-1.4816045761108398,-0.0706175565719604,0.4700036346912384,-0.1718502342700958,1.6486586332321167,0.0,1.9315214157104488,0.0,1.945910096168518,0.0,1.193922519683838,0.0,1.808288812637329,0.0,2.140066146850586,0.0,2.2300143241882324,0.0,1.808288812637329,0.0,-0.5306282639503479,-0.1251631677150726,0.0,4.922901630401611,4.338916778564453,4.911673069000244,4.330402851104736,0.1000000014901161,0.1000000014901161,0.0085139274597167,0.006232738494873,16.956818147139117,7.51456540060347,0.04,1.52,0.1,1.87,,1.48,4.57738780497564,-2.8036817117170827,10.269872105287496,4.603155157180474,5.183243103165713,0.0139116404547976,0.0164591914256612,0.0103971168564334,1.0214695906324385,9.084323531392696,0.8206693136698808,7.4552255576631925,0.045717526942711285,0.1288712422007941,-3.258424166093733,-0.8569140246796233,0.4719106475344955,0.03849177490967557,0.18468805608660685,103.66876810033467,1.1036452455586812,-0.1638220683141744,0.11889
2021-08-01,4.921032304542068,4.348848941638964,3.2108906644634594,-2.8009787939192043,-8.199999999999992,-0.139545178,-1.3145416833222,-3.6,0.5999999999999992,4.199999999999997,5.899999999999995,5.999999999999996,2.300000000000002,5.1000000000000005,7.499999999999992,8.299999999999997,5.099999999999995,-0.7000000000000044,739.0,-1.5260562896728516,-0.0444517135620117,0.4700036346912384,0.0,1.6486586332321167,0.0,1.9315214157104488,0.0,1.945910096168518,0.0,1.193922519683838,0.0,1.808288812637329,0.0,2.140066146850586,0.0,2.2300143241882324,0.0,1.808288812637329,0.0,-0.5306282639503479,0.0,0.0,4.92262077331543,4.353578567504883,4.922901630401611,4.338916778564453,0.0,0.1000000014901161,0.0146617889404296,0.0085139274597167,17.60333351861863,7.499888041460936,0.05,1.32,0.06,1.95,,1.27,4.591375474965902,0.6465153714795129,10.211260887095644,4.607686018625534,5.233088155205559,0.0006657635237201,0.0153738058394066,0.0095648621977812,1.0375572924909129,9.076237387452702,0.4412397072278133,4.004796327569763,0.05420860018298262,0.14970265324794144,-3.5080247179083095,-0.31835820693884803,0.13236816106434054,-0.27172743527372345,0.1628431188415779,89.19327395716631,1.0573289079472294,-0.0463163376114517,0.18073
2021-09-01,4.913594177030605,4.353304654449106,3.2630545168152807,-2.776472280723712,-7.999999999999992,6.485886214,-0.952540314101087,-3.6,0.0999999999999992,4.199999999999997,5.799999999999995,5.999999999999996,2.200000000000002,5.1000000000000005,7.499999999999992,8.299999999999997,5.199999999999995,-1.0000000000000044,740.0,-1.5260562896728516,0.0,0.0953101813793182,-0.3746934533119201,1.6486586332321167,0.0,1.9169225692749023,-0.0145988464355468,1.945910096168518,0.0,1.1631507873535156,-0.0307717323303222,1.808288812637329,0.0,2.140066146850586,0.0,2.2300143241882324,0.0,1.8245493173599243,0.0162605047225952,-0.6931471824645996,-0.1625189185142517,0.0245065130293369,4.921032428741455,4.348848819732666,4.92262077331543,4.353578567504883,0.2000000029802322,0.2000000029802322,-0.0047297477722167,0.0146617889404296,17.47772723978216,7.487330544657164,0.05,1.28,0.08,1.94,,1.23,4.593300013417604,-0.1256062788364715,10.16311001975236,4.6056070905314,5.32686613654861,-7.73915937637426e-05,0.0078708169086567,0.0037223255741574,1.0482214875998226,8.740976538017787,0.9115464577003038,7.967806200071578,0.04189988805373421,0.11114664960818807,-2.616653640663075,-0.7381142307244509,0.1017946338459258,-0.3188993354064192,0.22427837329822603,127.47431011458286,1.4182111906441095,0.3608822826968803,0.18073
2021-10-01,4.919862942627916,4.370173753494071,3.382991512059534,-2.763991851100027,-7.899999999999992,2.709522318,0.989904987664086,-3.6,-0.2000000000000008,4.199999999999997,5.799999999999995,6.099999999999995,2.100000000000002,5.1000000000000005,7.499999999999992,8.299999999999997,5.199999999999995,-1.0000000000000044,741.0,-1.5260562896728516,0.0,-0.1823215633630752,-0.2776317596435547,1.6486586332321167,0.0,1.9169225692749023,0.0,1.9600948095321653,0.0141847133636474,1.1314021348953247,-0.0317486524581909,1.808288812637329,0.0,2.140066146850586,0.0,2.2300143241882324,0.0,1.8245493173599243,0.0,-0.6931471824645996,0.0,0.0124804293736815,4.9135942459106445,4.353304862976074,4.921032428741455,4.348848819732666,-0.1000000014901161,0.0,0.0044560432434082,-0.0047297477722167,19.8247617994036,7.481634572038622,0.04,1.37,0.09,1.85,,1.33,4.591882291661156,2.347034559621441,10.133660678395003,4.593683465492564,5.3754446758053,-0.0026348842721324,0.0017314408354908,0.0067442475954533,1.047592064904313,9.064736398117391,0.7626677464136974,6.913382080586407,0.037135585377140214,0.12841277186487737,-2.6229223471789864,-0.7816785975407915,-0.2588166045670961,-0.3594077321647587,0.495360265922911,128.7816170854522,1.154106112892343,-0.2641050777517666,0.18073
2021-11-01,4.933404582760411,4.380757992787959,3.347010740718158,-2.685680167776155,-7.299999999999993,0.470405329,0.0474312263108203,-3.9,-0.4000000000000008,4.199999999999997,5.499999999999996,6.099999999999995,2.100000000000002,5.1000000000000005,7.499999999999992,8.299999999999997,5.199999999999995,-1.1000000000000043,742.0,-1.5892351865768433,-0.0631788969039917,-0.3364722430706024,-0.1541506797075271,1.6486586332321167,0.0,1.8718022108078003,-0.045120358467102,1.9600948095321653,0.0,1.1314021348953247,0.0,1.808288812637329,0.0,2.140066146850586,0.0,2.2300143241882324,0.0,1.8245493173599243,0.0,-0.7419373393058777,-0.048790156841278,0.0783116817474365,4.919862747192383,4.370173931121826,4.9135942459106445,4.353304862976074,0.5,-0.3000000119209289,0.0168690681457519,0.0044560432434082,17.869047573634557,7.482597412661544,0.05,1.58,0.08,1.69,,1.53,4.601262561157074,-1.955714225769043,10.138723648974215,4.60702945647301,5.255784724287228,-0.0059774157613909,0.0029587038472726,0.008310580267014,1.042311246152182,9.110520036693972,0.7925848160017682,7.220859846963514,0.04762957232843408,0.13393745165211626,-2.977166984051359,-1.2793815476420822,0.041836793568108786,-1.0061559655976593,1.231247917130914,,1.0687384964346025,-0.0853676164577406,0.21509
2021-12-01,4.945157042999136,4.377106387586022,3.2425608919329605,-2.725595849263824,-7.599999999999992,-3.235317127,-0.939537233639696,-4.1,-0.7000000000000008,4.299999999999996,5.499999999999996,5.899999999999995,2.100000000000002,5.1000000000000005,7.499999999999992,8.299999999999997,5.2999999999999945,-1.4000000000000046,743.0,-1.6292405128479004,-0.0400053262710571,-0.5306282639503479,-0.1941560208797454,1.667706847190857,0.0190482139587402,1.8718022108078003,0.0,1.9315214157104488,-0.0285733938217163,1.1314021348953247,0.0,1.808288812637329,0.0,2.140066146850586,0.0,2.2300143241882324,0.0,1.8405495882034304,0.0160002708435058,-0.8754687309265137,-0.133531391620636,-0.0399156808853149,4.933404445648193,4.380757808685303,4.919862747192383,4.370173931121826,-0.8999999761581421,0.1000000014901161,0.0105838775634765,0.0168690681457519,18.500476246788388,7.507558345762717,0.05,1.56,0.12,1.81,,1.51,4.609660091260944,0.631428673153831,10.123472482558926,4.613786954775174,5.439746537021375,-0.0064218248731571,0.002070061807894,0.0088672438649225,1.048055507463527,9.08851166361105,1.1735878897424312,10.666167224196764,0.04450971531857208,0.12833258020786262,-1.966428438660977,-1.5354652796533446,0.6895637600635031,0.09819013460453227,0.9693391309527845,,1.1548040083807307,0.0860655119461282,0.21509
2022-01-01,4.9587189441278126,4.378241668217017,3.3849884354859103,-2.7385576501371505,-7.699999999999992,6.126178072,-1.935902976691,-4.3,-0.9000000000000008,4.299999999999996,5.499999999999996,5.899999999999995,2.100000000000002,5.1000000000000005,7.499999999999992,8.299999999999997,5.2999999999999945,-1.4000000000000046,744.0,-1.667706847190857,-0.0384663343429565,-0.6418538689613342,-0.1112256050109863,1.667706847190857,0.0,1.8718022108078003,0.0,1.9315214157104488,0.0,1.1314021348953247,0.0,1.808288812637329,0.0,2.140066146850586,0.0,2.2300143241882324,0.0,1.8405495882034304,0.0,-0.8754687309265137,0.0,-0.0129618011415004,4.945157051086426,4.377106189727783,4.933404445648193,4.380757808685303,0.2000000029802322,0.0,-0.0036516189575195,0.0105838775634765,21.35454550656405,7.490211093449451,0.06,1.47,0.15,1.85,,1.41,4.6166045636137545,2.8540692597756667,10.064478843168548,4.610879854762167,5.568750645320248,0.0013504390978713,0.004364688677947,0.0128934258964243,1.0638052840520924,8.985695694535705,0.8136596970076374,7.311298436218753,0.04544885438838112,0.147239263803681,-2.3840324937253548,-0.23587790214649168,0.6109068479829421,-0.20380436797489834,0.40099604241348014,,1.2736319719994549,0.1188279636187239,0.21509
2022-02-01,4.9708516829657885,4.390409165388257,3.473423165595274,-2.7385576501371505,-7.699999999999992,3.781973261,0.525637122944783,-4.3,-1.0000000000000009,4.299999999999996,5.499999999999996,5.899999999999995,2.100000000000002,5.1000000000000005,7.499999999999992,8.299999999999997,5.2999999999999945,-1.5000000000000049,745.0,-1.667706847190857,0.0,-0.6931471824645996,-0.0512933135032653,1.667706847190857,0.0,1.8718022108078003,0.0,1.9315214157104488,0.0,1.1314021348953247,0.0,1.808288812637329,0.0,2.140066146850586,0.0,2.2300143241882324,0.0,1.8405495882034304,0.0,-0.9162907600402832,-0.0408220291137695,0.0,4.958718776702881,4.378241539001465,4.945157051086426,4.377106189727783,0.1000000014901161,0.2000000029802322,0.0011353492736816,-0.0036516189575195,23.18100004196167,7.504402572316453,0.15,1.76,0.09,1.93,,1.61,4.614526280912116,1.826454535397616,10.084238668499822,4.607024465748273,5.43256680600272,-0.0018219518767446,0.003907918954173,0.0128090168542022,1.075216532632795,8.67060073804555,0.8285518188057653,7.184042011646252,0.04838709677419355,0.13949897048730267,-2.720081270621453,-0.6436264448057984,0.6177900843110172,-0.3185934367790125,0.33119960757213995,,1.6919989041595875,0.4183669321601329,0.19803
